Hospitalization date,<3m,3-11m,1-4y,5-17y,18-39y,40-64y,>=65y
2015-10-01,0.0,0.0,4.666106592556507e-07,6.52607638935136e-09,0.0,6.181944667349559e-08,0.0
2015-10-02,0.0,0.0,7.583152111789971e-07,3.181768074001396e-08,0.0,4.657981040888446e-08,0.0
2015-10-03,0.0,0.0,2.9602652863654906e-07,3.105198682513646e-08,0.0,5.348101786006062e-08,0.0
2015-10-04,0.0,0.0,1.4456882620639684e-07,6.0658743084449664e-09,0.0,5.223645334736202e-08,0.0
2015-10-05,0.0,0.0,1.4131303146484326e-07,1.1858532845625872e-08,0.0,6.12720606719096e-08,0.0
2015-10-06,0.0,0.0,5.529237834296471e-07,1.1599894183431085e-08,0.0,4.2454451366393385e-08,0.0
2015-10-07,0.0,0.0,4.0592751250044873e-07,5.6773541336223265e-09,0.0,7.089151578537923e-08,0.0
2015-10-08,0.0,0.0,1.3253565107811967e-07,2.7804908635006254e-08,0.0,5.0282983979868676e-08,0.0
2015-10-09,0.0,0.0,0.0,2.1801494080244606e-08,0.0,4.458924785574578e-08,0.0
2015-10-10,0.0,0.0,1.273909105093956e-07,2.1380466908824153e-08,0.0,4.372814701415338e-08,0.0
2015-10-11,0.0,0.0,1.250009310412425e-07,5.244837051192874e-09,0.0,5.6457583855167936e-08,1.8330879879759182e-07
2015-10-12,0.0,0.0,1.2272146403131745e-07,0.0,0.0,5.542804592464268e-08,2.563152873490732e-07
2015-10-13,0.0,0.0,2.4109024784120175e-07,5.057878585486731e-09,0.0,6.533410321400071e-08,2.464129927250175e-07
2015-10-14,0.0,0.0,1.1846516876605511e-07,1.9882428114556124e-08,0.0,4.280452725472562e-08,2.7374748949042585e-07
2015-10-15,0.0,0.0,1.1647543162245712e-07,4.887120873728439e-09,0.0,3.99813046092337e-08,2.2774199927731395e-07
2015-10-16,0.0,0.0,0.0,1.4421548919672354e-08,0.0,4.346705605185877e-08,1.883778121363766e-07
2015-10-17,0.0,0.0,1.1274446580519027e-07,4.730575577688371e-09,0.0,4.073748942111478e-08,2.555180198451445e-07
2015-10-18,0.0,0.0,2.2198654763563553e-07,1.8628393568070825e-08,0.0,3.609426464623938e-08,1.4303778727319315e-07
2015-10-19,0.0,0.0,1.0931228602322596e-07,1.834626744327359e-08,0.0,4.3447089575818845e-08,1.3115621190717063e-07
2015-10-20,0.0,0.0,3.230923286198192e-07,1.807524260804437e-08,0.0,3.307678915446808e-08,2.2972208690810314e-07
2015-10-21,0.0,0.0,4.245799670593017e-07,4.453672312432925e-09,0.0,3.068234310743317e-08,1.6037421685419164e-07
2015-10-22,0.0,0.0,2.0930291713078088e-07,1.756402429239634e-08,0.0,3.025062139069935e-08,2.37176461616653e-07
2015-10-23,0.0,0.0,2.0642724450159998e-07,1.7322707140164042e-08,0.0,3.798757253755851e-08,1.4218534545229964e-07
2015-10-24,0.0,0.0,3.0548547679569107e-07,4.272558969369406e-09,0.0,5.62166672183478e-08,1.65090129029182e-07
2015-10-25,0.0,0.0,2.0098657653727794e-07,4.216535967509422e-09,0.0,6.780832468029551e-08,2.8361091726312827e-07
2015-10-26,0.0,0.0,2.97616265948926e-07,1.664999671798801e-08,0.0,5.4768543359616985e-08,2.3232077362630858e-07
2015-10-27,0.0,4.165767835127496e-07,1.9592496177545844e-07,1.2331042139611305e-08,0.0,7.511437539948366e-08,2.99997738299503e-07
2015-10-28,0.0,4.114727528377408e-07,0.0,0.0,0.0,9.793614637558056e-08,2.0916852070956958e-07
2015-10-29,0.0,4.0654124327490967e-07,1.912050327844212e-07,8.022654167203012e-09,0.0,5.571167310854283e-08,2.583270395086612e-07
2015-10-30,0.0,4.0177388753759497e-07,2.8344426528430657e-07,1.5857151058827255e-08,0.0,4.926274614877554e-08,1.7019849053672992e-07
2015-10-31,0.0,0.0,2.8019126133581065e-07,1.5675163340873178e-08,0.0,4.58328212121745e-08,1.5702882909589735e-07
2015-11-01,0.0,4.868646010029394e-07,2.766664787461198e-07,7.743391721471335e-09,0.0,3.678701700531567e-08,1.7639333840524769e-07
2015-11-02,0.0,4.815087515164791e-07,3.648306065466727e-07,1.5316418045707093e-08,0.0,9.795243826619612e-08,2.453243750249429e-07
2015-11-03,0.0,9.526420523956498e-07,0.0,7.575700273597629e-09,0.0,5.2601287667757575e-08,1.5100168263773188e-07
2015-11-04,0.0,9.425877570691354e-07,0.0,7.495745449364997e-09,0.0,4.108904806017258e-08,2.2944798966160713e-07
2015-11-05,0.0,0.0,1.4872502155846288e-07,2.2254694785350918e-08,0.0,4.608603019823068e-08,2.2707525726984222e-07
2015-11-06,0.0,0.0,1.4721778356725566e-07,3.6715261560490408e-09,0.0,5.903632214445801e-08,2.2477398710673304e-07
2015-11-07,0.0,4.5710691280448867e-07,5.830213572621394e-07,7.270107288856327e-09,0.0,5.313623838346589e-08,2.1219035935861702e-07
2015-11-08,0.0,4.5265503276409594e-07,3.265795311692673e-07,2.5197556551833524e-08,0.0,5.261873109478902e-08,2.408736056893169e-07
2015-11-09,0.0,8.966641196803631e-07,6.469212239469965e-07,7.13054667249405e-09,0.0,6.775107114131465e-08,3.197896089168862e-07
2015-11-10,0.0,8.882653640482915e-07,4.806462954361508e-07,1.0595635807582163e-08,0.0,8.77676906392111e-08,2.7153792483124917e-07
2015-11-11,0.0,0.0,1.5874333051072e-07,6.998853555910411e-09,0.0,6.138441750831325e-08,2.1423791525306875e-07
2015-11-12,0.0,4.360848817182282e-07,1.101186004122436e-06,1.040364011677863e-08,0.0,7.350418226656435e-08,2.3699341035231093e-07
2015-11-13,0.0,0.0,7.796033690269468e-07,3.4372025545637106e-09,0.0,4.773189904966927e-08,2.838337837008054e-07
2015-11-14,0.0,0.0,1.545669521511647e-07,6.814720714306542e-09,0.0,5.478866693506653e-08,2.8136950536093703e-07
2015-11-15,0.0,4.248228872418313e-07,3.0649931913540924e-07,1.0134963667670985e-08,4.3130198431162005e-09,4.93833927575915e-08,1.539153332511236e-07
2015-11-16,0.0,4.212683628117482e-07,7.598370418163724e-07,1.3400218238888061e-08,1.7107729951939698e-08,5.386721809496423e-08,1.7170595134412394e-07
2015-11-17,0.0,0.0,1.5071888029143603e-07,9.96759392545929e-09,7.069657047014297e-09,6.07098384623828e-08,2.0813864634351995e-07
2015-11-18,0.0,8.2887258323526e-07,4.485084667772334e-07,6.591447689929426e-09,1.2622709391150165e-08,6.262880840361476e-08,2.0645930350179505e-07
2015-11-19,0.0,4.111519670480686e-07,1.4831804234888285e-07,6.539211787729559e-09,1.808831114778314e-08,4.779422126622135e-08,3.2585501914357417e-07
2015-11-20,0.0,0.0,2.9432681225936757e-07,1.946491468290828e-08,2.2089225911351718e-08,5.690657953784041e-08,2.4017929459786127e-07
2015-11-21,0.0,0.0,1.4709691037947436e-07,9.63561777287754e-09,4.183354935472638e-09,3.0771044671661326e-08,2.052711156173847e-07
2015-11-22,0.0,0.0,4.4113537332865227e-07,3.1799139247026456e-09,1.1267728937457377e-08,5.907840235340171e-08,2.1204626382295875e-07
2015-11-23,0.0,4.2037516749181687e-07,1.4700804314127608e-07,9.444819757465559e-09,1.4226214369922424e-08,3.539257601353796e-08,2.1893686118626315e-07
2015-11-24,0.0,0.0,1.469856627664893e-07,1.2467789640892845e-08,1.149535216105227e-08,4.4766089876031514e-08,2.980545047775705e-07
2015-11-25,0.0,4.288673091891235e-07,5.879119243218707e-07,3.08593326529639e-09,1.4513602963702747e-08,5.4117862243918156e-08,1.942258079682413e-07
2015-11-26,0.0,0.0,2.939699946300723e-07,6.1104554325354365e-09,1.319352038863311e-08,4.2300474628090065e-08,1.9127336454562016e-07
2015-11-27,0.0,4.892817640439018e-07,2.94013424343648e-07,3.0248276925567053e-09,5.9227188768743355e-09,3.5210058130580526e-08,2.1301063677375256e-07
2015-11-28,0.0,9.883982550475588e-07,4.8658076340468e-07,1.197892061654258e-08,7.477803988974347e-09,5.393230405179155e-08,2.2515847248561678e-07
2015-11-29,0.0,0.0,8.119848627079142e-07,1.1859728364902463e-08,9.063548602183439e-09,4.2167931322467566e-08,2.830132389833943e-07
2015-11-30,0.0,1.5310738673336505e-06,3.479588841972196e-07,5.870861047990989e-09,1.6783504430019907e-08,8.192370150556353e-08,2.615493703963971e-07
2015-12-01,0.0,0.0,1.7338807523232345e-07,2.882142072864347e-09,1.8317580095939085e-08,5.105670813940404e-08,2.83752801637562e-07
2015-12-02,0.0,7.722743811965035e-07,3.475072168788615e-07,1.141385712032332e-08,1.8501674836480903e-08,7.421611351907593e-08,2.904822206126279e-07
2015-12-03,0.0,0.0,5.224095514565315e-07,2.8250718361032146e-09,1.2458413173282989e-08,7.1857366401779e-08,2.955882307727674e-07
2015-12-04,0.0,7.878753585650065e-07,0.0,0.0,1.7302480672507366e-08,7.18250586284747e-08,2.775662640847586e-07
2015-12-05,0.0,1.5915872751201671e-06,6.998184640029718e-07,0.0,1.5887612267487868e-08,3.7058030152716205e-08,3.3425673861905906e-07
2015-12-06,0.0,1.6075829931641608e-06,0.0,0.0,1.2837828340275678e-08,2.778657610315207e-08,3.1372334442705483e-07
2015-12-07,0.0,1.6237394708471274e-06,3.8212556520833093e-07,0.0,2.1071132322651638e-08,6.019521792382118e-08,3.5460158908508584e-07
2015-12-08,0.0,0.0,5.750584274547437e-07,0.0,2.2920046932619745e-08,5.98540295159724e-08,4.568818362278865e-07
2015-12-09,0.0,9.562017512836323e-07,9.616433556982557e-07,0.0,1.1575198616934771e-08,4.830466019659374e-08,3.955416927818812e-07
2015-12-10,0.0,9.65811738650207e-07,5.789712984653283e-07,0.0,1.670218756723914e-08,3.4559675489280375e-08,3.1376226510991156e-07
2015-12-11,0.0,0.0,3.873429874160183e-07,0.0,1.3496037874368804e-08,5.9547245533373284e-08,2.456220726983127e-07
2015-12-12,0.0,1.1145393187878656e-06,1.9437192190500647e-07,0.0,1.1927715896232913e-08,3.6902404555166224e-08,2.934936700816608e-07
2015-12-13,0.0,2.2514812503271173e-06,3.9018357491234275e-07,0.0,8.605422452801816e-09,4.503661565939991e-08,3.1955123155539664e-07
2015-12-14,0.0,1.1370545065398882e-06,5.874934870459768e-07,0.0,6.953526709025859e-09,5.7240649603629765e-08,4.1316339812073943e-07
2015-12-15,0.0,1.1484820943144203e-06,6.236748042927002e-07,0.0,2.4581937849965284e-08,3.0625550517249717e-08,2.699222348465122e-07
2015-12-16,0.0,0.0,2.0878380055014077e-07,0.0,1.5961493849535044e-08,4.48646438516354e-08,2.3532656323891393e-07
2015-12-17,0.0,1.1549759293593764e-06,8.387875128936939e-07,0.0,1.4330586248565148e-08,6.722445016961555e-08,3.1489288801312295e-07
2015-12-18,0.0,1.1583959294885273e-06,6.318927772778296e-07,0.0,1.4474611034777309e-08,5.6983102962388936e-08,3.065217196932041e-07
2015-12-19,0.0,4.6477270807038416e-06,4.231720731264637e-07,0.0,9.137552058846977e-09,3.4566450240020845e-08,3.204058644689087e-07
2015-12-20,0.0,1.1634955291412382e-06,4.2512461229433165e-07,0.0,1.4767017574045878e-08,6.095201155133073e-08,2.833933029894817e-07
2015-12-21,0.0,1.1651756386290126e-06,9.939478500629e-07,0.0,3.7288571419999705e-09,3.045525014199253e-08,3.843435496239482e-07
2015-12-22,0.0,0.0,0.0,0.0,1.5065331117240258e-08,4.667089475669382e-08,2.895104163436898e-07
2015-12-23,0.0,0.0,3.9154219580089447e-07,0.0,2.2825110318220256e-08,5.070478959134127e-08,3.8289741413666406e-07
2015-12-24,0.0,1.1709158086285262e-06,3.9428928637176363e-07,0.0,1.3448462119535878e-08,5.67676662254317e-08,3.5338413240081743e-07
2015-12-25,0.0,2.346126233880566e-06,5.911862137651711e-07,0.0,9.702586722044517e-09,3.445635584579766e-08,3.168036882961824e-07
2015-12-26,0.0,1.1753277325412898e-06,3.9399841139115337e-07,0.0,1.1760119207699631e-08,3.242359933219101e-08,3.306924633610124e-07
2015-12-27,0.0,2.355419763789987e-06,7.878241608833299e-07,0.0,2.177690234622237e-08,4.863139450058228e-08,4.4507123257547103e-07
2015-12-28,0.0,0.0,5.893218796978571e-07,0.0,2.399537874913911e-08,6.686934812642478e-08,5.448354730049635e-07
2015-12-29,0.0,0.0,7.837794285497194e-07,0.0,2.6256247674383843e-08,5.066455742809562e-08,4.868748478305247e-07
2015-12-30,0.0,0.0,2.067701632682346e-07,0.0,2.4480117554321256e-08,4.459451417403958e-08,4.362522763390976e-07
2015-12-31,0.0,0.0,6.192813518738641e-07,0.0,1.6484097883988173e-08,5.4747013049919776e-08,4.00072078751375e-07
2016-01-01,0.0,0.0,6.07827721098405e-07,0.0,1.627425147169645e-08,3.193994919447672e-08,4.5553059886827246e-07
2016-01-02,0.0,2.3175236104803305e-06,4.2240083037085317e-07,0.0,1.2328357813617581e-08,3.9945590642492167e-08,4.835873164644641e-07
2016-01-03,0.0,3.4856338644856643e-06,2.001234746373628e-07,0.0,2.282914309411605e-08,4.59657752918769e-08,4.121597115357282e-07
2016-01-04,0.0,2.3302205863613244e-06,8.002632533418981e-07,0.0,2.054726302269597e-08,7.999777036647295e-08,5.823259756875698e-07
2016-01-05,0.0,2.336918287066032e-06,1.000140793908209e-06,0.0,2.6445658641506736e-08,7.806148526296185e-08,4.968306569983866e-07
2016-01-06,0.0,2.3438496815468847e-06,4.000210144207559e-07,0.0,2.215443995042469e-08,6.010226971706948e-08,4.2566010621891755e-07
2016-01-07,0.0,2.3510154629491063e-06,8.000514274260445e-07,0.0,2.5921999515128234e-08,5.41469280195644e-08,4.7515052177461327e-07
2016-01-08,0.0,0.0,0.0,0.0,2.5664071310398724e-08,5.420722803169082e-08,4.679381353058481e-07
2016-01-09,0.0,2.366053076364651e-06,3.7140454772733653e-07,0.0,3.127225788823021e-08,6.231338567279965e-08,4.351474685441534e-07
2016-01-10,0.0,2.3739264121518475e-06,5.577230192606886e-07,0.0,1.5480546861601718e-08,6.440781858607936e-08,4.201580572752339e-07
2016-01-11,0.0,0.0,1.8613166323235642e-07,0.0,2.8737211587515594e-08,6.046742167466198e-08,4.434142122677103e-07
2016-01-12,0.0,0.0,9.318713334962505e-07,0.0,1.5174011495805056e-08,6.863303491308926e-08,4.7440368627287356e-07
2016-01-13,0.0,4.797948110740731e-06,0.0,0.0,2.0561827092106614e-08,5.25683207111303e-08,5.284735714082877e-07
2016-01-14,0.0,3.611702897221348e-06,7.476616500132281e-07,0.0,1.4646835375658582e-08,6.886021670755375e-08,5.443689339954453e-07
2016-01-15,0.0,8.459047064268811e-06,3.744280179110033e-07,0.0,2.6294608972000326e-08,4.463679056418008e-08,5.603527906466648e-07
2016-01-16,0.0,3.783335594860564e-06,5.625939808938122e-07,0.0,3.497005833416621e-08,7.521332087510119e-08,5.161228787549018e-07
2016-01-17,0.0,2.600450099892352e-06,5.621513926064398e-07,1.675360947230698e-08,1.744206753698694e-08,5.906845185641804e-08,4.4432627819737314e-07
2016-01-18,0.0,1.2962591795668787e-06,7.490200265690521e-07,1.3086710669947511e-08,3.190155856832922e-08,6.939731720509333e-08,4.856224259594677e-07
2016-01-19,0.0,3.877268808557274e-06,3.7356448172071404e-07,6.609117149381325e-08,4.3403432047214464e-08,5.727557006377047e-08,3.294155231057354e-07
2016-01-20,0.0,0.0,7.453126138327576e-07,0.0,2.8872719435569565e-09,8.664180735635526e-08,3.730386456748102e-07
2016-01-21,0.0,2.5702756176646995e-06,3.717853980532832e-07,3.441656934312922e-08,3.169397528256711e-08,6.326781998361712e-08,3.1444115468181637e-07
2016-01-22,0.0,3.845064589023769e-06,5.564275020597227e-07,3.4762461615491523e-08,3.1631128609947686e-08,6.352974327006122e-08,4.063479733908878e-07
2016-01-23,0.0,1.2783667537378738e-06,9.253875837556962e-07,5.2667745244476294e-08,3.731170781773927e-08,1.036717818236327e-07,3.169238553343672e-07
2016-01-24,0.0,1.275173148875174e-06,9.23488536941389e-07,7.092941984550621e-08,1.7189955662163728e-08,9.343931880588996e-08,3.6777029712995945e-07
2016-01-25,0.0,3.816321187170029e-06,7.354110688914835e-07,3.582113618306833e-08,3.7181824573067855e-08,6.971655084595057e-08,3.5403678123103134e-07
2016-01-26,0.0,0.0,3.6605242497479477e-07,7.236228917370581e-08,2.2844592876855322e-08,8.888170246968938e-08,4.4958186032732816e-07
2016-01-27,0.0,5.065424923315025e-06,5.46653881577085e-07,9.136192783811807e-08,1.7107760563379973e-08,7.6843052377203e-08,3.7811954742068166e-07
2016-01-28,0.0,3.7788577999300446e-06,1.2699955135832578e-06,9.228013047802283e-08,2.2778383012575065e-08,9.25893363921208e-08,4.093218981264436e-07
2016-01-29,0.0,2.5060165308685817e-06,9.032802172116729e-07,5.592453672472549e-08,1.706152234844511e-08,9.870390397759106e-08,4.085211519206903e-07
2016-01-30,0.0,3.7274127662237527e-06,7.196088885106663e-07,5.6486587662913666e-08,1.7040963603911746e-08,9.53696943522657e-08,3.313060222635836e-07
2016-01-31,0.0,3.696173480527443e-06,1.3416338159204071e-06,0.0,3.1207199778222634e-08,1.087882512632778e-07,3.879620405320239e-07
2016-02-01,0.0,1.2154126370400276e-06,1.1130944141091114e-06,9.579788946410436e-08,4.519873994990876e-08,8.701594281492793e-08,2.664083801147015e-07
2016-02-02,0.0,6.02648908034184e-06,8.894828866922827e-07,1.1611280911143515e-07,1.1289417299274409e-08,1.3077656725728316e-07,3.805066312839928e-07
2016-02-03,0.0,7.1718211552964025e-06,1.3306995549759491e-06,1.563730163248229e-07,1.9740487483866512e-08,6.864120374460429e-08,2.9893907480198507e-07
2016-02-04,0.0,9.433989455693552e-07,4.424359503259639e-07,5.922922172487851e-08,3.0998736621602606e-08,1.0630758401701313e-07,3.328852738287631e-07
2016-02-05,0.0,1.018357350290541e-06,8.826992525806838e-07,9.97074754991313e-08,3.379615319631686e-08,1.2652292954167824e-07,3.938477768153143e-07
2016-02-06,0.0,1.0119301710548524e-06,8.80614875170283e-07,1.812771941173887e-07,2.8149068707428386e-08,1.6671268441816242e-07,3.567369778508114e-07
2016-02-07,0.0,3.0168125570386423e-06,8.786185599812477e-07,1.220660401378784e-07,3.095124048307988e-08,1.3168193941726438e-07,2.534358534872526e-07
2016-02-08,0.0,9.388713061917112e-07,1.7534202147607896e-06,6.164641211828343e-08,3.3754473313995955e-08,1.701519363625892e-07,4.7578444759276724e-07
2016-02-09,0.0,9.333478800222922e-07,2.1872233163021852e-06,1.0377661476701943e-07,2.531049936416011e-08,1.2826165303595139e-07,4.087881991823293e-07
2016-02-10,0.0,3.7116711576746726e-06,1.090541197606009e-06,4.192783483394293e-08,1.9683747077440306e-08,2.148703001202492e-07,5.10101621648503e-07
2016-02-11,0.0,9.225804913672532e-07,1.5226117089252623e-06,6.352382486925219e-08,1.6871587368076478e-08,1.1039625136952518e-07,3.954324038096327e-07
2016-02-12,0.0,9.173354521337947e-07,1.3016725745501587e-06,1.0693708320502267e-07,3.937051696600148e-08,1.9301033846425385e-07,4.0678985239125616e-07
2016-02-13,0.0,9.121821472099984e-07,0.0,1.2961418251047207e-07,2.8127095588807126e-08,1.8434417260651695e-07,4.002315745907612e-07
2016-02-14,0.0,9.071200612610771e-07,8.6440844299736e-07,1.0909735558431679e-07,2.8135206077754266e-08,1.4144899444850915e-07,3.46005080471456e-07
2016-02-15,0.0,2.7064460642226543e-06,2.171006976641633e-06,8.815504178910407e-08,4.784842118828395e-08,2.059859922799867e-07,4.826142523241822e-07
2016-02-16,0.0,2.6918025915238784e-06,1.2180722892858114e-06,2.2260253672099097e-08,1.9711908146155762e-08,1.331584836153133e-07,4.046946751263696e-07
2016-02-17,0.0,8.924761004424771e-07,1.0178120348529324e-06,1.3490383764503795e-07,3.3811708152041314e-08,1.9838624699888616e-07,4.875046829815296e-07
2016-02-18,0.0,2.663321756192315e-06,1.63017266814453e-06,1.1354970312805505e-07,3.383495496680733e-08,1.795684546885975e-07,4.870439497734609e-07
2016-02-19,0.0,1.7663210303015067e-06,6.120034121811244e-07,1.995579645051717e-07,1.9752591428071787e-08,1.7559037618238196e-07,5.222391351247464e-07
2016-02-20,0.0,0.0,1.8382598239778175e-06,1.4397396813673225e-07,3.3891601830473114e-08,1.261556210645352e-07,4.032470956811538e-07
2016-02-21,0.0,4.484469416149611e-06,2.0423224009652843e-07,8.725255834336626e-08,2.8270839620088714e-08,1.5735867904873936e-07,4.2076489206791195e-07
2016-02-22,0.0,4.4769965230585815e-06,1.2254028722050197e-06,5.875297408882548e-08,3.396180578676515e-08,1.6340657958863756e-07,5.330718408799757e-07
2016-02-23,0.0,3.352478500013026e-06,6.127674225696304e-07,1.483586282377749e-07,1.909569349334239e-08,1.952187472208164e-07,5.683552444763179e-07
2016-02-24,0.0,1.1158482861252863e-06,1.988760884786487e-06,5.993986289597701e-08,2.5716811204718067e-08,1.8607424515345007e-07,4.497912443984471e-07
2016-02-25,0.0,1.1143153246713864e-06,4.982063057903859e-07,1.5135567133270924e-07,1.2987634727098743e-08,1.7162110310768523e-07,4.615132392195784e-07
2016-02-26,0.0,2.225787591357105e-06,7.489083171448536e-07,1.528768211187394e-07,2.29567845957349e-08,1.30826750311644e-07,4.791926499797056e-07
2016-02-27,0.0,2.223167113985403e-06,1.2509701117665587e-06,1.8529591045713504e-07,1.4906252646409685e-08,1.5271469159727792e-07,3.904343839435163e-07
2016-02-28,0.0,3.3311534327666174e-06,7.523308758072098e-07,9.357908265862114e-08,2.1747646521040446e-08,1.5368562442947122e-07,4.187754539015225e-07
2016-02-29,0.0,3.3278893126743773e-06,7.541549182690097e-07,1.7058690132837279e-07,1.5207378924644535e-08,2.3467464627227198e-07,4.587499023668595e-07
2016-03-01,0.0,5.452531251161962e-06,7.530975744386994e-07,2.1450134531354587e-07,2.5481467399061076e-08,2.2474142951940704e-07,5.611516560153124e-07
2016-03-02,0.0,1.0896538965564231e-06,1.0067532199206652e-06,1.7332569573898064e-07,4.427207384465071e-08,2.1131875752236266e-07,3.3229407117862105e-07
2016-03-03,0.0,1.0889105091781573e-06,5.047385083753435e-07,1.3130073595585282e-07,3.8646946167802876e-08,2.5406498719624263e-07,4.593608513384613e-07
2016-03-04,0.0,3.2648280412747153e-06,1.0123017621236178e-06,4.4206776763494457e-08,3.0296901209424974e-08,2.3518463358269592e-07,5.554096799080808e-07
2016-03-05,0.0,5.438751734232973e-06,1.2690346731454355e-06,0.0,2.1986454131596152e-08,2.2995920179477018e-07,5.693491458331252e-07
2016-03-06,0.0,7.266834149540023e-06,1.0182552385289563e-06,2.254990644619035e-07,3.291149543465502e-08,1.8955142281966142e-07,4.911152349072917e-07
2016-03-07,0.0,0.0,9.637179816670027e-07,1.8148786490432493e-07,2.189773389925708e-08,2.0544276205382514e-07,5.182637103312091e-07
2016-03-08,0.0,0.0,4.837616197250427e-07,3.17850262560397e-07,1.6392495475286682e-08,2.650427489246978e-07,6.502463039319261e-07
2016-03-09,0.0,7.949978208174001e-07,1.1602191411602034e-06,1.8178774104534713e-07,2.727221631556423e-08,3.2558329405419377e-07,4.3979840255504707e-07
2016-03-10,0.0,0.0,4.663024056219204e-07,1.8196493955320507e-07,2.1781067266673977e-08,2.7707274990973054e-07,4.321806972143454e-07
2016-03-11,0.0,3.1811260833109176e-06,2.3428189270445429e-07,1.3625803638732702e-07,1.630990470433064e-08,2.3645546130008041e-07,4.905625648090111e-07
2016-03-12,0.0,7.955426549747812e-07,9.41744043929817e-07,1.8140799203591693e-07,2.985700659831608e-08,2.6332566720085324e-07,2.3848658929750743e-07
2016-03-13,0.0,7.958833440502848e-07,4.7322734611549963e-07,4.528918579311049e-08,1.626300379867277e-08,2.7343245644083824e-07,3.903143008956571e-07
2016-03-14,0.0,7.963036221234317e-07,7.134449900925898e-07,1.3569270760068648e-07,2.436299092284014e-08,2.664762061432291e-07,4.5056435187103875e-07
2016-03-15,0.0,7.968035312223798e-07,2.246234562234187e-07,1.3553142720587923e-07,2.7037680518962192e-08,3.89164888962689e-07,3.4391081779831115e-07
2016-03-16,0.0,0.0,4.5203182758611754e-07,2.256395001112263e-07,2.7008074914240932e-08,2.87135490032166e-07,4.143467380630576e-07
2016-03-17,0.0,3.1921698017246097e-06,4.5486194628485094e-07,4.508317047013971e-08,4.8566106251132206e-08,2.2222279132373218e-07,3.1303869937259655e-07
2016-03-18,0.0,1.3594232877235035e-06,1.1443438788931638e-06,2.2521474636325302e-07,1.3478481752146597e-08,1.9955568551377793e-07,3.9859595873285813e-07
2016-03-19,0.0,6.817154223927966e-07,2.3032946548314255e-07,2.700433944457481e-07,2.4241907329094822e-08,1.6057449617868607e-07,2.9750928214182927e-07
2016-03-20,0.0,0.0,2.3181318832614253e-07,1.3492804891003702e-07,2.422497171526033e-08,1.8527109221988828e-07,2.671224488033741e-07
2016-03-21,0.0,1.1360850562293607e-06,1.623157157112843e-06,2.2474648919088575e-07,3.2280611491713215e-08,1.6165220965035016e-07,3.5770270095978614e-07
2016-03-22,0.0,1.1428488569870846e-06,2.3196918757300505e-07,2.2463537170125156e-07,2.1509659189641623e-08,2.2710140190341018e-07,2.8708563161792514e-07
2016-03-23,0.0,1.1497269435828844e-06,2.320819783848124e-07,8.981868717439366e-08,5.375265425496209e-08,2.4419187924189885e-07,3.1724390308389043e-07
2016-03-24,0.0,0.0,0.0,1.3468831141778003e-07,8.060480376905948e-09,2.287462307801246e-07,3.826712902635119e-07
2016-03-25,0.0,1.1638287370437382e-06,1.330033802641992e-06,0.0,4.6718330574814764e-08,2.0500260334658702e-07,3.309966774033321e-07
2016-03-26,0.0,5.828830680045739e-07,2.2196127506638076e-07,2.692985538704887e-07,5.871215937157492e-08,1.969158806520497e-07,3.746666477814914e-07
2016-03-27,0.0,1.1678201125596334e-06,2.222724460049045e-07,8.976663859535891e-08,5.903227678949552e-08,2.298904461507945e-07,2.580402145246032e-07
2016-03-28,0.0,0.0,2.226058443732564e-07,1.346641039588304e-07,8.31016164780043e-08,4.096691807620965e-07,2.485777818725181e-07
2016-03-29,0.0,5.861393158458474e-07,8.918460140462043e-07,2.2448619424539794e-07,7.162830486995509e-08,2.534936184646332e-07,2.826785377705392e-07
2016-03-30,0.0,0.0,4.4667891797199753e-07,2.2455466403257552e-07,9.604508753192144e-08,1.9588466665537437e-07,2.949311190377824e-07
2016-03-31,0.0,5.886030389535114e-07,8.733340256522362e-07,1.3478735368397152e-07,7.244652986952033e-08,2.6886172220604493e-07,3.114704032088301e-07
2016-04-01,0.0,0.0,4.368054020137743e-07,1.3474656131038027e-07,8.493601471652862e-08,2.195354733053371e-07,3.265007629162255e-07
2016-04-02,0.0,0.0,0.0,2.2471335881384012e-07,6.712673696421232e-08,2.110690292957379e-07,3.3000107363925094e-07
2016-04-03,0.0,1.774787237193618e-06,6.582582361124759e-07,4.497431739337125e-08,6.13861332033135e-08,2.67496268541674e-07,2.4372187478256404e-07
2016-04-04,0.0,0.0,6.598819643208846e-07,2.2505230246596265e-07,3.087704937000024e-08,2.671239805192953e-07,2.8584505375739366e-07
2016-04-05,0.0,5.946442469490325e-07,4.381721521862741e-07,2.2525552338285988e-07,6.21282397380234e-08,2.3444162873968508e-07,3.746417351793603e-07
2016-04-06,0.0,0.0,2.1823340620282755e-07,1.3528876202388535e-07,5.000687488943508e-08,2.1801232454619095e-07,2.5916865877536317e-07
2016-04-07,0.0,0.0,4.3480511967000025e-07,4.514591300233274e-08,8.805327775582255e-08,2.5003590772699833e-07,4.02318181298865e-07
2016-04-08,0.0,0.0,2.0580109438770347e-07,1.356002598768769e-07,3.797285565269456e-08,1.9338299810473642e-07,3.8595260331308424e-07
2016-04-09,0.0,1.2029123217153368e-06,4.102420675086873e-07,1.352334573752696e-07,5.73185843765833e-08,1.5295724220077385e-07,3.4719000673521327e-07
2016-04-10,0.0,1.2066181278533842e-06,8.178459415811763e-07,1.3488017833209476e-07,6.40929079781423e-08,2.0109856151795995e-07,3.980772360937657e-07
2016-04-11,0.0,0.0,3.903769914837429e-07,1.3454038741915366e-07,3.870294559590715e-08,2.572258609255807e-07,3.9299155901409793e-07
2016-04-12,0.0,0.0,1.9465568472707787e-07,0.0,2.5969344487827377e-08,2.1690389748539873e-07,3.317080325731999e-07
2016-04-13,0.0,0.0,3.882846788859413e-07,8.926742360793412e-08,7.18831360531349e-08,2.970896710836157e-07,4.054130769703541e-07
2016-04-14,0.0,7.045860311729123e-07,4.7250421890564247e-07,8.906774026123752e-08,3.946787080268326e-08,2.7289169782979643e-07,3.1019270672964013e-07
2016-04-15,0.0,2.100221957248299e-06,4.695644134770163e-07,2.221924094069761e-07,4.635248931089798e-08,2.5676175593661456e-07,3.728710656966464e-07
2016-04-16,0.0,6.956319483079257e-07,2.3333578244052142e-07,1.3304261255217602e-07,4.666376463955713e-08,1.84510271708431e-07,4.1882673688472085e-07
2016-04-17,0.0,6.912594746409443e-07,6.957380757456776e-07,1.3278308383229083e-07,7.382525288846215e-08,3.28876121010972e-07,3.799332768245147e-07
2016-04-18,0.0,6.869561274974783e-07,4.6102558570476637e-07,1.325368335314418e-07,5.4057538442702576e-08,2.4064062082208427e-07,3.504580305484372e-07
2016-04-19,0.0,6.827214765392277e-07,4.5827189052184044e-07,1.3121807000344511e-07,9.525143193038705e-08,2.1082697035264034e-07,4.2402291103902374e-07
2016-04-20,0.0,0.0,4.555640229098614e-07,0.0,1.2331503875393235e-07,2.0194854878778212e-07,4.3585455975561564e-07
2016-04-21,0.0,2.023369728393603e-06,2.2645085603990558e-07,4.287325937708328e-08,6.864395264699226e-09,2.3781658557882427e-07,4.2176678021125633e-07
2016-04-22,0.0,0.0,4.502846917983883e-07,2.971266432299638e-07,1.0528553539758697e-07,2.1876044886017582e-07,3.553523952369099e-07
2016-04-23,0.0,1.9993844020395033e-06,4.477127003613838e-07,1.260729358852603e-07,3.5246241924841166e-08,2.725247148434722e-07,4.872420953732673e-07
2016-04-24,0.0,0.0,4.451854805675106e-07,4.1606163071157164e-08,3.540083003738447e-08,2.4446350917928234e-07,4.0441173563867984e-07
2016-04-25,0.0,0.0,4.4270277969268315e-07,1.235765244946198e-07,6.519142348112587e-08,2.5270437790793263e-07,4.6361978504193505e-07
2016-04-26,0.0,5.739504040934214e-07,2.2013217473237266e-07,1.4139630906865547e-07,6.548784442372135e-08,2.956686167435537e-07,4.5143015010086873e-07
2016-04-27,0.0,1.1421135632161946e-06,8.757398920772842e-07,1.1101217321113423e-07,7.775278042448399e-08,2.401663425692455e-07,4.0368141425780006e-07
2016-04-28,0.0,0.0,4.795608485356693e-07,2.747689590795432e-08,3.605474352174013e-08,2.384460155463433e-07,2.6108306533363464e-07
2016-04-29,0.0,5.654405714455815e-07,2.3884820469259946e-07,8.161048867684011e-08,2.415146259361601e-08,2.134003493134659e-07,3.440278149013596e-07
2016-04-30,0.0,5.627174221426933e-07,2.3793987013687447e-07,1.3986398718711222e-07,3.640326700868636e-08,2.0378324834288698e-07,3.4393508311292717e-07
2016-05-01,0.0,0.0,2.3719891426892357e-07,0.0,4.271227985788443e-08,3.240212739722175e-07,3.305033476262193e-07
2016-05-02,0.0,0.0,2.3633755822115405e-07,2.8476386592613893e-08,1.1651444564192749e-07,2.4941820519404823e-07,3.307739476138208e-07
2016-05-03,0.0,5.535913101399301e-07,8.387040919624856e-07,1.1322052075723534e-07,4.314476223572629e-08,1.9979424603870683e-07,3.9078014786183163e-07
2016-05-04,0.0,5.510974976755243e-07,1.6751805087427817e-06,5.627340864522077e-08,5.575816835157401e-08,2.6991207061118976e-07,4.1290975792767385e-07
2016-05-05,0.0,5.486587954201352e-07,8.365601765037274e-07,2.7971092149791535e-08,6.850564771872427e-08,1.8926891155886593e-07,3.263452508675172e-07
2016-05-06,0.0,5.462749595015055e-07,5.57075836900567e-07,5.561655421899397e-08,6.260843057237006e-08,1.757878467514811e-07,3.775234630659621e-07
2016-05-07,0.0,1.0878915030681129e-06,2.782502987566185e-07,1.3824121460043514e-07,4.406168233424623e-08,1.7469013834175387e-07,2.930308996610211e-07
2016-05-08,0.0,0.0,5.559810086494103e-07,1.0996389431203743e-07,5.695954646500933e-08,7.233745795476519e-08,4.446528855106316e-07
2016-05-09,0.0,0.0,2.777585091748839e-07,8.20093600685961e-08,4.4546486835189465e-08,1.3131973088959766e-07,4.3183581254708337e-07
2016-05-10,0.0,0.0,9.374348171842807e-07,5.436933360500826e-08,7.039302110248511e-08,1.893300543816485e-07,5.41756956240924e-07
2016-05-11,0.0,5.351706221785868e-07,4.6922408829812926e-07,8.110679621443128e-08,6.435587217832551e-08,1.6229778632465008e-07,5.075217680820779e-07
2016-05-12,0.0,0.0,7.046665362059539e-07,2.6889234256186956e-08,2.5889809779914077e-08,1.613962384410705e-07,5.82233671930329e-07
2016-05-13,0.0,5.311050265404502e-07,4.7037827147037236e-07,2.674555872006354e-08,5.8589684304864425e-08,1.9903342959163205e-07,6.72175793390702e-07
2016-05-14,0.0,0.0,7.065388355338586e-07,1.3302278881050082e-07,7.089708658443555e-08,1.3409883766220356e-07,4.3793396198270605e-07
2016-05-15,0.0,4.4820986413044477e-07,4.717206122229976e-07,1.0586486912833418e-07,3.828635388339315e-08,1.4984771908874655e-07,4.3348457496652045e-07
2016-05-16,0.0,4.4714895550371006e-07,7.086937598166202e-07,1.0532209378340154e-07,4.422296467996774e-08,2.0811263319213936e-07,3.813389845457801e-07
2016-05-17,0.0,4.461327621451511e-07,2.3662582375510198e-07,1.0478985073561594e-07,1.0348581784881184e-07,1.6140943395417774e-07,4.655779074003987e-07
2016-05-18,0.0,0.0,4.740881140351232e-07,0.0,1.0314980945464982e-07,2.152742613078028e-07,5.094550586640669e-07
2016-05-19,0.0,0.0,2.3748599488326027e-07,1.5563512452061287e-07,9.347646920671976e-08,1.1440865679576726e-07,4.5691867093815854e-07
2016-05-20,0.0,8.867029595479915e-07,7.138550446390589e-07,2.58139470905051e-08,3.7275892835430344e-08,1.5486346907964993e-07,3.6203361055994234e-07
2016-05-21,0.0,0.0,7.15323490727682e-07,5.1382576354257595e-08,7.432985121703932e-08,1.5495424191157604e-07,3.711089518601681e-07
2016-05-22,0.0,0.0,2.389544899204943e-07,1.0228479365591874e-07,8.337976853656663e-08,1.4831874897956912e-07,3.8734447311416585e-07
2016-05-23,0.0,4.409692436617597e-07,2.394917119132161e-07,5.090733158396274e-08,1.016238575003679e-07,1.0795289381726306e-07,4.3920193273333517e-07
2016-05-24,0.0,0.0,2.400528832767062e-07,5.0677357115547426e-08,8.292213121257468e-08,2.0934377875452365e-07,5.558190997276256e-07
2016-05-25,0.0,4.3960170504845434e-07,1.974424743171927e-07,1.2613112606268736e-07,1.286534078776669e-07,1.8251108154327707e-07,5.089693391504226e-07
2016-05-26,0.0,4.3898390963513614e-07,7.939260737429031e-07,1.0046517804337763e-07,8.24976638467109e-08,2.0300970675192513e-07,4.904156908287907e-07
2016-05-27,0.0,4.384100129786026e-07,1.9954041087150424e-07,1.0003550183813099e-07,9.144201702387021e-08,2.1002461150806158e-07,3.6061603439888107e-07
2016-05-28,0.0,0.0,0.0,2.4903957316607835e-08,8.210619664636935e-08,1.8315887981397594e-07,4.832955997648738e-07
2016-05-29,0.0,0.0,6.051544987522158e-07,3.8725673938840774e-08,5.461519243956147e-08,1.9699744470158757e-07,4.0404755866099085e-07
2016-05-30,0.0,8.739023271276725e-07,2.0283724697154732e-07,1.931700531237114e-08,7.266450935062241e-08,1.7007619402342206e-07,2.7426972381871154e-07
2016-05-31,0.0,0.0,1.0198830579304238e-06,3.854621074390138e-08,8.158053220498338e-08,2.0441281493344739e-07,5.993293393947136e-07
2016-06-01,0.0,1.9494994431105624e-07,1.024794301009595e-06,7.694960882721406e-08,6.33415660989526e-08,2.3205423310832058e-07,4.96305259343499e-07
2016-06-02,0.0,1.9301015995457082e-07,2.0613811510924952e-07,3.839467933188818e-08,1.0838451138796354e-07,2.051160326887392e-07,4.174529665131043e-07
2016-06-03,0.0,1.9108967677492317e-07,0.0,3.831839375009821e-08,3.6064773144489285e-08,2.1469725348211725e-07,5.18603024642123e-07
2016-06-04,0.0,0.0,1.6295478056162172e-07,3.824594003961534e-08,8.10112102508083e-08,1.537884674012175e-07,3.676536409961042e-07
2016-06-05,0.0,0.0,3.2636704606809574e-07,3.817731095500816e-08,7.1897584102267e-08,1.85084559262413e-07,4.762356028180018e-07
2016-06-06,0.0,1.854421233334523e-07,6.537143359790566e-07,5.716874944996652e-08,5.384429501660543e-08,2.1658171062911695e-07,4.5506213910308627e-07
2016-06-07,0.0,1.8359694337637716e-07,3.2737997590014173e-07,1.902574979666886e-08,3.584719095392178e-08,2.0173501567480272e-07,4.845070487945481e-07
2016-06-08,0.0,0.0,3.2793552208116266e-07,1.6232442084426372e-08,9.845486744245559e-08,1.859139599993903e-07,4.63386340648004e-07
2016-06-09,0.0,0.0,0.0,1.6395580839558935e-08,5.363989381659083e-08,2.0109870517071571e-07,4.930067118019747e-07
2016-06-10,0.0,0.0,8.228626368854036e-07,4.9681077499315475e-08,3.159989762652182e-08,1.896204698384552e-07,2.686389014214152e-07
2016-06-11,0.0,1.7639800425667026e-07,1.6489958110020727e-07,1.6726793543035028e-08,5.531088034979701e-08,1.4545974860200733e-07,3.781257507362413e-07
2016-06-12,0.0,0.0,1.6524312491886057e-07,2.5342350919387377e-08,5.532747098730836e-08,9.492935853735396e-08,3.0889126591666196e-07
2016-06-13,0.0,0.0,0.0,8.532348593477612e-09,6.325667933488554e-08,1.710056819764404e-07,3.566420651266989e-07
2016-06-14,0.0,1.7118465535775638e-07,1.6597982191387898e-07,4.309050061231214e-08,5.537725285430793e-08,2.0919020136220124e-07,4.5251058932028215e-07
2016-06-15,0.0,1.6948133957735533e-07,3.3274609752111504e-07,0.0,6.332622749945636e-08,1.149068430044258e-07,3.9750292798668484e-07
2016-06-16,0.0,1.6779497207214696e-07,5.003487391522702e-07,0.0,1.1089837272164485e-07,1.2578463681215363e-07,3.48734919753686e-07
2016-06-17,0.0,0.0,1.664907339764969e-07,2.6641681035770306e-08,7.927638374923492e-08,1.3674801026425232e-07,3.601903017854182e-07
2016-06-18,0.0,3.28944818025325e-07,1.6621520411437736e-07,2.6909434381582912e-08,1.586951436606103e-08,6.862150278182753e-08,3.476678157174495e-07
2016-06-19,0.0,1.6283588119931168e-07,1.6595629591118245e-07,2.7179878693258275e-08,7.148402526121346e-08,1.0066472231852655e-07,3.771163056406605e-07
2016-06-20,0.0,0.0,0.0,8.969811460527636e-09,7.951376037472069e-08,1.1700126331353616e-07,4.1250077685476125e-07
2016-06-21,0.0,0.0,4.964647277310376e-07,1.7761120690513535e-08,6.368702196564713e-08,1.2813280875557577e-07,4.179818288413027e-07
2016-06-22,0.0,1.580233536113075e-07,3.2768321410162663e-07,8.792197293420918e-09,1.036252821285288e-07,1.0720057425184992e-07,3.6980910354720714e-07
2016-06-23,0.0,0.0,0.0,0.0,5.5875893326318476e-08,1.6683351843225962e-07,3.6944271133921906e-07
2016-06-24,0.0,0.0,0.0,1.7236200244924858e-08,3.1976654542911086e-08,1.999466038647055e-07,3.274391855494019e-07
2016-06-25,0.0,1.533530577084499e-07,1.589993557718715e-07,3.4129394373910446e-08,4.80411373157555e-08,1.193882477241667e-07,3.0649850514981295e-07
2016-06-26,0.0,0.0,4.722518572444986e-07,1.6894900612924917e-08,8.020349495151732e-08,1.4170149441747686e-07,2.0424438062265248e-07
2016-06-27,0.0,0.0,6.234038303368691e-07,1.6726793543035028e-08,1.0445038256437252e-07,1.368480358140837e-07,3.870917631524899e-07
2016-06-28,0.0,0.0,4.629006439377088e-07,2.4840538749657737e-08,9.659692321575806e-08,1.6494998352708914e-07,3.603601276500311e-07
2016-06-29,0.0,0.0,3.0552980371527426e-07,1.6395580839558935e-08,5.6459531597354035e-08,1.3808234934424113e-07,3.284590491943659e-07
2016-06-30,0.0,1.4587394082943356e-07,1.5124486568686163e-07,2.434866312663956e-08,8.890593483471129e-08,1.1652495744336559e-07,2.915503966639857e-07
2016-07-01,0.0,1.4433211081467004e-07,0.0,1.6095751557675684e-08,5.6762941043054335e-08,1.505647185407314e-07,2.430870995080103e-07
2016-07-02,0.0,0.0,4.4568018892171547e-07,2.3903394230617087e-08,4.876404469152447e-08,8.964967322771633e-08,3.4459330851435914e-07
2016-07-03,0.0,0.0,2.9416373129816144e-07,2.3665551484063273e-08,4.546528867965131e-08,1.2386656505360185e-07,2.8159613469678236e-07
2016-07-04,0.0,0.0,1.4561837663338984e-07,1.5620050208252814e-08,5.1024691586013054e-08,1.1316110561711054e-07,2.8415563338597604e-07
2016-07-05,0.0,0.0,1.4416944957671137e-07,5.412619839142024e-08,3.607624878330944e-08,1.4060158899562848e-07,3.3440903713846293e-07
2016-07-06,0.0,1.3729295070721186e-07,2.854698791702643e-07,1.5310752491114313e-08,5.6127160744614364e-08,1.2858458774626183e-07,2.732737111810165e-07
2016-07-07,0.0,0.0,0.0,7.579203979201194e-09,5.5568686164018274e-08,1.834062122618108e-07,3.381932404034794e-07
2016-07-08,0.0,1.345743681375788e-07,2.798171968317328e-07,3.751894819779587e-08,5.0014334998496356e-08,9.393264230005623e-08,3.502817688874753e-07
2016-07-09,0.0,1.3323533080150926e-07,2.7703296920341524e-07,3.7145628425671446e-08,4.4565015645302856e-08,1.0987375271499729e-07,1.8359809785127558e-07
2016-07-10,0.0,1.3190961710954964e-07,2.7427644510287974e-07,7.3552046494688775e-09,3.9219187849476596e-08,9.83245517600267e-08,2.8275530306227374e-07
2016-07-11,0.0,0.0,2.7154734887541886e-07,0.0,3.397533160888273e-08,1.7381788197985642e-07,2.799418407884998e-07
2016-07-12,0.0,0.0,4.032681114137037e-07,4.325737103585443e-08,4.805324487278173e-08,1.7825562847519264e-07,3.2169936143903336e-07
2016-07-13,0.0,0.0,0.0,2.8551302001649175e-08,5.709012851688673e-08,1.343025695985248e-07,3.135984239359296e-07
2016-07-14,0.0,1.267373670414819e-07,2.635219118630887e-07,0.0,2.3550863436192646e-08,1.282333697104241e-07,2.1830489119811828e-07
2016-07-15,0.0,0.0,5.217996500586278e-07,2.098946125739777e-08,4.663305685930377e-08,1.4880727872511314e-07,2.209356705981567e-07
2016-07-16,0.0,0.0,2.583038283954593e-07,1.385374175224751e-08,2.30845250953846e-08,1.0573131450472176e-07,2.1746503802876116e-07
2016-07-17,0.0,0.0,2.5573366235969807e-07,2.0573842077924833e-08,3.199676232600963e-08,1.1570051773931516e-07,1.7087398789415197e-07
2016-07-18,0.0,0.0,1.2659453495164248e-07,2.036912892883112e-08,3.1678389221377476e-08,1.4650129412752627e-07,1.75940713838929e-07
2016-07-19,0.0,1.205563127136046e-07,0.0,2.016645270960462e-08,2.6882729127485327e-08,1.4576203411105806e-07,2.2778702048161597e-07
2016-07-20,0.0,0.0,2.927411689858183e-07,2.6621057536606015e-08,5.323048300678153e-08,1.1913782355885011e-07,1.9567220005477195e-07
2016-07-21,0.0,0.0,3.2013443454929895e-07,6.589043397085957e-09,7.905124627687793e-08,9.79362943247134e-08,2.1014262143301524e-07
2016-07-22,0.0,0.0,7.960940829070483e-07,1.3046962639702008e-08,3.913233661704377e-08,1.7440958578231766e-07,1.6254036516669614e-07
2016-07-23,0.0,0.0,1.151378712284272e-07,1.291714319236858e-08,2.582864224128045e-08,1.0665170028143947e-07,2.2851074734535956e-07
2016-07-24,0.0,0.0,1.1475156074880832e-07,1.2788615470118712e-08,2.5571642956946448e-08,1.2067485500880598e-07,1.7844047233061405e-07
2016-07-25,0.0,0.0,2.2875345104178186e-07,1.2661366620073067e-08,1.6878133905478608e-08,1.0951794346090888e-07,1.7035549710915292e-07
2016-07-26,0.0,0.0,2.2802665612167983e-07,1.8803075875860913e-08,4.177548416778823e-08,1.6264233257403541e-07,1.7178377291693619e-07
2016-07-27,0.0,0.0,2.2732266405721274e-07,1.8615982144869088e-08,4.135981115510974e-08,1.3662643639739452e-07,1.5152091445533924e-07
2016-07-28,0.0,0.0,2.2664140444858765e-07,6.14358334253504e-09,3.275861932641071e-08,5.562594963200582e-08,1.8062820640399594e-07
2016-07-29,0.0,0.0,3.389742137539138e-07,1.8247361000702925e-08,3.6486748820210855e-08,7.710144705942975e-08,1.6367576252401826e-07
2016-07-30,0.0,0.0,1.1267340617960028e-07,2.4087728966809312e-08,4.0137444003886015e-08,9.45091021865822e-08,1.5004366803303013e-07
2016-07-31,0.0,0.0,0.0,1.1924026029492289e-08,4.371187673948028e-08,6.837714220171415e-08,1.7826085030946023e-07
2016-08-01,0.0,0.0,3.802861138237631e-07,1.77275897739789e-08,2.7558556457291207e-08,8.91319436293785e-08,1.1081510498346539e-07
2016-08-02,0.0,0.0,5.065023214806062e-07,2.3401596411335015e-08,2.3386580776207048e-08,1.5531131611073126e-07,1.3531205406112436e-07
2016-08-03,0.0,0.0,1.265017854626074e-07,1.1584373318253679e-08,2.3153880409445276e-08,8.037765186318776e-08,1.1586220681295104e-07
2016-08-04,0.0,0.0,3.7917192251708435e-07,2.8672767194563382e-08,3.0564660600025885e-08,1.0379723590995333e-07,1.039553562248826e-07
2016-08-05,0.0,0.0,1.2629213538485852e-07,5.677493678821215e-09,2.647797000244845e-08,9.591347374585431e-08,1.0292098314778056e-07
2016-08-06,0.0,0.0,3.137545332240234e-07,1.686300501848669e-08,2.621450979893955e-08,7.121933905229118e-08,8.784215711617334e-08
2016-08-07,0.0,0.0,3.141801770279054e-07,1.113014354337609e-08,2.224600377279089e-08,9.737191185071186e-08,9.740428661492001e-08
2016-08-08,0.0,0.0,1.0487907970376929e-07,2.2038793529447747e-08,3.303697850525248e-08,8.310607339623787e-08,1.2054387221194732e-07
2016-08-09,0.0,0.0,2.1008384345388004e-07,0.0,1.0902751692233353e-08,9.544381881341009e-08,1.091149171592406e-07
2016-08-10,0.0,0.0,4.2086107211927473e-07,0.0,2.5186624167376207e-08,8.797729991766428e-08,9.958942390610256e-08
2016-08-11,0.0,0.0,1.2431261252850627e-07,0.0,3.206058823236034e-08,9.35539045762349e-08,1.0194081436383301e-07
2016-08-12,0.0,0.0,0.0,0.0,2.468789559393802e-08,9.901082268416875e-08,7.445396531299255e-08
2016-08-13,0.0,0.0,1.2682389388380898e-07,0.0,2.793399648959446e-08,7.905294236921745e-08,9.664611161834625e-08
2016-08-14,0.0,0.0,6.404924760380302e-08,0.0,1.728503036279553e-08,5.9482427862019974e-08,0.0
2016-08-15,0.0,0.0,6.469295324383648e-08,0.0,4.449390773629109e-08,8.98856035083107e-08,0.0
2016-08-16,0.0,0.0,1.3068625646621063e-07,0.0,2.7108422127486653e-08,6.751058585574572e-08,0.0
2016-08-17,0.0,0.0,1.9799951276895075e-07,0.0,2.683868882052043e-08,6.07625857298091e-08,0.0
2016-08-18,0.0,0.0,0.0,0.0,1.9928729553601437e-08,7.820538426995719e-08,0.0
2016-08-19,0.0,0.0,0.0,0.0,3.288405896895871e-08,8.933910887857026e-08,0.0
2016-08-20,0.0,0.0,0.0,0.0,2.278979998065079e-08,4.422508494626366e-08,0.0
2016-08-21,0.0,0.0,1.3738668411651153e-07,0.0,9.669873292294334e-09,6.129905319802763e-08,0.0
2016-08-22,0.0,0.0,6.938372162351113e-08,0.0,3.510340696650892e-08,6.935899134592991e-08,0.0
2016-08-23,0.0,0.0,7.008103961874883e-08,0.0,3.475412223122155e-08,5.4362845798746255e-08,0.0
2016-08-24,0.0,0.0,1.4157073155269892e-07,0.0,6.256056897658028e-09,2.305406078071587e-08,0.0
2016-08-25,0.0,0.0,7.149677052951573e-08,0.0,0.0,1.8069529659192847e-08,0.0
2016-08-26,0.0,0.0,1.4443065003863156e-07,0.0,0.0,2.8246949739488752e-08,0.0
2016-08-27,0.0,0.0,2.1882330330539224e-07,0.0,0.0,2.5169299104151748e-08,0.0
2016-08-28,0.0,0.0,7.367417135517366e-08,0.0,0.0,2.5841781148968843e-08,0.0
2016-08-29,0.0,0.0,1.4882921817416155e-07,0.0,0.0,3.1067076372530186e-08,0.0
2016-08-30,0.0,0.0,2.25487465025727e-07,0.0,0.0,2.442543389817053e-08,0.0
2016-08-31,0.0,0.0,1.5183576781641402e-07,0.0,0.0,1.8808530821216133e-08,0.0
2016-09-01,0.0,0.0,1.5316037800895353e-07,0.0,0.0,1.7723535901194382e-08,0.0
2016-09-02,0.0,0.0,2.320494980979268e-07,0.0,0.0,3.68490859220923e-08,0.0
2016-09-03,0.0,0.0,7.812721144186942e-08,0.0,0.0,2.4321620927317528e-08,0.0
2016-09-04,0.0,0.0,0.0,0.0,0.0,2.9239534631801226e-08,0.0
2016-09-05,0.0,0.0,0.0,0.0,0.0,1.1920010282813229e-08,0.0
2016-09-06,0.0,0.0,3.2202615702167765e-07,0.0,0.0,2.4445765840345765e-08,0.0
2016-09-07,0.0,0.0,0.0,0.0,0.0,2.0029677025742414e-08,0.0
2016-09-08,0.0,0.0,4.034721815309649e-07,0.0,0.0,1.8177846875270322e-08,0.0
2016-09-09,0.0,0.0,8.032102719761648e-08,0.0,0.0,1.554284142085478e-08,0.0
2016-09-10,0.0,0.0,7.995565025869414e-08,0.0,0.0,2.6726852086069977e-08,0.0
2016-09-11,0.0,0.0,1.591965379028552e-07,0.0,0.0,0.0,0.0
2016-09-12,0.0,0.0,7.924884753738834e-08,0.0,0.0,0.0,0.0
2016-09-13,0.0,0.0,7.890735107414373e-08,0.0,1.5154179374709494e-08,0.0,0.0
2016-09-14,0.0,0.0,1.5714749082352572e-07,0.0,1.0204320939632516e-08,0.0,0.0
2016-09-15,0.0,0.0,2.3474399156820462e-07,0.0,7.730157052542224e-09,0.0,0.0
2016-09-16,0.0,0.0,1.5586014766393203e-07,0.0,1.0410461896676178e-08,0.0,0.0
2016-09-17,0.0,0.0,7.761994354685564e-08,0.0,1.3143860972701424e-08,0.0,0.0
2016-09-18,0.0,0.0,2.3195272596235042e-07,0.0,6.637979485804075e-09,0.0,0.0
2016-09-19,0.0,0.0,2.3106881675002466e-07,0.0,1.0727507661980296e-08,0.0,0.0
2016-09-20,0.0,0.0,1.525130957386526e-07,0.0,1.760739647286732e-08,0.0,0.0
2016-09-21,0.0,0.0,7.549778254031196e-08,0.0,1.5048299326361933e-08,0.0,0.0
2016-09-22,0.0,0.0,2.2423970115740016e-07,0.0,1.658131336246303e-08,0.0,0.0
2016-09-23,0.0,0.0,1.4800565256723143e-07,0.0,1.2560968749173048e-08,0.0,0.0
2016-09-24,0.0,0.0,7.32664858590623e-08,0.0,1.1277518741192224e-08,0.0,0.0
2016-09-25,0.0,0.0,2.1761241643245122e-07,0.0,1.1390859688836044e-08,0.0,0.0
2016-09-26,0.0,0.0,1.4363142447380204e-07,0.0,1.2943507198433803e-08,0.0,0.0
2016-09-27,0.0,0.0,1.4220226792144387e-07,0.0,1.1620970318607286e-08,0.0,0.0
2016-09-28,0.0,0.0,2.5523946534266037e-07,0.0,1.3204983388488125e-08,0.0,0.0
2016-09-29,0.0,0.0,0.0,0.0,1.630162805074967e-08,0.0,0.0
2016-09-30,0.0,0.0,0.0,0.0,1.3471741747966637e-08,0.0,0.0
2016-10-01,0.0,0.0,8.319708194333823e-08,2.221011554138573e-08,1.3573732738721306e-08,0.0,0.0
2016-10-02,0.0,0.0,1.6534205069104118e-07,5.608332728383833e-09,7.616750567056276e-09,0.0,0.0
2016-10-03,0.0,0.0,2.4645970775739076e-07,1.1329394818735398e-08,1.5386600365787249e-09,0.0,0.0
2016-10-04,0.0,0.0,0.0,2.8608142824065486e-08,1.2432990616256584e-08,1.829657535157098e-08,0.0
2016-10-05,0.0,0.0,2.4342675685404303e-07,1.1558263775766036e-08,1.2557944249305857e-08,2.5410631112518212e-08,0.0
2016-10-06,0.0,0.0,0.0,5.837213128957687e-09,3.1710384218112627e-09,1.8666190691573223e-08,0.0
2016-10-07,0.0,0.0,0.0,2.3583512384838442e-08,1.2811631551123128e-08,2.0032150841026506e-08,0.0
2016-10-08,0.0,0.0,0.0,4.168592859329082e-08,8.087744118020446e-09,2.14236818513302e-08,0.0
2016-10-09,0.0,0.0,9.385950355177024e-08,6.014982734387442e-09,9.802832757288658e-09,2.5245492339076484e-08,0.0
2016-10-10,0.0,0.0,1.8709067415143837e-07,6.0754343158764225e-09,6.600901909598378e-09,3.521319994766583e-08,0.0
2016-10-11,0.0,0.0,5.486689329751688e-07,2.4545973783439472e-08,1.1667673634218079e-08,2.698193678605441e-08,0.0
2016-10-12,0.0,0.0,2.746264325296179e-07,6.198166230301662e-09,8.417811216946794e-09,2.6014332042690133e-08,0.0
2016-10-13,0.0,0.0,1.374729307218803e-07,2.504183534612657e-08,1.3603858601856152e-08,2.8778235704997645e-08,0.0
2016-10-14,0.0,0.0,2.7529278517316987e-07,0.0,1.3740579653794203e-08,2.906746178222044e-08,0.0
2016-10-15,0.0,0.0,4.135008576157619e-07,2.5547713976847707e-08,8.674171734467596e-09,1.2765041143410621e-08,0.0
2016-10-16,0.0,0.0,2.7606925860141056e-07,6.451118192733389e-09,1.7522697219431525e-08,5.1656309722990715e-08,0.0
2016-10-17,0.0,0.0,4.1474832892234757e-07,6.515953008450076e-09,1.4159042603401681e-08,5.21754642666583e-08,0.0
2016-10-18,0.0,0.0,3.0624063543570543e-07,6.581439424897588e-09,8.938339592073576e-09,4.715248520020781e-08,0.0
2016-10-19,0.0,0.0,1.5350996129273305e-07,1.3295167981544277e-08,9.028171398428949e-09,5.3229478561362907e-08,0.0
2016-10-20,0.0,0.0,6.156598239666722e-07,1.3428786641170879e-08,1.6414030853005804e-08,4.810502858684377e-08,0.0
2016-10-21,0.0,0.0,6.173413692578604e-07,2.0345622285978434e-08,1.2894773582135822e-08,4.001405236848373e-08,0.0
2016-10-22,0.0,0.0,6.776535932437095e-07,6.850033063127964e-09,9.303120150820572e-09,4.3303071729108895e-08,0.0
2016-10-23,0.0,0.0,1.7001185246017007e-07,2.7675508159777904e-08,1.6913912512932743e-08,3.4990619868195324e-08,0.0
2016-10-24,0.0,0.0,3.4125461587267155e-07,3.494206455115366e-08,1.1389266773156478e-08,6.184899252743626e-08,0.0
2016-10-25,0.0,0.0,5.137794788564552e-07,1.4117295255263417e-08,1.533830774292382e-08,6.247058523632445e-08,0.0
2016-10-26,0.0,0.0,3.4381894151995963e-07,0.0,9.682787686580368e-09,6.910779887063293e-08,0.0
2016-10-27,0.0,0.0,0.0,2.1603725305459646e-08,7.824081056536823e-09,5.462792123173191e-08,0.0
2016-10-28,0.0,0.0,7.597308042864438e-07,1.4547230902946658e-08,2.5683821729914042e-08,6.74384834048097e-08,0.0
2016-10-29,0.0,0.0,2.7701472057700375e-07,1.4693433004133245e-08,9.977672472946026e-09,3.096193246860497e-08,0.0
2016-10-30,0.0,0.0,1.3957895389939602e-07,1.4841104460864814e-08,8.06235979872819e-09,5.9418899620010054e-08,0.0
2016-10-31,0.0,0.0,0.0,2.998052008082019e-08,1.83226226890457e-08,6.001606948914856e-08,0.0
2016-11-01,0.0,0.0,1.4157001054168366e-07,1.5141921751208463e-08,1.6446234013044197e-08,5.104575738767802e-08,0.0
2016-11-02,0.0,0.0,4.280468405351052e-07,3.823525148695877e-08,8.141295625207161e-09,6.767089320910025e-08,2.492771456246761e-08
2016-11-03,0.0,0.0,1.4380881816197328e-07,3.861952215290788e-08,1.410550466541856e-08,7.811542513438468e-08,2.4606009480236706e-08
2016-11-04,0.0,0.0,2.8989947429447086e-07,7.801530960651068e-09,1.3965152548945761e-08,7.232545669143307e-08,2.0807417291264127e-08
2016-11-05,0.0,0.0,3.2145467616609753e-07,3.939968825158961e-08,1.5801367953560597e-08,5.977009604914425e-08,2.33517059018126e-08
2016-11-06,0.0,0.0,0.0,1.5918264680632883e-08,1.7599659429861114e-08,5.0308996250895754e-08,2.4765714170217474e-08
2016-11-07,0.0,0.0,6.535100117011153e-07,2.4117368850544886e-08,1.3552419916447976e-08,5.4202250740324304e-08,2.91837160248514e-08
2016-11-08,0.0,0.0,4.941810765487934e-07,3.2479669916164495e-08,1.9167958693111768e-08,7.185542754679083e-08,1.6242438074898526e-08
2016-11-09,0.0,2.5306764528785516e-07,6.070414911597454e-07,2.460457201924543e-08,1.518178745394098e-08,1.0022619101841295e-07,1.701329496886497e-08
2016-11-10,0.0,5.112220348131901e-07,1.5328558989323087e-07,3.3135802772097725e-08,9.394203840493421e-09,8.028862284966304e-08,2.3935249129007775e-08
2016-11-11,0.0,0.0,6.777932901571907e-07,8.367205781606336e-09,1.6741313910875347e-08,7.404375110475904e-08,3.4094080282244924e-08
2016-11-12,0.0,2.607747024838107e-07,1.711513064929496e-07,2.5353892793217293e-08,1.47330978259598e-08,6.766524572967183e-08,2.0035916500749104e-08
2016-11-13,0.0,0.0,0.0,5.121740730404642e-08,1.0939875789901297e-08,5.035968939845517e-08,2.9723506188609544e-08
2016-11-14,0.0,6.333124599532667e-07,1.8923097908748179e-07,3.448810053671332e-08,1.263619257486638e-08,9.809835304734601e-08,2.5550836078410537e-08
2016-11-15,0.0,6.396773559922824e-07,1.911327820448117e-07,2.6126033782142153e-08,2.1446503470803885e-08,5.504680993675197e-08,3.29047234689269e-08
2016-11-16,0.0,0.0,7.722147937584956e-07,3.51848063825324e-08,1.061655359788517e-08,7.413338609875571e-08,1.8898572974348844e-08
2016-11-17,0.0,3.2629984788404927e-07,1.9451655175358124e-07,2.6653814674125715e-08,1.576637568686302e-08,1.1401752390559683e-07,2.5670750511218697e-08
2016-11-18,0.0,3.2957921587482264e-07,3.9199771376962317e-07,8.973896655010378e-09,1.387510900231614e-08,8.291766173138726e-08,3.124746293903909e-08
2016-11-19,0.0,6.657830841236673e-07,5.925022861951899e-07,3.625634326315715e-08,1.3737049360994679e-08,5.118116549700992e-08,2.417476991172724e-08
2016-11-20,0.0,1.0087114730413845e-06,7.960896699444244e-07,3.589558662004151e-08,1.8700499724578233e-08,6.579432969685842e-08,4.246068948233145e-08
2016-11-21,0.0,6.792327945901117e-07,2.0056397531475004e-07,2.6653814674125715e-08,2.6930075117592788e-08,1.091770139414687e-07,4.9320540482058535e-08
2016-11-22,0.0,6.860591976647886e-07,0.0,2.63886047868993e-08,8.331911372820423e-09,1.10274261173331e-07,4.4401413616042885e-08
2016-11-23,0.0,0.0,8.148296673151385e-07,1.7417355854761435e-08,8.249007469473661e-09,1.0571852644488339e-07,4.375380999186085e-08
2016-11-24,0.0,3.499592563976492e-07,4.106192297218925e-07,3.448810053671332e-08,9.80031416849765e-09,9.151772901280765e-08,5.745160602070239e-08
2016-11-25,0.0,0.0,4.1386468805137164e-07,0.0,8.085666177675598e-09,9.174224612692775e-08,4.910146514346975e-08
2016-11-26,0.0,3.5702890233164876e-07,2.0857576659727223e-07,1.6902595195478197e-08,1.6010424909917992e-08,8.22942599061008e-08,6.08665210432025e-08
2016-11-27,0.0,3.6061710245395887e-07,6.307201407579962e-07,1.6734411563212673e-08,1.1095782964222494e-08,8.736520417360929e-08,5.237035237921964e-08
2016-11-28,0.0,7.284827291740595e-07,6.343439484291208e-07,8.283950693024431e-09,1.412405753020114e-08,1.2167228641157464e-07,5.749639475096474e-08
2016-11-29,0.0,3.679020511600948e-07,6.380311910237101e-07,5.7410668044906005e-08,1.8644694412852426e-08,1.2689682595298724e-07,5.575127339995125e-08
2016-11-30,0.0,7.431990564897237e-07,8.85074474807705e-07,1.6239834958082247e-08,6.153058867916197e-09,8.810803649511683e-08,6.569684684823853e-08
2016-12-01,0.0,3.710044536468886e-07,4.40877160271705e-07,2.4013325700090584e-08,1.9702459881694942e-08,1.0265239928659651e-07,6.129067408334913e-08
2016-12-02,0.0,3.747331103950103e-07,4.4077707566216635e-07,2.3774389117139306e-08,4.501480876228092e-09,1.3239091734866716e-07,5.476357995259715e-08
2016-12-03,0.0,0.0,8.814421382550187e-07,3.1383773323882405e-08,2.2283451965673404e-08,1.1313735579617555e-07,6.252882783097594e-08
2016-12-04,0.0,7.646064427547675e-07,8.814182701340675e-07,4.6607249342597026e-08,1.3237036748383516e-08,1.33249199451321e-07,4.979706486400831e-08
2016-12-05,0.0,0.0,2.203706361436619e-07,1.5381166487714732e-08,1.1649178695172203e-08,1.3734919590897285e-07,7.115260862924827e-08
2016-12-06,0.0,0.0,1.1020437100053208e-06,3.0456242648060497e-08,1.0091609001660892e-08,1.1214781260375391e-07,7.186770423444663e-08
2016-12-07,0.0,0.0,4.3998631104706864e-07,1.507659898516831e-08,4.281941063295417e-09,1.2457707030525496e-07,7.884774414150653e-08
2016-12-08,0.0,3.979053118180388e-07,5.266317297810781e-07,1.4926584318768758e-08,9.891781754958517e-09,1.2945002837190316e-07,5.309345142955893e-08
2016-12-09,0.0,4.019043266854881e-07,7.901507824029583e-07,2.2167093484859922e-08,1.2591458848259653e-08,1.342911845710062e-07,7.277956716160871e-08
2016-12-10,0.0,4.0594353232052727e-07,7.904329858710011e-07,7.3155090731292775e-09,6.925650966321646e-09,8.560129204372056e-08,4.126934117720495e-08
2016-12-11,0.0,4.10023332647086e-07,5.262446887452714e-07,2.8970874166568686e-08,1.0970783340498417e-08,1.0125193356801171e-07,5.861827258803195e-08
2016-12-12,0.0,0.0,5.255866784839555e-07,7.170652288044848e-08,1.08616222223586e-08,1.1147955896571672e-07,5.657595619853914e-08
2016-12-13,0.0,2.7169026503980524e-06,7.874718409927177e-07,4.259581863391137e-08,9.409353866055852e-09,1.63946059923759e-07,6.24603264774467e-08
2016-12-14,0.0,0.0,2.6221413736660993e-07,2.8114655437942444e-08,1.0646547692315071e-08,1.3172858980244102e-07,6.174576397776871e-08
2016-12-15,0.0,1.108715089863335e-06,2.6196388270122983e-07,2.783490994225006e-08,7.905459579584345e-09,1.2600555659423242e-07,6.914526696405934e-08
2016-12-16,0.0,1.6797867926478e-06,7.852194739272717e-07,1.3778973980373867e-08,1.5653597884956495e-08,1.255642676387859e-07,6.436252661090183e-08
2016-12-17,0.0,0.0,1.0461677631367974e-06,1.3641870898503259e-08,1.2914868319647922e-09,8.342369014316031e-08,4.2878527733538706e-08
2016-12-18,0.0,1.7137207368185316e-06,2.613702113380056e-07,3.376533003772692e-08,6.393181616379912e-09,9.873612552172642e-08,5.308902051161898e-08
2016-12-19,0.0,1.153962611039441e-06,1.0448984765230193e-06,2.674348751226986e-08,7.595482075710203e-09,1.5021464674237854e-07,9.17228240125319e-08
2016-12-20,0.0,2.913900320223175e-06,2.4483080132056673e-06,3.3096731706744656e-08,7.519905766301673e-09,1.187607440374107e-07,8.124223479999241e-08
2016-12-21,0.0,5.886371010616058e-07,8.161521117451838e-07,6.553482744780674e-09,6.2042345447803174e-09,9.780672125087676e-08,1.0077388242774822e-07
2016-12-22,0.0,5.945530022792153e-07,1.9046607260639355e-06,1.2976549003896293e-08,0.0,1.4370855823470282e-07,7.034918770602995e-08
2016-12-23,0.0,1.2010567185850303e-06,8.164958538781163e-07,6.423715091972729e-09,0.0,1.4329526665422085e-07,8.305090155146557e-08
2016-12-24,0.0,0.0,1.0890535862785606e-06,6.359798058859623e-09,0.0,9.696534963130467e-08,9.283752891051324e-08
2016-12-25,0.0,1.837979510622879e-06,1.0876520067479154e-06,1.25930340217045e-08,0.0,1.1197342556318806e-07,7.693758451092103e-08
2016-12-26,0.0,3.094085853003194e-06,1.0863591933243247e-06,3.7403193718758476e-08,0.0,1.2691179610011556e-07,8.102053927406609e-08
2016-12-27,0.0,4.375254705918092e-06,1.1434634118529072e-06,1.8515512861472376e-08,0.0,1.9748625692097736e-07,1.1345583987094623e-07
2016-12-28,0.0,6.313181066783373e-07,1.7144603426550588e-06,2.4441707240375077e-08,0.0,2.4205016800752637e-07,1.1745536238689439e-07
2016-12-29,0.0,6.294963987348696e-07,1.8450459040307054e-06,1.2099254094939593e-08,0.0,1.497220516806744e-07,9.60291383715956e-08
2016-12-30,0.0,1.255475281911715e-06,1.2306480238312444e-06,1.796829675777583e-08,0.0,1.6688216805339836e-07,1.1134282081740956e-07
2016-12-31,0.0,2.5041666298562292e-06,3.073713943080129e-07,1.7789509217791674e-08,0.0,1.495299012858582e-07,9.565922578864115e-08
2017-01-01,0.0,1.816773563964915e-06,3.002888056786822e-07,1.714044096808549e-08,0.0,1.9046910251809216e-07,1.0777512797263702e-07
2017-01-02,0.0,5.926742539254171e-06,1.8003884031486298e-06,2.2626520974453964e-08,0.0,1.2319631200249894e-07,1.0759335645279015e-07
2017-01-03,0.0,2.538205489107429e-06,1.7964330248687869e-06,2.800172916135026e-08,0.0,1.51151191786803e-07,1.0463215359569804e-07
2017-01-04,0.0,3.3821763787409764e-06,1.4938810761570528e-06,1.6633864380530433e-08,0.0,1.847046972191614e-07,1.0865508854334853e-07
2017-01-05,0.0,4.225521240577179e-06,5.963536083770549e-07,2.7447257774250606e-08,0.0,1.1193183002712862e-07,9.45928846200881e-08
2017-01-06,0.0,2.534246738024085e-06,1.1345639162989062e-06,0.0,0.0,1.8383499052236143e-07,1.0002735489277789e-07
2017-01-07,0.0,2.5334341584875443e-06,8.497203397804616e-07,0.0,0.0,1.1090960312255105e-07,9.713233119111663e-08
2017-01-08,0.0,1.68858328298537e-06,5.657351433858831e-07,1.0654427486070427e-08,0.0,1.4353969698472457e-07,1.0256987606453906e-07
2017-01-09,0.0,1.688379320047833e-06,1.172838374278506e-06,0.0,0.0,1.6489761230705542e-07,9.880471337387319e-08
2017-01-10,0.0,8.441720982246439e-07,1.1720039617051846e-06,0.0,0.0,1.5871602098193355e-07,1.1820108797640348e-07
2017-01-11,0.0,8.442389543386733e-07,1.2282802249100628e-06,0.0,0.0,1.8529635199705405e-07,9.684824896552472e-08
2017-01-12,0.0,2.5331707051550126e-06,1.5353161716264902e-06,0.0,0.0,9.981550138544134e-08,8.123555777805782e-08
2017-01-13,0.0,1.6892519109836696e-06,6.141742380047996e-07,0.0,0.0,1.2985920024717696e-07,8.438268902052416e-08
2017-01-14,0.0,8.44946139231405e-07,3.0714171264730867e-07,0.0,0.0,9.375196576640205e-08,7.832162553382282e-08
2017-01-15,0.0,8.453508182890227e-07,2.150589145036041e-06,0.0,0.0,1.4790627684959535e-07,8.01270560833501e-08
2017-01-16,0.0,2.5375200993987916e-06,1.2293722069986222e-06,0.0,0.0,1.379447298310388e-07,7.932977855413102e-08
2017-01-17,0.0,2.1780474923673616e-06,1.4676179267067676e-06,2.1523012524983176e-08,0.0,1.477043527039922e-07,8.867468362615003e-08
2017-01-18,0.0,2.1842409159826472e-06,2.350720532009136e-06,2.17393223970139e-08,0.0,1.1317958921298518e-07,7.525059067013991e-08
2017-01-19,0.0,0.0,1.2600406857164574e-06,3.2936709329100724e-08,0.0,1.4756151226888826e-07,9.561068797087336e-08
2017-01-20,0.0,4.3945673642778616e-06,1.7676483559281425e-06,3.3267728761060866e-08,3.0445680581981976e-08,9.342441212091317e-08,7.744855559744189e-08
2017-01-21,0.0,5.51033582241853e-06,8.019236135876812e-07,1.1200691664540104e-08,3.07516647588221e-08,1.3272992856558447e-07,6.81581596385427e-08
2017-01-22,0.0,3.4987655217223586e-06,1.370605642094898e-06,1.1313260487226982e-08,2.7954651714988127e-08,1.9279340018277589e-07,6.506997552526029e-08
2017-01-23,0.0,2.341021667378322e-06,1.6494966865616048e-06,5.713480322695165e-08,2.196102271650271e-08,1.8107330405281887e-07,6.322950884990479e-08
2017-01-24,0.0,1.1748835455296665e-06,2.7573859227542894e-07,4.616721403656285e-08,3.4857011615081504e-08,1.3594949830887464e-07,5.315125306830265e-08
2017-01-25,0.0,1.1793737467037981e-06,5.531772884258683e-07,6.994680337716128e-08,2.8805997604800975e-08,1.4612258751778354e-07,7.016318568511066e-08
2017-01-26,0.0,1.1839818862354148e-06,5.270002464910678e-07,0.0,2.5862669061115884e-08,2.0050604866789585e-07,8.683131290356976e-08
2017-01-27,0.0,3.5661252748269295e-06,1.3157452681324165e-06,0.0,2.9387917357225466e-08,1.1110261615833058e-07,8.596732690440124e-08
2017-01-28,0.0,0.0,1.3141214956604348e-06,3.60385003377755e-08,2.9683270836921308e-08,1.485471578760342e-07,6.128059515088524e-08
2017-01-29,0.0,2.3970372048009115e-06,1.5751549637197489e-06,3.6400693287633e-08,1.6656440371353877e-08,9.576793867320318e-08,7.190618434510697e-08
2017-01-30,0.0,1.203603222177627e-06,1.241436881214227e-06,8.57885614533576e-08,3.0282912684204236e-08,1.8676554697178056e-07,7.341541541442301e-08
2017-01-31,0.0,2.4176164065600454e-06,7.445410473256492e-07,3.713603606994612e-08,5.097876836079293e-08,1.0704819105422318e-07,8.700164645800564e-08
2017-02-01,0.0,0.0,7.431518822150192e-07,3.742188644749744e-08,5.135678487020917e-08,1.6068917478486664e-07,8.258812474914004e-08
2017-02-02,0.0,6.040231468781438e-06,7.42979949932192e-07,6.299663776483258e-08,3.112375748343626e-08,1.6658121172080275e-07,6.4552388824375e-08
2017-02-03,0.0,1.330592441704134e-06,4.952548775090066e-07,5.090381160008798e-08,2.4450655013891497e-08,1.1861094270943457e-07,8.308310637078937e-08
2017-02-04,0.0,1.3335319317535806e-06,1.2380982857425413e-06,1.2853850852972467e-08,3.1752499091269443e-08,1.7852223324744232e-07,6.854701304147037e-08
2017-02-05,0.0,1.3366047761074832e-06,9.905465508583141e-07,2.5966068403439636e-08,4.988918201940804e-08,1.6285991345711503e-07,7.204126402667654e-08
2017-02-06,0.0,2.6796225641056744e-06,0.0,5.2454063458826284e-08,3.599326902456826e-08,1.2530643318950108e-07,6.718969124239011e-08
2017-02-07,0.0,1.3431517702429096e-06,9.909795785264216e-07,3.973592667062328e-08,4.726150960982175e-08,1.7497896367715516e-07,8.391897995112728e-08
2017-02-08,0.0,4.039879724187911e-06,7.424635316663253e-07,4.0135279372907295e-08,2.9376305032646452e-08,1.4270428257260697e-07,7.700465711371966e-08
2017-02-09,0.0,2.7004720859907254e-06,1.2896270724281892e-06,5.405152751543304e-08,2.2253656354905023e-08,1.8182038900981566e-07,7.92478603933505e-08
2017-02-10,0.0,6.76990267995461e-06,1.546950434961435e-06,2.438512731894068e-07,4.8700836858928534e-08,7.19074490994737e-08,2.3998431291449968e-08
2017-02-11,0.0,2.715720856336802e-06,2.577505132236114e-07,7.389060576859425e-08,3.7838683389615066e-08,1.4439175030285762e-07,2.463962968479794e-08
2017-02-12,0.0,0.0,5.15403458439531e-07,1.49266437405038e-07,5.3506555871895877e-08,1.7844066671030765e-07,6.125328045813669e-08
2017-02-13,0.0,5.464111902471015e-06,1.3253683367025744e-06,7.538329502050858e-08,2.7022152849253402e-08,8.959312709315824e-08,6.339101029275797e-08
2017-02-14,0.0,5.481265790604715e-06,1.061718571274734e-06,1.2690151621803303e-07,3.899104285766047e-08,1.5183261036877474e-07,6.042104665631996e-08
2017-02-15,0.0,2.7494839049426064e-06,1.592086265537406e-06,1.2817689765925852e-07,4.725949122379909e-08,1.2990059442868205e-07,7.386032394860118e-08
2017-02-16,0.0,3.0004961101174703e-06,7.958769420580038e-07,1.0357207751765153e-07,2.3867228503455523e-08,2.2601015267846017e-07,7.810464621302342e-08
2017-02-17,0.0,1.2690678891545398e-06,5.291335414582202e-07,7.845974565146874e-08,5.223204596512775e-08,2.20475608560926e-07,7.001622476334216e-08
2017-02-18,0.0,3.8324822027988645e-06,1.0554707373457264e-06,9.535293728376425e-08,4.0582297503250184e-08,1.9711596760376767e-07,6.809292473932073e-08
2017-02-19,0.0,6.11173696547569e-06,9.97000767883484e-07,6.420750015695485e-08,4.918818764858071e-08,1.6039473736075125e-07,6.823573479285111e-08
2017-02-20,0.0,3.078095546665683e-06,4.974851305852742e-07,6.485279626158898e-08,4.1402114294180305e-08,1.5446999101042327e-07,6.527694263687299e-08
2017-02-21,0.0,0.0,7.447794392346558e-07,9.825686654984021e-08,3.7636391214427174e-08,2.4756755223672093e-07,7.58114299253574e-08
2017-02-22,0.0,2.9970478407721008e-06,4.677141881815714e-07,1.6540727412638815e-07,3.379079398629092e-08,1.7360551307280672e-07,7.391010418798181e-08
2017-02-23,0.0,4.508025596358769e-06,2.3356270146806383e-07,3.3413928973659033e-08,4.26629963896998e-08,1.3044832520691582e-07,7.096249661974131e-08
2017-02-24,0.0,0.0,1.3997499918607495e-06,2.02498467256697e-07,4.7400943294900305e-08,1.05809263302749e-07,6.905244905293678e-08
2017-02-25,0.0,4.534286976183918e-06,4.6608791702625487e-07,6.817787022897157e-08,3.48198768690627e-08,1.2016361701422624e-07,7.238354990765336e-08
2017-02-26,0.0,1.5160323823227726e-06,6.984586689185556e-07,1.032946038243232e-07,4.396227806180868e-08,1.4804610356873525e-07,6.837542314600942e-08
2017-02-27,0.0,4.562362131257508e-06,1.2342246635715435e-06,6.955515456776706e-08,3.552328504138441e-08,1.266137068030176e-07,6.540549956726746e-08
2017-02-28,0.0,0.0,7.393851463242574e-07,3.512709774636913e-08,8.073067498071491e-08,1.8792646688362917e-07,5.082496054653882e-08
2017-03-01,0.0,1.7240065064661993e-06,7.36867233659314e-07,1.7694369234111356e-07,4.064186281751458e-08,1.660724007182689e-07,4.700392027111063e-08
2017-03-02,0.0,3.4624347886673667e-06,1.7137789191954623e-06,1.0723320360817883e-07,4.561146703271382e-08,1.4453657682690622e-07,4.468359296324348e-08
2017-03-03,0.0,1.979157208619953e-06,7.321595739311139e-07,2.1662183044282328e-07,4.606986989734662e-08,1.8982225300722025e-07,3.949108672113941e-08
2017-03-04,0.0,1.9891327072745288e-06,2.433052282581859e-07,1.0939945801642599e-07,2.79197278724165e-08,1.6261674830396764e-07,5.128454409560001e-08
2017-03-05,0.0,0.0,4.851631918631627e-07,1.8416490141401419e-07,5.640065160495758e-08,1.9376452931309572e-07,5.108051841131011e-08
2017-03-06,0.0,1.0048407334092742e-05,9.67528887866888e-07,1.8601578944426435e-07,1.4241871894310839e-08,2.6167888007783863e-07,3.7787071550938934e-08
2017-03-07,0.0,4.04051356520214e-06,2.2986516880464303e-06,1.5030822336677812e-07,4.315501525931994e-08,1.7253092637745646e-07,4.4038659154208405e-08
2017-03-08,0.0,2.023180732068485e-06,2.548973778544457e-07,1.50420413208303e-07,3.874553810950749e-08,2.4086079872421977e-07,7.042865380837898e-08
2017-03-09,0.0,0.0,2.5441450254282195e-07,7.527382260824975e-08,5.8702405861911066e-08,1.9638340777706002e-07,5.541156886792947e-08
2017-03-10,0.0,6.088907708731297e-06,9.824261472678483e-07,3.7672483028668604e-08,3.952824989937728e-08,2.7288976859324653e-07,4.3867174794864685e-08
2017-03-11,0.0,4.066335539614856e-06,1.4715455296114228e-06,7.542364406581808e-08,2.9351202930955533e-08,2.3585087499119087e-07,5.194736571917787e-08
2017-03-12,0.0,8.147611820702867e-06,1.9557569789846843e-06,1.88774661253897e-07,4.8431922636884366e-08,2.2910024847313496e-07,6.01855403395671e-08
2017-03-13,0.0,6.116635452353155e-06,7.30522326674587e-07,1.512072719733495e-07,5.754002034575992e-08,2.1363940112321568e-07,5.221740782171867e-08
2017-03-14,0.0,4.082115805214404e-06,4.851392260475703e-07,1.5140993579678527e-07,6.646206884011724e-08,1.1436067917302739e-07,6.297576297913923e-08
2017-03-15,0.0,0.0,4.833120819723049e-07,1.5162774073997603e-07,5.640065160495758e-08,1.5999636147057046e-07,5.6452703428407616e-08
2017-03-16,0.0,4.092058600828397e-06,4.81533269507998e-07,2.6575624002129593e-07,2.4667164216013338e-08,1.6751823719544607e-07,5.782316200247267e-08
2017-03-17,0.0,0.0,2.399013053859604e-07,3.8027215656157176e-08,6.13570102379075e-08,1.9744832331354705e-07,4.542556234372523e-08
2017-03-18,0.0,4.1036382744442295e-06,5.919219178975887e-07,7.618611383933999e-08,6.105224568793647e-08,1.688688042693391e-07,5.653329788619402e-08
2017-03-19,0.0,2.0550216811921723e-06,5.907159571090624e-07,7.632541504123822e-08,6.68289450547524e-08,1.5447031927872344e-07,5.048100703654969e-08
2017-03-20,0.0,2.0584297290428732e-06,1.1791381368170238e-06,1.1470852327236793e-07,6.046100254815557e-08,1.6116694006838237e-07,6.603409209435544e-08
2017-03-21,0.0,0.0,7.846415161414818e-07,1.6396264287358785e-07,7.220935780024682e-08,2.3079669064050473e-07,5.8254993126173395e-08
2017-03-22,0.0,4.13172744040269e-06,3.916347029385494e-07,0.0,3.593636676933083e-08,2.443391771286616e-07,5.713494480027188e-08
2017-03-23,0.0,1.951994167320015e-06,7.819756232060301e-07,1.648433080521813e-07,5.961941384193708e-08,1.5332014941100718e-07,5.8570491296215444e-08
2017-03-24,0.0,3.914801863966029e-06,7.807600387489305e-07,2.0663543114491746e-07,8.902626758908498e-08,2.2960650801148872e-07,6.089910906464847e-08
2017-03-25,0.0,0.0,5.847168982097561e-07,4.144747818798393e-08,2.954410570540402e-08,1.7367860056712668e-07,4.393653949001797e-08
2017-03-26,0.0,1.9609484603875593e-06,3.8928149302326727e-07,1.662880597173713e-07,6.471463529586824e-08,1.9424187427446474e-07,7.100497448478847e-08
2017-03-27,0.0,1.96301627572336e-06,1.9439532452353426e-07,0.0,5.272258054688697e-08,1.8012720167282635e-07,7.082210401289059e-08
2017-03-28,0.0,1.9652803943225864e-06,3.883386844597678e-07,8.366714597994964e-08,1.0698820613603853e-07,2.8369628549354974e-07,6.338444885320345e-08
2017-03-29,0.0,3.935482085197968e-06,3.8792555406452954e-07,4.1970620465271926e-08,1.0732056578526175e-07,1.8661227788586266e-07,1.1328577245231541e-07
2017-03-30,0.0,0.0,9.166872158917805e-07,8.422373007518242e-08,5.981314310027647e-08,1.933232352853159e-07,1.1615801511180688e-07
2017-03-31,0.0,1.973252932128544e-06,1.971245628283542e-07,1.2677196249452276e-07,7.20116772208077e-08,2.207336677963158e-07,1.2257879970192851e-07
2017-04-01,0.0,1.97905664191306e-06,7.86274040634471e-07,1.2636985242119706e-07,9.650533512967738e-08,1.722552015886025e-07,8.63245129651328e-08
2017-04-02,0.0,1.98231059115983e-06,5.89013883160214e-07,8.38545132340828e-08,7.262976397482161e-08,1.4458740178545693e-07,1.5125158251491438e-07
2017-04-03,0.0,0.0,5.883811377237372e-07,2.0867710927142491e-07,1.093316844589615e-07,1.9954056665797756e-07,1.4048970000673008e-07
2017-04-04,0.0,3.978827066015171e-06,0.0,1.246432820054809e-07,9.753747219133024e-08,1.9255577869143727e-07,1.7241252584097253e-07
2017-04-05,0.0,3.986526471817346e-06,1.943754933528279e-07,2.3363517165277658e-07,1.835643350476579e-07,1.649751048499993e-07,1.3325434150325113e-07
2017-04-06,0.0,5.99193680038323e-06,7.185318284668432e-07,1.8640624500305138e-07,1.351271286369013e-07,2.198918627213561e-07,1.5630366933977696e-07
2017-04-07,0.0,1.997628865980294e-06,5.368320026120016e-07,1.859229934637209e-07,1.233217494524152e-07,1.238763446220252e-07,1.2430664310876748e-07
2017-04-08,0.0,1.9981452297174717e-06,3.148579988678179e-07,1.8545833437867316e-07,1.2381298696717938e-07,1.5498943001739486e-07,1.2606887063414069e-07
2017-04-09,0.0,1.9988614096427474e-06,4.709494975358583e-07,0.0,4.9726642353527224e-08,1.8568736715851234e-07,1.34945916806928e-07
2017-04-10,0.0,1.99191314819278e-06,1.5655303070406754e-07,1.3738793679857387e-07,1.1234939090817837e-07,1.792257876146864e-07,1.3495836820257385e-07
2017-04-11,0.0,0.0,6.245542039855227e-07,1.1248824046080381e-07,1.8804178592272688e-07,1.9131458623558932e-07,1.2787987788711056e-07
2017-04-12,0.0,0.0,1.0901777969173656e-06,2.8039523509193047e-07,8.813158262243257e-08,1.9722541143608234e-07,1.1192759171708161e-07
2017-04-13,0.0,1.7384894733694423e-06,4.660691809492466e-07,3.355174905468289e-07,1.0116473719538828e-07,2.092960536436854e-07,1.906247582570784e-07
2017-04-14,0.0,0.0,3.0997727558883506e-07,2.788285425099957e-07,1.1432000501712993e-07,2.0291218337465547e-07,1.3441540261604516e-07
2017-04-15,0.0,1.7310041494189446e-06,1.546363809320232e-07,1.6685223559054565e-07,1.4036136007082043e-07,1.4742136056486898e-07,1.6602057114469764e-07
2017-04-16,0.0,1.7275213230278065e-06,1.9682961834479732e-07,3.328480620753939e-07,1.9228950793380549e-07,1.0432685119213507e-07,1.4058849611551585e-07
2017-04-17,0.0,3.4484225004171546e-06,5.90807067748289e-07,2.213499587021856e-07,1.803166309808437e-07,1.594269092349927e-07,1.986009401181318e-07
2017-04-18,0.0,5.163220799853649e-06,3.931972595651277e-07,5.520583613360942e-08,1.0353204935437985e-07,2.3283922357000627e-07,1.888640049472411e-07
2017-04-19,0.0,6.85670357558847e-06,2.2838929098075903e-07,1.6523910966387251e-07,1.4305001858644169e-07,1.898286399937645e-07,2.1593178147545376e-07
2017-04-20,0.0,1.7048281638002498e-06,2.2862265407287616e-07,1.0991815665038855e-07,9.148222009288626e-08,1.8972847536050378e-07,1.7448954403893856e-07
2017-04-21,0.0,5.086952753821369e-06,2.1498291979430545e-07,2.1937579753091847e-07,7.880722154954009e-08,1.2235308627928175e-07,1.8581583388457896e-07
2017-04-22,0.0,1.6787789094035728e-06,4.3080060106306857e-07,5.473430488090668e-08,1.8482098221701294e-07,1.6512246899275612e-07,2.1324066467120807e-07
2017-04-23,0.0,0.0,6.475176644349513e-07,1.6389040156555174e-07,9.288846486866935e-08,1.3451352761650514e-07,1.579295041745323e-07
2017-04-24,0.0,3.2910737195454873e-06,4.325994530542287e-07,2.1812570355348766e-07,2.134302344062318e-07,1.7447655719706572e-07,2.2312905648464708e-07
2017-04-25,0.0,3.258326988892266e-06,1.0839093086440737e-06,2.1775268443836708e-07,1.0728266044268813e-07,1.2955536483456157e-07,2.241084117136608e-07
2017-04-26,0.0,4.838859140479823e-06,6.5046855357841e-07,1.0870072038657574e-07,1.8875663106598748e-07,1.389551230337514e-07,3.054444664761168e-07
2017-04-27,0.0,1.3607830860187019e-06,6.506565693677928e-07,2.625288276178157e-07,6.778124363488394e-08,1.216987468668345e-07,2.330607541484445e-07
2017-04-28,0.0,0.0,4.339397675708853e-07,1.7512985399210603e-07,6.815618292704899e-08,1.6239663248664085e-07,1.882530470624826e-07
2017-04-29,0.0,1.3338377755738038e-06,0.0,3.44240964991574e-07,1.0966070063088598e-07,8.817009364232258e-08,2.179542333028952e-07
2017-04-30,0.0,0.0,2.1720370722456645e-07,1.970703848518538e-07,5.4065705358119665e-08,1.3864148452413005e-07,2.516117419873434e-07
2017-05-01,0.0,3.905841058559542e-06,2.2445125534792657e-07,9.886242053091291e-08,6.563166446635526e-08,1.5258026048685137e-07,2.3417380276904192e-07
2017-05-02,0.0,1.2302096042043056e-06,2.1902560043838576e-07,3.9625222117571733e-07,1.4363109293055075e-07,9.092105377444806e-08,2.7185587916240235e-07
2017-05-03,0.0,1.217968814119103e-06,6.588895760205799e-07,9.927359644502797e-08,3.3478756018381025e-08,1.29153928162253e-07,2.4071379418475974e-07
2017-05-04,0.0,1.205849821930289e-06,4.4051216015512034e-07,2.984821951154981e-07,1.352608924405434e-07,1.3561845086903543e-07,2.6790832574126075e-07
2017-05-05,0.0,2.387702831457093e-06,6.627129818194466e-07,1.4958672468207998e-07,1.2468996891889388e-07,1.4194154043542016e-07,2.4374740043895697e-07
2017-05-06,0.0,1.1819723956632567e-06,0.0,1.499473106035351e-07,1.36803551492462e-07,1.0096483210857007e-07,2.192839497353525e-07
2017-05-07,0.0,1.170211573822513e-06,7.311599744102304e-07,3.006457827620141e-07,5.7331401173034694e-08,5.804141530273692e-08,2.094726742210145e-07
2017-05-08,0.0,0.0,4.893006367401948e-07,1.5071350457288661e-07,1.4993434493813666e-07,9.577315595173518e-08,2.2589183302621644e-07
2017-05-09,0.0,0.0,2.4560511050583096e-07,2.5186531540136417e-07,1.0441525872864647e-07,7.901683093970712e-08,2.2358172654120128e-07
2017-05-10,0.0,1.135626595122828e-06,9.863378534291467e-07,1.2233216861389294e-07,1.0504025872839186e-07,9.38767204022918e-08,2.3268795559719809e-07
2017-05-11,0.0,0.0,2.475884748605658e-07,1.2266335044934517e-07,4.6967005707352865e-08,8.364836828448551e-08,3.033579434940086e-07
2017-05-12,0.0,0.0,4.97234490835311e-07,1.8451019808309317e-07,1.4309826623197415e-07,6.441248575490093e-08,2.82201596025431e-07
2017-05-13,0.0,3.3061912710475456e-06,7.490126337194061e-07,3.084063694428932e-07,1.441703404699018e-07,1.0932269282230342e-07,2.6465349681874163e-07
2017-05-14,0.0,9.73532387371437e-07,7.522484330733968e-07,6.186531659491633e-08,5.447131194825704e-08,9.01957615447774e-08,2.351124173138625e-07
2017-05-15,0.0,1.9276911565330436e-06,1.007412610530094e-06,3.102777294223405e-07,2.195367735875546e-07,6.548541906301007e-08,2.919676841975e-07
2017-05-16,0.0,9.542551545226406e-07,1.0119280523962254e-06,3.112599039016072e-07,1.2903931439139282e-07,6.188683606285827e-08,3.3372131162768793e-07
2017-05-17,0.0,9.447601570894269e-07,7.624085159331545e-07,3.1227320463064817e-07,1.653947914679719e-07,6.127105175529486e-08,2.8804561629258765e-07
2017-05-18,0.0,0.0,2.553157446853586e-07,1.8799063976422848e-07,2.565086729662011e-07,7.221594595710279e-08,3.3223387090811505e-07
2017-05-19,0.0,9.26052652572138e-07,1.0260833967209255e-06,1.3649785320588198e-07,2.0095602236717898e-07,7.149738528886852e-08,2.8438355400309213e-07
2017-05-20,0.0,0.0,2.468799380160898e-07,1.3704871616633064e-07,2.1860684917625514e-07,7.07859744187445e-08,3.8458870227637714e-07
2017-05-21,0.0,2.7231467443902344e-06,7.433331997655588e-07,2.331156025924912e-07,2.1801080754631475e-07,1.0737133281307781e-07,4.094136036215193e-07
2017-05-22,0.0,2.69605098155814e-06,0.0,1.7601845436018336e-07,1.8119713931567105e-07,1.1332233224991203e-07,4.814232188358573e-07
2017-05-23,0.0,8.897416086903059e-07,1.2482387496544647e-06,2.9536301461352814e-07,9.036836277050476e-08,1.1257395571358949e-07,5.113562769757092e-07
2017-05-24,0.0,0.0,4.596027088430123e-07,1.7843488510460923e-07,1.9832382414846814e-07,1.0196888049018111e-07,3.588317287722731e-07
2017-05-25,0.0,1.744247088848112e-06,4.620119512929367e-07,1.7914384366029569e-07,1.0792204513609696e-07,6.535935376269138e-08,3.3388875982164497e-07
2017-05-26,0.0,1.7268915403315435e-06,4.6446739532300167e-07,4.948812503270378e-07,7.178550080862197e-08,6.493886900543108e-08,4.0074302219809436e-07
2017-05-27,0.0,8.572293249164344e-07,4.669692864796564e-07,7.105355121986239e-08,8.95376876705187e-08,9.678731728378084e-08,3.7578307096144853e-07
2017-05-28,0.0,0.0,0.0,3.570844318938356e-07,2.1444588761674073e-07,8.335254188889315e-08,3.01254871400086e-07
2017-05-29,0.0,8.450529922810458e-07,7.081701234109623e-07,1.9957047774520348e-07,1.248466155951605e-07,8.350936015387196e-08,3.580940268003584e-07
2017-05-30,0.0,0.0,7.121342519932571e-07,2.678140986942862e-07,1.0681052701098943e-07,7.23332072010919e-08,3.823612483918829e-07
2017-05-31,0.0,0.0,4.774463963961322e-07,1.34079222456658e-07,1.4216046715711616e-07,1.0924174987107259e-07,3.9577885095847466e-07
2017-06-01,0.0,0.0,1.1985186004957177e-06,2.683106020854686e-07,1.773007753669175e-07,6.620470881962468e-08,3.909316857692528e-07
2017-06-02,0.0,5.957119462321319e-07,1.4465667743651788e-06,1.3435414647342309e-07,1.2391363909433323e-07,9.21954363055659e-08,3.8589833865137764e-07
2017-06-03,0.0,0.0,2.425093143364015e-07,0.0,7.070235822799734e-08,7.337079990729404e-08,3.9208960005791005e-07
2017-06-04,0.0,0.0,4.878968348242638e-07,2.0218824771435268e-07,1.9416098070200115e-07,5.735131907313965e-08,3.9272734120551855e-07
2017-06-05,0.0,1.1715534241814897e-06,0.0,2.700627643678473e-07,1.762817204880738e-07,6.224715020131006e-08,3.709241065336917e-07
2017-06-06,0.0,1.165165118720391e-06,0.0,4.058523074270714e-07,1.9367819552260703e-07,7.741931227124633e-08,4.673145566016147e-07
2017-06-07,0.0,5.79446665371069e-07,1.1520086109414801e-06,6.777517564522098e-08,1.7587806044480378e-07,6.162994302927881e-08,3.271833672858298e-07
2017-06-08,0.0,1.833481533317309e-06,4.5861446246494537e-07,6.791507762664076e-08,8.785131100174195e-08,6.133059928722193e-08,2.99580026495646e-07
2017-06-09,0.0,3.778586194062376e-07,2.2823567119086257e-07,1.3612354234483854e-07,1.2288132777954866e-07,5.340771507417745e-08,4.41821590925957e-07
2017-06-10,0.0,0.0,4.5437386981313714e-07,0.0,1.2278310839183796e-07,4.8093973103473533e-08,3.1222795198331506e-07
2017-06-11,0.0,1.3986399679207875e-07,0.0,1.3675118463117783e-07,7.0112667095592e-08,1.0460405714697549e-07,4.0967510612794187e-07
2017-06-12,0.0,0.0,2.2515751638382663e-07,2.7417100518142357e-07,1.0510585393862041e-07,1.3969684606055685e-07,3.707314781827792e-07
2017-06-13,0.0,1.4268943694877662e-07,2.2417663120183524e-07,1.3743352921474307e-07,1.9259756616253112e-07,7.711351241738009e-08,3.0875907979489443e-07
2017-06-14,0.0,0.0,2.2321816386977847e-07,2.0669294895933623e-07,1.5751663092657784e-07,7.009966449145963e-08,3.668820513223362e-07
2017-06-15,0.0,1.4557195478280519e-07,1.0421263610322247e-06,6.908542452123282e-08,1.574691867872599e-07,5.506991609166672e-08,3.6048642207835305e-07
2017-06-16,0.0,0.0,4.1529846438719253e-07,1.3856021597875417e-07,1.2245138087610202e-07,6.09208425163371e-08,3.8270758804025397e-07
2017-06-17,0.0,0.0,1.0344697863850429e-06,2.7792687810421555e-07,1.3993025465653257e-07,9.096198450113807e-08,3.70673655048981e-07
2017-06-18,0.0,1.5000528082241794e-07,6.184781157856825e-07,2.085453054189246e-07,1.7491258396020745e-07,6.755600562035441e-08,2.7899913761617866e-07
2017-06-19,0.0,0.0,8.217816107564238e-07,0.0,1.2245088870273435e-07,6.004676019265261e-08,3.752507667020002e-07
2017-06-20,0.0,1.5303558850612062e-07,0.0,2.4132670907334186e-07,1.7496459117748072e-07,5.789341106702213e-08,3.7474430200424207e-07
2017-06-21,0.0,0.0,2.0269440563806628e-07,3.224217001495679e-07,1.5751515416037957e-07,6.682885659579214e-08,4.0830034041706075e-07
2017-06-22,0.0,0.0,4.0269875958420527e-07,2.4233002298003544e-07,1.5757792790770558e-07,5.9062935549295784e-08,3.4552225372947087e-07
2017-06-23,0.0,1.5769621603237667e-07,2.0002448905190988e-07,0.0,8.758692198840985e-08,8.52236113143538e-08,2.998913233801804e-07
2017-06-24,0.0,1.5928108935204313e-07,3.9743920185462004e-07,0.0,8.020168295759354e-08,6.88640982780634e-08,2.882989357280844e-07
2017-06-25,0.0,0.0,3.9348461572156864e-07,1.736263724404199e-07,9.640420806398637e-08,5.216714547889388e-08,3.445328224952651e-07
2017-06-26,0.0,0.0,3.8956937837799426e-07,1.7414374832487042e-07,1.1267204326000464e-07,8.781905667876811e-08,4.2328519641131413e-07
2017-06-27,0.0,1.641319206958681e-07,3.856930982969e-07,1.7467853872927365e-07,1.7738879359705144e-07,8.870165287156377e-08,4.173667018322504e-07
2017-06-28,0.0,0.0,5.727830817705709e-07,3.5046159426623155e-07,8.079057192785444e-08,8.660668199344602e-08,4.1149680436445377e-07
2017-06-29,0.0,0.0,0.0,1.698402911768247e-07,9.7149543796063e-08,7.239483609772598e-08,4.1130814748530943e-07
2017-06-30,0.0,0.0,3.742941445627123e-07,8.488960333301646e-08,9.736011631403849e-08,6.093534691378257e-08,2.647198523683912e-07
2017-07-01,0.0,0.0,3.703580057016597e-07,2.5478177445766327e-07,1.6075293285481607e-07,8.311326773008966e-08,3.197358987743255e-07
2017-07-02,0.0,0.0,0.0,0.0,6.366136577904072e-08,7.151174477877149e-08,3.196851028218922e-07
2017-07-03,0.0,0.0,3.630244258373025e-07,2.547257931157507e-07,7.878490575723032e-08,9.42136301247111e-08,3.813562586655779e-07
2017-07-04,0.0,0.0,1.7970613622355425e-07,1.6982400826323468e-07,6.240078627751179e-08,7.612839427925639e-08,3.4211305854781767e-07
2017-07-05,0.0,0.0,7.116721211673409e-07,0.0,1.390047481797028e-07,6.407791446801027e-08,4.1302712329482346e-07
2017-07-06,0.0,1.7942799981077176e-07,1.7614771631141095e-07,8.494429198765145e-08,8.40371653903058e-08,8.09023852685235e-08,4.204404631700682e-07
2017-07-07,0.0,0.0,5.231850517482241e-07,2.5491952993839286e-07,2.7733660541141202e-08,8.825270517861828e-08,5.025618791826918e-07
2017-07-08,0.0,0.0,3.4531951566891935e-07,3.393410318470581e-07,8.23731180240381e-08,6.27279086153545e-08,3.5007402916685116e-07
2017-07-09,0.0,0.0,0.0,0.0,9.061499089455505e-08,9.670482646082094e-08,3.183900039599321e-07
2017-07-10,0.0,0.0,3.110596781108522e-07,8.458485843889237e-08,8.971335667033659e-08,1.0050441063897643e-07,3.984360627143421e-07
2017-07-11,0.0,0.0,3.079645825997189e-07,1.6894470512045144e-07,4.441034692827328e-08,1.1780929551258656e-07,4.542082336520339e-07
2017-07-12,0.0,0.0,3.0490028380348365e-07,1.6873658797441794e-07,8.793691318615968e-09,9.131803172287196e-08,3.2989282523021543e-07
2017-07-13,0.0,0.0,1.5093323764485656e-07,2.528180169416942e-07,8.706192628037242e-08,8.836508179463251e-08,3.048869059763971e-07
2017-07-14,0.0,1.9437203177379395e-07,0.0,7.89221999937208e-08,6.033695194783552e-08,8.538761324161506e-08,3.588457078682048e-07
2017-07-15,0.0,3.926510063392196e-07,1.4794455929738163e-07,0.0,7.680418617199641e-08,7.895195327212525e-08,3.5761159479544297e-07
2017-07-16,0.0,0.0,1.4647248633646664e-07,1.563520823987132e-07,8.44888575009169e-08,7.935519762308536e-08,3.6313802135338223e-07
2017-07-17,0.0,3.848759954862654e-07,1.450150607462461e-07,1.556294135276677e-07,5.018890759346396e-08,7.976637755993733e-08,4.423874564205882e-07
2017-07-18,0.0,0.0,1.4357213678294643e-07,7.746115386383327e-08,3.3126346412640894e-08,8.367186177497479e-08,4.3430221990957095e-07
2017-07-19,0.0,0.0,1.4214357015296894e-07,3.8557673571885124e-07,3.2796733758552465e-08,9.813721151936954e-08,3.330486571009701e-07
2017-07-20,0.0,1.8675059539484104e-07,4.221876539953803e-07,1.3250139210806843e-07,7.305840181163384e-08,9.866706477086838e-08,4.183855056933575e-07
2017-07-21,0.0,0.0,0.0,1.3205003940813772e-07,7.2331458567588e-08,9.566368535352904e-08,4.900110179851604e-07
2017-07-22,0.0,0.0,4.1382777833276323e-07,1.3161189182218992e-07,6.365488758193363e-08,1.211328025293667e-07,2.972994135221678e-07
2017-07-23,0.0,0.0,4.0971012313913983e-07,1.3118690553510123e-07,3.9388444292384614e-08,5.7323452651122275e-08,3.084150868539777e-07
2017-07-24,0.0,0.0,1.3521114643308552e-07,1.3077503804788887e-07,2.3397913633988257e-08,1.1529793183350772e-07,3.8342613007168956e-07
2017-07-25,0.0,0.0,2.769578976092883e-07,3.911287445203825e-07,6.17736013424199e-08,9.059413144846575e-08,4.292297487332443e-07
2017-07-26,0.0,0.0,2.7420212048359495e-07,0.0,9.173841560872532e-08,1.0570014324314679e-07,3.8805711545413244e-07
2017-07-27,0.0,1.74125101009906e-07,9.049125459948416e-08,1.29617743049463e-07,6.055040208122037e-08,6.599275703285054e-08,3.933100739551195e-07
2017-07-28,0.0,0.0,9.608875545591659e-08,1.292579519487487e-07,8.992187327093628e-08,9.957769190270242e-08,3.523740949895048e-07
2017-07-29,0.0,0.0,4.756632818214735e-08,1.9336663012641683e-07,5.193249581467746e-08,8.162505682898605e-08,2.8849275037517147e-07
2017-07-30,0.0,0.0,9.418607061758671e-08,1.285771127692418e-07,4.407065044071496e-08,8.585366571902933e-08,3.3429242484288774e-07
2017-07-31,0.0,0.0,1.3563467184547942e-07,1.2825599660596392e-07,2.9088093428031694e-08,8.869503388370258e-08,4.3185347685987783e-07
2017-08-01,0.0,0.0,6.75675105443854e-08,2.5606099146990204e-07,5.539362587816061e-08,1.0615169780698779e-07,4.067016550725522e-07
2017-08-02,0.0,0.0,6.732333423312841e-08,1.9160221342901457e-07,1.1017125301898328e-07,7.97275985121381e-08,4.4645223160624067e-07
2017-08-03,0.0,0.0,6.70858903113977e-08,6.372594787887149e-08,9.130522624896414e-08,6.458260553358769e-08,4.6330972697808244e-07
2017-08-04,0.0,0.0,6.685515503460322e-08,1.2718172785859568e-07,6.35671439065752e-08,1.1367110732731839e-07,2.819303208897792e-07
2017-08-05,0.0,0.0,0.0,2.5384855647643863e-07,8.129183940802148e-08,7.73712918766531e-08,3.119181731084769e-07
2017-08-06,0.0,0.0,0.0,1.266795211514374e-07,6.289315125721266e-08,7.31195512658279e-08,2.3295612780159246e-07
2017-08-07,0.0,0.0,0.0,5.795703243076356e-08,7.150354934368367e-08,8.618095187446031e-08,2.828590946828924e-07
2017-08-08,0.0,4.6695579121972275e-07,6.599884891745229e-08,0.0,8.002840719463651e-08,1.0238812449078542e-07,3.0806953116391863e-07
2017-08-09,0.0,0.0,0.0,5.714649529802884e-08,6.192925222169696e-08,1.1150628019299032e-07,2.6371652256517963e-07
2017-08-10,0.0,0.0,8.742996439205399e-08,1.134996377942242e-07,1.0563493836563049e-07,7.025249265176433e-08,3.1394166715002206e-07
2017-08-11,0.0,0.0,8.787621569590774e-08,1.1271763505075353e-07,5.255800396653751e-08,1.0929830791054045e-07,1.9465356344381887e-07
2017-08-12,0.0,0.0,0.0,1.115960758425979e-07,4.35864954953791e-08,1.0493165728571729e-07,2.8997286021932557e-07
2017-08-13,0.0,0.0,1.7759025378458876e-07,1.1048567633502361e-07,1.0410963129083682e-07,7.791567738806182e-08,3.1553216676371745e-07
2017-08-14,0.0,0.0,6.849430244100876e-08,0.0,1.2089243184975973e-07,6.749785301394136e-08,2.6594673683288473e-07
2017-08-15,0.0,0.0,1.383653632497089e-07,1.6244687004448456e-07,7.735867491694638e-08,8.27372472393733e-08,3.3183352073598967e-07
2017-08-16,0.0,0.0,6.987797913451503e-08,1.0722033112040976e-07,4.278251246325659e-08,7.246238273487397e-08,3.375594708568181e-07
2017-08-17,0.0,1.422551532462351e-07,7.058026450032091e-08,5.307673550014621e-08,6.814761854861751e-08,8.733731997532414e-08,2.9789839401105107e-07
2017-08-18,0.0,1.408396908213975e-07,1.4257921590278784e-07,8.403049179411644e-08,4.240626998416827e-08,7.102753142136979e-08,3.0363327021706816e-07
2017-08-19,0.0,0.0,7.200608042267025e-08,8.319437443062581e-08,1.6889807615115067e-08,7.643564747319669e-08,2.536244872340951e-07
2017-08-20,0.0,1.380508780920674e-07,0.0,4.1183288286953565e-08,1.9603738982243143e-08,7.870210407628235e-08,2.8984113762001097e-07
2017-08-21,0.0,0.0,3.6730349868641273e-07,1.2232052316522732e-07,1.4850569875866829e-08,7.192523543670743e-08,3.5685182614721997e-07
2017-08-22,0.0,0.0,7.419899204376214e-08,1.2110341362384454e-07,3.4999581363633605e-08,4.450597961655124e-08,3.935734891529133e-07
2017-08-23,0.0,0.0,2.2483411293383643e-07,1.5986455269965872e-07,2.7776047360453906e-08,8.518873292574011e-08,3.1776958815179593e-07
2017-08-24,0.0,0.0,1.5139582222336145e-07,1.5827387382268223e-07,3.8257092650951225e-08,1.0469928521846642e-07,3.06335216316841e-07
2017-08-25,0.0,0.0,3.058347510651025e-07,3.9174755616245834e-08,1.8032738651315634e-08,9.7898759372855e-08,2.5940479361446293e-07
2017-08-26,0.0,0.0,2.3168133106008879e-07,1.551398411401139e-07,1.8213970687746493e-08,6.556667529855685e-08,2.5845059405514383e-07
2017-08-27,0.0,0.0,1.560065114316834e-07,6.626471970351093e-08,1.839702413642448e-08,5.6447196503323374e-08,3.332640749972555e-07
2017-08-28,0.0,1.2743702219981616e-07,0.0,3.2802687362948114e-08,2.389103653223188e-08,8.662258314626899e-08,1.8970549256714666e-07
2017-08-29,0.0,0.0,0.0,9.742888551063815e-08,1.608743029412985e-08,6.230919775133795e-08,2.1262224332486148e-07
2017-08-30,0.0,0.0,6.138263457057541e-07,3.2153150634058005e-08,2.9790038036991397e-08,3.3047791540047947e-08,1.9630593784786412e-07
2017-08-31,0.0,3.71012067007601e-07,3.719972418244567e-07,6.366644287952218e-08,3.008943289670689e-08,4.580654472800229e-08,2.127285553326655e-07
2017-09-01,0.0,0.0,1.2505260387928936e-07,9.44346884132386e-08,1.3797707640816197e-08,6.692633401243359e-08,1.9872574706132588e-07
2017-09-02,0.0,7.549252188223628e-07,1.010475227540692e-06,0.0,2.2298203052775844e-08,4.488608139069272e-08,2.548052956449155e-07
2017-09-03,0.0,0.0,5.103153362059444e-07,1.8300900636040092e-07,5.6305759297832366e-09,6.136877453031914e-08,2.2991690788100314e-07
2017-09-04,0.0,0.0,2.5772204530021374e-07,4.02640080714923e-08,1.7061492475972957e-08,3.14266267350686e-08,1.675603807007865e-07
2017-09-05,0.0,0.0,1.0412487796670176e-06,3.9863374497256116e-08,3.1593766097779905e-08,5.1856544290586385e-08,1.5963300905365675e-07
2017-09-06,0.0,0.0,1.3146418798485715e-07,5.9200090940533867e-08,2.0307183734651362e-08,6.366229818658976e-08,1.8283594922338602e-07
2017-09-07,0.0,0.0,1.3278542503968946e-07,3.9074026795740786e-08,3.223200250944694e-08,4.879652727926954e-08,1.9942517921320345e-07
2017-09-08,0.0,0.0,0.0,0.0,2.6636677789192537e-08,6.441465829383674e-08,1.9440331374811583e-07
2017-09-09,0.0,0.0,1.3546786856151352e-07,5.745046383890659e-08,2.0925629551198606e-08,2.989393206319806e-08,1.7442500266380226e-07
2017-09-10,0.0,5.524207265789836e-07,5.473173731003713e-07,7.583842956336274e-08,2.7174774374395148e-08,4.340817428827464e-08,1.637572322223235e-07
2017-09-11,0.0,0.0,2.76409002074049e-07,7.508382458100528e-08,2.13483553090363e-08,4.8836654247115025e-08,1.7391893475780328e-07
2017-09-12,0.0,0.0,2.791869587284614e-07,3.716836402183798e-08,2.1562909846864302e-08,6.382295227205283e-08,1.9845444145949314e-07
2017-09-13,0.0,0.0,2.8199283431140315e-07,3.6798532620549255e-08,3.1113743848065915e-08,4.786962370176286e-08,2.0803742128985845e-07
2017-09-14,0.0,0.0,1.4241345470638543e-07,5.464857165478219e-08,3.7711730606823576e-08,4.5497580468062936e-08,1.9738543876322872e-07
2017-09-15,0.0,0.0,1.438447337212182e-07,5.410480928144661e-08,3.491651148375068e-08,4.504487197839511e-08,1.670994757839193e-07
2017-09-16,0.0,2.932902582753531e-07,1.452903973292941e-07,5.3566457434126655e-08,2.5649038733206287e-08,4.6454862514023576e-08,1.8226089041125013e-07
2017-09-17,0.0,0.0,7.562873588834756e-07,1.7677820759062994e-08,3.886022378703496e-08,3.67941031270796e-08,1.943279307314515e-07
2017-09-18,0.0,0.0,9.548602165048734e-07,5.250577051067373e-08,3.925077552902283e-08,6.01061928784596e-08,2.061367880501715e-07
2017-09-19,0.0,0.0,5.766015483264227e-07,5.19833293649645e-08,3.303771031772724e-08,0.0,1.74153124470323e-07
2017-09-20,0.0,0.0,0.0,3.4310724397007565e-08,9.812693882255707e-09,0.0,1.831965389242878e-07
2017-09-21,0.0,0.0,1.947152471301505e-07,3.3969326985070865e-08,5.788562248324642e-08,0.0,1.9204274425279144e-07
2017-09-22,0.0,3.1142631498249755e-07,0.0,0.0,2.100179394576794e-08,0.0,1.2939531199986524e-07
2017-09-23,0.0,0.0,7.892314673863339e-07,4.9945033865834745e-08,4.191274164359391e-08,0.0,1.3333669722046538e-07
2017-09-24,0.0,0.0,7.945348313016679e-07,6.593076330062166e-08,2.6141304190464808e-08,0.0,1.475405601999949e-07
2017-09-25,0.0,0.0,1.9997941234056165e-07,8.15934265559203e-08,6.26154216141287e-08,0.0,1.7938728941769273e-07
2017-09-26,0.0,3.2413586400081577e-07,4.4501147954987114e-07,1.6156311679342767e-08,6.249797476548299e-08,0.0,1.6999082651907056e-07
2017-09-27,0.0,3.2739348359199514e-07,6.72312734676625e-07,1.094993793315966e-08,6.238677776639561e-08,0.0,1.5071587122455774e-07
2017-09-28,0.0,0.0,6.771754818621734e-07,1.6261476345432644e-08,6.228181949707405e-08,0.0,1.5916397146585002e-07
2017-09-29,0.0,0.0,4.519739855638275e-07,5.366557317437207e-09,4.1455392974402584e-08,0.0,1.477314970205833e-07
2017-09-30,0.0,0.0,4.5254284766140865e-07,1.0626318359868174e-08,3.104528889344964e-08,0.0,1.2919769725719068e-07
2017-10-01,0.0,3.458038496607392e-07,6.789750707373239e-07,0.0,8.257955323425266e-08,0.0,1.3454066843497625e-07
2017-10-02,0.0,1.0478377083845347e-06,2.2665437116353915e-07,0.0,3.6081880781246406e-08,0.0,7.849401592403852e-08
2017-10-03,0.0,0.0,9.080255374958639e-07,0.0,6.692922830407123e-08,0.0,1.1539201161754682e-07
2017-10-04,0.0,3.56335144741489e-07,6.821432952360085e-07,0.0,4.114211841327724e-08,0.0,9.559178609459807e-08
2017-10-05,0.0,0.0,6.833356522480971e-07,0.0,4.623877536163991e-08,0.0,1.200320209853324e-07
2017-10-06,8.526465102430792e-07,0.0,2.2819878113161962e-07,0.0,3.593122666343118e-08,0.0,1.0741098218830646e-07
2017-10-07,8.612157501347551e-07,0.0,4.5728366316430605e-07,0.0,2.564468180823525e-08,0.0,6.5615415461546e-08
2017-10-08,0.0,0.0,2.2910774640638012e-07,0.0,2.5626766203571124e-08,0.0,7.616296757754935e-08
2017-10-09,8.786134623396248e-07,3.7460483828969433e-07,6.887897165885149e-07,0.0,5.1222826593766105e-08,0.0,9.758311379623012e-08
2017-10-10,1.7748873488770753e-06,3.7836967950504357e-07,4.6021671566902767e-07,0.0,5.119724310573519e-08,0.0,1.1637372082514181e-07
2017-10-11,8.963626316444328e-07,0.0,9.225726180015886e-07,0.0,1.0235355876935872e-08,0.0,9.56508386802069e-08
2017-10-12,9.053712258604639e-07,3.8601325405653955e-07,2.312010156739337e-07,0.0,3.0696860030525666e-08,0.0,6.456756609089136e-08
2017-10-13,0.0,3.8989275175651115e-07,4.635639942834117e-07,0.0,5.115120356971263e-09,2.6473886375192003e-08,5.121317830072271e-08
2017-10-14,0.0,3.938112390565702e-07,9.295446280093779e-07,0.0,3.580226224273925e-08,1.559830612470081e-08,4.960134651756231e-08
2017-10-15,9.329438845989685e-07,0.0,2.3301355567233904e-07,0.0,4.603148002637904e-08,3.038478115014782e-08,3.2738536582298296e-08
2017-10-16,0.0,1.3057437725012623e-06,9.346570235683182e-07,0.0,1.534536107091379e-08,3.410017030835854e-08,4.9699600140759737e-08
2017-10-17,0.0,6.594333577920058e-07,4.686766454642602e-07,0.0,4.60452900457885e-08,1.607334526819286e-08,5.5623134881554e-08
2017-10-18,0.0,1.315889092827334e-06,2.3503582359973642e-07,0.0,4.605910144621142e-08,3.1310135499355185e-08,3.071193438116563e-08
2017-10-19,0.0,6.565215300382584e-07,7.031301526296072e-07,0.0,3.071834586344112e-08,3.279609676264615e-08,4.403677628220387e-08
2017-10-20,0.0,1.9654924990888708e-06,0.0,1.608514612467648e-08,3.585597861563628e-08,2.0112033973283134e-08,3.52941072204652e-08
2017-10-21,9.906339125431813e-07,0.0,4.662575109279846e-07,2.166240604107031e-08,2.5626766203571124e-08,1.553436015156013e-08,4.008159042505671e-08
2017-10-22,0.0,6.526458607144306e-07,0.0,1.641008763092112e-08,3.07736181698823e-08,2.4139204717890695e-08,0.0
2017-10-23,4.042584180210006e-06,1.3029693338170847e-06,9.278961919815708e-07,2.762501958912953e-08,7.186245332686237e-08,1.8286355818938327e-08,0.0
2017-10-24,1.020803206668233e-06,6.503886221122508e-07,9.257260757793155e-07,1.1161062260681478e-08,4.110113365479103e-08,3.0783561250465335e-08,0.0
2017-10-25,0.0,0.0,6.927363997170594e-07,1.6909849201857198e-08,3.5999353611617583e-08,2.3630635300203463e-08,0.0
2017-10-26,0.0,0.0,2.30415838938962e-07,5.693265337234649e-09,7.722603265854374e-08,5.003533581696021e-08,0.0
2017-10-27,2.103782585171139e-06,6.474903182366883e-07,9.197703456592479e-07,1.1500967210256718e-08,4.639098957588824e-08,4.614357327576936e-08,0.0
2017-10-28,2.124925951660872e-06,6.466538384138973e-07,2.2949232834092293e-07,1.1616553852349337e-08,1.5483666231422372e-08,3.3290945640751e-08,0.0
2017-10-29,1.0731409062582744e-06,1.2917640490276554e-06,1.1453250984555608e-06,1.1733302159507683e-08,4.651565295122472e-08,3.138382352637514e-08,0.0
2017-10-30,1.0839261516710256e-06,0.0,2.2866061773415863e-07,5.925611903329882e-09,1.5528319604080205e-08,5.2077316608626483e-08,0.0
2017-10-31,0.0,1.2890641844252956e-06,9.131163281181188e-07,1.795549587910285e-08,2.592162400442148e-08,4.8026728225156706e-08,0.0
2017-11-01,0.0,6.453965724209851e-07,1.1408408862910844e-06,1.2102176577352238e-08,5.7193215943015796e-08,5.54825980684576e-08,0.0
2017-11-02,0.0,0.0,9.536474558721387e-07,1.2223805474036731e-08,3.646055384164712e-08,5.13701901618669e-08,0.0
2017-11-03,0.0,6.44431043641277e-07,1.1910234859461382e-06,2.4960185783310797e-08,2.6092193497310032e-08,3.537713806100396e-08,0.0
2017-11-04,0.0,1.2880899344794009e-06,2.38021351078644e-07,0.0,1.0457497396671885e-08,4.287922105137208e-08,0.0
2017-11-05,1.1518267007661854e-06,6.43723295871554e-07,2.3786180730152002e-07,3.395255331126727e-08,1.571874472931105e-08,6.255912633732284e-08,0.0
2017-11-06,0.0,1.2869319947388646e-06,2.363444386973714e-07,2.5720336608734726e-08,2.6254692085310333e-08,8.749087755182655e-08,0.0
2017-11-07,1.1750951436002593e-06,6.432730460032712e-07,1.174253523670234e-06,2.5978830289113546e-08,7.367948498266468e-08,7.855126710183369e-08,0.0
2017-11-08,1.1869050461332363e-06,1.286288844955546e-06,6.379185486010424e-07,3.498656249889385e-08,7.912842871752694e-08,3.71909627160376e-08,0.0
2017-11-09,0.0,0.0,1.0569949077143309e-06,8.834545824427107e-09,3.63448724511436e-08,7.51294762107097e-08,0.0
2017-11-10,2.421764237099292e-06,0.0,2.1017958695970564e-07,3.5693337944301346e-08,2.944082857736409e-08,4.300123933309158e-08,0.0
2017-11-11,0.0,1.9294332674333194e-06,0.0,9.013015488608313e-09,1.6193270799142814e-08,3.576868974264801e-08,8.479494718583713e-09
2017-11-12,0.0,2.573092184013085e-06,2.0780373235627953e-07,3.641439120080409e-08,1.60321450625466e-08,3.3547587404447434e-08,9.443147370863496e-09
2017-11-13,0.0,0.0,4.132940694971476e-07,2.758527143748032e-08,1.9047147064580173e-08,4.431082203640452e-08,1.2199834695017683e-08
2017-11-14,0.0,1.287446591743108e-06,6.165330060496479e-07,9.287502674829708e-09,2.8286437177025333e-08,5.7919727672538754e-08,1.1650311704532647e-08
2017-11-15,0.0,6.440449672397004e-07,6.111141448589983e-07,1.876168725701281e-08,6.223329427660048e-09,5.8501830613117284e-08,9.730734023097522e-09
2017-11-16,0.0,0.0,6.057563955920978e-07,4.737561337181674e-08,3.696843759132682e-08,5.371798525955346e-08,1.2342804520874132e-08
2017-11-17,0.0,7.077984926743047e-07,6.004592224695556e-07,5.7422095442302126e-08,1.8300297745629803e-08,6.239653898486238e-08,2.5461741652740183e-08
2017-11-18,0.0,7.089458270598175e-07,6.2770194233373e-07,4.833266424651693e-08,2.4157608987494754e-08,5.754331857260065e-08,2.4574630347910625e-08
2017-11-19,0.0,0.0,3.1122473836894467e-07,9.763683119563484e-09,1.793792757138494e-08,5.1989527884997066e-08,2.193537582743428e-08
2017-11-20,2.6764634052777953e-06,1.4229066063506043e-06,1.648947814594433e-07,2.9585429298815904e-08,2.6639163314781415e-08,6.758906937193362e-08,2.623716712841923e-08
2017-11-21,0.0,1.4256273913099508e-06,4.91156965428822e-07,1.9921845204350565e-08,1.172182187156279e-08,6.826835081218496e-08,3.2978841829889e-08
2017-11-22,1.3652657762984904e-06,0.0,1.6255956752838533e-07,1.006103153863961e-08,8.703890846383577e-09,7.240218210162843e-08,2.4982713525391304e-08
2017-11-23,1.3789869254645865e-06,0.0,6.45665610690865e-07,7.113502610649415e-08,2.5851857056298898e-08,1.1840068706601321e-07,2.703620782557577e-08
2017-11-24,1.3652657762984904e-06,7.173231446925908e-07,1.6028937959182855e-07,0.0,1.7063084520463986e-08,9.24407342151472e-08,2.6094240621254207e-08
2017-11-25,1.6332824174393572e-06,1.437939105247452e-06,4.775351567474248e-07,2.0734871130481027e-08,1.407775332727781e-08,6.495288976653397e-08,2.329178371577738e-08
2017-11-26,0.0,1.4413757162185348e-06,4.7424992863298603e-07,2.0943260049811057e-08,1.3937677341233193e-08,9.430816091935036e-08,2.9097786620764068e-08
2017-11-27,0.0,0.0,1.5700404196887338e-07,3.1730614968898255e-08,1.3798995134537469e-08,1.3667161443050799e-07,3.314216775783739e-08
2017-11-28,1.6019102373082449e-06,1.4486817125569739e-06,4.678214247853564e-07,2.1366341967346057e-08,2.73233856777088e-08,1.0039649962996187e-07,3.0948817961989135e-08
2017-11-29,0.0,1.4525518285300533e-06,3.097850041309491e-07,2.158107727409536e-08,3.2461816137216e-08,1.1408118887914719e-07,3.189781505465778e-08
2017-11-30,0.0,0.0,3.077200371635621e-07,4.879745766265464e-08,2.410411175238507e-08,8.108617606971556e-08,4.381701505878469e-08
2017-12-01,0.0,1.4458275630587067e-06,3.0522954044644927e-07,4.9133920884044094e-08,2.6430783961383756e-08,5.5909358789388824e-08,3.756213884296797e-08
2017-12-02,0.0,1.4500907312783298e-06,0.0,1.654257499947634e-08,1.3083896633414082e-08,8.615970325138239e-08,2.289461312936634e-08
2017-12-03,0.0,2.1817483646692406e-06,3.0125859354015176e-07,3.341766128444692e-08,1.036296774936233e-08,9.926066806847392e-08,2.774964937997263e-08
2017-12-04,6.482691261601751e-06,2.164424510826916e-06,4.489776116535354e-07,6.750702872783549e-08,2.051970899480833e-08,9.079998584761006e-08,3.336730713424814e-08
2017-12-05,1.6110176377876488e-06,2.147317101239367e-06,4.4611223113215764e-07,1.0227822846885896e-07,1.523665085916847e-08,1.3430343478065603e-07,3.774697264362762e-08
2017-12-06,0.0,0.0,4.432914622056547e-07,5.165307087702185e-08,3.5198435183365684e-08,1.0562465516483874e-07,3.6083853738530935e-08
2017-12-07,1.5921896424656029e-06,0.0,1.4683834093159436e-07,3.4781461913164195e-08,1.9913259943726888e-08,1.3119837240158828e-07,5.6095486245142263e-08
2017-12-08,0.0,4.5975905761206723e-07,2.0901517211613445e-07,1.0539306425046938e-07,2.2179509658777125e-08,1.26573540542991e-07,4.635757248101475e-08
2017-12-09,1.5739985442300208e-06,1.370162859656286e-06,0.0,5.2702152020068096e-08,2.195881985031036e-08,9.14453693209017e-08,6.633325459259262e-08
2017-12-10,0.0,4.5372852130138084e-07,1.0354985351134042e-07,3.514202811601474e-08,3.864946834156035e-08,9.17669340639867e-08,6.699991488448485e-08
2017-12-11,0.0,9.015629252284762e-07,5.154327176444576e-07,7.030560490149496e-08,2.1524006084656258e-08,1.1609841795395973e-07,6.900020218886951e-08
2017-12-12,0.0,0.0,5.131677114335064e-07,5.275063814252909e-08,3.78841575924089e-08,1.2244523449316946e-07,1.1545425247745663e-07
2017-12-13,0.0,4.4502229060525956e-07,5.813818519255861e-07,1.7592449238903407e-08,1.4065201472284392e-08,1.6876282519017074e-07,1.2452066070071636e-07
2017-12-14,0.0,0.0,1.1598541403907018e-07,7.041244675952572e-08,1.8567000505711624e-08,1.5075364099314038e-07,1.03811903739712e-07
2017-12-15,0.0,0.0,4.628242253243275e-07,5.284660340009326e-08,2.2977819704875637e-08,1.9477274599104106e-07,1.592992928210022e-07
2017-12-16,1.5152424728948183e-06,9.979834658150965e-07,8.193997090585362e-07,7.051887524656161e-08,2.502410523660353e-08,1.44559834799966e-07,1.2220274227613397e-07
2017-12-17,1.5074613496032633e-06,9.938735137742773e-07,5.460908741191552e-07,8.50374161259032e-08,2.0270545551180827e-08,1.572014284371074e-07,1.5240492448098542e-07
2017-12-18,0.0,1.9797258998261323e-06,2.729849425375545e-07,8.54131664257271e-08,2.6758467003935352e-08,2.139121178257599e-07,2.2179819249806937e-07
2017-12-19,1.4923505821497512e-06,0.0,2.729517467372733e-07,5.719830540891431e-08,3.090758511006693e-08,2.3293859769360551e-07,2.7922243361856764e-07
2017-12-20,2.970038853796913e-06,1.4753821929560991e-06,5.458916926782527e-07,1.1492043949110039e-07,2.404289603556502e-08,2.079122840124463e-07,2.164406039323887e-07
2017-12-21,2.955673549654744e-06,2.2149369141604946e-06,8.189017222592069e-07,3.153897488405849e-08,1.7311756525716132e-08,2.0808931283496058e-07,2.683012927488228e-07
2017-12-22,0.0,7.390073448080147e-07,4.0848923653775677e-07,2.2191803236500275e-07,1.28546262526435e-08,1.8304022339705555e-07,3.8429975600740485e-07
2017-12-23,4.391742365759031e-06,0.0,2.717123074733151e-07,1.2719792918619172e-07,1.696896077911652e-08,1.0109372973479865e-07,2.8229966019322486e-07
2017-12-24,5.828690915224693e-06,1.4812384118589319e-06,4.06688443067951e-07,1.5949784257840958e-07,2.9400204396955807e-08,1.3916355676626062e-07,4.352492182885148e-07
2017-12-25,0.0,7.415361881505227e-07,2.7056606273942967e-07,1.2801137887300215e-07,2.287031015924101e-08,2.4700676877881695e-07,5.204772026115605e-07
2017-12-26,1.4441264384677928e-06,2.970109298433373e-06,4.6798408886478537e-07,1.2843728492784042e-07,4.11686304926336e-08,2.4733920599107113e-07,4.823507175882096e-07
2017-12-27,1.4378202366030101e-06,2.230778143252199e-06,6.562934032981945e-07,6.443801740910147e-08,2.037949788745641e-08,2.6039875565465865e-07,6.67845029134416e-07
2017-12-28,1.4316578179600756e-06,0.0,5.635497532053705e-07,1.293276724194443e-07,2.421206219444129e-08,1.8446849325337429e-07,7.129063660075575e-07
2017-12-29,2.8512771325839777e-06,2.2378400630542357e-06,1.8820621967622138e-07,3.244806072392525e-08,2.5968743829525372e-08,2.739707157076659e-07,8.938814823326488e-07
2017-12-30,0.0,2.2417065196269692e-06,2.8287201359418884e-07,1.302697927044079e-07,0.0,1.9147435820800473e-07,7.441845318957012e-07
2017-12-31,1.4140271704162517e-06,1.4971980991465064e-06,2.834629851111324e-07,6.538018480047186e-08,0.0,1.4706621989843252e-07,8.281041100873662e-07
2018-01-01,1.3636822153310623e-06,1.451115947754927e-06,3.0413215192879167e-07,1.919828518880584e-07,0.0,2.6880345846957677e-07,8.49940659542113e-07
2018-01-02,0.0,2.1810659630703377e-06,2.3103438587072453e-07,1.606155652331433e-07,0.0,2.5682045076965626e-07,9.434169244040042e-07
2018-01-03,1.3532596287067288e-06,7.285587043073843e-07,6.957731120029525e-07,9.67568893499648e-08,0.0,3.0758329211450047e-07,7.933278881585901e-07
2018-01-04,1.3482515832012212e-06,3.6508413870111048e-06,3.8425516979689937e-07,3.2384705109869865e-08,0.0,3.0197445019849115e-07,8.078321061525294e-07
2018-01-05,2.686756727955161e-06,2.189711114276688e-06,1.9346911717642534e-07,1.6260176133624902e-07,0.0,2.711445768533113e-07,6.169119193771061e-07
2018-01-06,5.354557934839293e-06,1.4594242461886038e-06,9.741499826367166e-08,1.6329625743478425e-07,0.0,2.2755138704995612e-07,7.40046355960403e-07
2018-01-07,0.0,2.188780539750338e-06,3.924207180805459e-07,9.840424997708619e-08,0.0,2.5346751934613134e-07,7.606627208443715e-07
2018-01-08,6.647814289303367e-06,1.4590957267304904e-06,3.9522068550523155e-07,1.6473431000050556e-07,0.0,2.093488512966176e-07,7.740694630201541e-07
2018-01-09,1.3252242046091325e-06,2.188725506624019e-06,3.967042738645725e-07,1.6547801027414656e-07,0.0,2.790709850474928e-07,7.119323951689748e-07
2018-01-10,5.284072299529637e-06,2.918701730035876e-06,9.955688324547197e-08,1.6623825848671378e-07,0.0,2.4732920345890556e-07,6.564395175304213e-07
2018-01-11,0.0,1.4596973285891623e-06,3.997906151843588e-07,2.0041815679639446e-07,0.0,1.9282581450333363e-07,6.30830076609849e-07
2018-01-12,2.6260034334958145e-06,7.300948815548321e-07,3.01045257586131e-07,1.342469635942851e-07,0.0,3.1196335709752774e-07,6.280619387102532e-07
2018-01-13,2.8039197965922693e-06,1.4608282178233057e-06,3.0227765856062353e-07,1.0117143559940464e-07,0.0,2.524097102648724e-07,4.858126170566955e-07
2018-01-14,9.253401094873925e-07,0.0,8.051695086361376e-07,1.6944627621827532e-07,0.0,1.8551683561888694e-07,4.982002815925783e-07
2018-01-15,0.0,7.312717289112738e-07,3.467830369797031e-07,1.0217426272382227e-07,0.0,2.1512994354216244e-07,5.788778765047573e-07
2018-01-16,4.535085738385348e-07,1.463620414633577e-06,0.0,1.3692130297079632e-07,0.0,2.0766525470073386e-07,6.694426928219148e-07
2018-01-17,4.4899608813266374e-07,2.9296874694115156e-06,4.670773708117735e-07,1.0321796091567113e-07,0.0,2.44718107628984e-07,5.797607532073785e-07
2018-01-18,0.0,7.33106770186058e-07,3.52122981318649e-07,1.0375526648535181e-07,0.0,1.483105159850726e-07,7.22840507669707e-07
2018-01-19,4.4010536990756e-07,0.0,5.134965551655227e-07,1.3838937840449866e-07,0.0,2.0023450900430792e-07,5.397583713129122e-07
2018-01-20,0.0,1.4693931710765787e-06,5.579604058665052e-07,0.0,0.0,1.8543504170975083e-07,6.13624754974228e-07
2018-01-21,4.3139069969856903e-07,1.4712033140804029e-06,4.210207109583472e-07,6.926447401582689e-08,0.0,1.9734650173584737e-07,6.146993701088553e-07
2018-01-22,1.2812948715525169e-06,7.365802893208209e-07,8.472264398775262e-07,3.4654877131297934e-08,0.0,2.0231430577712172e-07,7.80358020451626e-07
2018-01-23,8.456971830428205e-07,1.0075678045073444e-06,1.420826968647284e-07,6.936196554254943e-08,0.0,1.93545738712403e-07,6.577310228127943e-07
2018-01-24,2.0932058886842107e-06,1.014473580546612e-06,8.578511728277492e-07,1.735527826921477e-07,0.0,1.7179113532860995e-07,6.96076411366323e-07
2018-01-25,4.1447562841891646e-07,1.0214808047893315e-06,2.877639834330964e-07,6.948720278032752e-08,0.0,2.017739918256646e-07,9.10592975086519e-07
2018-01-26,1.2310545810276906e-06,1.542885266945651e-06,1.4480317628087851e-07,1.7390060315495055e-07,0.0,2.01900306702463e-07,6.297204652932944e-07
2018-01-27,8.125369221884113e-07,5.179012055065802e-07,4.3721652385052e-07,6.964023582572615e-08,0.0,2.0953002702922628e-07,6.833151267894688e-07
2018-01-28,0.0,1.0431182251668265e-06,7.334454014585632e-07,2.0825226688971728e-07,0.0,1.8723474231801168e-07,6.633429731229516e-07
2018-01-29,1.1946714197127526e-06,1.5758075280184162e-06,5.906159533207563e-07,1.19392669892815e-07,0.0,1.949041400697974e-07,9.078588368135711e-07
2018-01-30,0.0,1.058063533568381e-06,5.945346475621758e-07,1.7969397567984125e-07,0.0,2.3194377530692544e-07,9.146632892324221e-07
2018-01-31,0.0,2.66423630589891e-06,5.985127957637985e-07,1.803169160677734e-07,0.0,2.3152503971683325e-07,7.732010214385482e-07
2018-02-01,3.942401484388307e-07,1.0644612608987704e-06,1.0494133831227563e-06,2.7062703763635995e-07,0.0,2.3011295840937306e-07,8.036222284597659e-07
2018-02-02,1.9515869670955584e-06,3.216721809569937e-06,9.029263295124617e-07,2.414335026936591e-07,0.0,2.071585124667509e-07,9.203005768282243e-07
2018-02-03,0.0,2.1525307790220204e-06,6.04297177917683e-07,1.2116689107545363e-07,0.0,1.9497911746691528e-07,7.510943197532006e-07
2018-02-04,0.0,1.6205967049018249e-06,7.549962044831995e-07,1.5203643449269753e-07,0.0,2.399454444530606e-07,9.167120684952566e-07
2018-02-05,7.575635422197456e-07,2.711595644263544e-06,1.0565750115464731e-06,9.055889610101555e-08,0.0,1.7472695261934608e-07,1.3192679470676674e-06
2018-02-06,0.0,1.6334807653088866e-06,6.035777115417732e-07,1.4984164578581444e-07,0.0,2.0020954319323723e-07,1.3573706761740605e-06
2018-02-07,3.712813895146804e-07,1.0934449956649438e-06,3.017293159512782e-07,1.190134258875067e-07,0.0,1.9982668042616426e-07,1.0910556435145987e-06
2018-02-08,3.6758707796316943e-07,1.0825650361719376e-06,4.525499239720603e-07,1.4770679573516098e-07,0.0,2.058981166386134e-07,1.2091807197391733e-06
2018-02-09,7.278590508515567e-07,1.6076900011270333e-06,9.051022587734533e-07,8.774225313673105e-08,0.0,2.1196737466273622e-07,1.0368957128576919e-06
2018-02-10,7.20616732288411e-07,1.591693218336019e-06,9.849464652547627e-07,1.4478200521799668e-07,0.0,1.7955934475055288e-07,1.236120455556537e-06
2018-02-11,0.0,5.252852020644179e-07,2.816765951138379e-07,7.988721775005059e-08,0.0,2.2410692476346407e-07,1.0777546987004582e-06
2018-02-12,7.063475649517497e-07,1.5601755809243254e-06,1.4098404116742173e-07,5.272821776808077e-08,0.0,1.2787833112455417e-07,1.0313746675897002e-06
2018-02-13,6.993192892496094e-07,1.5446515745136402e-06,5.645755331981133e-07,7.830534485276744e-08,3.227973304741336e-08,1.9794794300212216e-07,9.836971147702552e-07
2018-02-14,0.0,1.01952135636508e-06,0.0,2.5842064551051228e-08,1.7784081686166652e-08,1.5943892558100226e-07,1.182277214269285e-06
2018-02-15,3.4273591977014515e-07,0.0,5.660237139096041e-07,1.0233972685001413e-07,2.6944222017826686e-08,2.0028067208878638e-07,1.184236119520925e-06
2018-02-16,3.3932564038830036e-07,4.996667404584776e-07,5.668326709119465e-07,1.7731250171913562e-07,2.1167234628601258e-08,1.6572072530305106e-07,1.2671503548620259e-06
2018-02-17,0.0,1.9787798932836178e-06,1.1353966233074845e-06,2.50783161212399e-08,3.3597093943801915e-08,2.209446681174436e-07,9.715481626768909e-07
2018-02-18,3.3260654252757713e-07,4.897726760929106e-07,7.107759033747337e-07,1.4897269623925587e-07,3.0849773046799654e-08,1.9333165583819966e-07,1.0532272769008094e-06
2018-02-19,9.878911563999402e-07,4.848993565406712e-07,1.1391999925839073e-06,7.374519657242029e-08,2.492785473634292e-08,2.140727811575085e-07,1.1040865007754187e-06
2018-02-20,6.52040983437356e-07,1.9202981093126804e-06,7.119418198837526e-07,9.734855947509923e-08,4.406217172261281e-08,2.0030693646997546e-07,9.73903168760753e-07
2018-02-21,9.683296008746976e-07,1.425893117905396e-06,1.502313762192876e-07,2.409498128101075e-08,4.450500391051638e-08,1.7273471535729707e-07,1.0710807331152965e-06
2018-02-22,6.391297069069285e-07,9.411368295508801e-07,7.494017488190361e-07,4.771046442290802e-08,9.632632850549703e-09,2.419316351500669e-07,1.13588267074508e-06
2018-02-23,6.327702600673589e-07,9.317723616320679e-07,1.0468101802774276e-06,1.180893434249892e-07,2.2702032313702405e-08,1.5906725227988564e-07,1.217018800460722e-06
2018-02-24,3.132370453905533e-07,1.6131077712549747e-06,7.461161386418407e-07,5.716774482538397e-08,1.637870823686093e-08,2.0068853036487508e-07,1.0179593996049897e-06
2018-02-25,3.101202847129979e-07,7.985285403752392e-07,5.956682657426332e-07,1.1361391989088911e-07,9.925990194758531e-09,1.3158094406978278e-07,1.2028303361544993e-06
2018-02-26,0.0,3.952915243212357e-07,1.0403805788158298e-06,1.6935556742651697e-07,4.678682425522778e-08,2.0793072234296513e-07,1.3512647879259656e-06
2018-02-27,9.119384749235813e-07,1.9567915396834734e-06,4.4504817064582293e-07,8.415359535728652e-08,2.700402266076025e-08,1.9982888940073526e-07,1.318968066225778e-06
2018-02-28,6.01909690325041e-07,7.749284554181604e-07,1.3792859298255628e-07,1.1151709657463804e-07,2.045656320033416e-08,1.957140153923795e-07,1.321664766453101e-06
2018-03-01,0.0,1.907840256550052e-06,4.125249201479331e-07,1.1066095263077254e-07,2.749751953071397e-08,1.7483887221899725e-07,1.5069800796986844e-06
2018-03-02,3.058027502610227e-07,7.555427715269397e-07,2.7475334239250156e-07,5.499828480704863e-08,2.777387419639782e-08,2.233135865127485e-07,1.2865939361345759e-06
2018-03-03,0.0,3.7401249767031615e-07,4.1177632037437336e-07,5.467159317302373e-08,2.103975470448471e-08,1.8107029535556575e-07,1.3082825113012005e-06
2018-03-04,5.99494900198823e-07,1.2112226669991183e-06,7.202523370144863e-07,1.0870073748775193e-07,4.604428346846184e-08,2.0069879686058742e-07,1.5722176774619978e-06
2018-03-05,0.0,1.8128756548067076e-06,2.871581179848526e-07,1.3508644849223677e-07,4.650703621059068e-08,1.8104743456835014e-07,1.4621783098375952e-06
2018-03-06,0.0,3.015164330318255e-06,7.156100430375212e-07,5.3724193552882106e-08,4.697443969509657e-08,2.1958735025049183e-07,1.5329299152572977e-06
2018-03-07,0.0,1.8055024529426053e-06,9.987548937989816e-07,1.3354795043248775e-07,4.014707286845324e-08,2.4515962201628814e-07,1.4376988301172097e-06
2018-03-08,0.0,2.4027824792588556e-06,8.535048031432387e-07,7.967926313346232e-08,3.3177728993499383e-08,2.3069459183301732e-07,1.875112933568427e-06
2018-03-09,0.0,1.1992343174222444e-06,5.673462228145189e-07,1.8488802266700478e-07,2.2340780475571533e-08,2.5239515988797675e-07,1.8188143944174322e-06
2018-03-10,0.0,5.985986598230841e-07,7.054940101322968e-07,1.0589139039560515e-07,3.7608848420236247e-08,2.9577792391660824e-07,1.2661964398129496e-06
2018-03-11,0.0,2.39056008519945e-06,2.800749314327592e-07,1.265220624770067e-07,3.038945890456221e-08,2.526167890272226e-07,1.4850671635596389e-06
2018-03-12,0.0,1.1934822945536114e-06,5.55960533078279e-07,1.0498925732580858e-07,3.069487804415052e-08,2.888748460102322e-07,1.7819485347369264e-06
2018-03-13,0.0,5.959019478657625e-07,5.518267998076496e-07,1.2546475392080266e-07,5.038047088282389e-08,2.3784570634402488e-07,1.7225948472226973e-06
2018-03-14,0.0,1.1902446782921852e-06,1.3693706241921446e-07,6.247747281529067e-08,5.4801172497050366e-08,2.6563016565962605e-07,1.6039971047668245e-06
2018-03-15,0.0,5.944022431562743e-07,4.0779335612061926e-07,1.2445763293905255e-07,4.744451437461774e-08,3.14673022906592e-07,1.484977797917299e-06
2018-03-16,0.0,1.1874831757722168e-06,4.0481630465903614e-07,6.198638305726637e-08,5.590822961652818e-08,1.7468151435172377e-07,1.7337065847185476e-06
2018-03-17,0.0,5.931403072695174e-07,2.679198234435113e-07,6.175014833496768e-08,4.033579761825309e-08,1.741526520746111e-07,1.2250956176511373e-06
2018-03-18,0.0,1.1851966823558772e-06,9.309611592864689e-07,0.0,2.444470747427383e-08,2.0579698395002492e-07,1.2240186155420324e-06
2018-03-19,0.0,1.1842312708286224e-06,6.602114524374145e-07,8.172824144411915e-08,5.349582521554677e-08,1.9879854817757877e-07,1.7042695309300415e-06
2018-03-20,0.0,5.916921417076565e-07,7.866200039244702e-07,8.14378708752083e-08,3.3251364429088284e-08,2.238319414868359e-07,1.202195138860154e-06
2018-03-21,0.0,1.182655635416502e-06,9.112424155099472e-07,4.057782208062505e-08,4.6180126021393625e-08,1.7741376808658957e-07,1.0813470405274568e-06
2018-03-22,0.0,0.0,2.585293194596955e-07,8.088153307933795e-08,3.392308654827387e-08,1.942475407114016e-07,1.5892207202654145e-06
2018-03-23,0.0,1.1815530780275007e-06,6.890767277989372e-07,2.015387755453381e-08,4.7113026449630236e-08,1.9719143250634458e-07,1.3155082852171238e-06
2018-03-24,0.0,5.905895291903262e-07,5.70467844699168e-07,8.035754897513415e-08,3.0282331060093536e-08,1.1713906953028177e-07,1.4677586829644571e-06
2018-03-25,0.0,5.327964118668999e-07,4.5340970412726646e-07,6.008071766549658e-08,5.108953396701121e-08,1.7556133979474317e-07,1.5583828752096936e-06
2018-03-26,0.0,1.066602572272948e-06,3.693786530220092e-07,7.986570896196868e-08,1.179496967305873e-07,1.9669607176517444e-07,1.6090841502196582e-06
2018-03-27,0.0,1.067718981958162e-06,7.346230965261441e-07,1.9456857879835123e-08,6.701349987576936e-08,1.540686222192613e-07,1.3854715593438617e-06
2018-03-28,0.0,5.344710822156703e-07,9.132029374126377e-08,2.931967692613689e-08,1.4289477090909987e-07,1.0088702554713058e-07,1.4676551047206683e-06
2018-03-29,0.0,1.0702722420117505e-06,2.724654975667025e-07,3.9275998699529134e-08,7.596362485904748e-08,1.6984021687868208e-07,1.266024561249596e-06
2018-03-30,0.0,3.051940060738063e-07,5.419947213728515e-07,9.865755615868954e-09,6.138165758495997e-08,1.0080831634321737e-07,1.1370376870923311e-06
2018-03-31,0.0,6.165225136558692e-07,8.985210792268315e-08,0.0,5.4248734312143016e-08,1.6443719103900643e-07,1.4516355457577458e-06
2018-04-01,0.0,9.338803970701372e-07,3.296846258875439e-07,2.2320696073933685e-08,8.609149557024424e-08,1.8571964700384626e-07,1.1774859294312641e-06
2018-04-02,0.0,6.288440340648809e-07,7.674853760523189e-07,5.082352537482905e-08,9.486188671118307e-08,1.8040607401327466e-07,1.4505747955564914e-06
2018-04-03,0.0,0.0,7.657833742108802e-07,3.850073272248941e-08,6.387684301503323e-08,1.751104404265033e-07,1.36848586508897e-06
2018-04-04,0.0,0.0,1.091654216207168e-07,3.8887671519213324e-08,7.172320236643469e-08,1.9636727345798067e-07,1.2052693720500395e-06
2018-04-05,0.0,6.479951860517764e-07,5.44720674936493e-07,1.3092833038498552e-08,7.159212872096314e-08,1.3802362491078163e-07,1.4794872687328668e-06
2018-04-06,0.0,3.2725382297066663e-07,1.0873374285816617e-07,1.322441819814058e-08,7.940912705336004e-08,1.0586087919175703e-07,1.054976363059215e-06
2018-04-07,0.0,3.3054277857045463e-07,0.0,5.342930324249122e-08,7.92793853956408e-08,1.31950406746889e-07,1.0299311573383991e-06
2018-04-08,0.0,0.0,4.3338223617024546e-07,1.3491569166817232e-08,3.957878587126378e-08,1.7369604074422438e-07,1.2469222439859067e-06
2018-04-09,0.0,3.37220185633745e-07,0.0,2.7254323382342716e-08,6.323493913004272e-08,1.6798537147285032e-07,1.341332267151097e-06
2018-04-10,0.0,1.7030465242175916e-06,3.865898824207695e-07,6.882058471525302e-08,6.315014441267237e-08,1.9373548871242547e-07,1.546899806053237e-06
2018-04-11,0.0,9.233355107251783e-07,8.106417027720481e-07,6.951224309047146e-08,7.883958095296073e-08,1.8803409603536996e-07,1.1698421135773129e-06
2018-04-12,0.0,0.0,1.3403104593527122e-06,4.2126511648755594e-08,7.087442887248853e-08,1.7716606781335316e-07,1.1710324699895202e-06
2018-04-13,0.0,0.0,4.480989069550565e-07,0.0,5.506691741387034e-08,1.767620950143882e-07,1.4137040339884769e-06
2018-04-14,0.0,4.75727631693523e-07,0.0,5.7303364846284267e-08,6.287404088646633e-08,1.0893799323578722e-07,1.1737646262296765e-06
2018-04-15,0.0,0.0,1.9202215275008578e-07,4.290105761042492e-08,7.8525936659813e-08,1.8118382044092978e-07,1.0522898758881838e-06
2018-04-16,0.0,9.706759346829743e-07,9.646468231514363e-07,1.4276293909216222e-08,6.277373989651805e-08,2.014878587672733e-07,1.2414087347427547e-06
2018-04-17,0.0,0.0,7.754234784309067e-07,5.701465169164805e-08,7.841625986435875e-08,1.237571222838735e-07,1.3594345105481412e-06
2018-04-18,0.0,0.0,1.9480176033367405e-07,8.539474388866913e-08,6.269854923952275e-08,1.441231072294282e-07,1.0290627080608268e-06
2018-04-19,0.0,1.0002374178936387e-06,3.915342627959802e-07,5.685069985694504e-08,1.0967313086577998e-07,1.4333395533977075e-07,1.5644435607439864e-06
2018-04-20,0.0,1.0102899710673065e-06,5.902562380157574e-07,5.6777255572138765e-08,6.264843883821505e-08,1.0182795497506617e-07,1.3196151162469292e-06
2018-04-21,0.0,1.5306653311199883e-06,0.0,5.670948906020426e-08,7.046187983751342e-08,1.1644874304163787e-07,1.465433198273787e-06
2018-04-22,0.0,1.0306991822984583e-06,1.192686610791774e-06,7.080924193054228e-08,7.045131222873707e-08,1.1197907644862171e-07,1.4071628939503509e-06
2018-04-23,0.0,5.128480942578296e-07,3.992012112145716e-07,7.073870351903019e-08,6.262025760879399e-08,1.0356921877208595e-07,1.6682186577317685e-06
2018-04-24,0.0,5.103978826032305e-07,9.347136920586332e-07,4.240514342209147e-08,4.6967541485824723e-08,1.5872034394515574e-07,1.1953118199546076e-06
2018-04-25,0.0,1.5239961334866742e-06,1.879365473109689e-07,7.061884213740795e-08,8.612007535696083e-08,1.1463649279551751e-07,1.4905870998373857e-06
2018-04-26,0.0,0.0,3.778983000431131e-07,2.8227802872423904e-08,5.4817383983438174e-08,1.614724206551691e-07,1.1711569941883782e-06
2018-04-27,0.0,0.0,1.8998064780460454e-07,5.6421783387390235e-08,6.267036049473142e-08,1.598657432247259e-07,1.094397334474316e-06
2018-04-28,0.0,1.002210128612416e-06,7.641245752430029e-07,2.819680162764486e-08,7.837318654940343e-08,8.878844408639079e-08,1.3934655749926448e-06
2018-04-29,0.0,0.0,1.8197774466713783e-07,7.046382816313693e-08,8.625788585079462e-08,6.115129343066331e-08,1.1545585833328225e-06
2018-04-30,0.0,4.967602373039594e-07,3.4608856255037514e-07,7.341086168363915e-08,7.062045738358281e-08,1.551409964798479e-07,1.2402230294358349e-06
2018-05-01,0.0,4.919565288145958e-07,3.48478268075e-07,4.9133931720321116e-08,3.141750873182327e-08,1.0856389405768552e-07,1.2088736763548428e-06
2018-05-02,0.0,0.0,3.5112856396621914e-07,7.401277151703135e-08,6.28883211260849e-08,9.6847324556625e-08,1.2412787303686105e-06
2018-05-03,0.0,4.879312811497181e-07,3.5381397300644304e-07,2.477734893080341e-08,7.868489209130372e-08,9.562868375130752e-08,9.385509862298802e-07
2018-05-04,0.0,0.0,3.565347637388135e-07,1.2443125889068653e-07,7.876725132978143e-08,4.996850240397338e-08,1.387825529379177e-06
2018-05-05,0.0,4.841012125031376e-07,7.185824164893423e-07,0.0,7.88574873590317e-08,5.4678813550143366e-08,1.1845222572718063e-06
2018-05-06,0.0,9.645177770087306e-07,5.431253732561455e-07,2.5111534549796537e-08,8.685117012300594e-08,6.444613126776332e-08,1.2319300214834362e-06
2018-05-07,0.0,0.0,9.122804118920264e-07,7.568381100776031e-08,8.69677893404655e-08,7.401366259501433e-08,1.2899097057942504e-06
2018-05-08,0.0,1.436156219903272e-06,9.194430971585689e-07,1.5208117362060364e-07,7.917555037212048e-08,7.327721434736094e-08,1.1502148684509628e-06
2018-05-09,0.0,4.77020561412118e-07,1.8533954550020653e-07,1.2734161122481959e-07,1.2687582670737207e-07,5.5036485014087954e-08,1.2713825624762016e-06
2018-05-10,0.0,9.507401706202765e-07,3.736180113553988e-07,1.0236931629310158e-07,6.354173025387618e-08,8.42100607501562e-08,9.639666508492979e-07
2018-05-11,0.0,4.737671466128325e-07,1.8829714691143472e-07,2.5718895155821207e-08,7.160838905254873e-08,8.582427889998475e-08,9.431526143969435e-07
2018-05-12,0.0,0.0,5.694123540503281e-07,2.5848033149315095e-08,7.971054718673985e-08,7.283169690563328e-08,7.714630026639522e-07
2018-05-13,0.0,4.7070324498917165e-07,3.826601393841792e-07,1.03919023870656e-07,8.785060764652694e-08,4.566777262829161e-08,8.856043619787331e-07
2018-05-14,0.0,4.6924197567010095e-07,5.78625463601444e-07,0.0,7.11625741324424e-08,9.756569466482798e-08,9.378265233231418e-07
2018-05-15,0.0,0.0,1.944395270517229e-07,5.250201805659045e-08,3.1313108750661084e-08,7.539114129368588e-08,1.001427229567732e-06
2018-05-16,0.0,0.0,0.0,1.055622655844386e-07,6.975346075371366e-08,6.531086354097702e-08,9.393678071818233e-07
2018-05-17,0.0,4.6513915418025607e-07,0.0,2.6532762842555892e-08,6.13861353090163e-08,8.313558375954717e-08,1.017063559551619e-06
2018-05-18,0.0,0.0,3.984998895721564e-07,2.134209006991768e-07,6.07753330571955e-08,8.230837087977971e-08,8.404242509733338e-07
2018-05-19,0.0,4.626367392844889e-07,0.0,5.365026023145693e-08,4.512795629199505e-08,8.601657717822914e-08,8.928766301657947e-07
2018-05-20,0.0,0.0,4.051124970448047e-07,0.0,8.191136364460395e-08,6.723212994866704e-08,8.817051590378164e-07
2018-05-21,0.0,0.0,6.106974597412913e-07,5.4256455597241e-08,5.160675670086859e-08,6.656315907828026e-08,1.0114029264887486e-06
2018-05-22,0.0,0.0,2.0459574805675528e-07,1.8980084122391996e-07,6.569133543260835e-08,6.150745494065273e-08,8.580003663435315e-07
2018-05-23,0.0,0.0,2.056461359450495e-07,1.355164772141334e-07,8.671692763175295e-08,7.829414426356417e-08,8.839357575319988e-07
2018-05-24,0.0,0.0,2.0671708861831059e-07,8.128468604595707e-08,2.494444264818472e-08,6.459592042639591e-08,9.612473823898911e-07
2018-05-25,0.0,0.0,1.0390435658634917e-06,1.0835681906636826e-07,6.213116891480313e-08,4.476722619531943e-08,9.233195077163888e-07
2018-05-26,0.0,0.0,0.0,8.125866938274853e-08,4.3335211064468473e-08,3.490427042039304e-08,7.699448842155745e-07
2018-05-27,0.0,4.544687865578897e-07,6.301632499693081e-07,8.125785040037492e-08,3.084495531842428e-08,4.0840052058999965e-08,8.090605324874127e-07
2018-05-28,0.0,4.536532809964706e-07,8.448348806320232e-07,2.437954718122694e-07,1.1680923728287856e-07,5.909538832885274e-08,9.382931517324391e-07
2018-05-29,0.0,4.528831411411969e-07,1.0585513185042359e-06,5.41870604830575e-08,5.514599623112267e-08,5.696771151163045e-08,9.906601597732866e-07
2018-05-30,0.0,1.3564748699323235e-06,6.366989353394537e-07,1.89709688712186e-07,7.328908768440287e-08,3.353565440123045e-08,8.451154394822246e-07
2018-05-31,0.0,4.476592398204737e-07,8.457166186132959e-07,1.0844779249179079e-07,5.479313202286381e-08,3.923869071271827e-08,8.284329885068827e-07
2018-06-01,0.0,4.488440048020909e-07,6.076342943915065e-07,1.3566051765272587e-07,4.251506747348309e-08,4.1848972843886297e-08,9.228839014218637e-07
2018-06-02,0.0,0.0,8.074548226624943e-07,2.7148095369314726e-08,7.872132180355036e-08,3.551363023428264e-08,8.180465967518792e-07
2018-06-03,0.0,0.0,5.995653847027248e-07,8.150040612073412e-08,4.8303976569573315e-08,3.6625274697167666e-08,6.891322808809438e-07
2018-06-04,0.0,0.0,1.978665364822296e-07,1.1049925155134087e-07,6.623222820006468e-08,4.496345043493609e-08,7.923391094699751e-07
2018-06-05,0.0,0.0,2.1653837642905855e-07,4.434924541493696e-08,7.205794024906884e-08,5.169606576142928e-08,6.978334828264267e-07
2018-06-06,0.0,4.269536243784887e-07,6.443898100852788e-07,2.2251612585418452e-08,5.989145541466253e-08,3.412112087505941e-08,8.483259287994449e-07
2018-06-07,0.0,0.0,8.523052405351784e-07,8.932331057268014e-08,5.974061648388556e-08,4.785728090372443e-08,5.011717543120484e-07
2018-06-08,0.0,0.0,6.341319741432216e-07,2.241227580229502e-08,4.1717026165178675e-08,2.757954696056782e-08,9.167530192452774e-07
2018-06-09,0.0,8.286704756209035e-07,6.290984316109186e-07,6.74878956230316e-08,2.9728423235013066e-08,1.9274206505779444e-08,7.066006911148019e-07
2018-06-10,0.0,0.0,2.080425998153424e-07,9.032761691330734e-08,2.966194350485291e-08,1.8287323907248484e-08,5.860391575660155e-07
2018-06-11,0.0,0.0,4.128130537207925e-07,6.801030437465289e-08,6.511654598627557e-08,2.9126017120925055e-08,8.296231098647806e-07
2018-06-12,0.0,1.6982130585387921e-07,5.941413514625572e-07,1.3656339430287635e-07,5.907575270067028e-08,2.1821995552262802e-08,7.761750936402905e-07
2018-06-13,0.0,5.043946668830993e-07,1.9651926800213707e-07,0.0,3.537633182299041e-08,2.2376465321042614e-08,7.028524595294033e-07
2018-06-14,0.0,0.0,3.9002214188131044e-07,6.884499520719117e-08,4.708099958432177e-08,1.6806342998683792e-08,6.65792035533723e-07
2018-06-15,0.0,1.648023277672722e-07,3.870447502975545e-07,9.218260908857852e-08,3.524869865788679e-08,2.193338162098059e-08,5.840722859040226e-07
2018-06-16,0.0,1.6316251720746376e-07,1.9205303175568334e-07,0.0,7.038034505354411e-08,0.0,3.882607352738341e-07
2018-06-17,0.0,3.230780460706905e-07,0.0,2.3247217060864174e-08,9.369377451262731e-08,0.0,3.435041278550201e-07
2018-06-18,0.0,0.0,3.7834363268830975e-07,2.3351481469816326e-08,6.432006515645709e-08,0.0,5.66810341125026e-07
2018-06-19,0.0,4.750210081995445e-07,3.755193124035565e-07,1.8495304277590745e-07,3.50356867612357e-08,0.0,5.611704839981412e-07
2018-06-20,0.0,0.0,3.727325443629773e-07,9.155636462584496e-08,6.998241043364395e-08,0.0,6.428932327910185e-07
2018-06-21,0.0,1.5520498734334359e-07,1.84991524943723e-07,1.1330670447062001e-07,4.0775259959104266e-08,0.0,5.579165433983719e-07
2018-06-22,0.0,0.0,3.6727055402522356e-07,4.4871713569521387e-08,1.1637578492921421e-08,0.0,4.590076856508543e-07
2018-06-23,0.0,1.5213172268453714e-07,1.8229739276223174e-07,6.66378488393174e-08,4.069186267776125e-08,0.0,4.145220212456182e-07
2018-06-24,0.0,0.0,1.8097773840304294e-07,0.0,2.9040192750339493e-08,0.0,5.288087893933012e-07
2018-06-25,0.0,1.4911931274325452e-07,5.390285459055291e-07,4.354555401621002e-08,6.383888136065744e-08,0.0,5.095602399109467e-07
2018-06-26,0.0,0.0,3.5678518660380803e-07,8.622453702852828e-08,9.27937783445866e-08,0.0,4.683044496201867e-07
2018-06-27,0.0,1.461665525153532e-07,0.0,4.268329427509671e-08,6.955521107844392e-08,0.0,4.7193717319515247e-07
2018-06-28,0.0,0.0,3.5175761523337097e-07,2.1129294200463153e-08,4.0554525653552536e-08,0.0,5.632834983238137e-07
2018-06-29,0.0,2.8654452171474277e-07,3.4929671843481853e-07,2.0919054210405807e-08,5.2121871854194734e-08,0.0,4.572195659725472e-07
2018-06-30,0.0,0.0,1.7343537579959564e-07,2.0710906143202102e-08,5.210742295587095e-08,0.0,3.8881417497627117e-07
2018-07-01,0.0,0.0,1.7240704076829266e-07,2.0549962682978676e-08,3.481707761853381e-08,0.0,4.12759598496953e-07
2018-07-02,0.0,0.0,0.0,4.0690974275669297e-08,3.4814385549358945e-08,0.0,4.307210578745348e-07
2018-07-03,0.0,1.373617979004062e-07,1.7006504311885294e-07,0.0,1.7534093947719654e-08,0.0,3.923451393026586e-07
2018-07-04,0.0,1.35995025174784e-07,5.067588371566089e-07,3.988523900057035e-08,2.066203360849102e-08,0.0,3.962654863925446e-07
2018-07-05,0.0,1.346418520650088e-07,3.3558214750845e-07,9.872093560390128e-08,1.4906921784682184e-08,0.0,3.8632071299876675e-07
2018-07-06,0.0,0.0,1.666793143701155e-07,9.773864588220478e-08,2.1079434375060404e-08,0.0,5.750498971129289e-07
2018-07-07,0.0,0.0,3.3116844611268576e-07,5.805967806392739e-08,6.08322463216272e-09,0.0,4.483884665830654e-07
2018-07-08,0.0,2.6132516793037354e-07,1.6450569030286319e-07,3.832131640981435e-08,1.5360905140316206e-08,0.0,4.921934891745319e-07
2018-07-09,0.0,0.0,1.6344360825550235e-07,5.6910019410878955e-08,3.413362656778896e-08,0.0,5.554080062701575e-07
2018-07-10,0.0,1.280752914535086e-07,1.4214628573211176e-07,5.6343755256402626e-08,2.193970241144426e-08,0.0,4.981213545080466e-07
2018-07-11,0.0,0.0,1.4131829474150723e-07,1.3494799969303384e-08,3.798891443392492e-08,0.0,4.094018114061854e-07
2018-07-12,0.0,1.2553923076610515e-07,0.0,5.344209786434838e-08,4.476582759988737e-08,0.0,3.7114523847742585e-07
2018-07-13,0.0,0.0,0.0,5.291034010580488e-08,1.5828714347468718e-08,0.0,3.509770837098896e-07
2018-07-14,0.0,1.2305338744488686e-07,0.0,2.619193671268203e-08,3.134243201634894e-08,0.0,3.194744755838585e-07
2018-07-15,0.0,1.218289857820822e-07,4.570203420849656e-07,1.2965661293979787e-08,2.7927512646372788e-08,0.0,3.11483689017486e-07
2018-07-16,0.0,0.0,3.0344925532034477e-07,3.8509952425658134e-08,1.5360905140316206e-08,0.0,3.551597413022179e-07
2018-07-17,0.0,0.0,3.0224862776245305e-07,5.0835695995614945e-08,2.129128621256952e-08,0.0,3.4703645592251536e-07
2018-07-18,0.0,2.364567902179328e-07,1.302875276865474e-07,1.2582468092245455e-08,1.8068086607194633e-08,0.0,4.4073357503840845e-07
2018-07-19,0.0,0.0,5.196755485558697e-07,1.2457270442881824e-08,2.0869690498555054e-08,0.0,1.660409369289877e-07
2018-07-20,0.0,0.0,8.906006864225e-08,2.4666637061887154e-08,1.7710314521563732e-08,0.0,2.2600114172737797e-07
2018-07-21,0.0,0.0,8.912038979812819e-08,2.442119992227244e-08,3.506818789543931e-08,0.0,2.2163126742948726e-07
2018-07-22,0.0,0.0,0.0,0.0,2.3146169063842844e-08,0.0,1.671641725849229e-07
2018-07-23,0.0,0.0,1.462938162806784e-07,5.984406941092622e-08,4.5831721667175497e-08,0.0,2.0305995540926773e-07
2018-07-24,0.0,0.0,2.0974617595922048e-07,4.739888877692893e-08,1.9851863682448544e-08,0.0,2.2540319667571732e-07
2018-07-25,0.0,0.0,1.3988709278637414e-07,7.03908929302407e-08,2.2462096386764945e-08,0.0,2.0796208868047228e-07
2018-07-26,0.0,0.0,1.3995739042578623e-07,1.1615081973840047e-08,2.779824349171803e-08,0.0,1.9725289669414042e-07
2018-07-27,0.0,0.0,7.002084196043621e-08,2.2999019954366596e-08,2.752164634749433e-08,3.748004113652886e-08,1.9974082654511604e-07
2018-07-28,0.0,0.0,1.4013998170105253e-07,1.1385087941107224e-08,2.4523021251756142e-08,3.0645917657553906e-08,7.82840643970187e-08
2018-07-29,0.0,0.0,7.012614679809321e-08,1.1271804423312865e-08,1.3488340618515825e-08,2.7312277279817624e-08,1.4551466813905258e-07
2018-07-30,0.0,0.0,7.018931541877863e-08,3.347894428606212e-08,1.602495526429649e-08,4.781706839854346e-08,1.7535415643291823e-07
2018-07-31,0.0,0.0,4.2155701817698325e-07,1.1048607741504488e-08,2.1154005727006126e-08,4.8297637925423914e-08,1.2541041807659157e-07
2018-08-01,0.0,2.455223394792944e-07,2.1135905314962558e-07,2.1928977894484467e-08,3.4126771238556296e-08,5.638258538278468e-08,2.0827663611865725e-07
2018-08-02,0.0,0.0,2.8214961747421813e-07,0.0,1.819310994906922e-08,6.45424717580549e-08,1.2244673300926024e-07
2018-08-03,0.0,0.0,0.0,3.224213255872026e-08,1.54389304118197e-08,4.601727132935191e-08,9.030409181279423e-08
2018-08-04,0.0,0.0,1.4145469642871167e-07,0.0,2.0380413983316092e-08,5.0353065311216844e-08,1.2492032109794568e-07
2018-08-05,0.0,0.0,1.4166584880537473e-07,4.2138260744850837e-08,1.5133219106940988e-08,3.91224015621497e-08,1.1616183951487147e-07
2018-08-06,0.0,0.0,7.094558394248679e-08,2.085948902245934e-08,1.4982641060916658e-08,4.3467147058041535e-08,1.3351263512263477e-07
2018-08-07,0.0,0.0,9.17601944810112e-08,0.0,2.7194862367720662e-08,4.989090812346245e-08,1.246382124882023e-07
2018-08-08,0.0,0.0,0.0,0.0,1.223830407545152e-08,5.8455091299857587e-08,1.8210494805103492e-07
2018-08-09,0.0,0.0,1.8487819818295578e-07,0.0,9.693224732218035e-09,7.533018155760806e-08,2.236074168384254e-07
2018-08-10,0.0,0.0,9.279240017412607e-08,0.0,2.6391132720220922e-08,5.1410312478880236e-08,2.331403445046821e-07
2018-08-11,0.0,2.713441493304126e-07,9.31549805741189e-08,0.0,9.501286022584347e-09,4.361867555567951e-08,2.244451574872171e-07
2018-08-12,0.0,5.481424067369895e-07,9.352687654979858e-08,0.0,1.881349329412585e-08,5.664477925671969e-08,2.378500918779762e-07
2018-08-13,0.0,0.0,3.756325011642903e-07,0.0,1.629800891957909e-08,6.929714054641551e-08,1.9281448420802582e-07
2018-08-14,0.0,0.0,0.0,0.0,2.305120145895962e-08,8.825278535797824e-08,2.3882874781793565e-07
2018-08-15,0.0,0.0,9.469883451026766e-08,0.0,3.423275725824233e-08,7.991838812097235e-08,2.9437189793633193e-07
2018-08-16,0.0,0.0,9.510837405976965e-08,0.0,1.355685425291938e-08,8.693093368043056e-08,3.0952559288415696e-07
2018-08-17,0.0,0.0,1.9105484905186972e-07,0.0,1.342196129926453e-08,6.271757434907257e-08,2.3334288401988024e-07
2018-08-18,0.0,0.0,9.595602781415909e-08,0.0,1.1073675460770516e-08,6.651529127291422e-08,3.31150458154585e-07
2018-08-19,0.0,2.939436078588987e-07,9.63942267851284e-08,0.0,2.4119679207641796e-08,7.358223640327426e-08,2.4968158770215917e-07
2018-08-20,0.0,0.0,9.684206525910496e-08,0.0,1.5196162793387563e-08,7.109036973122548e-08,2.2778221680751307e-07
2018-08-21,0.0,0.0,2.918987640609284e-07,0.0,1.289567866904456e-08,7.833255253647228e-08,2.804379059416464e-07
2018-08-22,0.0,0.0,1.9553368164279847e-07,0.0,2.1278940870617093e-08,8.241646643499291e-08,2.772870748062023e-07
2018-08-23,0.0,3.059396740645242e-07,0.0,0.0,1.0533605935656415e-08,7.325539380997315e-08,2.1267300333686924e-07
2018-08-24,0.0,3.090144189065486e-07,1.1252729534440346e-07,0.0,2.0857589610751772e-08,8.40813894972499e-08,2.2338278267662433e-07
2018-08-25,0.0,3.1212006544797645e-07,0.0,0.0,1.8585047813879852e-08,8.152936464995165e-08,2.772434145947098e-07
2018-08-26,0.0,0.0,0.0,0.0,1.0222290832417823e-08,6.176156129021228e-08,2.0192636482970117e-07
2018-08-27,0.0,0.0,1.144674642017462e-07,0.0,8.096461871336728e-09,9.3573412950837e-08,3.191735640132433e-07
2018-08-28,0.0,0.0,2.3027398694425956e-07,0.0,2.0039751824183518e-08,1.050153793173653e-07,2.675551555256375e-07
2018-08-29,0.0,3.248579269598873e-07,1.158180365378084e-07,0.0,7.93614118476299e-09,8.839233452159342e-08,3.670351319710293e-07
2018-08-30,0.0,0.0,3.495319845109685e-07,0.0,2.1607231966607444e-08,8.570946456239533e-08,3.536695021883161e-07
2018-08-31,0.0,0.0,1.1676452279604448e-07,0.0,5.834246295359838e-09,7.935662075178013e-08,3.561603921019729e-07
2018-09-01,0.0,0.0,1.1700331162080804e-07,0.0,0.0,1.1665177148332315e-07,4.156221345248795e-07
2018-09-02,0.0,0.0,2.511130794006207e-07,0.0,0.0,7.732209271329028e-08,3.40105383932272e-07
2018-09-03,0.0,3.468212079207717e-07,1.2592862111518898e-07,0.0,0.0,1.0785126606030167e-07,3.557268633996984e-07
2018-09-04,0.0,3.503068190087084e-07,2.5262659099424e-07,0.0,0.0,8.639687427594053e-08,3.9494304586497247e-07
2018-09-05,0.0,3.5382746107046937e-07,2.810080376331106e-07,0.0,0.0,1.2141242058847113e-07,5.412751832707527e-07
2018-09-06,0.0,0.0,1.4105262194958515e-07,0.0,0.0,9.963901650745129e-08,4.652640179971027e-07
2018-09-07,0.0,0.0,4.2484599138706246e-07,0.0,0.0,1.3160668381651595e-07,5.335743499525666e-07
2018-09-08,0.0,0.0,2.8438440125236514e-07,0.0,0.0,8.210342389834026e-08,5.051719535396833e-07
2018-09-09,0.0,0.0,1.4278329012856749e-07,0.0,0.0,7.503061730987221e-08,4.927334652911578e-07
2018-09-10,0.0,3.719685829274973e-07,2.8677731615790355e-07,0.0,0.0,9.572802637928174e-08,5.131947909444227e-07
2018-09-11,0.0,0.0,4.3202509504390466e-07,5.217436289494923e-09,0.0,1.5309267264513265e-07,5.256262616559462e-07
2018-09-12,0.0,7.589656935009724e-07,5.758680203024523e-07,0.0,0.0,1.1800808178823063e-07,5.130128661226121e-07
2018-09-13,0.0,0.0,2.473192153046254e-07,0.0,0.0,1.2741436429489728e-07,5.256149812808814e-07
2018-09-14,0.0,0.0,3.715464970526669e-07,2.688165440061828e-09,0.0,1.0378620963305164e-07,4.871289975679281e-07
2018-09-15,0.0,0.0,0.0,8.145545855653006e-09,0.0,1.0750413475050476e-07,4.566182754638956e-07
2018-09-16,0.0,3.9496983551910497e-07,1.2426445686850634e-07,8.227409952494073e-09,0.0,9.472582021811738e-08,6.864350936699999e-07
2018-09-17,0.0,3.9103981999162615e-07,2.489817965006912e-07,1.1080129062915447e-08,0.0,1.0666929744632443e-07,7.217965882871503e-07
2018-09-18,0.0,3.87148908772014e-07,2.494595776515053e-07,5.595743105655946e-09,6.486520839112681e-08,5.313394996279348e-08,7.155065133891465e-07
2018-09-19,0.0,0.0,0.0,5.65198125882787e-09,4.764881059884147e-08,1.2216591840392185e-07,5.292270660726785e-07
2018-09-20,0.0,0.0,1.2524501436161528e-07,0.0,4.211172796838149e-08,1.0955452130553856e-07,5.962872438429671e-07
2018-09-21,0.0,0.0,2.510428016901076e-07,5.7661588540623025e-09,6.076422552952394e-08,8.895388055560825e-08,6.106122993862879e-07
2018-09-22,0.0,0.0,1.2581033957317835e-07,5.824109713979484e-09,3.068745807441786e-08,1.0476819314437559e-07,7.544654405611185e-07
2018-09-23,0.0,0.0,3.783355783203075e-07,1.7647928969164514e-08,3.7195046586545e-08,1.0441954981147212e-07,6.615289436346673e-07
2018-09-24,0.0,3.6460311149732664e-07,1.2642599059806425e-07,2.9708822673323574e-09,6.261477169907199e-08,1.0808447730981894e-07,8.293485044876622e-07
2018-09-25,0.0,3.6097524992235765e-07,3.8025829338132343e-07,6.00148026101288e-09,2.5297624246633877e-08,9.97630340877379e-08,6.588789072385177e-07
2018-09-26,0.0,3.5738348617319455e-07,0.0,1.2123592280776791e-08,6.387967399286262e-08,7.956625986456552e-08,7.293823719429081e-07
2018-09-27,0.0,3.5382746107046937e-07,1.2609336906684988e-07,1.836815461328839e-08,3.871300523386385e-08,1.0709556635416403e-07,6.201046804331768e-07
2018-09-28,0.0,3.503068190087084e-07,2.515652034040132e-07,3.0921262726966294e-09,5.865311610719167e-08,7.514668293347727e-08,7.98944760650128e-07
2018-09-29,0.0,0.0,1.2548441270215273e-07,6.246405316765151e-09,3.9495059816050705e-08,5.9161053082262625e-08,5.560360903964466e-07
2018-09-30,0.0,0.0,2.5039754449627947e-07,0.0,4.65406570605681e-08,1.0620304863739551e-07,3.343830206482919e-07
2018-10-01,0.0,0.0,2.5000811510498766e-07,2.228203628712355e-08,7.379352087191359e-08,1.0984284471578522e-07,6.228090965823671e-07
2018-10-02,0.0,0.0,4.989730646969034e-07,0.0,6.775923462400488e-08,6.214279437108505e-08,3.5481360831165227e-07
2018-10-03,0.0,0.0,3.734848476795851e-07,1.6237259484748745e-08,6.844022625347147e-08,1.1920364751936539e-07,4.1787059611182064e-07
2018-10-04,0.0,0.0,3.7277724563249903e-07,6.560178662223786e-09,2.0738418588779134e-08,9.13684268971681e-08,4.7064960579058e-07
2018-10-05,0.0,0.0,2.480712810804167e-07,2.74752390961298e-08,5.5858248428420764e-08,8.292102120450893e-08,3.560494025439356e-07
2018-10-06,0.0,6.523032146202967e-07,0.0,1.3875684919861684e-08,4.231472486861651e-08,6.716940812004706e-08,3.6701873553648635e-07
2018-10-07,0.0,3.2290634459443634e-07,0.0,3.845484051455146e-08,7.123332487277785e-08,5.9112054526473445e-08,4.5156478190449686e-07
2018-10-08,0.0,3.196933727822733e-07,1.3379121124584227e-07,9.710329521729434e-08,5.036446218279707e-08,6.949710721085181e-08,4.627838021174361e-07
2018-10-09,0.0,6.330247411476009e-07,2.6744259554384836e-07,5.884751973519087e-08,5.813786679181536e-08,7.24269467791073e-08,3.4766069590524223e-07
2018-10-10,0.0,3.1336301986614623e-07,2.673295130784362e-07,1.9812982380339473e-08,7.340270258373776e-09,8.246222961025729e-08,4.432505720130933e-07
2018-10-11,0.0,3.102450057216153e-07,4.008647456806606e-07,6.00363184910927e-08,2.965616480365353e-08,7.099279714453995e-08,3.8062990295898863e-07
2018-10-12,0.0,0.0,4.007753085522903e-07,8.085292469739533e-08,5.241987487626028e-08,5.974344595878917e-08,4.661174313888364e-07
2018-10-13,0.0,0.0,6.65623609587908e-07,1.0208188762480978e-07,4.5382888609112464e-08,4.1752227345248206e-08,4.458368241127313e-07
2018-10-14,0.0,0.0,1.326709869008625e-07,6.186469659102382e-08,4.583899422239623e-08,6.889464290303409e-08,5.531660418301199e-07
2018-10-15,0.0,5.961602500941601e-07,5.28922076373572e-07,1.0414407854729161e-07,5.401629773551845e-08,5.115684731426789e-08,4.4778376878085793e-07
2018-10-16,0.0,0.0,1.318032744480253e-07,8.415259515001488e-08,3.897083610930613e-08,7.428348132864635e-08,4.060791823585822e-07
2018-10-17,0.0,2.921777431102596e-07,2.6277842047987774e-07,6.374875709387918e-08,3.936249952361438e-08,7.688727326426919e-08,4.1777341628938205e-07
2018-10-18,0.0,0.0,3.0338279368676884e-07,2.1463147584693564e-08,3.180647937654176e-08,7.612223211271656e-08,4.188231336373624e-07
2018-10-19,0.0,1.0608792028476265e-06,4.545349210081147e-07,0.0,7.228381456942908e-08,6.881134209582708e-08,4.07294633054434e-07
2018-10-20,0.0,1.5901280035748917e-06,4.1345477995480943e-07,2.1896731927096405e-08,6.489802576296255e-08,5.515015155402487e-08,3.851487634574602e-07
2018-10-21,0.0,1.0593974780025419e-06,6.890170157963641e-07,2.2116797741560957e-08,3.2775130882656475e-08,8.671986801101183e-08,3.417581943930973e-07
2018-10-22,0.0,2.1176311218382462e-06,1.3753197008155947e-07,8.935630101692159e-08,6.62090528484653e-08,6.995754814648686e-08,4.3715751399487133e-07
2018-10-23,0.0,0.0,6.863714515773231e-07,4.512717338608244e-08,8.359308111509612e-08,7.555795517664953e-08,6.281068876784838e-07
2018-10-24,0.0,0.0,6.851516904639846e-07,4.558070901864879e-08,3.3773282218953297e-08,5.922152826084627e-08,4.447539665110443e-07
2018-10-25,0.0,5.288524622338208e-07,5.45397978024509e-07,6.905820414015159e-08,5.969724135941045e-08,6.480408149418277e-08,4.1082365238376996e-07
2018-10-26,0.0,3.0912820487203097e-06,2.713645719650663e-07,1.1625375105048781e-07,3.445554777687796e-08,8.249049014089266e-08,4.296616671434788e-07
2018-10-27,0.0,7.752467914215848e-07,2.700572916012124e-07,2.3484424134541297e-08,5.2202747683518176e-08,6.95704818202666e-08,2.7108156071419013e-07
2018-10-28,0.0,1.555501191976551e-06,4.6527486113040055e-07,2.3720446520968908e-08,5.272739401999021e-08,5.091000640522069e-08,3.4233927816538806e-07
2018-10-29,0.0,7.803321762626927e-07,6.186919674695576e-07,2.1562956874634146e-07,5.325731313980387e-08,6.22630771135773e-08,5.058102697879406e-07
2018-10-30,0.0,1.5659835808100304e-06,1.542698307860599e-07,1.209981566336274e-07,9.861968973140673e-08,6.751436334929541e-08,5.444388900903591e-07
2018-10-31,0.0,1.571459408757747e-06,4.6164629044910285e-07,1.391630711990522e-07,1.0866636446290492e-07,6.103018558272467e-08,3.169202063109357e-07
2018-11-01,0.0,1.57813131174506e-06,6.998088893265043e-07,2.8072837482288414e-08,6.413725427711948e-08,6.337787807894513e-08,4.754504884855432e-07
2018-11-02,0.0,1.0361710403611186e-06,5.256413402607055e-07,5.654288694074517e-08,6.47818443989243e-08,6.274725765543468e-08,3.724133669452101e-07
2018-11-03,0.0,0.0,0.0,5.694575325272682e-08,8.412803069034094e-08,5.365160582680031e-08,4.0504989227403657e-07
2018-11-04,0.0,0.0,7.031579523107033e-07,1.4338578546872172e-07,7.553202796021411e-08,2.6007897625402846e-08,4.15089805695424e-07
2018-11-05,0.0,1.0527764161675237e-06,7.044147835378115e-07,0.0,6.675474527874279e-08,1.2359575065693825e-08,5.899713916155731e-07
2018-11-06,0.0,0.0,1.7643551420757198e-07,2.9094341962320797e-08,6.742564162245523e-08,1.733517658858409e-08,5.616908750636845e-07
2018-11-07,0.0,8.273814436972241e-07,5.303549286874257e-07,2.9307288082350814e-08,8.582752964409787e-08,2.1200968393549595e-08,4.3584626589452606e-07
2018-11-08,0.0,8.356967654487213e-07,8.857605844782802e-07,1.4761582477805952e-07,2.832451048508029e-08,1.9990490698433467e-08,4.1247523492559247e-07
2018-11-09,0.0,0.0,1.77536972921487e-07,8.92259825099138e-08,5.608535379356062e-08,1.8802002892920927e-08,4.393747397898487e-07
2018-11-10,0.0,0.0,3.5587916558511614e-07,1.7978278565119623e-07,6.47818443989243e-08,1.7635187215219967e-08,3.865760373181709e-07
2018-11-11,0.0,9.221995545350975e-07,0.0,6.037719490364982e-08,2.7487394690194057e-08,1.2609793567629543e-08,3.542260989007059e-07
2018-11-12,0.0,0.0,1.7879822689513654e-07,9.124924854005865e-08,7.257037478193172e-08,2.7849645902465057e-08,3.418801960423541e-07
2018-11-13,0.0,0.0,3.585086939835395e-07,2.451782126014342e-07,1.1675346716794527e-07,1.9966320110685634e-08,3.3940809534686065e-07
2018-11-14,0.0,0.0,7.189135706899247e-07,1.544060086176801e-07,4.445836567663967e-08,3.5884999460252984e-08,5.391518971899886e-07
2018-11-15,0.0,1.919670464631101e-06,3.197779348165988e-07,0.0,8.803199509383366e-08,2.9021663392647316e-08,4.3971462220258285e-07
2018-11-16,0.0,1.9389634735471858e-06,4.818039285498985e-07,1.2543336063798703e-07,6.972484968580607e-08,3.581916574517011e-08,4.418455740731055e-07
2018-11-17,0.0,0.0,0.0,6.320320232268393e-08,3.4515537919809016e-08,3.2382897328875474e-08,3.192506606259995e-07
2018-11-18,0.0,0.0,6.482969894740142e-07,1.6915690446161091e-07,7.688723080335755e-08,2.2141884869607017e-08,3.2512078616693773e-07
2018-11-19,0.0,0.0,5.507314702593977e-07,1.7057507189951868e-07,9.303823231303096e-08,3.234277151550145e-08,4.1759108170034667e-07
2018-11-20,0.0,2.0180940740334088e-06,7.382505826555408e-07,1.290077227400721e-07,5.8617036821529956e-08,2.2118857517571348e-08,3.4448333340656765e-07
2018-11-21,0.0,0.0,0.0,2.1682840405880995e-07,4.1452705400017565e-08,1.646284486845225e-08,2.74996095537799e-07
2018-11-22,0.0,1.0294311393144693e-06,7.463563725434694e-07,2.186656199052633e-07,9.028853699742938e-08,2.0465904947642527e-08,4.0658491706531664e-07
2018-11-23,0.0,2.0795541885324506e-06,3.7526050868706556e-07,8.820988099837163e-08,7.313739630853139e-08,2.713146280936223e-08,3.554541202028918e-07
2018-11-24,0.0,1.0502270277938916e-06,3.773803574659832e-07,4.414029494172497e-08,3.218207424715934e-08,2.6099179565556393e-08,2.8412956788220224e-07
2018-11-25,0.0,1.0607819848995292e-06,3.795379445951322e-07,8.836012690108398e-08,9.558557177431044e-08,2.6361480680949937e-08,3.100942482468683e-07
2018-11-26,0.0,2.1428860421752903e-06,1.14520045750507e-06,4.405381369932183e-08,3.9431033101656346e-08,3.860830605125035e-08,3.0836998045260574e-07
2018-11-27,0.0,0.0,3.832900339643546e-07,2.196598468309162e-07,9.369285064044672e-08,3.630692418632267e-08,2.453412399306914e-07
2018-11-28,0.0,2.1861752117518623e-06,7.697698228329836e-07,2.6288710959954817e-07,1.0822068973340325e-07,3.395538411176614e-08,3.4568229225596934e-07
2018-11-29,0.0,2.208146637905235e-06,3.865182776805091e-07,1.7480579462135346e-07,4.591880394804693e-08,5.214729862518888e-08,3.505742081560632e-07
2018-11-30,0.0,2.2303388805625265e-06,1.9409514804719705e-07,1.307782476761067e-07,8.334682439366161e-08,4.122108601776002e-08,3.2189824394514183e-07
2018-12-01,0.0,1.1177166860627853e-06,0.0,8.700717365340439e-08,2.2509209361122694e-08,5.784501911929642e-08,2.1921538464449362e-07
2018-12-02,0.0,1.1289499255104789e-06,9.121287593334112e-07,4.340356068758057e-08,8.914095594321895e-08,7.945986486794784e-08,2.709598057405544e-07
2018-12-03,0.0,1.1402960608915185e-06,3.6691197816877414e-07,1.7323149976278976e-07,3.677249525492743e-08,8.261899242713131e-08,4.2739592602518596e-07
2018-12-04,0.0,2.3035124536577937e-06,5.535137161616425e-07,8.64330400347968e-08,8.009452619010255e-08,4.291679679703694e-08,3.9909406560170667e-07
2018-12-05,0.0,1.1633315693487582e-06,5.567148169030029e-07,1.7251794712846e-07,4.325322127567059e-08,4.575634654087359e-08,3.5807110077052406e-07
2018-12-06,0.0,3.525069737985003e-06,5.599715895899843e-07,4.3046766531451155e-08,2.141142226654682e-08,4.1351341735215675e-08,2.7211349251526823e-07
2018-12-07,0.0,1.186832425945032e-06,3.741674245662221e-07,4.296835099331289e-08,4.946287512909846e-08,5.650819890956528e-08,3.4174662891467795e-07
2018-12-08,0.0,1.190848958572681e-06,6.871453444717831e-07,1.2868269697824306e-07,4.197489539855983e-08,5.707611575023182e-08,1.6885560277189938e-07
2018-12-09,0.0,0.0,9.197188140648478e-07,4.2824403117827074e-08,6.926206368497146e-08,6.76757820326521e-08,2.921224253691341e-07
2018-12-10,0.0,2.3984793901159626e-06,4.6166790407424635e-07,8.55177127711441e-08,6.857289463643028e-08,7.848274012735523e-08,3.5584751349087193e-07
2018-12-11,0.0,1.2036147379962732e-06,8.944872404378522e-07,2.9888309902211646e-07,2.7156233173798813e-08,8.95000860406467e-08,2.7761294223700563e-07
2018-12-12,0.0,3.6243304302341417e-06,8.98613230637375e-07,2.984840919042009e-07,5.3772048277946307e-08,5.940543622189313e-08,3.049725536933197e-07
2018-12-13,0.0,1.2127263608475907e-06,4.5141454145440443e-07,2.5552708580932566e-07,5.98916333901746e-08,6.522007693655551e-08,2.1579412114219623e-07
2018-12-14,0.0,1.2174638519304943e-06,8.528720585999771e-07,1.2761810859685718e-07,5.2707290383029764e-08,5.270043968560814e-08,2.1177063799583488e-07
2018-12-15,0.0,1.2144117588591405e-06,0.0,1.2748543620626e-07,5.218284408108774e-08,5.0568583514364745e-08,1.774582203064555e-07
2018-12-16,0.0,2.4229622159513715e-06,6.471235466622504e-07,1.273655124655216e-07,7.103747214717957e-08,5.376505918725665e-08,2.3061865376000997e-07
2018-12-17,0.0,1.2086716062125999e-06,2.1630731865283748e-07,1.2725832538216809e-07,1.9181082951620805e-08,5.7020677366147704e-08,2.5700311139024856e-07
2018-12-18,0.0,3.6179489178520936e-06,4.476966758587275e-07,1.2716386423740176e-07,6.330075995793725e-08,6.033630397240279e-08,3.0419099012661593e-07
2018-12-19,0.0,2.4068298766487607e-06,2.245606779677423e-07,2.1180353264171566e-07,5.0136725498041426e-08,8.31036735116817e-08,2.8963269113989326e-07
2018-12-20,0.0,2.4019344930561552e-06,6.758864227831564e-07,2.776516684739644e-07,4.96378567440636e-08,6.71511034526258e-08,2.231167830039355e-07
2018-12-21,0.0,2.3972793049144743e-06,1.1753859807625981e-06,3.955753805188574e-08,3.685796386284388e-08,6.499990062628549e-08,2.3769836191686782e-07
2018-12-22,0.0,0.0,2.3460582957177854e-07,1.1836352346849655e-07,4.257309116053166e-08,7.707110144247467e-08,2.16151560749253e-07
2018-12-23,0.0,2.357040768370779e-06,4.786957254374756e-07,7.871084615487957e-08,3.61281272791479e-08,3.748125279856746e-08,2.660749576950135e-07
2018-12-24,0.0,1.1686380295947962e-06,2.4935541055604037e-07,1.1778082172145428e-07,3.5768646406389164e-08,5.533084364481716e-08,2.943204904318477e-07
2018-12-25,0.0,2.3177450795620614e-06,1.4946677865268396e-06,7.833810159394157e-08,1.7706371214039186e-08,5.294551061212631e-08,2.6646426623194656e-07
2018-12-26,0.0,0.0,7.778159225662513e-07,3.9081744624510824e-08,6.427736288145535e-08,9.804230670691375e-08,2.995818535026948e-07
2018-12-27,0.0,1.1396882598444245e-06,0.0,7.799669331816309e-08,0.0,8.70242969651039e-08,2.9582511505709694e-07
2018-12-28,0.0,0.0,1.2955895376148496e-06,1.1675654568245072e-07,0.0,1.2730186341308237e-07,2.6329050700125574e-07
2018-12-29,0.0,3.3628796112234065e-06,2.5907974540383957e-07,0.0,0.0,9.796668069372174e-08,2.7189080061421834e-07
2018-12-30,0.0,4.447057145836713e-06,1.2953374573757507e-06,0.0,0.0,7.112121970867579e-08,2.062806478712345e-07
2018-12-31,0.0,1.1007020469771718e-06,2.590811445114985e-07,1.7612639912527127e-07,0.0,9.057582589779808e-08,2.6032109635471145e-07
2019-01-01,0.0,1.0603408907976411e-06,0.0,4.308586151250712e-08,0.0,9.931626288450333e-08,2.654089310460361e-07
2019-01-02,0.0,0.0,1.7883693779334046e-06,1.7231985590161684e-07,5.192101567224471e-08,8.777510693058428e-08,2.783396938403992e-07
2019-01-03,0.0,0.0,5.111428516324793e-07,0.0,5.2442830554930466e-08,1.0053351541689008e-07,3.163156833834605e-07
2019-01-04,0.0,0.0,2.556870692832657e-07,2.1540546419569744e-07,7.651206299298501e-08,8.501850816898972e-08,2.377007929953701e-07
2019-01-05,0.0,1.1378445653846238e-06,5.116565633405866e-07,3.016168354700549e-07,3.56681640046241e-08,9.153298422861799e-08,2.5072483550581994e-07
2019-01-06,0.0,0.0,2.55995077098679e-07,4.3099454714432626e-08,3.6026635012456084e-08,8.543074319177885e-08,3.1826695136473605e-07
2019-01-07,0.0,2.2401545207943025e-06,1.0247498889924177e-06,1.7112541390344138e-07,7.277741742762323e-08,9.833850414722876e-08,3.06389585231398e-07
2019-01-08,0.0,0.0,1.022949732223163e-06,1.6987012163314748e-07,1.041375270630272e-07,9.859969263626036e-08,3.3655455062435843e-07
2019-01-09,0.0,0.0,5.106259356397958e-07,0.0,8.043492034862676e-08,8.292384743854126e-08,2.8676734623475584e-07
2019-01-10,0.0,2.1885284339185988e-06,2.5491403409354856e-07,4.185259368054571e-08,7.499381975772204e-08,1.1194544163159047e-07,3.5936500176550507e-07
2019-01-11,0.0,2.1717597200075683e-06,2.5454059198303756e-07,1.6620567410477118e-07,3.7873760088283566e-08,9.89966216049401e-08,2.967232120894701e-07
2019-01-12,0.0,2.1552081838783455e-06,5.083852082876856e-07,2.06271992741594e-07,5.738159655791476e-08,1.2703846960118104e-07,1.9126828815084672e-07
2019-01-13,0.0,3.2083082555452836e-06,1.5232202146613419e-06,0.0,7.083791145551772e-08,8.859436993044484e-08,1.4918171873629776e-07
2019-01-14,0.0,1.0613750229240676e-06,5.07145709250149e-07,9.225573313898867e-08,5.2036250401119404e-08,1.1178319285209528e-07,3.2487640015746125e-07
2019-01-15,0.0,2.1068401981062974e-06,1.773107216790229e-06,1.533338605584175e-07,5.255922341208425e-08,1.4659039786294346e-07,3.2156037022386667e-07
2019-01-16,0.0,2.091141036139976e-06,2.6732819125664087e-06,1.016901416202589e-07,1.1281083632702837e-07,1.0038800222101214e-07,2.709429962996554e-07
2019-01-17,0.0,1.0378254950099462e-06,1.4574253803174287e-06,7.587590897535768e-08,6.032361392524574e-08,1.1594694236683598e-07,2.4591643555223367e-07
2019-01-18,0.0,1.0301842553642628e-06,1.2140356115805384e-06,5.0327866259765896e-08,3.384993129128628e-08,9.98487749830191e-08,2.4239016572250635e-07
2019-01-19,0.0,1.0226460350026055e-06,4.854685909877641e-07,1.0015365206238536e-07,6.154223176179238e-08,1.2211715061598305e-07,2.3017375540590162e-07
2019-01-20,0.0,1.0152100800966562e-06,1.6988001961243957e-06,7.474619029043013e-08,4.144049431582065e-08,1.0239388290255257e-07,1.6124010101744478e-07
2019-01-21,0.0,0.0,1.4559687473373444e-06,7.438461621538897e-08,9.766628248473872e-08,1.0176165944648822e-07,2.8425903209418505e-07
2019-01-22,0.0,1.000642002397403e-06,9.706457592945482e-07,9.87073075519423e-08,4.227764783237139e-08,1.0113961224117017e-07,2.935897467801716e-07
2019-01-23,0.0,2.9805252683525676e-06,9.707427524156708e-07,1.228062470371386e-07,6.405381788551851e-08,1.5637638968211482e-07,2.8517406087422674e-07
2019-01-24,0.0,9.864741948411801e-07,4.85468410310495e-07,4.8896256144556766e-08,5.0320331800391984e-08,1.2213153183394824e-07,4.1748304392576305e-07
2019-01-25,0.0,9.7953861513972e-07,1.025796018619755e-06,7.301235471092936e-08,5.08260595427167e-08,1.0669197861923181e-07,3.1461525990206505e-07
2019-01-26,0.0,9.727009901160588e-07,9.465014490838289e-07,0.0,5.133686993335088e-08,1.1338187650637078e-07,3.108230784840244e-07
2019-01-27,0.0,1.4696777408973378e-06,7.072460366103552e-07,9.64935561532946e-08,6.666790378340476e-08,7.999841916330996e-08,2.639194420963697e-07
2019-01-28,0.0,7.304948131946174e-07,1.1744778526681225e-06,1.200999080093727e-07,6.733792735557922e-08,1.237867449370633e-07,3.4106575528777826e-07
2019-01-29,0.0,1.4524476120612663e-06,2.1065935675493783e-06,4.783795236720466e-08,9.82434335662063e-08,1.3917586759958984e-07,3.891806496313014e-07
2019-01-30,0.0,1.444050843704881e-06,1.3995584409389277e-06,2.3820362682881026e-08,8.396452010562765e-08,1.1088513979773688e-07,4.084249270468687e-07
2019-01-31,0.0,2.871596963272491e-06,2.324768545314444e-06,7.117239371483515e-08,1.1564778758431526e-07,1.1832929370234235e-07,3.605755978551894e-07
2019-02-01,0.0,2.1184355444967163e-06,4.632493461961015e-07,1.1813654578870987e-07,4.670289786741455e-08,1.4253545080458722e-07,4.584383157517651e-07
2019-02-02,0.0,0.0,4.617770027963433e-07,1.1767912332947055e-07,5.5034314760013046e-08,1.6000082350447207e-07,3.922719872033748e-07
2019-02-03,0.0,1.4091194197242405e-06,9.752479167740674e-07,4.689338755225218e-08,5.558741881871388e-08,1.1797053545434172e-07,3.1962328598215567e-07
2019-02-04,0.0,4.681813794716071e-07,1.7028127478661295e-06,1.4015944545164795e-07,7.218781928436802e-08,1.0805054590187732e-07,3.68327876672471e-07
2019-02-05,0.0,0.0,1.336082803026464e-06,6.982637215394222e-08,9.721775857282354e-08,1.7177401730454958e-07,4.905286496391606e-07
2019-02-06,0.0,2.791628998125224e-06,1.1789475758093522e-06,6.958000427746469e-08,8.182901107502394e-08,1.7166661640098848e-07,3.7362691920393407e-07
2019-02-07,0.0,9.27772845365741e-07,1.4125276073495314e-06,1.3868118891879696e-07,4.95908437851961e-08,1.7647856465361264e-07,3.9773937531120564e-07
2019-02-08,0.0,9.250954694140905e-07,1.4104593776656853e-06,1.1817774986994559e-07,2.50446200255411e-08,1.3720264478757546e-07,4.0350519491245166e-07
2019-02-09,0.0,9.225106037802969e-07,1.9432185720963e-06,3.930866883023667e-08,5.0592645282714575e-08,1.3225940753682885e-07,3.1669603017590076e-07
2019-02-10,0.0,6.941404606787711e-07,2.5231596916485014e-06,1.5691474108052736e-07,1.3626962618942908e-07,1.3222949079375152e-07,3.023034134425175e-07
2019-02-11,0.0,1.3947284575323009e-06,1.5496721547927199e-06,7.830524922248937e-08,1.2903671128230936e-07,1.8118049974325822e-07,3.508984896244861e-07
2019-02-12,0.0,7.006577338575452e-07,5.79042928393988e-07,5.862071887116894e-08,6.951122762170032e-08,1.8607238307440916e-07,2.513874181015992e-07
2019-02-13,0.0,4.693475368708061e-07,1.3463723082041939e-06,9.753060491034789e-08,7.898605545771456e-08,1.1752806539090342e-07,3.2449499240484985e-07
2019-02-14,0.0,1.41491055894418e-06,1.148093002096804e-06,7.789581187507816e-08,1.0637317134984526e-07,1.8898070369663182e-07,3.384110651366792e-07
2019-02-15,0.0,7.109599997554661e-07,3.807558024727998e-07,1.555498589359578e-07,1.1639575945311607e-07,1.6142077744705238e-07,3.1803954270832753e-07
2019-02-16,0.0,9.527144221750486e-07,2.030625671914482e-06,5.8246368463979306e-08,5.426102597700392e-08,1.2821966508268333e-07,3.417269232039676e-07
2019-02-17,0.0,9.575774502456244e-07,6.06799995490056e-07,1.15333614828511e-07,1.2788150282653946e-07,1.8985123559788287e-07,3.312414994264153e-07
2019-02-18,0.0,9.625362368592089e-07,6.044729699109847e-07,1.5224803491554388e-07,1.0148814759043769e-07,2.181468933001421e-07,3.8888567817893796e-07
2019-02-19,0.0,3.6948121823518216e-07,1.2044127842652673e-06,9.420821353548235e-08,1.3978380058743314e-07,1.7931902894021855e-07,3.7356007493769456e-07
2019-02-20,0.0,3.731945662129077e-07,1.4000000828224512e-06,1.8654165229722084e-08,7.530061394079832e-08,1.684346880233955e-07,3.873818607241103e-07
2019-02-21,0.0,5.654178509373766e-07,1.921553929161815e-06,3.6937106368831725e-08,9.31892003916221e-08,1.6877463002450107e-07,3.8743155490111705e-07
2019-02-22,0.0,5.711003948116684e-07,4.798197337114056e-07,1.0970872805891154e-07,1.1071434282593201e-07,1.3224368455561104e-07,5.018468301157351e-07
2019-02-23,0.0,7.538904679165021e-07,7.803129732954149e-07,5.4308553987779025e-08,1.096127167084624e-07,1.622851938254607e-07,4.1991770782521397e-07
2019-02-24,0.0,1.8659728310645384e-07,1.56044088626088e-06,5.376817484675835e-08,1.175655562835085e-07,1.7776957777432206e-07,4.852851338293319e-07
2019-02-25,0.0,3.6948121823518216e-07,1.8204805165399166e-06,8.872195428004884e-08,8.058167962138804e-08,2.3306587087083188e-07,4.949225460594723e-07
2019-02-26,0.0,1.8290240934359106e-07,1.560538898866456e-06,7.548587393383317e-09,9.750874040402484e-08,2.440272860403432e-07,5.138298186599076e-07
2019-02-27,0.0,5.43247499888834e-07,1.440523135425694e-06,2.2420433081580655e-08,1.0531474061028608e-07,1.5506035985264154e-07,4.960845096443349e-07
2019-02-28,0.0,3.585613979663941e-07,1.682519177710772e-06,4.439469209000655e-08,1.0414889934852639e-07,1.7082435339941246e-07,5.519331938280794e-07
2019-03-01,0.0,8.790559817204517e-07,7.22091263511128e-07,2.2003343517127586e-08,1.153316804745922e-07,1.2633340855772455e-07,3.9816860358488217e-07
2019-03-02,0.0,1.7406184571170896e-07,1.8303335266648261e-06,0.0,1.6067449103223086e-07,1.2540373795280473e-07,3.4969303004876896e-07
2019-03-03,0.0,0.0,1.8341874496997469e-06,2.875686416506834e-08,7.995034849151587e-08,1.720920965284628e-07,4.05561654707735e-07
2019-03-04,0.0,1.2049426953944174e-06,1.575621251149828e-06,3.5588410732216644e-08,1.0230614558793123e-07,1.4440288927456834e-07,4.062561469150724e-07
2019-03-05,0.0,8.045436591863595e-07,1.3160328288054843e-06,2.818744010306256e-08,4.5257429632132953e-08,1.6329752294485286e-07,6.043203632941457e-07
2019-03-06,0.0,8.05872643146148e-07,1.8468513737786333e-06,2.7906970387851718e-08,7.883747726026064e-08,1.0281910925275048e-07,5.622243109980659e-07
2019-03-07,0.0,1.6145644300836277e-06,1.3224581956471528e-06,1.0318703262969089e-08,1.3454114824750755e-07,1.732345772378195e-07,5.63350221836904e-07
2019-03-08,0.0,0.0,5.303476342067596e-07,3.085277758631023e-08,1.570485151194458e-07,1.8294523776286184e-07,5.273105471893163e-07
2019-03-09,0.0,1.2724084443302518e-06,1.329412563400091e-06,3.075253068718254e-08,1.5669873751741991e-07,1.1891860687677342e-07,4.725121844434048e-07
2019-03-10,0.0,1.9180567290442337e-06,1.5997067803769652e-06,2.0436906044500503e-08,9.121270078650831e-08,1.1178078558886594e-07,4.922884529916771e-07
2019-03-11,0.0,4.548482322403352e-06,1.3368987139041265e-06,2.037416867184792e-08,1.0403077261022224e-07,1.3943955805853778e-07,6.121320090236787e-07
2019-03-12,0.0,5.3376229032989155e-06,1.6090105621755103e-06,2.031346873304105e-08,1.0382886177124578e-07,1.3623818606316724e-07,5.271814858104695e-07
2019-03-13,0.0,4.990316777218807e-06,8.069517850315667e-07,4.0509600316070855e-08,1.9432000107182017e-07,1.251874368522211e-07,5.944892864286073e-07
2019-03-14,0.0,1.0049753960886238e-06,2.9680896110299245e-06,2.019815707992467e-08,1.5518425478767644e-07,1.3762302454107562e-07,5.483171419276409e-07
2019-03-15,0.0,0.0,1.624174266388341e-06,6.043060150306127e-08,1.420173583333048e-07,1.4630054694052265e-07,5.489574139236449e-07
2019-03-16,0.0,3.0573050213081034e-06,2.1691751822272885e-06,3.013638743842892e-08,1.6757790041367948e-07,1.1147376049413897e-07,4.882422978695388e-07
2019-03-17,0.0,1.0263173234447896e-06,1.7115843202903819e-06,1.0020162596394927e-08,1.9307753370572488e-07,8.072994295800601e-08,4.2100175459842976e-07
2019-03-18,0.0,2.529335961198707e-06,1.2290011540340295e-06,7.996691790338682e-08,1.0283480504734983e-07,1.3534475236967157e-07,5.742695298945006e-07
2019-03-19,0.0,3.823234623761506e-06,2.468704237879553e-07,9.972566474255484e-09,1.2838151127230885e-07,1.7199189188454944e-07,5.004904180430468e-07
2019-03-20,0.0,3.8528476323733685e-06,9.91861216068838e-07,2.9850796426636634e-08,1.795252962909596e-07,1.4531730254037646e-07,4.891442482403201e-07
2019-03-21,0.0,2.5885639526394575e-06,1.0781730477774001e-06,3.971583804670028e-08,3.842880631712589e-08,1.468345616712101e-07,3.853084722860525e-07
2019-03-22,0.0,9.130875864538432e-06,1.6253607405493532e-06,1.981729290405985e-08,1.0237799786358624e-07,1.8028397463957545e-07,5.462433275329957e-07
2019-03-23,0.0,2.629340282866945e-06,1.0890829645740892e-06,1.9778648530574435e-08,7.671706257495379e-08,1.422527901776301e-07,4.6686925356190105e-07
2019-03-24,0.0,6.625304565927229e-06,1.3683762641491318e-06,2.961297305763651e-08,1.2776383087067755e-07,1.4247788633982355e-07,4.536387657254316e-07
2019-03-25,0.0,1.3355841921329588e-06,5.493237327944035e-07,3.941457952185958e-08,1.0285165691632119e-07,1.9704328749304637e-07,5.238601194838641e-07
2019-03-26,0.0,5.384964122450703e-06,1.3783797319005123e-06,7.869827291533651e-08,1.4705203136909335e-07,1.858942501918078e-07,4.0809914641715365e-07
2019-03-27,0.0,4.071097482951975e-06,1.1068703767494878e-06,9.82190708497844e-08,1.0303148072838602e-07,1.7478649578886583e-07,4.74600859854429e-07
2019-03-28,0.0,4.1038789872068115e-06,1.3532862741353218e-06,4.9037561272166325e-08,1.473383467604848e-07,1.7463117607479439e-07,4.6884236414199e-07
2019-03-29,0.0,4.137070882780279e-06,8.141266619174431e-07,1.9588196366572973e-08,5.9001439146579195e-08,1.9085206833859354e-07,3.550766220417687e-07
2019-03-30,0.0,4.170676488889595e-06,1.36060495449721e-06,3.9126654120479246e-08,1.1814687956409434e-07,1.471271450486851e-07,4.729238580218592e-07
2019-03-31,0.0,2.803132777415583e-06,5.257341004485642e-07,2.9310621154372696e-08,1.4787836952680342e-07,1.7426994311330626e-07,3.0812576919647855e-07
2019-04-01,0.0,2.821991198817428e-06,7.905108436438432e-07,2.4627084391313773e-08,1.332507248444253e-07,1.742380334015803e-07,3.5307407878382554e-07
2019-04-02,0.0,4.2678032373262794e-06,1.2971023953652662e-06,3.6989238665599096e-08,7.414034002996274e-08,2.013839337093848e-07,4.2033125325885173e-07
2019-04-03,0.0,2.8686976402044412e-06,5.008106529646415e-07,4.9388732931891435e-08,1.6776799471256785e-07,2.3397262253928383e-07,4.418162597132136e-07
2019-04-04,0.0,2.892479994345973e-06,1.7607272909897364e-06,6.182927486346e-08,1.1297997172416328e-07,1.7408584536660778e-07,3.478820444025012e-07
2019-04-05,0.0,7.291378997243368e-06,4.853363602458306e-07,3.715728992463998e-08,2.724054644924429e-07,1.7337894367342352e-07,4.278978781958704e-07
2019-04-06,0.0,2.9409148610390797e-06,7.31836237899476e-07,4.962764092154792e-08,2.280718646836236e-07,1.1872394876312412e-07,4.87137048200528e-07
2019-04-07,0.0,5.9311444342353726e-06,1.958417745798407e-06,4.971719141569117e-08,2.7499437960008854e-07,1.1649760466232622e-07,4.511609155773226e-07
2019-04-08,0.0,1.4952630664446618e-06,9.827340169690725e-07,3.719552381227175e-08,3.4541252655868925e-07,2.2026882028555557e-07,3.990835366131225e-07
2019-04-09,0.0,1.5078895518831812e-06,8.623953038460032e-07,4.508321404964188e-08,2.7769329612621483e-07,1.8318947005497863e-07,4.2146375823476804e-07
2019-04-10,0.0,3.0413336550669357e-06,1.4440321151874327e-06,3.0357538589021396e-08,2.558273121859608e-07,1.4017726354493796e-07,4.811498534081532e-07
2019-04-11,0.0,3.0671923422674693e-06,6.212289938190019e-07,0.0,3.27253842618988e-07,1.8859225309932201e-07,4.830349160214531e-07
2019-04-12,0.0,3.093357751258231e-06,2.176192595385396e-06,1.5485400774216788e-08,1.6052174716550902e-07,1.7612241923661194e-07,4.258242907915947e-07
2019-04-13,0.0,0.0,9.335577143474246e-07,3.910257909840743e-08,7.206000779785109e-08,1.6371071990506692e-07,5.40383316583845e-07
2019-04-14,0.0,0.0,9.325531183091786e-07,1.579822662070733e-08,1.4556844583261186e-07,1.9978660230514875e-07,4.84449212005195e-07
2019-04-15,0.0,0.0,3.1054725945329793e-07,2.3935502156818482e-08,2.38926078682545e-07,2.6600307140406235e-07,5.711129495631782e-07
2019-04-16,0.0,2.979488256421293e-06,9.308236033648155e-07,4.835211590547595e-08,2.413273256940697e-07,1.9923795519755248e-07,6.205642063543594e-07
2019-04-17,0.0,3.0094326112236436e-06,0.0,4.069838562433253e-08,1.1250124875658641e-07,1.8693331681551263e-07,6.129774917437027e-07
2019-04-18,0.0,0.0,1.2392885736972603e-06,2.4664446719947788e-08,9.46932542531397e-08,1.6262918666883554e-07,5.342311023010079e-07
2019-04-19,0.0,0.0,1.2385697286102836e-06,4.15205475508697e-08,2.0938201457585838e-07,2.0458145988098295e-07,3.4172302988474147e-07
2019-04-20,0.0,0.0,1.2379747415283133e-06,4.193783599118209e-08,1.5306167866963825e-07,1.5629905271875126e-07,5.263453315593379e-07
2019-04-21,0.0,1.5661249429837508e-06,6.174173114866132e-07,2.541559095002514e-08,1.7309343920878441e-07,2.7629915866759497e-07,4.5022380218887955e-07
2019-04-22,0.0,4.745594281006262e-06,3.079544972273673e-07,5.989905106643679e-08,1.546753772465704e-07,2.0879717089041628e-07,7.263790977743747e-07
2019-04-23,0.0,0.0,3.0723113441778033e-07,2.5929019944787537e-08,1.360672138940706e-07,2.0354422278740643e-07,7.934192068533928e-07
2019-04-24,0.0,4.796270196991329e-06,9.196154849329856e-07,2.6189610927561385e-08,2.1498255355055477e-07,1.6078847596489808e-07,6.455346585027007e-07
2019-04-25,0.0,1.607442107557793e-06,1.8352590578549451e-06,5.2905641786505454e-08,1.7686366199001171e-07,1.3944686032128935e-07,7.127864849732089e-07
2019-04-26,0.0,0.0,1.52622556106591e-06,4.397448590215822e-08,1.7785019395224628e-07,1.5029285701435953e-07,7.055997344167716e-07
2019-04-27,0.0,1.6252959792828286e-06,1.2185769581978647e-06,1.7546133786985716e-08,1.5847907371801252e-07,2.0952360216617074e-07,6.153071787398372e-07
2019-04-28,0.0,0.0,0.0,1.7504227841108675e-08,7.94424670922888e-08,1.4519885362221034e-07,6.663665525409847e-07
2019-04-29,0.0,3.2574723503312475e-06,6.34592029434203e-07,0.0,1.792200186865864e-07,1.6689185919573682e-07,6.258776177845477e-07
2019-04-30,0.0,6.507738919239376e-06,0.0,2.6138494868824985e-08,7.987218158521874e-08,2.0717070633057085e-07,5.927124632365765e-07
2019-05-01,0.0,1.6163389373128332e-06,6.34469317952072e-07,2.6128840527112038e-08,1.2040800105260475e-07,1.900856587063875e-07,6.078714065970796e-07
2019-05-02,0.0,3.2147616565589633e-06,6.338520880737328e-07,4.3460596764344656e-08,1.8114152644068363e-07,2.2026312149902484e-07,6.25726867604217e-07
2019-05-03,0.0,1.5985834586684464e-06,9.499473658986191e-07,8.67549441587926e-09,2.0187685067339547e-07,2.9236012443540853e-07,5.947650650064491e-07
2019-05-04,0.0,0.0,3.1640386507161816e-07,3.463894814224311e-08,1.8225497383939697e-07,1.9493543459673117e-07,5.399609019583591e-07
2019-05-05,0.0,0.0,1.8168443666412189e-06,3.4579382544649296e-08,1.422081171171124e-07,1.0765537972975846e-07,4.655627830794553e-07
2019-05-06,0.0,1.5731470687704458e-06,1.209251298759724e-06,8.63081872853155e-09,1.426765866226904e-07,1.6839209450329683e-07,5.719358841801093e-07
2019-05-07,0.0,1.5574939938991706e-06,1.5092424323702792e-06,6.0323584369762e-08,2.249646518520159e-07,1.8882023723205837e-07,5.883243387507439e-07
2019-05-08,0.0,3.083993339450404e-06,9.042430000751084e-07,8.605352864072851e-09,1.6417871684646465e-07,1.8505273436527356e-07,5.897206819249962e-07
2019-05-09,0.0,3.0533070930064136e-06,9.030309657815952e-07,8.59391136063726e-09,2.0595399476131848e-07,1.6624572128455223e-07,5.412963177611243e-07
2019-05-10,0.0,1.5114630899080777e-06,8.999034304458437e-07,8.58332925549935e-09,1.2402311342139673e-07,1.2119737376217179e-07,6.268927646480074e-07
2019-05-11,0.0,0.0,1.1958211816040786e-06,6.001523843307851e-08,2.4897246480139495e-07,1.4637636939586233e-07,4.404928813285932e-07
2019-05-12,0.0,1.481534115480027e-06,1.7878360585925705e-06,2.569421727922189e-08,2.082696668449619e-07,1.5743097808247676e-07,4.562431271241512e-07
2019-05-13,0.0,0.0,0.0,1.7113458353509508e-08,2.5089972819480537e-07,1.222745509048378e-07,4.651020981044987e-07
2019-05-14,0.0,2.904395548904439e-06,1.4135694068608289e-06,0.0,1.4293338774315468e-07,1.7096932144832157e-07,7.122946106496166e-07
2019-05-15,0.0,0.0,2.8195353369859647e-07,1.7086551337663334e-08,2.148647745710501e-07,1.2817138373325546e-07,5.645993404145357e-07
2019-05-16,0.0,0.0,8.436641448400773e-07,1.7075661463731568e-08,1.1963941899104434e-07,1.8685419903711888e-07,6.472400115410171e-07
2019-05-17,0.0,1.4092788440462403e-06,1.0685379900545214e-06,2.5599718755263922e-08,2.8781155876211686e-07,1.014114047163315e-07,5.942148596007976e-07
2019-05-18,0.0,1.3952562852542e-06,1.0663667255836916e-06,0.0,1.6830175444917758e-07,1.6543853869275362e-07,6.294636382011636e-07
2019-05-19,0.0,0.0,1.0643020986740622e-06,2.557985073286908e-08,1.928345865936958e-07,1.280770903889167e-07,4.866581858071697e-07
2019-05-20,0.0,2.7352567194581573e-06,1.0623439028612214e-06,4.262292360664812e-08,1.933435945791155e-07,1.761176165142413e-07,6.929798388981034e-07
2019-05-21,0.0,0.0,0.0,3.375905474453238e-08,2.1810592922075252e-07,1.9216019525687866e-07,5.244962232200215e-07
2019-05-22,0.0,0.0,2.646865079661675e-07,5.013471980603001e-08,3.1593195878786775e-07,2.1778429616777457e-07,5.190332188083425e-07
2019-05-23,0.0,2.6544176665067136e-06,2.6427649922271534e-07,2.481793550451057e-08,1.458622794762873e-07,1.932303862520599e-07,5.53236204529602e-07
2019-05-24,0.0,0.0,5.277858366988332e-07,2.4570992920238266e-08,2.6544988417629867e-07,1.4362790218793756e-07,6.290304752678364e-07
2019-05-25,0.0,1.300928337555947e-06,0.0,5.6761850730045714e-08,1.4373389155765302e-07,1.6261695426739832e-07,7.135423830638886e-07
2019-05-26,0.0,0.0,1.5792293365117478e-06,3.211260621632963e-08,1.902550809465276e-07,1.8567928477497578e-07,7.236765997304507e-07
2019-05-27,0.0,1.2751682305395018e-06,4.990350363413207e-07,1.5896540222864826e-08,3.069364980762583e-07,1.1243313401787975e-07,6.922258960584263e-07
2019-05-28,0.0,1.2624800946478544e-06,7.481173595763065e-07,1.573836700483428e-08,2.578562322092292e-07,1.8536860910573632e-07,7.526568826591735e-07
2019-05-29,0.0,2.499836415635485e-06,5.777494806855866e-07,2.3372651454929364e-08,2.7929754751019083e-07,2.0769454883642945e-07,7.246135866397633e-07
2019-05-30,0.0,1.2374813138500137e-06,1.4392692613963846e-06,1.5426726458153376e-08,3.235462033338125e-07,1.5708176769239698e-07,6.749209928315698e-07
2019-05-31,0.0,1.2251681690449084e-06,5.723862964208389e-07,1.527322796518864e-08,4.6515352217981575e-07,1.6261231160891337e-07,7.865383554089976e-07
2019-06-01,0.0,1.220060885068326e-06,7.340872200535278e-07,7.569870302325962e-09,2.574354711768513e-07,1.6828226197605644e-07,7.359085644888544e-07
2019-06-02,0.0,0.0,7.304706038771879e-07,1.4989097668641162e-08,1.5369174141380382e-07,1.2337130765620087e-07,6.753254252666886e-07
2019-06-03,0.0,1.195902060897439e-06,1.3332688017555816e-06,2.9679907309776458e-08,2.2940635413557265e-07,1.6820176422300326e-07,9.376125127609967e-07
2019-06-04,0.0,2.368005273143593e-06,6.637634474167753e-07,2.2038440473301176e-08,3.043973826360343e-07,2.1864277163720245e-07,8.730949475686566e-07
2019-06-05,0.0,1.172221613496484e-06,2.2031962361787987e-07,1.4546102884455173e-08,3.281959052846146e-07,2.074325442826433e-07,8.025096216712263e-07
2019-06-06,0.0,0.0,4.3881359381892687e-07,2.160205011367971e-08,1.7589427651611742e-07,1.626002647379661e-07,7.215828880373771e-07
2019-06-07,0.0,1.1490100703707578e-06,4.3703182212715493e-07,1.4258070749126528e-08,2.2510963353874437e-07,2.1871539595883488e-07,7.643533920073863e-07
2019-06-08,0.0,0.0,6.529406309726852e-07,1.4116200574756597e-08,2.2059375443211098e-07,1.514653906814084e-07,7.452652126044739e-07
2019-06-09,0.0,1.1262581465935182e-06,0.0,2.0963613048311517e-08,1.3186230099485867e-07,1.739761069025983e-07,7.042849794708596e-07
2019-06-10,0.0,0.0,5.876294216831883e-07,6.918340537754237e-09,2.408661487291324e-07,1.684499068465864e-07,6.944144042512667e-07
2019-06-11,0.0,1.1039567410918915e-06,3.905449126527645e-07,2.0548505697671136e-08,2.4000883244995257e-07,1.8540795284259987e-07,7.660909312494232e-07
2019-06-12,0.0,0.0,5.840638985001857e-07,2.7125392866364184e-08,2.391755172540258e-07,1.6304990678814052e-07,7.446097063712415e-07
2019-06-13,0.0,0.0,1.9412294496593205e-07,0.0,1.5168753078763335e-07,1.5192793593361598e-07,7.439081033882455e-07
2019-06-14,0.0,8.496130394489122e-07,3.871546724428037e-07,0.0,2.1598232652260938e-07,1.4080183255286538e-07,8.052209661551403e-07
2019-06-15,0.0,8.411592484575209e-07,9.652554268590436e-07,3.228476117244645e-09,1.2917386734245702e-07,1.6913247678356785e-07,5.467303399519798e-07
2019-06-16,0.0,8.327895740919437e-07,9.627206989581461e-07,3.19635224314122e-09,1.1741231620022398e-07,1.8625163468155174e-07,8.247215550745163e-07
2019-06-17,0.0,1.1966147054869073e-06,0.0,6.329096013851491e-09,2.3427121139703229e-07,1.8082537718289185e-07,7.72755224688813e-07
2019-06-18,0.0,5.923540951145612e-07,9.534770851641285e-07,6.266120456296191e-09,1.3634904366415676e-07,2.6027546249717494e-07,7.415148169552329e-07
2019-06-19,0.0,0.0,5.693991178313086e-07,3.1018857580041522e-09,1.7492594875461732e-07,1.525171605234378e-07,7.226728051096917e-07
2019-06-20,0.0,0.0,1.8892297498347467e-07,6.142042958041846e-09,1.3577159319686272e-07,2.0867889373924826e-07,6.435674319691928e-07
2019-06-21,0.0,0.0,1.8806513647811455e-07,3.0404643047447897e-09,1.3550324796815277e-07,1.1263440961482674e-07,7.229509356427081e-07
2019-06-22,0.0,0.0,3.7445220928624736e-07,3.010211179432858e-09,1.9321207596737066e-07,1.6872102111489302e-07,8.420803703274234e-07
2019-06-23,0.0,2.3308451511669415e-07,3.7281159114923886e-07,8.940777233242166e-09,2.700143666883825e-07,1.1263136361739394e-07,6.541397932671794e-07
2019-06-24,0.0,0.0,3.7120825448202254e-07,2.950605004453251e-09,2.695588286841277e-07,1.3241829035894573e-07,7.139938478937543e-07
2019-06-25,0.0,0.0,5.142679687629454e-07,1.460622997059202e-08,1.1534153433744614e-07,1.520077261053061e-07,6.846832132097884e-07
2019-06-26,0.0,0.0,0.0,8.67653733245205e-09,1.1516939063124671e-07,1.3611628627230913e-07,8.242150095599451e-07
2019-06-27,0.0,0.0,3.403542327877604e-07,8.5902043435126e-09,1.9168127326680873e-07,1.454717664061155e-07,6.360736358031051e-07
2019-06-28,0.0,0.0,5.087397118668431e-07,8.504730382166031e-09,1.3400291130468745e-07,1.1980063941994466e-07,7.262035380695687e-07
2019-06-29,0.0,0.0,2.978042096366744e-07,8.420106900944979e-09,1.1472199862177899e-07,8.202483085272305e-08,5.178332428154844e-07
2019-06-30,0.0,0.0,2.9707744905976333e-07,0.0,1.7189374691679211e-07,8.172567147512764e-08,5.981799212689779e-07
2019-07-01,0.0,0.0,2.969137219733321e-07,1.1022272388048226e-08,3.2490217373317557e-07,9.374261231651073e-08,6.066015168930885e-07
2019-07-02,0.0,0.0,2.962451066883236e-07,2.7281497363312985e-09,1.7185188658917712e-07,1.3403311647390442e-07,6.372842082657928e-07
2019-07-03,0.0,0.0,0.0,2.701004192897639e-09,1.0252970443552529e-07,9.71486302005254e-08,5.966788669177473e-07
2019-07-04,0.0,0.0,1.4749834324567157e-07,2.674128752134113e-09,8.499491795664591e-08,8.472480203441516e-08,5.661652841217275e-07
2019-07-05,0.0,0.0,4.4162513510446653e-07,2.6475207264742486e-09,6.764553209038326e-08,8.847459782247244e-08,5.159332913497245e-07
2019-07-06,0.0,0.0,4.4079940335345105e-07,2.6211774550933066e-09,1.8508020966883334e-07,6.81535615883931e-08,6.640943542560818e-07
2019-07-07,0.0,0.0,1.46672583970035e-07,2.5950963036421953e-09,1.3392997401040992e-07,1.1191304173203972e-07,5.248541874299346e-07
2019-07-08,0.0,0.0,4.3928010260863267e-07,5.138549327968073e-09,1.332695522797689e-07,1.195546605989955e-07,6.53066875499393e-07
2019-07-09,0.0,0.0,4.385863816834891e-07,7.631129861800036e-09,9.946684321156067e-08,1.1921444633649472e-07,7.020469793667591e-07
2019-07-10,0.0,0.0,4.379365197620038e-07,0.0,1.9798293796101025e-07,1.4266338434156792e-07,5.237463920668988e-07
2019-07-11,0.0,0.0,2.9155363457162864e-07,0.0,1.4778899096826117e-07,9.808601385379372e-08,6.815141991557031e-07
2019-07-12,0.0,0.0,4.367681173625112e-07,0.0,8.6692556587375e-08,1.0099444337742976e-07,5.648828481859233e-07
2019-07-13,0.0,0.0,0.0,0.0,1.218618504220182e-07,1.2306403923127888e-07,5.833971662218783e-07
2019-07-14,0.0,0.0,5.810325707114881e-07,0.0,9.57773167922923e-08,1.0280210477183055e-07,5.655056784404168e-07
2019-07-15,0.0,0.0,4.3534297382989193e-07,0.0,5.226306252868438e-08,1.055488069879863e-07,6.845587538013982e-07
2019-07-16,0.0,0.0,1.449850180954459e-07,0.0,8.714863101896423e-08,1.0161744723531982e-07,7.033760213709291e-07
2019-07-17,0.0,0.0,2.8974042040711727e-07,0.0,8.720087275918048e-08,1.0060633674134326e-07,6.948657565465e-07
2019-07-18,0.0,0.0,1.0316130829721699e-07,0.0,6.980946772747222e-08,9.667571970120673e-08,5.367653079588948e-07
2019-07-19,0.0,0.0,0.0,0.0,6.113206597097912e-08,8.121169230597896e-08,5.832627644710854e-07
2019-07-20,0.0,0.0,1.6196973582901926e-07,0.0,8.646255964473007e-08,7.753206452080795e-08,5.08215393426192e-07
2019-07-21,0.0,0.0,8.01790550149586e-08,0.0,8.560224280179253e-08,6.823165119027173e-08,4.6844036347372914e-07
2019-07-22,0.0,0.0,1.587625201754503e-07,0.0,5.9325340378129424e-08,6.19233403409131e-08,3.840672361072495e-07
2019-07-23,0.0,0.0,7.859140335265176e-08,0.0,1.0068864579167973e-07,7.802733630327257e-08,4.304668338752658e-07
2019-07-24,0.0,0.0,3.1123762329362676e-07,0.0,6.645785135098761e-08,7.449198878726883e-08,3.9777137615855515e-07
2019-07-25,0.0,0.0,0.0,0.0,1.2336859627757287e-07,7.101927070283296e-08,3.7271633386260057e-07
2019-07-26,0.0,0.0,0.0,0.0,6.514189772505561e-08,6.219962286551996e-08,4.601809215877563e-07
2019-07-27,0.0,0.0,2.6761024610605376e-07,0.0,7.255544063939619e-08,6.693557204050978e-08,5.827235720696309e-07
2019-07-28,0.0,2.3555972380302265e-07,8.858970362057458e-08,0.0,6.941277405697772e-08,7.157111612826115e-08,4.767710823008955e-07
2019-07-29,0.0,0.0,2.639545527499549e-07,0.0,1.3798591076042724e-07,8.398100340625463e-08,4.719663044342502e-07
2019-07-30,0.0,0.0,8.73887967711413e-08,0.0,1.2736292410489488e-07,5.19658615377817e-08,5.046159157265467e-07
2019-07-31,0.0,0.0,2.60404444734397e-07,0.0,2.921741776864541e-08,5.659367183372436e-08,4.1301025699256543e-07
2019-08-01,0.0,2.4816139864980366e-07,1.7279492861188073e-07,0.0,4.84963775899277e-08,1.0455111923670358e-07,4.346592640853479e-07
2019-08-02,0.0,0.0,2.57478891917199e-07,0.0,9.643109473247851e-08,6.311635257230964e-08,3.608339333988176e-07
2019-08-03,0.0,0.0,8.526371300677833e-08,0.0,4.793953873746719e-08,5.2490200871698e-08,3.9040724934539196e-07
2019-08-04,0.0,0.0,0.0,0.0,1.239376426665484e-07,7.176521546419362e-08,3.623726324431415e-07
2019-08-05,0.0,0.0,2.5249220498905105e-07,0.0,4.740187633970402e-08,7.350117893720495e-08,4.5470492017645197e-07
2019-08-06,0.0,0.0,1.4035448368577978e-07,0.0,7.542427008644018e-08,7.947649456689194e-08,4.3917364139125315e-07
2019-08-07,0.0,0.0,1.3956452114699159e-07,0.0,1.0314298571392243e-07,7.251833410375932e-08,4.5501627138743777e-07
2019-08-08,0.0,0.0,1.3878851517662225e-07,0.0,7.460939232255549e-08,7.177023893165562e-08,3.468031486369558e-07
2019-08-09,0.0,0.0,7.930421200191115e-08,0.0,7.421316512730162e-08,9.353409629511591e-08,3.8150747838004964e-07
2019-08-10,0.0,2.715318206109321e-07,2.3710042898024343e-07,0.0,7.3824359310405e-08,7.677283493405784e-08,3.6686368933335805e-07
2019-08-11,0.0,0.0,1.5754128813015718e-07,0.0,4.590183499434994e-08,4.919481508739561e-08,4.1317171712059496e-07
2019-08-12,0.0,2.770171272471776e-07,3.1406275573383317e-07,0.0,4.566803564144786e-08,2.7722855799273467e-08,4.649508028845247e-07
2019-08-13,0.0,0.0,7.826858543616131e-08,0.0,2.7263281878100042e-08,6.135872477646549e-08,4.860966657622486e-07
2019-08-14,0.0,0.0,7.8029308862632e-08,0.0,5.4256937444477314e-08,5.540139786413532e-08,3.6384455389204836e-07
2019-08-15,0.0,0.0,7.779783528501357e-08,0.0,8.998789478618878e-08,5.143129851336233e-08,4.446549527088764e-07
2019-08-16,0.0,0.0,7.757414155575538e-08,0.0,6.268959155390223e-08,5.142358503988133e-08,3.830705752821032e-07
2019-08-17,0.0,0.0,7.735820530529811e-08,0.0,8.022076170283183e-08,3.9554626129044185e-08,3.2222539652763733e-07
2019-08-18,0.0,0.0,0.0,0.0,7.984864212223908e-08,5.9334905815247686e-08,3.4946877298923417e-07
2019-08-19,0.0,0.0,0.0,0.0,5.2989671648266195e-08,6.725631344055073e-08,4.0536285854540697e-07
2019-08-20,0.0,0.0,7.675672935457452e-08,0.0,6.154424993075652e-08,7.12303686824597e-08,3.512316256978424e-07
2019-08-21,0.0,3.0310501677975565e-07,0.0,0.0,9.628672546137739e-08,5.5420783669065605e-08,3.32077191653677e-07
2019-08-22,0.0,3.0615127284244174e-07,2.2918247245347241e-07,0.0,5.2794167600113426e-08,4.752489565589737e-08,2.976877686874271e-07
2019-08-23,0.0,0.0,0.0,0.0,7.028905774556478e-08,4.9532307272672365e-08,2.7684540478244944e-07
2019-08-24,0.0,0.0,1.521242885920065e-07,0.0,4.0945870576718694e-08,5.154704690282084e-08,2.3204314532276347e-07
2019-08-25,0.0,0.0,3.036302209132668e-07,0.0,4.673586905489974e-08,4.960158556702763e-08,2.8872065338131337e-07
2019-08-26,0.0,0.0,3.7880278489704767e-07,0.0,7.585683799938495e-08,4.368642357917858e-08,3.401092261078824e-07
2019-08-27,0.0,3.21847984257989e-07,2.2686340454800286e-07,0.0,2.914441328137385e-08,5.7641217982088684e-08,2.956786027569384e-07
2019-08-28,0.0,0.0,0.0,0.0,6.987848185325415e-08,3.9794173014170634e-08,3.608651424434707e-07
2019-08-29,0.0,0.0,3.0145985573034733e-07,0.0,2.9090566557345263e-08,5.378367782685537e-08,2.9785872195828317e-07
2019-08-30,0.0,3.316497146224449e-07,1.5049637905721898e-07,0.0,4.06952113260923e-08,2.364911373696335e-08,3.107332588942217e-07
2019-08-31,0.0,0.0,2.32606023334161e-07,0.0,3.485802773738282e-08,2.1611858778420678e-08,2.907002649472653e-07
2019-09-01,0.0,0.0,2.3337187395816356e-07,0.0,6.387301765887088e-08,2.872421447877337e-08,2.651266148518633e-07
2019-09-02,0.0,0.0,1.1700976572251726e-07,0.0,6.964642918608984e-08,2.437083401226308e-08,2.038514349072162e-07
2019-09-03,0.0,6.976790085646787e-07,1.1734529554003347e-07,0.0,4.0611764343078854e-08,4.102627494344475e-08,3.5536219921762395e-07
2019-09-04,0.0,0.0,3.5307767995467525e-07,0.0,4.6400578519485165e-08,3.315087668917391e-08,2.252854060950674e-07
2019-09-05,0.0,0.0,2.36103187567652e-07,0.0,4.639235217197087e-08,2.7504754156942696e-08,3.0232547211182976e-07
2019-09-06,0.0,3.5946324880983395e-07,2.341467415223135e-07,0.0,4.059016946104243e-08,4.10678335687906e-08,1.972236133737321e-07
2019-09-07,0.0,0.0,1.5766663693121747e-07,0.0,5.218854405734788e-08,2.6840370219844665e-08,1.7956586872265625e-07
2019-09-08,0.0,0.0,2.3887681946396265e-07,0.0,1.179914002781481e-08,2.5877842224011622e-08,1.854760246993453e-07
2019-09-09,0.0,0.0,0.0,0.0,1.7876585034815766e-08,3.3605895679895155e-08,1.82572603490048e-07
2019-09-10,0.0,0.0,1.6246830087897604e-07,0.0,4.514061925327501e-08,2.5143437441845353e-08,9.930037631720002e-08
2019-09-11,0.0,7.557866473664031e-07,2.4615170167303596e-07,0.0,4.559429001905323e-08,2.9205553167587156e-08,1.0492751684566442e-07
2019-09-12,0.0,0.0,0.0,0.0,3.070168016788582e-09,3.078164228525944e-08,9.195501910852535e-08
2019-09-13,0.0,3.8552727520876683e-07,1.6741619726446504e-07,0.0,1.550511859166888e-08,3.497737830002031e-08,1.0862141672238607e-07
2019-09-14,0.0,7.633824294524188e-07,3.3819751603913783e-07,0.0,9.396568574504998e-09,3.5328906796101665e-08,9.195501910852535e-08
2019-09-15,0.0,0.0,8.495088248725578e-08,0.0,2.5309348423190972e-08,4.3613738926148715e-08,1.110997237189388e-07
2019-09-16,0.0,0.0,1.7072176224753688e-07,0.0,3.132189524834999e-08,3.871242013321611e-08,1.0999426299751387e-07
2019-09-17,0.0,0.0,2.573382477585834e-07,0.0,1.2404094873335104e-08,4.179814065991073e-08,1.1646228802974886e-07
2019-09-18,0.0,0.0,1.7241305745672434e-07,0.0,3.6842016201462987e-08,3.5408828802939034e-08,8.984685888459785e-08
2019-09-19,0.0,3.6307591452099064e-07,1.7328452452381682e-07,0.0,2.127733534222484e-08,3.163799805074059e-08,1.215689191921608e-07
2019-09-20,0.0,0.0,8.708666009388299e-08,0.0,2.1065622318195e-08,4.8628642722068214e-08,7.779319849352485e-08
2019-09-21,0.0,3.5588652972311187e-07,3.5015906665775746e-07,0.0,1.4897154195679805e-08,2.5260361049057817e-08,8.719148290792108e-08
2019-09-22,0.0,0.0,8.800162728461227e-08,0.0,1.4748925034768513e-08,2.2679317242850897e-08,7.625278995564214e-08
2019-09-23,0.0,0.0,1.7694457628169714e-07,0.0,1.7522604934381807e-08,4.4382793330336786e-08,9.970913851499168e-08
2019-09-24,0.0,0.0,8.895179629962606e-08,0.0,2.8913753503561773e-08,4.9167123414352843e-08,8.743507132317856e-08
2019-09-25,0.0,0.0,8.944019971216031e-08,0.0,2.5763451164339177e-08,2.8634060213120507e-08,1.047158199524511e-07
2019-09-26,0.0,3.3852973885607196e-07,1.7987509443839904e-07,0.0,2.2672978259607836e-08,3.260151853659816e-08,8.985069611685443e-08
2019-09-27,0.0,0.0,3.617755542236353e-07,0.0,4.489475671304648e-08,1.1226827132914585e-08,8.895666675273875e-08
2019-09-28,0.0,0.0,2.7186930127654246e-07,0.0,1.9446020308732942e-08,3.751352438559548e-08,6.368249318589492e-08
2019-09-29,0.0,3.2852467304621787e-07,1.81622749361363e-07,0.0,3.025397441588342e-08,4.264251911186775e-08,8.451227729489257e-08
2019-09-30,0.0,0.0,9.100873014899334e-08,0.0,5.445989516490357e-09,2.859943864852768e-08,6.374961225567388e-08
2019-10-01,0.0,3.2482810159017007e-07,9.14780001409536e-08,0.0,1.888422939651537e-08,3.911566840553994e-08,8.773778978303487e-08
2019-10-02,0.0,0.0,2.750825978595251e-07,0.0,3.2050848299144904e-08,3.3384880174045166e-08,6.352797649585737e-08
2019-10-03,0.0,0.0,0.0,0.0,1.8510296600884792e-08,2.6442156052839457e-08,5.262715031212103e-08
2019-10-04,0.0,0.0,2.7646238581107634e-07,0.0,2.356214923588343e-08,2.0943241763266605e-08,5.8457586955891795e-08
2019-10-05,0.0,0.0,0.0,0.0,2.0735735052230645e-08,3.2398207852954276e-08,5.2843235182096616e-08
2019-10-06,0.0,0.0,0.0,0.0,2.3095587421268714e-08,2.052853779109656e-08,4.9826129720764704e-08
2019-10-07,0.0,0.0,1.858264040055284e-07,0.0,2.794706748382568e-08,3.556748199758016e-08,5.426338659104834e-08
2019-10-08,0.0,3.028677144544561e-07,9.318477460210122e-08,0.0,2.5153626832853088e-08,2.389492904046552e-08,4.0292592654850685e-08
2019-10-09,0.0,0.0,0.0,0.0,1.494200643843289e-08,2.6147399000167485e-08,6.165076992794398e-08
2019-10-10,0.0,0.0,9.375590355546811e-08,0.0,2.2189996485374222e-08,2.8352678321954595e-08,4.547879826806721e-08
2019-10-11,0.0,0.0,1.8811103404573854e-07,0.0,1.4646134887492916e-08,3.539332040481952e-08,4.3841374646927365e-08
2019-10-12,0.0,0.0,1.8872907224070516e-07,0.0,1.450040341043025e-08,3.020788877812293e-08,4.575136977136464e-08
2019-10-13,0.0,0.0,2.840489752502558e-07,0.0,3.110493096921673e-08,2.0336974378631897e-08,5.3426211734694074e-08
2019-10-14,0.0,0.0,1.900218315157915e-07,0.0,2.368879364219413e-08,3.197851110401125e-08,5.1744729175221246e-08
2019-10-15,0.0,2.8239198520637426e-07,9.534834093645804e-08,0.0,1.6417160345020854e-08,2.814250631295312e-08,5.1229860517323524e-08
2019-10-16,0.0,0.0,0.0,0.0,1.625380687022133e-08,2.3218736413686788e-08,4.846588755980614e-08
2019-10-17,0.0,2.768002492517489e-07,2.8815549219160067e-07,0.0,1.8390947188175677e-08,2.413709143254818e-08,4.686774522525259e-08
2019-10-18,0.0,0.0,9.641796569561243e-08,0.0,2.50359370334467e-08,1.8207179702844034e-08,4.087742677697641e-08
2019-10-19,0.0,0.0,9.679374253760943e-08,0.0,1.1266738771690248e-08,2.7039022856762946e-08,3.500167747860693e-08
2019-10-20,0.0,0.0,1.9166125741463996e-07,0.0,1.3385559417368687e-08,1.673123755254882e-08,3.89850805897164e-08
2019-10-21,0.0,5.318935124716221e-07,9.487709801976041e-08,0.0,6.626185437902738e-09,3.202520065081634e-08,4.395789096717812e-08
2019-10-22,0.0,0.0,1.8786611024213464e-07,0.0,1.530725884610245e-08,3.279987370357703e-08,4.45819783182631e-08
2019-10-23,0.0,0.0,4.649920280308206e-07,0.0,8.659970900422407e-09,2.5978807605776118e-08,4.8342035481463074e-08
2019-10-24,0.0,0.0,2.7621916802796153e-07,0.0,1.9291056188030632e-08,1.92902356133252e-08,3.8496910762743456e-08
2019-10-25,0.0,0.0,0.0,0.0,1.909910697180559e-08,1.6976261832848795e-08,4.326438173571486e-08
2019-10-26,0.0,0.0,0.0,0.0,2.3111082722681186e-08,2.311009965727966e-08,5.303244012201578e-08
2019-10-27,0.0,2.504592228446626e-07,1.104230194880794e-07,0.0,1.0400510730615354e-08,1.872012299204981e-08,3.02912068419891e-08
2019-10-28,0.0,0.0,2.1949144356094784e-07,0.0,1.6475238271603474e-08,1.8533854656042892e-08,4.1985726017162146e-08
2019-10-29,0.0,0.0,2.1815879747300302e-07,0.0,1.4272393547806583e-08,1.936885303877687e-08,3.068111411802416e-08
2019-10-30,0.0,0.0,6.505439023398156e-07,0.0,2.0186258370298005e-08,2.119466970263238e-08,3.723489075509628e-08
2019-10-31,0.0,0.0,2.1555882239765925e-07,0.0,1.1991241046118775e-08,1.7986096470394047e-08,4.2685091728343846e-08
2019-11-01,0.0,2.3877030132330395e-07,2.1443915387117845e-07,0.0,1.3874334966948174e-08,2.6742901742103804e-08,4.2056016688027765e-08
2019-11-02,0.0,0.0,3.197882009846649e-07,0.0,2.3547913761269672e-08,2.157369330823276e-08,4.2583860337637174e-08
2019-11-03,0.0,0.0,3.179496502491516e-07,0.0,1.1656804052242393e-08,2.135903147317139e-08,0.0
2019-11-04,0.0,0.0,1.8375006692351268e-07,0.0,2.3081633827938416e-08,2.5952529549751256e-08,0.0
2019-11-05,0.0,0.0,3.6567082429686656e-07,0.0,0.0,2.7597578867294314e-08,0.0
2019-11-06,0.0,0.0,1.8193904106693203e-07,0.0,0.0,1.8843433358237445e-08,0.0
2019-11-07,0.0,0.0,1.810608640411538e-07,0.0,0.0,2.145432877312449e-08,0.0
2019-11-08,0.0,0.0,1.8020079325266432e-07,0.0,0.0,1.9393823797203026e-08,0.0
2019-11-09,0.0,0.0,3.587174853873358e-07,0.0,0.0,1.7372199452259467e-08,0.0
2019-11-10,0.0,0.0,1.78534628158407e-07,0.0,0.0,1.3578428825973849e-08,0.0
2019-11-11,0.0,0.0,1.7772836723474125e-07,0.0,0.0,1.5235764028627694e-08,0.0
2019-11-12,0.0,0.0,1.7693987929590644e-07,0.0,0.0,3.0168331287168805e-08,0.0
2019-11-13,0.0,0.0,8.808454274622581e-08,0.0,0.0,9.663225444966598e-09,0.0
2019-11-14,0.0,0.0,4.3853977186088524e-07,0.0,0.0,0.0,0.0
2019-11-15,0.0,0.0,0.0,0.0,0.0,0.0,0.0
2019-11-16,0.0,0.0,8.698105344760474e-08,0.0,0.0,0.0,0.0
2019-11-17,0.0,0.0,2.2950365885038415e-07,0.0,0.0,0.0,0.0
2019-11-18,0.0,0.0,3.0504114884832686e-07,0.0,0.0,0.0,0.0
2019-11-19,0.0,0.0,2.2808094269892107e-07,0.0,0.0,0.0,0.0
2019-11-20,0.0,0.0,3.7900638674322506e-07,0.0,0.0,0.0,0.0
2019-11-21,0.0,0.0,0.0,0.0,0.0,0.0,0.0
2019-11-22,0.0,0.0,0.0,0.0,0.0,0.0,0.0
2019-11-23,0.0,0.0,2.2550868404054646e-07,0.0,0.0,0.0,0.0
2019-11-24,0.0,0.0,3.7487025352814435e-07,0.0,0.0,0.0,0.0
2019-11-25,0.0,0.0,3.7393018765979044e-07,0.0,0.0,0.0,2.3417554746742736e-08
2019-11-26,0.0,0.0,2.984220120974496e-07,0.0,0.0,0.0,2.4135617433316478e-08
2019-11-27,0.0,0.0,2.232972873877218e-07,0.0,0.0,0.0,2.1452802290656765e-08
2019-11-28,0.0,0.0,7.426679853905898e-08,0.0,0.0,0.0,1.8713623828360378e-08
2019-11-29,0.0,0.0,1.4821718938124088e-07,0.0,0.0,2.3957204257457586e-08,3.3326679594664204e-08
2019-11-30,0.0,0.0,1.6858375757647687e-07,0.0,0.0,2.285364604294154e-08,1.808683967979463e-08
2019-12-01,0.0,0.0,2.5284831823268586e-07,0.0,0.0,3.528904898285145e-08,2.121837925207906e-08
2019-12-02,0.0,0.0,8.425164892606038e-08,0.0,0.0,3.56437098213705e-08,3.1126887572330466e-08
2019-12-03,0.0,0.0,0.0,0.0,0.0,4.292538411068543e-08,2.3193234585178892e-08
2019-12-04,0.0,0.0,8.42146747251543e-08,0.0,0.0,2.9370729653424137e-08,2.3946915589492962e-08
2019-12-05,0.0,0.0,2.5262646193489666e-07,0.0,0.0,2.6840585594413072e-08,2.8919939892988717e-08
2019-12-06,0.0,0.0,8.421138751701558e-08,0.0,6.986088791542554e-09,4.280579678569553e-08,3.399050486804637e-08
2019-12-07,0.0,0.0,1.6844475119598738e-07,0.0,7.056300151162389e-09,3.170640161007932e-08,3.0577040029859244e-08
2019-12-08,0.0,0.0,8.424178598671715e-08,0.0,1.5442303817801494e-08,1.601252812194918e-08,2.8717021977688188e-08
2019-12-09,0.0,0.0,8.747438257802656e-08,0.0,9.59846249312916e-09,3.9698484639581547e-08,2.7911080663828456e-08
2019-12-10,0.0,0.0,1.3253027210778027e-07,0.0,6.059330403085142e-09,2.5246549545717023e-08,3.5377683686901483e-08
2019-12-11,0.0,0.0,1.338622234861737e-07,0.0,4.896182148843462e-09,4.5000496918147423e-08,3.182491270598944e-08
2019-12-12,0.0,0.0,0.0,0.0,2.9030524104315036e-08,3.939239150690601e-08,2.988898587709748e-08
2019-12-13,0.0,0.0,1.8208855970607398e-07,0.0,5.445567348390811e-08,3.213669708043473e-08,3.189820773644838e-08
2019-12-14,0.0,0.0,2.265232540610957e-07,0.0,4.654096793170194e-08,2.473118190904868e-08,2.5314763613766935e-08
2019-12-15,0.0,0.0,4.509169220075501e-08,0.0,3.418815449867232e-08,5.5176402830049804e-08,8.419741084526867e-08
2019-12-16,0.0,0.0,1.346497283882625e-07,0.0,3.8848220059143753e-08,4.577898223731031e-08,1.0957541914971737e-07
2019-12-17,0.0,0.0,1.1692605598776425e-07,0.0,4.7958351419807496e-08,7.237419442080798e-08,1.0902477981719889e-07
2019-12-18,0.0,0.0,1.1680412773814162e-07,0.0,1.3211002053997583e-08,5.8887373551451555e-08,8.676160375265411e-08
2019-12-19,0.0,0.0,1.750408199979449e-07,0.0,3.1135474607975606e-08,6.973423623527276e-08,8.089252833863877e-08
2019-12-20,0.0,0.0,1.1659530174436333e-07,0.0,4.941890066147672e-08,4.7647257944154535e-08,8.851430441132816e-08
2019-12-21,0.0,2.3685967396917885e-07,2.9127095779358556e-07,0.0,3.6302231905629417e-08,3.76639206633358e-08,9.112319349769321e-08
2019-12-22,0.0,1.435440919608424e-06,1.746496731388613e-07,0.0,8.250091965407073e-08,4.0155918767883124e-08,1.0245850589127722e-07
2019-12-23,0.0,9.665782271266269e-07,2.3273898228590267e-07,2.572513243620426e-09,2.777668922706389e-08,4.2694202590440664e-08,1.0173419318120965e-07
2019-12-24,0.0,0.0,1.744762558591265e-07,2.598367431545046e-09,4.2083774392261344e-08,5.3904108074999896e-08,1.1515830212681895e-07
2019-12-25,0.0,9.861044025552706e-07,3.4883144554961854e-07,1.3122407291890673e-08,4.2506723356435996e-08,5.662368750238375e-08,1.0915777539328736e-07
2019-12-26,0.0,4.980074582816925e-07,1.7437263140811644e-07,3.648525356222822e-08,3.816348713632772e-08,1.0027217916198065e-07,1.0663991683929561e-07
2019-12-27,0.0,5.030125164465854e-07,2.324626365998339e-07,1.8425968228318425e-08,4.3365416128382605e-08,7.813023272983455e-08,1.588290665501592e-07
2019-12-28,0.0,1.524203628846904e-06,5.811291944488968e-08,1.86111522877006e-08,3.89344407165754e-08,7.306986539175399e-08,1.2538990935704744e-07
2019-12-29,0.0,1.0263480866580738e-06,2.3246396432077186e-07,1.253213165188059e-08,3.9325738351105626e-08,7.97085681275795e-08,1.4900011634912294e-07
2019-12-30,0.0,0.0,4.06874120541241e-07,0.0,5.9581452888363756e-08,8.945516950589051e-08,1.4673515260364228e-07
2019-12-31,0.0,7.853112700068478e-07,1.3695475972466908e-07,3.196324376160075e-08,6.01802564450093e-08,8.433059497890282e-08,1.482098654044298e-07
2020-01-01,0.0,7.735743337077265e-07,7.597954732629909e-07,6.325994891691292e-09,6.933960224790882e-08,9.250061544298478e-08,1.2683839476881302e-07
2020-01-02,0.0,5.208992566756754e-07,5.454102369163857e-07,1.9168716591979144e-08,7.503908232433934e-08,1.084996591938292e-07,1.5917087318139447e-07
2020-01-03,0.0,2.630671906196424e-07,8.770623407684249e-07,2.5815153862023467e-08,4.5475942583724965e-08,1.2785511538018623e-07,1.6273118372316383e-07
2020-01-04,0.0,7.971331795191978e-07,4.4077800471779845e-07,2.607460047164031e-08,2.5518324113889682e-08,9.224291475165906e-08,1.5050441093389566e-07
2020-01-05,0.0,2.683815003872332e-07,3.323016879143794e-07,1.316832728151661e-08,8.763427761880357e-08,8.695864002676097e-08,1.620181241877044e-07
2020-01-06,0.0,5.421575586168493e-07,3.3405310273612037e-07,1.3300671170914861e-08,7.289471967743653e-08,9.410634523761637e-08,1.4950414903799533e-07
2020-01-07,0.0,5.476063326668932e-07,4.477838975286847e-07,2.01515177077712e-08,1.1450463162963399e-07,1.0138893837966379e-07,1.4896605975998728e-07
2020-01-08,0.0,1.106219735613088e-06,2.2510421841939145e-07,3.3923406379556446e-08,5.7827711154711465e-08,1.280098926885823e-07,1.3809635572438132e-07
2020-01-09,0.0,8.380030715908529e-07,4.526779973677398e-07,6.852868456347027e-09,1.387211121205394e-07,1.1313436181121286e-07,1.6030279152732395e-07
2020-01-10,0.0,3.976407632132372e-07,5.689910325920831e-07,1.3843481858678277e-08,9.586835116741483e-08,1.2733096745613357e-07,1.6822219362725415e-07
2020-01-11,0.0,0.0,3.433148808311469e-07,3.4956527910961606e-08,9.683184411473104e-08,1.1212211816507488e-07,1.401781051938905e-07
2020-01-12,0.0,0.0,1.2529498917665666e-07,2.8246277485719327e-08,1.0532848342924085e-07,1.1657981607430191e-07,1.480226875986599e-07
2020-01-13,0.0,4.097507273378171e-07,5.042423715222596e-07,0.0,6.079260130652957e-08,1.0765848018696249e-07,1.7117850560812532e-07
2020-01-14,0.0,8.277375812208431e-07,6.3419401374406e-07,1.4408445070849219e-08,1.0745625993749742e-07,1.1213860546027121e-07,1.6515103202987306e-07
2020-01-15,0.0,0.0,6.381484830151667e-07,1.455325235123431e-08,6.202069331663376e-08,1.2699478290073043e-07,1.5910208156438022e-07
2020-01-16,0.0,4.2222949477600485e-07,5.953747305297505e-07,3.67487874224557e-08,1.2528802329428376e-07,1.0053680943090033e-07,1.6614657870549934e-07
2020-01-17,0.0,2.9053349776405302e-06,4.495959306682459e-07,4.454174265143034e-08,1.107287902542819e-07,1.0855047779577554e-07,1.3596701886787925e-07
2020-01-18,0.0,9.78178026533765e-07,9.054115468138206e-07,2.2494697303648613e-08,6.390950462706583e-08,7.337857305280813e-08,1.5700608841543178e-07
2020-01-19,0.0,1.4820133187077369e-06,9.097227742094737e-07,2.2720772770058066e-08,5.6482830098479984e-08,1.150761690386355e-07,2.084149539033111e-07
2020-01-20,0.0,1.9958770669089488e-06,7.617708122005436e-07,3.824853388779761e-08,1.0595091367409041e-07,1.6010043454407912e-07,2.244473760067008e-07
2020-01-21,0.0,2.5199199561385544e-06,7.655154902758905e-07,6.953928847936998e-08,7.408781865639367e-08,9.0326076573905e-08,2.1659084218854352e-07
2020-01-22,0.0,5.090491145472952e-07,9.232040646458358e-07,4.682544663166788e-08,9.977655148372262e-08,1.352544538065637e-07,2.0563753697117911e-07
2020-01-23,0.0,1.0283302864050867e-06,3.0929395404546903e-07,3.9413375161755785e-08,1.0077932249721614e-07,1.4195810386474058e-07,2.1281813848740448e-07
2020-01-24,0.0,3.115995532803505e-06,6.217682990576195e-07,2.3885691700489458e-08,1.27240214408678e-07,1.0716913523113243e-07,2.1702859998763028e-07
2020-01-25,0.0,1.5736559042708506e-06,1.562527168430872e-07,1.60838312620002e-08,1.0236919128796338e-07,1.0011062999338883e-07,2.624564003538835e-07
2020-01-26,0.0,1.0596476060278402e-06,7.853949216183244e-07,3.249095290707374e-08,1.0295644805342107e-07,9.997627365891766e-08,2.3475636571084568e-07
2020-01-27,0.0,1.605445862278138e-06,7.896047991678724e-07,2.461311930938525e-08,9.492450050369132e-08,1.0673825400306594e-07,2.8422821008499294e-07
2020-01-28,0.0,1.0810539076257461e-06,6.351149102842748e-07,4.143414211817855e-08,1.0416190853189205e-07,1.2381212071371532e-07,2.637544797658616e-07
2020-01-29,0.0,5.459593400121888e-07,1.4368713598227245e-06,1.6740224867782166e-08,8.731686065996479e-08,1.0994001895090121e-07,2.691935775364042e-07
2020-01-30,0.0,2.205785290401894e-06,9.632519065594733e-07,1.690846692472992e-08,1.1419312142617143e-07,8.58092293618149e-08,2.220241644530433e-07
2020-01-31,0.0,5.569884502805583e-07,6.457905994869991e-07,4.2695999606151465e-08,1.1367780352275366e-07,8.916585590918968e-08,2.0454225246477896e-07
2020-02-01,0.0,1.1182706732885388e-06,1.6217387431807324e-06,5.157239042566038e-08,3.468562029139058e-08,6.477121123022578e-08,2.7015141319871664e-07
2020-02-02,0.0,1.694264220600621e-06,2.862574263951805e-07,3.4727134377578807e-08,6.043561622475448e-08,1.2945821752978892e-07,2.5663375540810127e-07
2020-02-03,0.0,0.0,5.771230675842003e-07,7.892133273096262e-08,1.375484355464254e-07,1.0514827606794412e-07,2.8667088693603927e-07
2020-02-04,0.0,1.7284906282161405e-06,8.726834927486034e-07,2.657150177047134e-08,1.455328293476723e-07,1.2833754208126005e-07,2.899084339825909e-07
2020-02-05,0.0,5.819540826110437e-07,1.1694767072870898e-06,3.578473307058912e-08,1.1935823474357185e-07,9.416582946371707e-08,2.2082179250073385e-07
2020-02-06,0.0,7.025933887907216e-07,5.87746186444002e-07,4.5180469521263625e-08,1.0189529148423575e-07,1.0717322388274004e-07,2.812252074877492e-07
2020-02-07,0.0,7.096545697403e-07,1.1816255887057874e-06,4.563454078889349e-08,6.766247615393328e-08,1.3679422278052758e-07,2.390087092798695e-07
2020-02-08,0.0,2.867146866952934e-06,7.424231050419579e-07,2.7655905329178688e-08,6.74015242890437e-08,2.180364227978573e-07,2.992217282045315e-07
2020-02-09,0.0,1.4329908753776087e-06,1.343528028129583e-06,2.793385179860087e-08,7.554072671184506e-08,1.522585001232299e-07,3.0254586832643206e-07
2020-02-10,0.0,7.162758087802254e-07,1.0506446386380514e-06,5.6429183352962385e-08,7.526229273413794e-08,1.778160903320919e-07,2.681249737461828e-07
2020-02-11,0.0,2.8645112321976928e-06,3.018365995756342e-07,5.650431034323573e-08,9.998851339789738e-08,2.2048769280168355e-07,2.6022456116999195e-07
2020-02-12,0.0,2.864205682784804e-06,6.070384011894851e-07,8.487763171744569e-08,1.7436527864864734e-07,2.6212720080568566e-07,4.2634189261055503e-07
2020-02-13,0.0,2.1481399172452805e-06,1.0683125382539538e-06,5.6671523835960774e-08,7.447204093891885e-08,2.0196095037026449e-07,3.407563533169008e-07
2020-02-14,0.0,3.5805673136396733e-06,3.06975630448685e-07,3.7405088501403315e-08,1.6494122795619074e-08,2.024905364258848e-07,4.120317260657951e-07
2020-02-15,0.0,2.148755694951436e-06,4.631247073940771e-07,1.8516450826093637e-08,8.220276293196001e-08,2.7366310968785225e-07,3.478176835918018e-07
2020-02-16,0.0,2.8658478387722643e-06,7.763871366196746e-07,1.0082714984099256e-07,9.7049653060894e-08,2.655789276368703e-07,3.2690256012541304e-07
2020-02-17,0.0,2.1502310035860304e-06,1.093368360387157e-06,2.7224700801130135e-08,1.8064899050066663e-07,3.55132194597285e-07,4.042357699747311e-07
2020-02-18,0.0,0.0,1.5712915246485025e-06,2.695381050202973e-08,1.810809760806929e-07,2.8495573268865113e-07,4.2176452375089024e-07
2020-02-19,0.0,7.175221444307293e-07,1.1042204080534716e-06,3.5580820808588155e-08,1.8153106990922856e-07,3.215634811989828e-07,4.998470663848987e-07
2020-02-20,0.0,2.8720759627152412e-06,6.281884241437854e-07,8.80669643155041e-09,1.6799936953479832e-07,2.060952820556789e-07,5.453538823236435e-07
2020-02-21,0.0,2.155762918272931e-06,9.381848660058115e-07,2.6157205013807626e-08,9.826156532026193e-08,2.876769928359635e-07,5.559419474321004e-07
2020-02-22,0.0,2.8769125901303114e-06,1.5569681917739482e-07,6.90584972673684e-08,2.111428385363752e-07,2.3452121194160135e-07,5.509244876278516e-07
2020-02-23,0.0,1.4398811581099146e-06,7.752253191607662e-07,5.127851530389408e-08,1.4116419627847333e-07,2.443794087329428e-07,4.6676778644720826e-07
2020-02-24,0.0,1.4414500104703894e-06,3.0881762624499904e-07,5.9229666476778595e-08,9.910643171563978e-08,2.724911078396324e-07,6.282931733679518e-07
2020-02-25,0.0,2.886326018066248e-06,7.689400171141625e-07,1.6754377556672376e-08,2.1301679306166167e-07,1.7320196614321967e-07,6.316550218424223e-07
2020-02-26,0.0,0.0,7.659128632583244e-07,2.488150307183142e-08,1.985745409514889e-07,2.6534015678279143e-07,6.109630729399342e-07
2020-02-27,0.0,0.0,6.103698410616597e-07,3.2845237306261484e-08,2.408575372836922e-07,2.0205554987662454e-07,4.769056329557017e-07
2020-02-28,0.0,2.1737530006884722e-06,7.60088036261762e-07,4.877763260177423e-08,1.1322961516404309e-07,2.858182706859167e-07,5.283273555360467e-07
2020-02-29,0.0,1.4439650026069156e-06,1.514579561266968e-07,2.4146143524032288e-08,1.2726655870088367e-07,2.591810832028359e-07,6.130419615744473e-07
2020-03-01,0.0,2.8662312515398295e-06,9.066630679876789e-07,3.1914707952531146e-08,1.2737516909767427e-07,3.0704390619612795e-07,5.659587421533326e-07
2020-03-02,0.0,0.0,7.512360321846552e-07,5.5295014779474246e-08,7.071316731204893e-08,2.4291233251661385e-07,7.158086233888036e-07
2020-03-03,0.0,2.846934514995369e-06,1.1951914111074593e-06,3.1282754394043576e-08,1.978743848696038e-07,3.5652122621239496e-07,7.524310636325161e-07
2020-03-04,0.0,7.094284164350707e-07,2.971311727141443e-07,1.548574289351945e-08,1.130123936393448e-07,2.072934878412676e-07,7.959685815074202e-07
2020-03-05,0.0,1.4143882951082698e-06,4.4324130902445794e-07,2.2997485765816943e-08,1.4120626442985726e-07,2.9110819585800386e-07,8.796249254943897e-07
2020-03-06,0.0,2.82012239470914e-06,4.388309843104282e-07,2.2768656959095925e-08,8.469669453278928e-08,2.9265772584066737e-07,9.53002089488528e-07
2020-03-07,0.0,7.010713171339279e-07,7.241075717675386e-07,7.514035012348251e-09,1.552431836041136e-07,2.4896936463367457e-07,7.873475457838866e-07
2020-03-08,0.0,0.0,2.867610324179862e-07,2.2317807344282447e-08,7.055664470265617e-08,2.2230508031889631e-07,8.461002625437605e-07
2020-03-09,0.0,6.933626882744143e-07,2.638995415877734e-07,1.473049430056853e-08,1.4111052334432952e-07,3.6649598605784304e-07,8.650748905707262e-07
2020-03-10,0.0,6.896125700889478e-07,3.919105459131851e-07,2.1875885149981414e-08,1.5523405529860102e-07,2.871996340943075e-07,1.1291966672584463e-06
2020-03-11,0.0,3.4296570686758472e-06,3.880109708258947e-07,7.219405485284997e-09,1.2703259327999855e-07,3.1004523727587173e-07,1.0681416385593402e-06
2020-03-12,0.0,2.046956553283128e-06,7.683003943180606e-07,0.0,1.5530558794329288e-07,2.2909889615167186e-07,8.408750840059431e-07
2020-03-13,0.0,0.0,3.80327838832008e-07,4.24587100724392e-08,2.1186088380200493e-07,3.043078025635838e-07,1.0130158760861156e-06
2020-03-14,0.0,1.3505961374758958e-06,6.275725226763499e-07,4.203623884842256e-08,1.2717756400412522e-07,2.855036203650213e-07,9.080766422404558e-07
2020-03-15,0.0,2.6875565877529078e-06,3.727968430447598e-07,2.774531418888071e-08,2.084103387381114e-07,3.0902693627234175e-07,8.989889866597763e-07
2020-03-16,0.0,1.3370948292262184e-06,2.4605830165245275e-07,2.0601932775014837e-08,2.087413297857786e-07,3.9734521847850613e-07,9.463348425110239e-07
2020-03-17,0.0,0.0,4.872199612872269e-07,1.3597960079209983e-08,1.4375157165900856e-07,3.5716205520374996e-07,7.669895834300728e-07
2020-03-18,0.0,1.3241283767364005e-06,2.411860208358475e-07,6.731329057874834e-09,9.164136187007048e-08,3.490626407444018e-07,8.998946042275376e-07
2020-03-19,0.0,6.589220461203817e-07,2.387861798311543e-07,1.3328702429319846e-08,2.492083837852641e-07,3.078435722442032e-07,7.613980151403288e-07
2020-03-20,0.0,0.0,2.364102176434332e-07,1.979411943636037e-08,1.577057995294491e-07,3.546149925152186e-07,1.0114577092471875e-06
2020-03-21,0.0,6.528351322583784e-07,4.6811579334897135e-07,0.0,1.0385911186082018e-07,3.4627408948440406e-07,8.865884178828989e-07
2020-03-22,0.0,6.498897519477349e-07,1.1586449084512726e-07,6.467389870265297e-09,1.46190206513339e-07,2.927512209466849e-07,9.35713939637215e-07
2020-03-23,0.0,0.0,6.882697193919014e-07,6.403038265847211e-09,1.2599337905486283e-07,3.178089248592239e-07,8.97205465528626e-07
2020-03-24,0.0,0.0,2.2714044041951286e-07,1.9017980911774784e-08,1.2669346625547827e-07,2.98354075533805e-07,8.407639331863385e-07
2020-03-25,0.0,0.0,1.1244017763752577e-07,6.276249613315824e-09,1.3802340815065565e-07,3.7114711380309284e-07,7.774937149567653e-07
2020-03-26,0.0,1.2775105555618553e-06,9.798259858783025e-08,6.213799886231611e-09,2.028752237918347e-07,4.16107867565564e-07,8.25174340553568e-07
2020-03-27,0.0,6.32399556573411e-07,0.0,1.2303943088628415e-08,9.66525232122509e-08,4.758545528293667e-07,8.312860352565325e-07
2020-03-28,0.0,0.0,0.0,0.0,1.080176906002024e-07,4.0791432081427215e-07,6.955349509073291e-07
2020-03-29,0.0,0.0,1.9017355033007246e-07,6.030154345957696e-09,6.5192694360854e-08,2.827541319181997e-07,6.86448351489212e-07
2020-03-30,0.0,7.791594590064225e-07,0.0,2.388061323078896e-08,1.0930215614225014e-07,3.55270397792498e-07,8.357135275450315e-07
2020-03-31,0.0,0.0,0.0,5.9107492897426985e-09,8.796860159182127e-08,1.9999484849292774e-07,8.856066266863812e-07
2020-04-01,0.0,3.827424037557956e-07,9.242485029793493e-08,6.774455008264513e-09,1.2173410352574054e-07,3.154288333575682e-07,9.777884480670503e-07
2020-04-02,0.0,3.7893405320718246e-07,0.0,6.7070480546735e-09,8.907859981295558e-08,3.002209977028574e-07,6.00765651162994e-07
2020-04-03,0.0,3.751635963796694e-07,0.0,9.960467717215767e-09,5.6020133804286874e-08,2.4235593318607956e-07,6.768094715074253e-07
2020-04-04,0.0,1.114291968673295e-06,8.969328316052045e-08,0.0,1.0146914061397298e-07,3.3950645532362255e-07,7.092071682392894e-07
2020-04-05,0.0,0.0,1.7760164016298062e-07,0.0,6.807479158589927e-08,2.7098882321765426e-07,7.716033948109422e-07
2020-04-06,0.0,0.0,0.0,0.0,6.739743609212883e-08,3.6503943473415205e-07,8.792999022249347e-07
2020-04-07,0.0,0.0,0.0,0.0,1.1121136733022053e-07,3.777723313488908e-07,9.28123872222563e-07
2020-04-08,0.0,0.0,8.617635922352696e-08,0.0,1.101047957363025e-07,2.82767269835511e-07,9.022553137363946e-07
2020-04-09,0.0,0.0,0.0,0.0,1.4171200512782612e-07,3.0911295556216594e-07,7.402401100474537e-07
2020-04-10,0.0,0.0,6.893766269998326e-08,0.0,7.55472022938045e-08,3.48806206667226e-07,7.098713528692011e-07
2020-04-11,0.0,3.4631964838727086e-07,0.0,0.0,9.616563652010903e-08,2.6785789040257167e-07,8.157505757107413e-07
2020-04-12,0.0,3.4287371030988786e-07,3.3786302759696094e-08,0.0,1.586812874151948e-07,4.0114515022545343e-07,1.0037996512601822e-06
2020-04-13,0.0,3.394620598892649e-07,3.345012343023617e-08,0.0,9.426142933471053e-08,3.337863164136339e-07,1.0050062673442067e-06
2020-04-14,0.0,0.0,0.0,0.0,8.295423328159033e-08,4.399802702449275e-07,1.0990479020433923e-06
2020-04-15,0.0,0.0,9.836329982479414e-08,0.0,1.0266103108653524e-07,3.4619914035320874e-07,1.3484310283333837e-06
2020-04-16,0.0,3.294294398287133e-07,0.0,0.0,5.815379163623664e-08,3.8567967646292853e-07,1.1231694349677256e-06
2020-04-17,0.0,3.261515621344992e-07,0.0,0.0,4.9350130064005585e-08,3.321144191427207e-07,1.3358420282700656e-06
2020-04-18,0.0,3.2290629986829236e-07,6.363748332004282e-08,0.0,6.514545075382472e-08,2.6542365623575794e-07,8.418103483191297e-07
2020-04-19,0.0,2.0737119868032113e-07,0.0,0.0,6.449724268833879e-08,1.7236850783369754e-07,7.673024966537569e-07
2020-04-20,0.0,2.053078207778176e-07,3.118868836144337e-08,0.0,8.780129105119565e-08,4.239480027288042e-07,1.0386894456373868e-06
2020-04-21,0.0,0.0,2.085819093973945e-08,0.0,7.11226256794352e-08,3.044960577335075e-07,1.3258475707833872e-06
2020-04-22,0.0,0.0,0.0,0.0,6.259106109309255e-08,3.1754080525065185e-07,1.2478242510980031e-06
2020-04-23,0.0,0.0,0.0,0.0,6.971430333307535e-08,4.099470329380201e-07,1.3550657020282736e-06
2020-04-24,0.0,3.9451517195741015e-07,0.0,0.0,9.9696471947006e-08,3.8169915832247434e-07,1.144925898628532e-06
2020-04-25,0.0,0.0,0.0,0.0,4.5555911758390105e-08,3.275324565640218e-07,1.1872697474251069e-06
2020-04-26,0.0,1.3719055916559954e-07,0.0,0.0,4.5102622862685893e-08,3.5213040154021055e-07,1.2522392471776398e-06
2020-04-27,0.0,0.0,0.0,0.0,4.4653844266853595e-08,4.4144713900169356e-07,1.4276570716301194e-06
2020-04-28,0.0,2.689480081686652e-07,0.0,0.0,5.157778627476958e-08,2.456112980911893e-07,1.4899998865395055e-06
2020-04-29,0.0,1.3313596538727843e-07,0.0,0.0,4.3769638908416364e-08,3.346557284490271e-07,1.3335675015870537e-06
2020-04-30,0.0,0.0,0.0,0.0,5.055647767862852e-08,3.7003676217232505e-07,1.0906973899651565e-06
2020-05-01,0.0,0.0,0.0,0.0,3.577610966303381e-08,2.9245307525142335e-07,1.2162167669827784e-06
2020-05-02,0.0,0.0,0.0,0.0,2.8336105139262897e-08,2.919725940994472e-07,1.3438376263575926e-06
2020-05-03,0.0,0.0,0.0,0.0,6.31218514100089e-08,3.2220776418179144e-07,7.788100246230933e-07
2020-05-04,0.0,1.2656460183841373e-07,0.0,0.0,6.943753166046556e-08,4.136672546169882e-07,1.409628487980751e-06
2020-05-05,0.0,0.0,0.0,0.0,1.3749323335279303e-08,4.2840907503600154e-07,1.3024892586206967e-06
2020-05-06,0.0,0.0,0.0,0.0,8.848134933466939e-08,3.667480519622301e-07,1.0908899133024432e-06
2020-05-07,0.0,0.0,0.0,0.0,4.716973972237235e-08,4.27379167171826e-07,8.799634608412489e-07
2020-05-08,0.0,1.2160193281686663e-07,0.0,0.0,7.338633181019842e-08,3.9643346351816184e-07,1.339293755807048e-06
2020-05-09,0.0,0.0,0.0,0.0,5.28408186241078e-08,2.5895870298002605e-07,1.3796317629924578e-06
2020-05-10,0.0,0.0,0.0,0.0,1.9618141385237956e-08,3.652754917678447e-07,1.232076264749375e-06
2020-05-11,0.0,0.0,0.0,0.0,4.5320187772819184e-08,3.3458219138757547e-07,1.001465943931886e-06
2020-05-12,0.0,0.0,0.0,0.0,4.486924436996072e-08,4.407498745799224e-07,1.1049008322167848e-06
2020-05-13,0.0,0.0,0.0,0.0,3.1730562806378854e-08,4.2531388165247587e-07,1.1041268423460876e-06
2020-05-14,0.0,2.2904077508443912e-07,0.0,0.0,5.654670917620126e-08,4.982303235269929e-07,1.1659234509521714e-06
2020-05-15,0.0,0.0,0.0,0.0,5.598406001896062e-08,3.751876374326619e-07,9.156234269928285e-07
2020-05-16,0.0,0.0,0.0,0.0,3.079278295243078e-08,3.8788420231449015e-07,1.206473430147263e-06
2020-05-17,0.0,0.0,0.0,0.0,1.8291833785636984e-08,4.464683293178126e-07,1.4885552047863193e-06
2020-05-18,0.0,0.0,0.0,0.0,4.8292871995832836e-08,3.9187282602475873e-07,1.3008673470061593e-06
2020-05-19,0.0,0.0,0.0,0.0,4.1835806154401145e-08,2.4690005755721095e-07,1.2549749161852386e-06
2020-05-20,0.0,0.0,0.0,0.0,6.508783745817142e-08,3.7492219911213277e-07,1.1379733594556493e-06
2020-05-21,0.0,0.0,0.0,0.0,3.514920144793935e-08,2.1318065291291606e-07,1.1869577719039528e-06
2020-05-22,0.0,0.0,0.0,0.0,5.799910174991396e-08,3.049197282525895e-07,1.1536811952278994e-06
2020-05-23,0.0,0.0,0.0,0.0,1.0335960188118611e-07,1.3819319850015922e-07,1.4232379786926389e-06
2020-05-24,0.0,0.0,0.0,0.0,6.25357068470741e-08,2.021071652700908e-07,1.2260728606891994e-06
2020-05-25,0.0,0.0,0.0,0.0,5.0656472318726526e-08,2.656811056873659e-07,1.5644022440419062e-06
2020-05-26,0.0,0.0,0.0,0.0,0.0,2.1015241895993844e-07,1.546097353441114e-06
2020-05-27,0.0,0.0,0.0,0.0,0.0,2.278404916027248e-07,1.5053595707605307e-06
2020-05-28,0.0,0.0,0.0,0.0,0.0,2.727326701160622e-07,1.4645244505471982e-06
2020-05-29,0.0,0.0,0.0,0.0,0.0,2.358061539627249e-07,1.242806984344731e-06
2020-05-30,0.0,0.0,0.0,0.0,0.0,1.900238102835407e-07,1.1243470701263765e-06
2020-05-31,0.0,0.0,0.0,0.0,0.0,2.798972380843876e-07,1.2488525478419289e-06
2020-06-01,0.0,0.0,0.0,0.0,0.0,1.8922859400287892e-07,1.2473318578156482e-06
2020-06-02,0.0,0.0,0.0,0.0,0.0,1.8885043670362195e-07,1.4337668472638375e-06
2020-06-03,0.0,0.0,0.0,0.0,0.0,1.8849116460541122e-07,1.0842352092323812e-06
2020-06-04,0.0,0.0,0.0,0.0,0.0,2.6878677397248213e-07,9.604073252213769e-07
2020-06-05,0.0,0.0,0.0,0.0,0.0,1.8782913418703466e-07,1.4289220509253343e-06
2020-06-06,0.0,0.0,0.0,0.0,0.0,2.0538595820263494e-07,9.381326129210252e-07
2020-06-07,0.0,0.0,0.0,0.0,0.0,2.407400201915419e-07,1.3245207140405453e-06
2020-06-08,0.0,0.0,0.0,0.0,0.0,2.4039885930436625e-07,1.1810153727356027e-06
2020-06-09,0.0,0.0,0.0,0.0,0.0,3.0232515218953487e-07,1.058172051105812e-06
2020-06-10,0.0,0.0,0.0,0.0,0.0,2.841939272017317e-07,1.1236515116413212e-06
2020-06-11,0.0,0.0,0.0,0.0,0.0,2.572616773572262e-07,1.0881990349279298e-06
2020-06-12,0.0,0.0,0.0,0.0,0.0,2.3041229995931414e-07,1.081724124561115e-06
2020-06-13,0.0,0.0,0.0,0.0,0.0,2.0746152000777242e-07,8.637554839409837e-07
2020-06-14,0.0,0.0,0.0,0.0,0.0,1.3610557522871627e-07,8.443028812587643e-07
2020-06-15,0.0,0.0,0.0,0.0,0.0,1.6499679025268778e-07,7.0507412113991e-07
2020-06-16,0.0,0.0,0.0,0.0,0.0,1.6525069978187366e-07,9.703081112355037e-07
2020-06-17,0.0,0.0,0.0,0.0,0.0,2.0870056091494204e-07,8.170552467264625e-07
2020-06-18,0.0,0.0,0.0,0.0,0.0,1.730171702681814e-07,6.505298075058269e-07
2020-06-19,0.0,0.0,0.0,0.0,0.0,1.7129562065976452e-07,6.916268669137999e-07
2020-06-20,0.0,0.0,0.0,0.0,0.0,1.4839230066164033e-07,7.177340519543132e-07
2020-06-21,0.0,0.0,0.0,0.0,0.0,1.4691577259971355e-07,7.873884152351614e-07
2020-06-22,0.0,0.0,0.0,0.0,0.0,1.5238031415354737e-07,9.435632910009295e-07
2020-06-23,0.0,0.0,0.0,0.0,0.0,1.234342674772082e-07,9.249856860999984e-07
2020-06-24,0.0,0.0,0.0,0.0,0.0,1.9009834043629378e-07,8.922351595221676e-07
2020-06-25,0.0,0.0,0.0,0.0,0.0,2.0837184788190387e-07,9.31470611179661e-07
2020-06-26,0.0,0.0,0.0,0.0,0.0,1.2644102431342683e-07,8.419994762808682e-07
2020-06-27,0.0,0.0,0.0,0.0,0.0,1.6471436197445096e-07,8.385944446018024e-07
2020-06-28,0.0,0.0,0.0,0.0,0.0,1.6307542668890545e-07,6.937015318683959e-07
2020-06-29,0.0,0.0,0.0,0.0,0.0,2.0665958282486468e-07,8.179333307476294e-07
2020-06-30,0.0,0.0,0.0,0.0,0.0,2.2378484364515744e-07,8.569788577652522e-07
2020-07-01,0.0,0.0,0.0,0.0,0.0,1.9634810322535315e-07,7.812282165476168e-07
2020-07-02,0.0,0.0,0.0,0.0,0.0,1.3168653374386233e-07,9.174007160519e-07
2020-07-03,0.0,0.0,0.0,0.0,0.0,6.948288383308992e-08,6.232908529930051e-07
2020-07-04,0.0,0.0,0.0,0.0,0.0,7.603272996498063e-08,7.729786367314863e-07
2020-07-05,0.0,0.0,0.0,0.0,0.0,5.0184127774216316e-08,8.666816992769393e-07
2020-07-06,0.0,0.0,0.0,0.0,0.0,1.2066305501643825e-07,8.989179804865126e-07
2020-07-07,0.0,0.0,0.0,0.0,0.0,9.135362872135226e-08,9.708802877834287e-07
2020-07-08,0.0,0.0,0.0,0.0,0.0,1.182737664442528e-07,7.209149006327459e-07
2020-07-09,0.0,0.0,0.0,0.0,0.0,1.0676484138104801e-07,8.591335007170117e-07
2020-07-10,0.0,0.0,0.0,0.0,0.0,9.888299646217172e-08,8.113272112661466e-07
2020-07-11,0.0,0.0,0.0,0.0,0.0,7.089244752992575e-08,7.64387223664246e-07
2020-07-12,0.0,0.0,0.0,0.0,0.0,8.355601891794596e-08,6.669938147941744e-07
2020-07-13,0.0,0.0,0.0,0.0,0.0,8.603360754399294e-08,7.49251342528328e-07
2020-07-14,0.0,0.0,0.0,0.0,0.0,9.828179866819773e-08,7.543689834981479e-07
2020-07-15,0.0,0.0,0.0,0.0,0.0,7.784310274561469e-08,8.21549175367657e-07
2020-07-16,0.0,0.0,0.0,0.0,0.0,8.99133094204511e-08,6.408406132341635e-07
2020-07-17,0.0,0.0,0.0,0.0,0.0,8.901865704355513e-08,7.198727771719174e-07
2020-07-18,0.0,0.0,0.0,0.0,0.0,8.813290660654596e-08,5.6775197284579e-07
2020-07-19,0.0,0.0,0.0,0.0,0.0,5.297683864542537e-08,8.730532017415271e-07
2020-07-20,0.0,0.0,0.0,0.0,0.0,9.255831228257627e-08,6.3004554298678e-07
2020-07-21,0.0,0.0,0.0,0.0,0.0,6.414613918122775e-08,6.237764850884658e-07
2020-07-22,0.0,0.0,0.0,0.0,0.0,8.467716590936737e-08,6.17569805358476e-07
2020-07-23,0.0,0.0,0.0,0.0,0.0,8.982280074741417e-08,4.719148328772954e-07
2020-07-24,0.0,0.0,0.0,0.0,0.0,6.52146358943655e-08,4.672192018339328e-07
2020-07-25,0.0,0.0,0.0,0.0,0.0,7.337015843776033e-08,4.240227686750955e-07
2020-07-26,0.0,0.0,0.0,0.0,0.0,6.973450863691654e-08,3.816397014842184e-07
2020-07-27,0.0,0.0,0.0,0.0,0.0,7.767071851787903e-08,4.5341078760783897e-07
2020-07-28,0.0,0.0,0.0,0.0,0.0,1.1677085778474028e-07,6.060140211031475e-07
2020-07-29,0.0,0.0,0.0,0.0,0.0,5.921434963578359e-08,3.7036054373014574e-07
2020-07-30,0.0,0.0,0.0,0.0,0.0,6.141683115592373e-08,4.7667801317146694e-07
2020-07-31,0.0,0.0,0.0,0.0,0.0,8.568079216977334e-08,3.9932960497040304e-07
2020-08-01,0.0,0.0,0.0,0.0,0.0,7.119498195483501e-08,1.9243857188336412e-07
2020-08-02,0.0,0.0,0.0,0.0,0.0,7.048658004815941e-08,1.9745191341278111e-07
2020-08-03,0.0,0.0,0.0,0.0,0.0,1.0199379310048657e-07,2.1606483763175583e-07
2020-08-04,0.0,0.0,0.0,0.0,0.0,6.111883083577438e-08,2.444742360872695e-07
2020-08-05,0.0,0.0,0.0,0.0,0.0,6.840338678284568e-08,1.647228078182451e-07
2020-08-06,0.0,0.0,0.0,0.0,0.0,9.11652561510875e-08,1.530990667505487e-07
2020-08-07,0.0,0.0,0.0,0.0,0.0,9.025814669608449e-08,2.3065868240972494e-07
2020-08-08,0.0,0.0,0.0,0.0,0.0,0.0,1.4354282810846023e-07
2020-08-09,0.0,0.0,0.0,0.0,0.0,0.0,2.0348220103622697e-07
2020-08-10,0.0,0.0,0.0,0.0,0.0,0.0,1.790733504949611e-07
2020-08-11,0.0,0.0,0.0,0.0,0.0,0.0,2.2794626685399787e-07
2020-08-12,0.0,0.0,0.0,0.0,0.0,0.0,2.0060281209115027e-07
2020-08-13,0.0,0.0,0.0,0.0,0.0,0.0,1.9550354981107675e-07
2020-08-14,0.0,0.0,0.0,0.0,0.0,0.0,1.5669001756157566e-07
2020-08-15,0.0,0.0,0.0,0.0,0.0,0.0,1.6729805727518768e-07
2020-08-16,0.0,0.0,0.0,0.0,0.0,0.0,1.6262189717746093e-07
2020-08-17,0.0,0.0,0.0,0.0,0.0,0.0,1.938008490221068e-07
2020-08-18,0.0,0.0,0.0,0.0,0.0,0.0,2.450064209761094e-07
2020-08-19,0.0,0.0,0.0,0.0,0.0,0.0,2.1918846357368292e-07
2020-08-20,0.0,0.0,0.0,0.0,0.0,0.0,1.909666016903571e-07
2020-08-21,0.0,0.0,0.0,0.0,0.0,0.0,1.6614930652728085e-07
2020-08-22,0.0,0.0,0.0,0.0,0.0,0.0,1.8718520962278763e-07
2020-08-23,0.0,0.0,0.0,0.0,0.0,0.0,1.6566724930868636e-07
2020-08-24,0.0,0.0,0.0,0.0,0.0,0.0,1.667988128499121e-07
2020-08-25,0.0,0.0,0.0,0.0,0.0,0.0,0.0
2020-08-26,0.0,0.0,0.0,0.0,0.0,0.0,0.0
2020-08-27,0.0,0.0,0.0,0.0,0.0,0.0,0.0
2020-08-28,0.0,0.0,0.0,0.0,0.0,0.0,0.0
2020-08-29,0.0,0.0,0.0,0.0,0.0,0.0,0.0
2020-08-30,0.0,0.0,0.0,0.0,0.0,0.0,0.0
2020-08-31,0.0,0.0,0.0,0.0,0.0,0.0,0.0
2020-09-01,0.0,0.0,0.0,0.0,0.0,0.0,0.0
2020-09-02,0.0,0.0,0.0,0.0,0.0,0.0,0.0
2020-09-03,0.0,0.0,0.0,0.0,0.0,0.0,0.0
2020-09-04,0.0,0.0,0.0,0.0,0.0,0.0,0.0
2020-09-05,0.0,0.0,0.0,0.0,0.0,0.0,0.0
2020-09-06,0.0,0.0,0.0,0.0,0.0,0.0,0.0
2020-09-07,0.0,0.0,0.0,0.0,0.0,0.0,0.0
2020-09-08,0.0,0.0,0.0,0.0,0.0,0.0,0.0
2020-09-09,0.0,0.0,0.0,0.0,0.0,0.0,0.0
2020-09-10,0.0,0.0,0.0,0.0,0.0,0.0,0.0
2020-09-11,0.0,0.0,0.0,0.0,0.0,0.0,0.0
2020-09-12,0.0,0.0,0.0,0.0,0.0,0.0,0.0
2020-09-13,0.0,0.0,0.0,0.0,0.0,0.0,0.0
2020-09-14,0.0,0.0,0.0,0.0,0.0,0.0,0.0
2020-09-15,0.0,0.0,0.0,0.0,0.0,0.0,0.0
2020-09-16,0.0,0.0,0.0,0.0,0.0,0.0,0.0
2020-09-17,0.0,0.0,0.0,0.0,0.0,1.3018833907852508e-07,0.0
2020-09-18,0.0,0.0,0.0,0.0,0.0,7.889805218320474e-08,0.0
2020-09-19,0.0,0.0,0.0,0.0,0.0,9.562918894831364e-08,0.0
2020-09-20,0.0,0.0,0.0,0.0,0.0,8.585802513366014e-08,0.0
2020-09-21,0.0,0.0,0.0,0.0,0.0,1.0840114078971266e-07,0.0
2020-09-22,0.0,0.0,0.0,0.0,0.0,1.8065947410516012e-07,0.0
2020-09-23,0.0,0.0,0.0,0.0,0.0,1.1612053854879858e-07,0.0
2020-09-24,0.0,0.0,0.0,0.0,0.0,2.0106440462248726e-07,0.0
2020-09-25,0.0,0.0,0.0,0.0,0.0,1.5231385161271654e-07,0.0
2020-09-26,0.0,0.0,0.0,0.0,0.0,1.1395898612641298e-07,0.0
2020-09-27,0.0,0.0,0.0,0.0,0.0,1.5539079551992983e-07,0.0
2020-09-28,0.0,0.0,0.0,0.0,0.0,2.034569431199497e-07,0.0
2020-09-29,0.0,0.0,0.0,0.0,0.0,1.8788728630193307e-07,0.0
2020-09-30,0.0,0.0,0.0,0.0,0.0,1.2454022760523207e-07,0.0
2020-10-01,0.0,0.0,0.0,0.0,0.0,1.3831600377164761e-07,0.0
2020-10-02,0.0,0.0,0.0,0.0,0.0,7.896431892867704e-08,0.0
2020-10-03,0.0,0.0,0.0,0.0,0.0,8.589314841433606e-08,0.0
2020-10-04,0.0,0.0,0.0,0.0,0.0,1.4252835320482601e-07,0.0
2020-10-05,0.0,0.0,0.0,0.0,0.0,9.388746976223859e-08,0.0
2020-10-06,0.0,0.0,0.0,0.0,0.0,1.4540761693137026e-07,0.0
2020-10-07,0.0,0.0,0.0,0.0,0.0,1.2771216328420976e-07,0.0
2020-10-08,0.0,0.0,0.0,0.0,0.0,1.225459072707018e-07,0.0
2020-10-09,0.0,0.0,0.0,0.0,0.0,1.1074830210222665e-07,0.0
2020-10-10,0.0,0.0,0.0,0.0,0.0,1.0528126215778066e-07,0.0
2020-10-11,0.0,0.0,0.0,0.0,0.0,1.7280145420411e-07,0.0
2020-10-12,0.0,0.0,0.0,0.0,0.0,1.7453813769124852e-07,0.0
2020-10-13,0.0,0.0,0.0,0.0,0.0,1.423899145342195e-07,0.0
2020-10-14,0.0,0.0,0.0,0.0,0.0,1.3697233996798933e-07,0.0
2020-10-15,0.0,0.0,0.0,0.0,0.0,1.7293616858822138e-07,0.0
2020-10-16,0.0,0.0,0.0,0.0,0.0,1.2576542830374877e-07,0.0
2020-10-17,0.0,0.0,0.0,0.0,0.0,1.270293918716134e-07,0.0
2020-10-18,0.0,0.0,0.0,0.0,0.0,7.840925796276429e-08,0.0
2020-10-19,0.0,0.0,0.0,0.0,0.0,1.5119481511190453e-07,0.0
2020-10-20,0.0,0.0,0.0,0.0,0.0,1.1635378915507739e-07,0.0
2020-10-21,0.0,0.0,0.0,0.0,0.0,1.3221355969908222e-07,0.0
2020-10-22,0.0,0.0,0.0,0.0,0.0,1.1128527338737554e-07,0.0
2020-10-23,0.0,0.0,0.0,0.0,0.0,1.1989728957752103e-07,0.0
2020-10-24,0.0,0.0,0.0,0.0,0.0,1.1353338503504438e-07,0.0
2020-10-25,0.0,0.0,0.0,0.0,0.0,1.376092974291333e-07,0.0
2020-10-26,0.0,0.0,0.0,0.0,0.0,2.1621023489431497e-07,0.0
2020-10-27,0.0,0.0,0.0,0.0,0.0,1.7938618675882614e-07,0.0
2020-10-28,0.0,0.0,0.0,0.0,0.0,1.496779091416756e-07,0.0
2020-10-29,0.0,0.0,0.0,0.0,0.0,2.466656900662163e-07,0.0
2020-10-30,0.0,0.0,0.0,0.0,0.0,1.2055389748321613e-07,0.0
2020-10-31,0.0,0.0,0.0,0.0,0.0,1.7047167801379816e-07,0.0
2020-11-01,0.0,0.0,0.0,0.0,0.0,1.479177913632626e-07,0.0
2020-11-02,0.0,0.0,0.0,0.0,0.0,9.960292658745634e-08,0.0
2020-11-03,0.0,0.0,0.0,0.0,0.0,1.5928959168274296e-07,0.0
2020-11-04,0.0,0.0,0.0,0.0,0.0,2.540375979377739e-07,0.0
2020-11-05,0.0,0.0,0.0,0.0,0.0,1.7961350276989644e-07,0.0
2020-11-06,0.0,0.0,0.0,0.0,0.0,1.778263185564417e-07,0.0
2020-11-07,0.0,0.0,0.0,0.0,0.0,1.3413860352230987e-07,0.0
2020-11-08,0.0,0.0,0.0,0.0,0.0,1.162034143520324e-07,0.0
2020-11-09,0.0,0.0,0.0,0.0,0.0,1.6435310151473622e-07,0.0
2020-11-10,0.0,0.0,0.0,0.0,0.0,2.0339720103853094e-07,0.0
2020-11-11,0.0,0.0,0.0,0.0,0.0,1.6915362666152469e-07,0.0
2020-11-12,0.0,0.0,0.0,0.0,0.0,1.6747051995431134e-07,0.0
2020-11-13,0.0,0.0,0.0,0.0,0.0,1.7369959665001707e-07,0.0
2020-11-14,0.0,0.0,0.0,0.0,0.0,1.954218827109625e-07,0.0
2020-11-15,0.0,0.0,0.0,0.0,0.0,1.470428258915927e-07,0.0
2020-11-16,0.0,0.0,0.0,0.0,0.0,1.6090390694145076e-07,0.0
2020-11-17,0.0,0.0,0.0,0.0,0.0,1.9723214496387373e-07,0.0
2020-11-18,0.0,0.0,0.0,0.0,0.0,1.3518668238332883e-07,0.0
2020-11-19,0.0,0.0,0.0,0.0,0.0,1.412771942197561e-07,0.0
2020-11-20,0.0,0.0,0.0,0.0,0.0,1.5459477450769407e-07,0.0
2020-11-21,0.0,0.0,0.0,0.0,0.0,1.4576812457126918e-07,0.0
2020-11-22,0.0,0.0,0.0,0.0,0.0,1.3710182212282742e-07,0.0
2020-11-23,0.0,0.0,0.0,0.0,0.0,1.3573763619941328e-07,0.0
2020-11-24,0.0,0.0,0.0,0.0,0.0,1.9097103432230648e-07,0.0
2020-11-25,0.0,0.0,0.0,0.0,0.0,1.6106034585108306e-07,0.0
2020-11-26,0.0,0.0,0.0,0.0,0.0,8.319535754788605e-08,0.0
2020-11-27,0.0,0.0,0.0,0.0,0.0,8.923151240140279e-08,0.0
2020-11-28,0.0,0.0,0.0,0.0,0.0,1.3591329848953176e-07,0.0
2020-11-29,0.0,0.0,0.0,0.0,0.0,1.211048447164758e-07,0.0
2020-11-30,0.0,0.0,0.0,0.0,0.0,1.731886453234393e-07,0.0
2020-12-01,0.0,0.0,0.0,0.0,0.0,1.5167928802199218e-07,0.0
2020-12-02,0.0,0.0,0.0,0.0,0.0,9.79369916669775e-08,0.0
2020-12-03,0.0,0.0,0.0,0.0,0.0,1.8099667099319818e-07,0.0
2020-12-04,0.0,0.0,0.0,0.0,0.0,1.6639602945268527e-07,1.163725158641511e-07
2020-12-05,0.0,0.0,0.0,0.0,0.0,1.7741269678047213e-07,1.3153518374647065e-07
2020-12-06,0.0,0.0,0.0,0.0,0.0,1.066430709354452e-07,1.0176291139447873e-07
2020-12-07,0.0,0.0,0.0,0.0,0.0,1.117926578648523e-07,1.1420627295218291e-07
2020-12-08,0.0,0.0,0.0,0.0,0.0,1.2912701938905373e-07,1.2112176833128308e-07
2020-12-09,0.0,0.0,0.0,0.0,0.0,9.740356882183485e-08,1.660315846050218e-07
2020-12-10,0.0,0.0,0.0,0.0,0.0,1.3862443148303532e-07,1.38279136829174e-07
2020-12-11,0.0,0.0,0.0,0.0,0.0,1.312779172849454e-07,9.806537347941567e-08
2020-12-12,0.0,0.0,0.0,0.0,0.0,1.5360289476160588e-07,1.1105712224600124e-07
2020-12-13,0.0,0.0,0.0,0.0,0.0,1.1113138030847145e-07,1.2126839446536263e-07
2020-12-14,0.0,0.0,0.0,0.0,0.0,8.68623194200403e-08,1.1023844588259148e-07
2020-12-15,0.0,0.0,0.0,0.0,0.0,9.173122656093657e-08,1.4227590531692457e-07
2020-12-16,0.0,0.0,0.0,0.0,0.0,1.305515730590024e-07,1.4058176276485854e-07
2020-12-17,0.0,0.0,0.0,0.0,0.0,7.64185515694329e-08,1.325283241049901e-07
2020-12-18,0.0,0.0,0.0,0.0,0.0,1.3271619533126376e-07,1.2111166010509383e-07
2020-12-19,0.0,0.0,0.0,0.0,0.0,1.1916908313223122e-07,1.3198639351380605e-07
2020-12-20,0.0,0.0,0.0,0.0,0.0,1.4317321518960927e-07,9.754600889374871e-08
2020-12-21,0.0,0.0,0.0,0.0,0.0,1.4828184694954387e-07,1.4450533178623612e-07
2020-12-22,0.0,0.0,0.0,0.0,0.0,1.1038528846364535e-07,1.1278544485268617e-07
2020-12-23,0.0,0.0,0.0,0.0,0.0,1.2783193539196175e-07,1.541256482715713e-07
2020-12-24,0.0,0.0,0.0,0.0,0.0,8.459587836204672e-08,1.2860078691236824e-07
2020-12-25,0.0,0.0,0.0,0.0,0.0,7.798043139818159e-08,1.162202730124148e-07
2020-12-26,0.0,0.0,0.0,0.0,0.0,1.3104460937276654e-08,1.1738830617475721e-07
2020-12-27,0.0,0.0,0.0,0.0,0.0,1.902698425391359e-08,1.5344104246128834e-07
2020-12-28,0.0,0.0,0.0,0.0,0.0,2.1724931488874117e-08,1.8522616024640638e-07
2020-12-29,0.0,0.0,0.0,0.0,0.0,1.0127663390875113e-08,2.2918244977892102e-07
2020-12-30,0.0,0.0,0.0,0.0,0.0,1.5344172150188425e-08,1.5589858093540037e-07
2020-12-31,0.0,0.0,0.0,0.0,0.0,2.4108596779658313e-08,2.385839207908877e-07
2021-01-01,0.0,0.0,0.0,0.0,0.0,2.2422561629193888e-08,1.9794967807042268e-07
2021-01-02,0.0,0.0,0.0,0.0,0.0,1.6550397318477863e-08,1.8043285122301576e-07
2021-01-03,0.0,0.0,0.0,0.0,0.0,1.4957075621381312e-08,2.2165082212534046e-07
2021-01-04,0.0,0.0,0.0,0.0,0.0,1.777340791819615e-08,3.0221361302764174e-07
2021-01-05,0.0,0.0,0.0,0.0,0.0,1.974723700117201e-08,3.48858183238491e-07
2021-01-06,0.0,0.0,0.0,0.0,0.0,2.0852322761233745e-08,2.716141219154695e-07
2021-01-07,0.0,0.0,0.0,0.0,0.0,1.2820282141177392e-08,2.891732886406066e-07
2021-01-08,0.0,0.0,0.0,0.0,0.0,2.127356762368109e-08,2.621226537889822e-07
2021-01-09,0.0,0.0,0.0,0.0,0.0,1.4013502521375283e-08,2.4206357051986924e-07
2021-01-10,0.0,0.0,0.0,0.0,0.0,2.075969949261929e-08,2.9797992637796206e-07
2021-01-11,0.0,0.0,0.0,0.0,0.0,1.5249700320827077e-08,4.0901686524530254e-07
2021-01-12,0.0,0.0,0.0,0.0,0.0,2.214175838823764e-08,3.663583961286649e-07
2021-01-13,0.0,0.0,0.0,0.0,0.0,2.8198448522944542e-08,2.9918156703091366e-07
2021-01-14,0.0,0.0,0.0,0.0,0.0,2.25890515782287e-08,3.419500222638772e-07
2021-01-15,0.0,0.0,0.0,0.0,0.0,2.3808078595682907e-08,3.8554791864788563e-07
2021-01-16,0.0,0.0,0.0,0.0,4.5485629464908445e-08,2.2043407616562318e-08,3.0018002847963026e-07
2021-01-17,0.0,0.0,0.0,0.0,3.445707573071949e-08,2.2264947546213194e-08,4.1792003470216823e-07
2021-01-18,0.0,0.0,0.0,0.0,3.480337509904506e-08,2.9644213894818786e-08,4.3867393424654035e-07
2021-01-19,0.0,0.0,0.0,0.0,4.687087311184458e-08,3.3039606286941275e-08,4.347226300041839e-07
2021-01-20,0.0,0.0,0.0,0.0,2.958870826124966e-08,2.2943016147232614e-08,5.150882994102056e-07
2021-01-21,0.0,0.0,0.0,0.0,4.781772755692789e-08,2.1066906629933697e-08,3.838020660607708e-07
2021-01-22,0.0,0.0,0.0,0.0,7.848474352624788e-08,2.4470427445737765e-08,4.135032970153924e-07
2021-01-23,0.0,0.0,0.0,0.0,3.658778229795911e-08,2.3641735011484595e-08,4.1330956025384887e-07
2021-01-24,0.0,0.0,0.0,0.0,4.3114744893841567e-08,3.256273417978588e-08,1.8936369594668008e-07
2021-01-25,0.0,0.0,0.0,0.0,3.73269045289851e-08,3.288999509901007e-08,3.6141530721751196e-07
2021-01-26,0.0,0.0,0.0,0.0,3.141837179686349e-08,2.103967852859664e-08,4.043726084212716e-07
2021-01-27,0.0,0.0,0.0,0.0,5.712143702928207e-08,2.5725053089670687e-08,4.3015395256515257e-07
2021-01-28,0.0,0.0,0.0,0.0,4.487429101206656e-08,3.050248011433549e-08,4.215639490058691e-07
2021-01-29,0.0,0.0,0.0,0.0,1.942512220050917e-08,2.3962582883529172e-08,4.474326005039362e-07
2021-01-30,0.0,0.0,0.0,0.0,2.6160463899006233e-08,2.1898324098107637e-08,4.389294972110501e-07
2021-01-31,0.0,0.0,0.0,0.0,1.3211690466095294e-08,2.7939039049461326e-08,3.874189061649488e-07
2021-02-01,0.0,0.0,0.0,0.0,6.654329279395053e-08,2.3460077790862508e-08,4.048690214270616e-07
2021-02-02,0.0,0.0,0.0,0.0,3.360603200243023e-08,3.317419768945555e-08,4.654155071083263e-07
2021-02-03,0.0,0.0,0.0,0.0,6.1098800830363e-08,2.7524103219275342e-08,5.260785645848106e-07
2021-02-04,0.0,0.0,0.0,0.0,5.4855870210978176e-08,3.6261815289744714e-08,5.437236590883006e-07
2021-02-05,0.0,0.0,0.0,0.0,2.7703590436072972e-08,2.632740307930685e-08,4.318846419709788e-07
2021-02-06,0.0,0.0,0.0,0.0,4.197302422318029e-08,2.369585549246825e-08,3.458286073631331e-07
2021-02-07,0.0,0.0,0.0,0.0,3.5329050108042574e-08,1.994106612223313e-08,3.2022027797603007e-07
2021-02-08,0.0,0.0,0.0,0.0,4.995775815037469e-08,3.251730456322036e-08,4.158890159167276e-07
2021-02-09,0.0,0.0,0.0,0.0,7.929403737661438e-08,2.0695983413649033e-08,5.204983999044113e-07
2021-02-10,0.0,0.0,0.0,0.0,6.552896375538623e-08,2.845840963605384e-08,4.16950064149323e-07
2021-02-11,0.0,0.0,0.0,0.0,4.412502719332016e-08,2.254019498315266e-08,4.610371770340947e-07
2021-02-12,0.0,0.0,0.0,0.0,3.7140409241005406e-08,2.566330374010574e-08,3.5719362118013425e-07
2021-02-13,0.0,0.0,0.0,0.0,3.001094124756151e-08,2.872202998413036e-08,4.101283747111097e-07
2021-02-14,0.0,0.0,0.0,0.0,4.546883433217899e-08,2.9529942588062535e-08,4.5453742589625104e-07
2021-02-15,0.0,0.0,0.0,0.0,6.1234404952453e-08,2.057356223143489e-08,5.867154606502798e-07
2021-02-16,0.0,0.0,0.0,0.0,3.8656138095952974e-08,2.5729076042349824e-08,5.155074636109703e-07
2021-02-17,0.0,0.0,0.0,0.0,7.808927748529195e-08,2.0166178404446447e-08,4.446565483402244e-07
2021-02-18,0.0,0.0,0.0,0.0,8.676149654865121e-08,2.5219606202119922e-08,4.350484472496604e-07
2021-02-19,0.0,0.0,0.0,0.0,5.576674987255121e-08,2.288794468365929e-08,4.428866593604946e-07
2021-02-20,0.0,0.0,0.0,0.0,5.632721502651136e-08,1.3390121626178245e-08,5.37416232878498e-07
2021-02-21,0.0,0.0,0.0,0.0,5.689331294891366e-08,2.6513775379757825e-08,3.980298200723175e-07
2021-02-22,0.0,0.0,0.0,0.0,4.925580021430466e-08,2.1201889886255094e-08,5.01033341289039e-07
2021-02-23,0.0,0.0,0.0,0.0,1.6583609745440943e-08,3.298574330394361e-08,5.388107328189344e-07
2021-02-24,0.0,0.0,0.0,0.0,5.862597227984441e-08,2.770941911747087e-08,4.99579668421104e-07
2021-02-25,0.0,0.0,0.0,0.0,3.383724176955923e-08,3.3312357031367634e-08,5.449079643764509e-07
2021-02-26,0.0,0.0,0.0,0.0,5.98102954802687e-08,2.328063073461068e-08,5.228864690921335e-07
2021-02-27,0.0,0.0,0.0,0.0,4.315099924514205e-08,2.1128235872678985e-08,4.765976568900423e-07
2021-02-28,0.0,0.0,0.0,0.0,7.845241319532818e-08,2.4721280306460683e-08,4.122454927599931e-07
2021-03-01,0.0,0.0,0.0,0.0,1.587088905785932e-07,2.16573406738808e-08,5.75384822077791e-07
2021-03-02,0.0,0.0,0.0,0.0,4.4528872624069715e-08,2.23741007307389e-08,5.435627800182202e-07
2021-03-03,0.0,0.0,0.0,0.0,9.894806951482477e-08,2.8612321498808784e-08,5.03050784181095e-07
2021-03-04,0.0,0.0,0.0,0.0,8.177114793772197e-08,1.5534503562330566e-08,4.4495635598755984e-07
2021-03-05,0.0,0.0,0.0,0.0,3.6707982949849024e-08,1.6284634590982483e-08,3.8768860653310573e-07
2021-03-06,0.0,0.0,0.0,0.0,8.342303470159005e-08,2.060109970543154e-08,4.2970501732013984e-07
2021-03-07,0.0,0.0,4.190773343918945e-08,0.0,5.5061974424773535e-08,1.5962177221366325e-08,4.000165579123961e-07
2021-03-08,0.0,0.0,0.0,0.0,1.3628524656286994e-07,2.370502635643274e-08,4.5901516737705866e-07
2021-03-09,0.0,0.0,2.1377162906072582e-08,0.0,5.39716742808135e-08,1.651533298744117e-08,5.697936010543612e-07
2021-03-10,0.0,0.0,2.159200696506409e-08,0.0,2.6717323574441827e-08,1.807216085521547e-08,5.13640586778734e-07
2021-03-11,0.0,0.0,2.1809010242745508e-08,0.0,7.053728470159697e-08,1.3632258933481373e-08,4.063789434162268e-07
2021-03-12,0.0,0.0,2.2028194439625432e-08,0.0,6.983542699193381e-08,1.9401385055408336e-08,4.980931529805717e-07
2021-03-13,0.0,0.0,2.2249581474306206e-08,0.0,4.32128455519789e-08,1.5867757518417468e-08,4.6915683402964674e-07
2021-03-14,0.0,0.0,6.741958045702739e-08,0.0,5.989601877639125e-08,1.81903765919889e-08,2.821511745815236e-07
2021-03-15,0.0,0.0,0.0,0.0,1.0165721731166265e-07,5.348542816820579e-08,3.3802365986008693e-07
2021-03-16,0.0,0.0,4.585436421753401e-08,0.0,4.1935712957839435e-08,7.157219267224401e-08,4.1045866831250515e-07
2021-03-17,0.0,0.0,2.3157604119729263e-08,0.0,6.642951302729884e-08,5.3878228799343405e-08,3.120141853225126e-07
2021-03-18,0.0,0.0,0.0,0.0,5.754746228762597e-08,6.180880109975131e-08,3.61326261819948e-07
2021-03-19,0.0,0.0,4.7250837509513825e-08,0.0,4.069632533610758e-08,6.204866450329909e-08,3.87712729911434e-07
2021-03-20,0.0,0.0,2.3862858160675663e-08,0.0,3.22331121065723e-08,8.565525763438133e-08,3.1879468489096236e-07
2021-03-21,0.0,0.0,0.0,0.0,3.989048410291275e-08,9.121441972986153e-08,3.507406962965743e-07
2021-03-22,0.0,0.0,2.4344919872389714e-08,0.0,2.3696140292557554e-08,8.112387839557736e-08,4.101296676844305e-07
2021-03-23,0.0,0.0,4.917918076951583e-08,0.0,2.3460359757143572e-08,6.307041648675126e-08,2.979626691976452e-07
2021-03-24,0.0,0.0,0.0,0.0,6.968077583176701e-08,7.38984829260005e-08,3.351287171255112e-07
2021-03-25,0.0,0.0,5.017266612247811e-08,0.0,5.365689818825308e-08,8.217458210764214e-08,3.7199733060969865e-07
2021-03-26,0.0,0.0,5.067690980006719e-08,0.0,8.347900491979086e-08,6.922810676244325e-08,3.7589348199151e-07
2021-03-27,0.0,0.0,2.559311060543359e-08,0.0,3.7567443155629506e-08,5.261414335054213e-08,3.6893121501093336e-07
2021-03-28,0.0,0.0,3.968057381797978e-08,0.0,4.463236902073478e-08,4.3301642007722947e-08,2.972050958754437e-07
2021-03-29,0.0,0.0,8.015874042969229e-08,0.0,1.0310596223388997e-07,5.5665057311715606e-08,3.9830791300708445e-07
2021-03-30,0.0,0.0,1.2144652374640073e-07,0.0,7.291431483443627e-08,4.016035745603438e-08,3.914178219870983e-07
2021-03-31,0.0,0.0,4.0889027200614475e-08,0.0,1.0106432739167537e-07,5.0704969698284303e-08,3.5255700302835565e-07
2021-04-01,0.0,0.0,4.138444526290995e-08,0.0,2.143519917744134e-08,4.5048563063352365e-08,3.237455187972247e-07
2021-04-02,0.0,0.0,0.0,0.0,2.8295887176008134e-08,4.343306734681161e-08,4.547944948403943e-07
2021-04-03,0.0,0.0,8.444093302696931e-08,0.0,2.101075379579405e-08,5.4314714295059515e-08,3.267301672621531e-07
2021-04-04,0.0,0.0,4.26447892563167e-08,0.0,4.8537284372431405e-08,4.431047350868954e-08,3.5187741550136615e-07
2021-04-05,0.0,0.0,0.0,0.0,6.17841389874366e-08,5.541194430699011e-08,4.3446244049644135e-07
2021-04-06,0.0,0.0,4.3506271144452896e-08,0.0,2.7186389570154266e-08,7.964796974662142e-08,3.600141377295067e-07
2021-04-07,0.0,0.0,4.394351643866376e-08,0.0,4.037382071125703e-08,8.584009832479472e-08,2.594481413456797e-07
2021-04-08,0.0,0.0,8.877031224227645e-08,0.0,6.662015747166456e-08,1.0640798875899857e-07,2.8380744490398876e-07
2021-04-09,0.0,0.0,4.483123435621255e-08,0.0,5.2765820663331915e-08,1.0747740682511678e-07,2.5472635542326164e-07
2021-04-10,0.0,0.0,4.5281795752081976e-08,0.0,3.9180593981527636e-08,7.639236598919127e-08,2.831924692074522e-07
2021-04-11,0.0,0.0,1.3721065609578476e-07,0.0,4.5255863983872593e-08,1.0152647635702309e-07,2.4602389152117483e-07
2021-04-12,0.0,0.0,4.619654870509189e-08,0.0,6.400794373344005e-08,1.2715807466576873e-07,2.826907742745485e-07
2021-04-13,0.0,0.0,0.0,0.0,4.435973783634289e-08,1.367222303404712e-07,2.906702366015252e-07
2021-04-14,0.0,0.0,9.425956178709209e-08,0.0,2.5096200611444546e-08,1.1717262802382926e-07,1.3284781977179983e-07
2021-04-15,0.0,0.0,4.7603443066166414e-08,0.0,3.7269733864644674e-08,1.4793779064144976e-07,1.3807232379081802e-07
2021-04-16,0.0,0.0,4.808186562276307e-08,0.0,1.84494469082836e-08,1.2807822013325056e-07,1.394599737146151e-07
2021-04-17,0.0,0.0,4.856509640599035e-08,0.0,3.6531743688620554e-08,1.0349234211634607e-07,1.1903794626929635e-07
2021-04-18,0.0,0.0,9.810636747865856e-08,0.0,7.8364534658553e-08,1.6550972429036648e-07,1.302538223118806e-07
2021-04-19,0.0,0.0,1.9818470572767977e-07,0.0,7.161673339433661e-08,1.0998231886417057e-07,1.329257066673809e-07
2021-04-20,0.0,0.0,1.000882475668848e-07,0.0,5.908677915893453e-08,1.59966229744886e-07,2.6713511080195575e-07
2021-04-21,0.0,0.0,5.0547075589046786e-08,0.0,5.2648970294769247e-08,1.1220410908447675e-07,2.840122142577517e-07
2021-04-22,0.0,0.0,0.0,0.0,8.687517381233531e-08,1.405314061190994e-07,3.4273802248846133e-07
2021-04-23,0.0,0.0,5.156819425037925e-08,0.0,5.73405009265551e-08,1.4652260152894905e-07,2.8445975764963304e-07
2021-04-24,0.0,0.0,1.5625938965647322e-07,0.0,5.109295806848691e-08,9.712183566482381e-08,2.344803891010434e-07
2021-04-25,0.0,0.0,1.4543817949158258e-07,0.0,3.372304976097245e-08,1.2145457546953267e-07,2.3891473614754455e-07
2021-04-26,0.0,0.0,3.638901236934474e-07,0.0,0.0,1.1323865930412754e-07,3.2311067596011105e-07
2021-04-27,0.0,0.0,7.284423759471009e-08,0.0,0.0,1.3820521149021313e-07,3.4871770383920673e-07
2021-04-28,0.0,0.0,2.9167093974077566e-07,0.0,0.0,1.5884856895174326e-07,2.986979824600761e-07
2021-04-29,0.0,0.0,0.0,0.0,0.0,1.2641123072365214e-07,3.159772695957498e-07
2021-04-30,0.0,0.0,0.0,0.0,0.0,1.424141867960948e-07,3.5021584330483067e-07
2021-05-01,0.0,0.0,0.0,0.0,0.0,1.1894443979707411e-07,2.569315465286619e-07
2021-05-02,0.0,0.0,0.0,0.0,0.0,9.010488846807562e-08,3.671064370644405e-07
2021-05-03,0.0,0.0,3.497256936243615e-07,0.0,0.0,1.213472768697068e-07,3.150086264003394e-07
2021-05-04,0.0,0.0,1.1712477895475795e-07,0.0,0.0,1.4646740548974005e-07,3.8044705984271294e-07
2021-05-05,0.0,0.0,0.0,0.0,0.0,1.7154934282415365e-07,3.011806096034784e-07
2021-05-06,0.0,0.0,1.182590683010321e-07,0.0,0.0,1.36108138994445e-07,3.994948368551578e-07
2021-05-07,0.0,0.0,2.3768784666109736e-07,0.0,0.0,1.460735675817799e-07,3.360072915117492e-07
2021-05-08,0.0,0.0,1.1944066285143522e-07,0.0,0.0,1.0570351395967214e-07,3.699817414714435e-07
2021-05-09,0.0,0.0,1.2004934653814118e-07,0.0,0.0,1.660060086949487e-07,3.5508769251950715e-07
2021-05-10,0.0,0.0,1.2067003525954239e-07,0.0,0.0,1.8100701402815791e-07,3.6752270349105857e-07
2021-05-11,0.0,0.0,3.639083732550846e-07,0.0,0.0,1.8596062779097475e-07,3.1949230043757303e-07
2021-05-12,0.0,0.0,4.877907091628343e-07,0.0,0.0,1.7083149771426853e-07,3.8724792719205585e-07
2021-05-13,0.0,0.0,0.0,0.0,0.0,1.507035350025022e-07,3.6671525672478967e-07
2021-05-14,0.0,0.0,2.4654820003756356e-07,0.0,0.0,1.3561961942729253e-07,3.7392873699651746e-07
2021-05-15,0.0,0.0,3.7186730755365835e-07,0.0,0.0,1.0045897735355003e-07,3.1395381860238454e-07
2021-05-16,0.0,0.0,6.232491701526952e-07,0.0,0.0,1.1553937683525169e-07,3.5482677865905783e-07
2021-05-17,0.0,0.0,1.2490260784233291e-07,0.0,0.0,1.205869395630131e-07,4.0741827927313026e-07
2021-05-18,0.0,0.0,8.761751041329777e-07,0.0,0.0,1.658567761378964e-07,4.832733818184417e-07
2021-05-19,0.0,0.0,1.2544565308716955e-07,0.0,0.0,1.6089512358058482e-07,3.485003044607994e-07
2021-05-20,0.0,0.0,1.257359788251894e-07,0.0,0.0,1.05640187351331e-07,4.937467784074944e-07
2021-05-21,0.0,0.0,1.2603887826587206e-07,0.0,0.0,7.550250997119438e-08,3.8081588176270693e-07
2021-05-22,0.0,0.0,3.7906314509824225e-07,0.0,0.0,1.3096250886642335e-07,4.960915443032738e-07
2021-05-23,0.0,0.0,2.533650413528435e-07,0.0,0.0,1.4114918117942443e-07,5.476354553778619e-07
2021-05-24,0.0,0.0,2.5404665602213225e-07,0.0,0.0,1.5136706719778263e-07,6.241815572393178e-07
2021-05-25,0.0,0.0,1.273768377843648e-07,0.0,0.0,2.2222640832926076e-07,6.119892024982549e-07
2021-05-26,0.0,0.0,2.554861706951791e-07,0.0,0.0,1.3651568647842015e-07,6.242848292365788e-07
2021-05-27,0.0,0.0,1.28122107325802e-07,0.0,0.0,1.1513402415365219e-07,7.359867049484635e-07
2021-05-28,0.0,0.0,3.8554182486454747e-07,2.0149190103000264e-08,0.0,1.0903240314731794e-07,5.161859579438548e-07
2021-05-29,0.0,0.0,1.2891862741848712e-07,3.052753924521912e-08,0.0,1.4720115355810143e-07,4.861837796719175e-07
2021-05-30,0.0,0.0,2.586724103712657e-07,2.0556230743534715e-08,0.0,1.263049472601662e-07,5.31733621089279e-07
2021-05-31,0.0,0.0,0.0,2.076282429712795e-08,0.0,1.010004627988125e-07,5.609206339655378e-07
2021-06-01,0.0,0.0,2.60705269608861e-07,0.0,0.0,1.2836736509005046e-07,7.337472240435838e-07
2021-06-02,0.0,0.0,0.0,1.058788748006081e-08,0.0,1.6474641097473377e-07,6.186273339267256e-07
2021-06-03,0.0,0.0,1.3127973338783278e-07,2.1388595036607583e-08,0.0,1.2582552095715132e-07,6.48975551643237e-07
2021-06-04,0.0,0.0,1.3176295129895506e-07,1.0801776995210548e-08,0.0,9.227669341113346e-08,4.793158542642169e-07
2021-06-05,0.0,0.0,2.6451869123002e-07,0.0,0.0,1.0963022996473873e-07,4.827642359749177e-07
2021-06-06,0.0,0.0,3.9830689792752897e-07,1.1019987365183986e-08,0.0,9.949444170459994e-08,5.658308590679514e-07
2021-06-07,0.0,0.0,3.998755900317441e-07,1.1130740079469503e-08,0.0,1.2984678220861626e-07,7.302564858638017e-07
2021-06-08,0.0,0.0,0.0,3.372781763111586e-08,0.0,1.4185355601490203e-07,4.4319471300257766e-07
2021-06-09,0.0,0.0,4.031330987862164e-07,2.2711191889128617e-08,0.0,1.6677498133977246e-07,4.124360939004231e-07
2021-06-10,0.0,0.0,2.6988149412670914e-07,3.440916474344244e-08,0.0,1.0862864641379101e-07,5.140778630173068e-07
2021-06-11,0.0,0.0,2.71034577436922e-07,2.3169988398893803e-08,0.0,1.2806319679220813e-07,4.990133043848742e-07
2021-06-12,0.0,0.0,4.083221466461121e-07,2.340285065364092e-08,0.0,1.6441018130315237e-07,4.7615910372111295e-07
2021-06-13,0.0,0.0,6.835554328196257e-07,1.1819026606477921e-08,0.0,1.0016177366210737e-07,4.6892829640088393e-07
2021-06-14,0.0,0.0,4.647567193733828e-07,5.968904899322626e-08,0.0,1.1004666817302095e-07,5.243311339928382e-07
2021-06-15,0.0,0.0,3.4902720326346543e-07,2.4115573563481308e-08,0.0,1.4586563046192854e-07,6.112849567655603e-07
2021-06-16,0.0,0.0,2.33014513338718e-07,2.4357939107124842e-08,0.0,8.804600943173752e-08,5.023308246274378e-07
2021-06-17,0.0,0.0,3.5005128922095855e-07,2.460274046497744e-08,0.0,1.647803254591824e-07,5.031447387431814e-07
2021-06-18,0.0,0.0,2.7548623723846523e-07,2.4850002117378886e-08,0.0,1.5360324775832414e-07,4.567581270253297e-07
2021-06-19,0.0,0.0,0.0,1.2549874395350237e-08,0.0,1.0182686723429583e-07,4.418081483180564e-07
2021-06-20,0.0,0.0,1.4639099477235962e-07,7.605601637945298e-08,0.0,1.0632483967135275e-07,6.007428564060573e-07
2021-06-21,0.0,0.0,1.4557105617280549e-07,6.401699337651891e-08,0.0,1.3091879210956786e-07,6.386480346358753e-07
2021-06-22,0.0,0.0,4.342970244005347e-07,7.759244982741483e-08,0.0,1.752832287757176e-07,5.663062416523214e-07
2021-06-23,0.0,0.0,4.319243103470084e-07,1.306204448544171e-08,0.0,1.2838984383729812e-07,6.748395782664878e-07
2021-06-24,0.0,0.0,1.4319826302815168e-07,2.6386640429962468e-08,0.0,6.565218274924176e-08,5.167380185184253e-07
2021-06-25,0.0,0.0,1.4243607588626897e-07,5.330366115014691e-08,0.0,5.5649487431798005e-08,6.25003114919989e-07
2021-06-26,0.0,0.0,4.2506439741201603e-07,2.6919685925451884e-08,0.0,6.202961799501823e-08,5.535511603685187e-07
2021-06-27,0.0,0.0,0.0,2.7190233266856005e-08,0.0,6.838147442406164e-08,4.7465510029852904e-07
2021-06-28,0.0,0.0,4.207040371661427e-07,1.3731749827122706e-08,0.0,6.171447505252741e-08,4.815382035167082e-07
2021-06-29,0.0,0.0,4.4989384212901463e-07,4.160926862172986e-08,0.0,6.804681787508404e-08,6.124898412019818e-07
2021-06-30,0.0,0.0,1.493777911418808e-07,5.603659829817102e-08,0.0,7.758823417633038e-08,5.185868354210713e-07
2021-07-01,0.0,0.0,2.985129629613522e-07,5.666336476074351e-08,0.0,8.380346478317379e-08,5.696995045437015e-07
2021-07-02,0.0,0.0,4.460933718668733e-07,5.7232841044140144e-08,0.0,9.005863205367146e-08,5.534854560715541e-07
2021-07-03,0.0,0.0,1.4815396966688358e-07,2.890402032966769e-08,0.0,8.02467722272207e-08,5.450473177279391e-07
2021-07-04,0.0,0.0,2.952499284638095e-07,5.838902112677008e-08,0.0,8.009207629347284e-08,4.1401342336408633e-07
2021-07-05,0.0,0.0,4.4133216424911113e-07,4.4231880408731365e-08,0.0,6.075849612191445e-08,4.671303388867477e-07
2021-07-06,0.0,0.0,0.0,1.4892139399095347e-08,0.0,7.342216177388322e-08,5.584207534477719e-07
2021-07-07,0.0,0.0,3.977476122580982e-07,6.016723155318792e-08,0.0,1.0198526241636042e-07,4.203149105610364e-07
2021-07-08,0.0,0.0,3.967411280279e-07,4.5578941712466965e-08,0.0,8.909963172351189e-08,6.031921300894933e-07
2021-07-09,0.0,0.0,5.276990909881643e-07,4.603701769219682e-08,0.0,6.037322530473155e-08,5.111671933975252e-07
2021-07-10,0.0,0.0,1.3161569540532793e-07,0.0,0.0,6.029202359849311e-08,4.879450697333713e-07
2021-07-11,0.0,0.0,3.9395933922850614e-07,4.696702714041466e-08,0.0,8.874062273979079e-08,5.359278968272779e-07
2021-07-12,0.0,0.0,3.9311098850325196e-07,4.743905361062248e-08,0.0,9.813572174852993e-08,4.932294571866984e-07
2021-07-13,0.0,0.0,2.615346328029611e-07,1.5971941341908012e-08,0.0,1.2965616556116454e-07,4.883217420878832e-07
2021-07-14,0.0,0.0,9.13574994330766e-07,3.226492404210544e-08,0.0,5.370875954335798e-08,5.274140286220505e-07
2021-07-15,0.0,0.0,2.605343234605475e-07,4.8883787879529893e-08,0.0,1.0416938493577682e-07,5.366707872251911e-07
2021-07-16,0.0,0.0,1.3003663680945316e-07,3.2916718743617456e-08,0.0,3.519045637630867e-08,4.523492147463668e-07
2021-07-17,0.0,0.0,1.2981911566067773e-07,3.258919191968659e-08,0.0,3.8506136871213585e-08,4.336308596226768e-07
2021-07-18,0.0,0.0,5.184583061266053e-07,1.613246202105272e-08,0.0,3.14136819073553e-08,3.7301240172673474e-07
2021-07-19,0.0,0.0,2.588459979365812e-07,3.1943882683816025e-08,0.0,3.6262165324860714e-08,4.598840976764431e-07
2021-07-20,0.0,0.0,3.877330914380388e-07,3.162603574041498e-08,0.0,3.967882332397672e-08,4.001193048183337e-07
2021-07-21,0.0,0.0,3.8723595960346134e-07,6.262270285388621e-08,0.0,4.007760212808588e-08,4.302878832165364e-07
2021-07-22,0.0,0.0,2.57851701125028e-07,4.64996974120602e-08,0.0,4.670814083746841e-08,4.3953046144099785e-07
2021-07-23,0.0,0.0,2.575718812327382e-07,4.603701769219682e-08,0.0,3.61694668504248e-08,3.8159926824321907e-07
2021-07-24,0.0,0.0,1.2865890937160776e-07,3.038596114164464e-08,0.0,5.241687865979808e-08,4.705958375068987e-07
2021-07-25,0.0,0.0,2.570894882499994e-07,4.512542366489095e-08,0.0,4.652626164855845e-08,5.716175634653532e-07
2021-07-26,0.0,0.0,3.8533030037977543e-07,2.9784278798190695e-08,0.0,4.3752902603519336e-08,7.532310338364001e-07
2021-07-27,0.0,0.0,3.850649017356993e-07,2.948792027248757e-08,0.0,4.910291842789116e-08,7.004298265758912e-07
2021-07-28,0.0,0.0,0.0,2.919451056338504e-08,0.0,4.959641096241173e-08,8.200870258552391e-07
2021-07-29,0.0,0.0,6.410826703189347e-07,2.890402032966769e-08,0.0,3.506640422555133e-08,4.5343778207829757e-07
2021-07-30,0.0,0.0,2.563331065071987e-07,4.292463078310512e-08,0.0,4.553849243193312e-08,4.532513061427869e-07
2021-07-31,0.0,0.0,2.5625877841108585e-07,2.8331682380371755e-08,0.0,3.005691790761543e-08,4.849073596254678e-07
2021-08-01,0.0,0.0,0.0,0.0,0.0,3.139809973459153e-08,5.066080246210956e-07
2021-08-02,0.0,0.0,3.8505916472219397e-07,4.171859004343868e-08,0.0,3.435786062461658e-08,5.698704471825302e-07
2021-08-03,0.0,0.0,3.8630908485493776e-07,2.753565542450411e-08,0.0,3.7255612694557655e-08,5.777786299385224e-07
2021-08-04,0.0,0.0,0.0,2.7261671075204668e-08,0.0,4.971444816472071e-08,5.778297237170124e-07
2021-08-05,0.0,0.0,2.592832984452452e-07,2.6990412915730884e-08,0.0,3.969337188743014e-08,4.195992582235374e-07
2021-08-06,0.0,0.0,2.601941012910102e-07,2.672185382004076e-08,0.0,4.2442289537141635e-08,6.018630234491241e-07
2021-08-07,0.0,0.0,6.494031757621851e-07,1.3227983466000462e-08,0.0,3.112591237050454e-08,5.149511518072548e-07
2021-08-08,0.0,0.0,4.410596876164118e-07,2.6192725662701005e-08,0.0,3.85202554596365e-08,4.993501435927646e-07
2021-08-09,0.0,0.0,8.808820968776817e-08,5.18642073755894e-08,0.0,3.356053581213396e-08,7.058458924665124e-07
2021-08-10,0.0,0.0,0.0,0.0,0.0,4.983990435200435e-08,5.35756227648064e-07
2021-08-11,0.0,2.4782079855846946e-07,2.636015076236326e-07,3.812792044624437e-08,0.0,4.0372354650907914e-08,5.577286947122277e-07
2021-08-12,0.0,0.0,1.7553966891853773e-07,2.516569419933716e-08,0.0,3.552946045350563e-08,4.6941065422390316e-07
2021-08-13,0.0,0.0,8.76812767672479e-08,1.245764567911808e-08,0.0,4.836691257088748e-08,5.121796474464555e-07
2021-08-14,0.0,0.0,2.628044618279149e-07,1.2333690033516897e-08,0.0,3.4825929999831045e-08,3.817158102131647e-07
2021-08-15,0.0,0.0,3.501218320256978e-07,1.2210967767197174e-08,0.0,4.3099257758116114e-08,4.3151518658396643e-07
2021-08-16,0.0,0.0,1.749363637112404e-07,1.2089466607830012e-08,0.0,3.2713983283237146e-08,4.816374755009873e-07
2021-08-17,0.0,0.0,5.244879155753515e-07,1.1969174405198224e-08,0.0,4.5062224293345385e-08,4.6208462540768147e-07
2021-08-18,0.0,2.6578983393891165e-07,3.481098060382167e-07,2.3700158259962595e-08,0.0,4.461384766999432e-08,4.4947272142194325e-07
2021-08-19,0.0,0.0,1.7329790648178096e-07,2.346433774510494e-08,0.0,3.5888070130728225e-08,5.495445265649655e-07
2021-08-20,0.0,0.0,1.725582398795172e-07,0.0,0.0,3.8264130010083344e-08,4.5238902876516865e-07
2021-08-21,0.0,0.0,1.7183582924504043e-07,1.1499856363886741e-08,0.0,3.653041714235958e-08,4.610073886853942e-07
2021-08-22,0.0,2.7663692283442494e-07,3.4226120467337025e-07,3.4156292643616144e-08,0.0,4.554354578636108e-08,3.9855051053285506e-07
2021-08-23,0.0,0.0,1.7044248863117283e-07,1.1272143951100031e-08,0.0,3.845944170852641e-08,5.356677857718907e-07
2021-08-24,0.0,0.0,8.488570965827975e-08,2.231996848956655e-08,0.0,3.676377201203955e-08,4.51597552216288e-07
2021-08-25,0.0,2.8506177139368234e-07,1.691173272853545e-07,2.2097881092382034e-08,0.0,3.2498184257600073e-08,4.676691443416386e-07
2021-08-26,0.0,0.0,0.0,2.187800350172172e-08,0.0,3.603580055195319e-08,4.838957219587393e-07
2021-08-27,0.0,3.7260538130370173e-07,3.789154258465506e-07,2.1660313729643303e-08,0.0,2.5483741675342454e-08,4.930313304675569e-07
2021-08-28,0.0,0.0,1.2642924719414424e-07,2.1444790006988178e-08,0.0,2.9014700340326475e-08,3.930834057183075e-07
2021-08-29,0.0,0.0,3.796979864085473e-07,2.1231410781204467e-08,0.0,4.121556413875353e-08,4.896970941082935e-07
2021-08-30,0.0,0.0,3.8014620134971863e-07,2.1020154714191773e-08,0.0,3.338628743736908e-08,3.3825739181615163e-07
2021-08-31,0.0,0.0,2.537549541518764e-07,4.162200136033471e-08,0.0,2.2036058884579468e-08,3.469131956616875e-07
2021-09-01,0.0,3.9476998238567435e-07,3.8230430304721364e-07,3.0871761101837904e-08,0.0,4.2355801171742036e-08,3.64954448892368e-07
2021-09-02,0.0,0.0,5.104912076877428e-07,5.094096991069774e-08,0.0,3.5943731921482304e-08,3.7396465428593147e-07
2021-09-03,0.0,0.0,1.2782359854801167e-07,2.0173639516443072e-08,0.0,2.0165448627473325e-08,4.802478925358852e-07
2021-09-04,0.0,4.908816207786321e-07,5.121487105618501e-07,2.995936267405517e-08,0.0,3.288319845358858e-08,3.3246676752763047e-07
2021-09-05,0.0,4.958150630860046e-07,5.130542422295016e-07,0.0,0.0,2.2091574931436045e-08,3.0277780778716244e-07
2021-09-06,0.0,1.0015961746257326e-06,2.5700553987446137e-07,0.0,0.0,3.223206749829028e-08,2.8913964214417594e-07
2021-09-07,0.0,0.0,2.575096594023314e-07,0.0,0.0,2.1654132439050385e-08,3.8752197165823695e-07
2021-09-08,0.0,5.109148797594225e-07,4.0809924852969934e-07,0.0,0.0,3.497888299258913e-08,3.2334417444441657e-07
2021-09-09,0.0,0.0,8.182884317822345e-07,0.0,0.0,3.351371350794626e-08,4.068098676675885e-07
2021-09-10,0.0,0.0,1.3674336600502627e-07,0.0,0.0,2.7650205405716197e-08,4.224729769164357e-07
2021-09-11,0.0,0.0,4.1135700349070157e-07,0.0,0.0,2.080506176144535e-08,3.9164611454575966e-07
2021-09-12,0.0,0.0,1.3750834833649065e-07,0.0,0.0,2.8186802441555985e-08,3.424443128241636e-07
2021-09-13,0.0,0.0,2.758228929176768e-07,0.0,0.0,2.7906339071183144e-08,4.0918250773437577e-07
2021-09-14,0.0,5.425080915023828e-07,6.916416792037934e-07,0.0,0.0,2.9753948385509155e-08,4.398348800773851e-07
2021-09-15,0.0,1.0959207769329896e-06,6.937952908576852e-07,0.0,0.0,2.314548629835724e-08,5.387120077828058e-07
2021-09-16,0.0,0.0,5.568146260950618e-07,0.0,0.0,1.6665588990350713e-08,4.777383526842078e-07
2021-09-17,0.0,0.0,8.379730521458982e-07,0.0,0.0,2.1655939737112657e-08,5.03842614328576e-07
2021-09-18,0.0,0.0,8.408079631527314e-07,0.0,0.0,2.552435659096474e-08,4.0799250003664043e-07
2021-09-19,0.0,0.0,5.624846371043703e-07,0.0,0.0,0.0,4.199909374993341e-07
2021-09-20,0.0,8.334183636956083e-07,2.8224344051968447e-07,0.0,0.0,0.0,4.814352147462937e-07
2021-09-21,0.0,8.417943575017632e-07,2.832727870664394e-07,0.0,0.0,0.0,5.140716056711937e-07
2021-09-22,0.0,1.0975266117534275e-06,2.829566839462428e-07,0.0,0.0,0.0,4.6933018705219626e-07
2021-09-23,0.0,0.0,2.8266887673023894e-07,0.0,0.0,0.0,4.947620827373276e-07
2021-09-24,0.0,0.0,2.8240933663746633e-07,0.0,0.0,0.0,5.33820114978967e-07
2021-09-25,0.0,0.0,4.23267056570549e-07,0.0,0.0,0.0,5.449159909896746e-07
2021-09-26,0.0,0.0,2.407282880819818e-07,0.0,0.0,0.0,4.5297796835986635e-07
2021-09-27,0.0,1.1537980044398884e-06,1.1017024088284347e-06,0.0,0.0,0.0,5.190511705983272e-07
2021-09-28,0.0,2.3307877343317777e-06,3.312079680163613e-07,0.0,0.0,0.0,5.437297398708645e-07
2021-09-29,0.0,0.0,6.638766689140027e-07,0.0,0.0,0.0,4.667368724201573e-07
2021-09-30,0.0,1.172790259486298e-06,4.4360252667693786e-07,0.0,0.0,0.0,4.2415756016676416e-07
2021-10-01,0.0,1.1875655134018197e-06,5.581421954459353e-07,0.0,0.0,0.0,3.738023937693991e-07
2021-10-02,0.0,0.0,2.6606749620074794e-07,0.0,0.0,0.0,2.3257023493787943e-07
2021-10-03,0.0,2.3914836527152993e-06,5.341406025920816e-07,0.0,0.0,0.0,2.7784467718462484e-07
2021-10-04,0.0,2.4000182764312767e-06,4.021497204660338e-07,0.0,0.0,0.0,3.2273833333355933e-07
2021-10-05,0.0,1.2043964519874594e-06,9.420464766887509e-07,0.0,0.0,0.0,2.820070030133792e-07
2021-10-06,0.0,2.417808412816293e-06,6.755984364686666e-07,0.0,0.0,0.0,3.004151453055138e-07
2021-10-07,0.0,0.0,2.5064055690809214e-07,0.0,0.0,0.0,3.251939371473322e-07
2021-10-08,0.0,1.2182828524021555e-06,2.519840134424886e-07,0.0,0.0,0.0,2.1376224707662337e-07
2021-10-09,0.0,0.0,5.067053371764334e-07,0.0,0.0,0.0,1.483973047543506e-07
2021-10-10,0.0,1.2281488277811134e-06,1.2737332960596577e-07,0.0,0.0,0.0,2.1852190378285728e-07
2021-10-11,0.0,2.4665315792411455e-06,2.561661247138572e-07,0.0,0.0,0.0,3.137379655109945e-07
2021-10-12,0.0,2.4770121581334395e-06,5.997321396999995e-07,0.0,0.0,0.0,3.5085361933059997e-07
2021-10-13,0.0,1.243870220152865e-06,4.526423729168879e-07,0.0,0.0,0.0,2.796699720547819e-07
2021-10-14,0.0,0.0,3.0368727044884735e-07,0.0,0.0,0.0,3.4202251948338203e-07
2021-10-15,0.0,5.0198888614335014e-06,9.931627757168523e-07,0.0,0.0,0.0,3.8503190077759494e-07
2021-10-16,0.0,0.0,6.611294782636821e-07,0.0,0.0,0.0,1.9501720532411174e-07
2021-10-17,0.0,0.0,4.95162414661174e-07,0.0,0.0,0.0,2.131931206611689e-07
2021-10-18,0.0,1.2644193759280199e-06,6.593696497049192e-07,0.0,0.0,0.0,2.5627137150884573e-07
2021-10-19,0.0,2.5356417659176667e-06,8.232358550534001e-07,0.0,0.0,0.0,3.8010818175787913e-07
2021-10-20,0.0,0.0,3.289367888988755e-07,0.0,0.0,0.0,3.2305859109524854e-07
2021-10-21,0.0,6.3750229964343415e-06,6.572242594587914e-07,0.0,0.0,0.0,3.6548553178634e-07
2021-10-22,0.0,2.5521434212125874e-06,8.208008301168329e-07,0.0,0.0,0.0,2.903328330094033e-07
2021-10-23,0.0,2.554532860320353e-06,3.280613666708766e-07,0.0,0.0,0.0,2.3410038103402885e-07
2021-10-24,0.0,2.5571777548429353e-06,1.6391760385253624e-07,0.0,0.0,0.0,2.51920171442245e-07
2021-10-25,0.0,6.400195923179975e-06,1.8020300789327962e-06,0.0,0.0,0.0,2.880567467629574e-07
2021-10-26,0.0,2.5632349936713774e-06,3.274812218176881e-07,0.0,0.0,0.0,3.607231899001353e-07
2021-10-27,0.0,5.133295887412338e-06,1.1457367582402846e-06,0.0,0.0,0.0,2.683845643734734e-07
2021-10-28,0.0,0.0,8.169960078388526e-07,0.0,0.0,0.0,2.556101511358829e-07
2021-10-29,0.0,1.2871221057701297e-06,8.156903172162609e-07,0.0,0.0,0.0,2.793520829838874e-07
2021-10-30,0.0,0.0,3.25786478522054e-07,0.0,0.0,0.0,3.0301970256008825e-07
2021-10-31,0.0,1.2914351056913398e-06,6.50658818153891e-07,0.0,0.0,0.0,2.6613500221633846e-07
2021-11-01,0.0,2.582024624100586e-06,6.515745239473833e-07,0.0,0.0,0.0,2.404872809099139e-07
2021-11-02,0.0,0.0,3.253941517664834e-07,0.0,0.0,0.0,1.0436472539430256e-07
2021-11-03,0.0,5.1843600170659635e-06,1.4626511156052656e-06,0.0,0.0,0.0,1.455711733973357e-07
2021-11-04,0.0,1.298823135318214e-06,1.461174814591796e-06,0.0,0.0,0.0,1.1927397187920293e-07
2021-11-05,0.0,2.5871123253675186e-06,3.5265633174204217e-07,0.0,0.0,0.0,1.2546762453145828e-07
2021-11-06,0.0,1.2884185467435397e-06,1.058031174327415e-06,0.0,0.0,0.0,1.2909054201644092e-07
2021-11-07,0.0,3.850229321195041e-06,1.4109322099037754e-06,0.0,0.0,0.0,1.0369171689555837e-07
2021-11-08,0.0,3.835588028300118e-06,5.292364806629132e-07,0.0,0.0,0.0,1.289218191157005e-07
2021-11-09,0.0,1.0190214126411622e-05,7.059017422680119e-07,0.0,0.0,0.0,9.927479767499747e-08
2021-11-10,0.0,3.8074547027227916e-06,1.0593381516219293e-06,0.0,0.0,0.0,1.7785266111796738e-07
2021-11-11,0.0,2.5130465969587925e-06,7.794480733763526e-07,0.0,0.0,0.0,1.4364665591374768e-07
2021-11-12,0.0,2.4880413655229642e-06,4.686374326483918e-07,0.0,0.0,0.0,1.4221734780602985e-07
2021-11-13,0.0,0.0,1.0958567326111285e-06,0.0,0.0,0.0,1.0446619405441843e-07
2021-11-14,0.0,2.4387748456179376e-06,1.5690510128035537e-07,0.0,0.0,0.0,9.443310865981266e-08
2021-11-15,0.0,3.621762945683538e-06,3.145498628000074e-07,0.0,0.0,0.0,7.568520095209996e-08
2021-11-16,0.0,1.1952419340842947e-06,1.103623424006984e-06,0.0,0.0,0.0,8.815543602341051e-08
2021-11-17,0.0,3.5500472343905706e-06,1.4225563176120418e-06,0.0,0.0,0.0,9.81880591264459e-08
2021-11-18,0.0,2.782432684333685e-06,3.169578866103596e-07,0.0,0.0,0.0,1.0585205575778379e-07
2021-11-19,0.0,1.8364980110285444e-06,6.92140513191342e-07,0.0,0.0,0.0,1.005213077476545e-07
2021-11-20,0.0,1.8182245504994878e-06,6.945037538935316e-07,0.0,0.0,0.0,8.46988119351611e-08
2021-11-21,0.0,0.0,3.4708498735597803e-07,0.0,0.0,0.0,8.175964355827935e-08
2021-11-22,0.0,1.7822212921733699e-06,5.204292098297465e-07,0.0,0.0,0.0,1.1830586990254218e-07
2021-11-23,0.0,1.7644878940204723e-06,6.937106426402686e-07,0.0,0.0,0.0,1.3562271316991456e-07
2021-11-24,0.0,1.746930946127388e-06,1.04037756572485e-06,0.0,0.0,0.0,7.120550851404509e-08
2021-11-25,0.0,0.0,9.728350555621733e-07,0.0,0.0,0.0,8.258220218630194e-08
2021-11-26,0.0,0.0,1.1686992025366604e-06,0.0,0.0,0.0,8.176049554518842e-08
2021-11-27,0.0,2.5429520011304904e-06,5.850566046464431e-07,0.0,0.0,0.0,7.897264880172039e-08
2021-11-28,0.0,1.6784328039675706e-06,3.9054807611504626e-07,0.0,0.0,0.0,8.014152926229657e-08
2021-11-29,0.0,0.0,7.821949418643996e-07,0.0,0.0,0.0,1.1611332837444996e-07
2021-11-30,0.0,8.22598803841775e-07,9.792149395559056e-07,0.0,0.0,0.0,1.0729411602297426e-07
2021-12-01,0.0,3.221586167183009e-06,5.872970062175313e-07,0.0,0.0,0.0,1.0390711610961446e-07
2021-12-02,0.0,2.3921481369211183e-06,1.3678481876962457e-06,0.0,0.0,0.0,9.3521111845163e-08
2021-12-03,0.0,0.0,5.852029200758135e-07,0.0,0.0,0.0,7.222063776278597e-08
2021-12-04,0.0,7.815934767211022e-07,6.107665239263144e-07,0.0,0.0,0.0,7.883557199084923e-08
2021-12-05,0.0,6.933517145367114e-07,3.046868151282949e-07,0.0,0.0,0.0,9.257228818828152e-08
2021-12-06,0.0,6.864527497067719e-07,3.040208372288519e-07,0.0,0.0,0.0,9.165117853058816e-08
2021-12-07,0.0,3.3981121536192426e-06,9.101557849994501e-07,0.0,0.0,0.0,1.1742724408686652e-07
2021-12-08,0.0,1.3457201491007038e-06,6.055600497662067e-07,0.0,0.0,0.0,1.1097433150919678e-07
2021-12-09,0.0,1.3323300098900574e-06,7.555126658863229e-07,0.0,0.0,0.0,9.940629765528576e-08
2021-12-10,0.0,0.0,3.0166032858442885e-07,0.0,0.0,0.0,7.769778036887051e-08
2021-12-11,0.0,0.0,6.02291514197143e-07,0.0,0.0,0.0,7.863411174881026e-08
2021-12-12,0.0,1.1336254288295118e-06,9.019839013181385e-07,0.0,0.0,0.0,9.308354151121242e-08
2021-12-13,0.0,0.0,9.006207304823501e-07,0.0,0.0,0.0,8.880616862348839e-08
2021-12-14,0.0,5.555890706827446e-07,1.1991301632935068e-06,0.0,0.0,0.0,9.289927960318443e-08
2021-12-15,0.0,1.100121734124612e-06,1.3472466749544235e-06,0.0,0.0,0.0,9.197491632655022e-08
2021-12-16,0.0,1.0891753399739186e-06,8.970710946625712e-07,0.0,0.0,0.0,9.26858175935196e-08
2021-12-17,0.0,1.0783378642648717e-06,9.968851227985917e-07,0.0,0.0,0.0,7.888447959068632e-08
2021-12-18,0.0,1.6014123348613036e-06,8.539727944792376e-07,0.0,0.0,0.0,7.013022244454162e-08
2021-12-19,0.0,5.284926719644335e-07,1.422596707584628e-07,0.0,0.0,0.0,8.047848110619411e-08
2021-12-20,0.0,0.0,1.1376381481814288e-06,0.0,0.0,0.0,7.499078290783345e-08
2021-12-21,0.0,5.1802781591188e-07,4.26492260646753e-07,0.0,0.0,0.0,8.352518866944801e-08
2021-12-22,0.0,5.128733530210014e-07,4.264128653069464e-07,0.0,0.0,0.0,7.197449370989964e-08
2021-12-23,0.0,1.5233105336784627e-06,4.263761116090157e-07,0.0,0.0,0.0,5.912925714329788e-08
2021-12-24,0.0,5.027177802055729e-07,4.2638199587756056e-07,0.0,0.0,0.0,0.0
2021-12-25,0.0,2.563213232639278e-07,5.667268760340632e-07,0.0,0.0,0.0,0.0
2021-12-26,0.0,2.5377088348381845e-07,4.2375082304344235e-07,0.0,0.0,0.0,0.0
2021-12-27,0.0,7.537374630106018e-07,7.041647741612808e-07,0.0,0.0,0.0,0.0
2021-12-28,0.0,7.462376499441661e-07,7.728731755555831e-07,5.05286658003519e-09,0.0,0.0,0.0
2021-12-29,0.0,0.0,4.6298280261098284e-07,5.103648733418552e-09,0.0,0.0,0.0
2021-12-30,0.0,0.0,6.163839980729293e-07,0.0,0.0,0.0,0.0
2021-12-31,0.0,0.0,1.5387980789450267e-07,5.206749276859461e-09,0.0,0.0,0.0
2022-01-01,0.0,0.0,6.124026706452524e-07,1.5624607883237084e-08,0.0,0.0,0.0
2022-01-02,0.0,0.0,1.5291593002027845e-07,1.0521091868725485e-08,0.0,0.0,0.0
2022-01-03,0.0,0.0,0.0,3.095220414498141e-08,0.0,0.0,0.0
2022-01-04,0.0,0.0,4.5777693886431906e-07,3.126327896826175e-08,0.0,0.0,0.0
2022-01-05,0.0,0.0,3.04906802336652e-07,3.157748014549174e-08,0.0,0.0,0.0
2022-01-06,0.0,0.0,9.139784090942448e-07,1.063161303235031e-08,0.0,0.0,0.0
2022-01-07,0.0,0.0,4.5666390489054687e-07,2.1476925039399294e-08,0.0,0.0,0.0
2022-01-08,0.0,0.0,1.516680412765946e-07,4.338554344899883e-08,0.0,0.0,0.0
2022-01-09,0.0,0.0,3.0225989570705016e-07,2.191078770484935e-08,2.536708233571228e-08,0.0,0.0
2022-01-10,0.0,0.0,1.298879909358826e-07,4.4261989564457643e-08,8.540675250541343e-09,0.0,0.0
2022-01-11,0.0,0.0,7.775173723060268e-07,1.1176707488764536e-08,2.8755034879403012e-08,0.0,0.0
2022-01-12,0.0,0.0,2.585948504606406e-07,4.515614106590997e-08,8.713208335335626e-09,0.0,0.0
2022-01-13,0.0,0.0,5.160862063729629e-07,1.1402491957124656e-08,1.4667962558241528e-08,0.0,0.0
2022-01-14,0.0,0.0,0.0,4.6068355625878564e-08,2.666768045892512e-08,0.0,0.0
2022-01-15,0.0,0.0,1.2712826762654285e-07,1.163283757430288e-08,1.7957130068856346e-08,0.0,0.0
2022-01-16,0.0,0.0,3.7860222616369737e-07,0.0,1.511466852200041e-08,0.0,0.0
2022-01-17,0.0,0.0,2.5057167332392354e-07,3.560350944485218e-08,1.2213258772854663e-08,0.0,0.0
2022-01-18,0.0,0.0,4.975338398297169e-07,2.3974220442370465e-08,1.2336004064164033e-08,0.0,0.0
2022-01-19,0.0,0.0,1.234935217025456e-07,1.2107582681764482e-08,1.2459982966159856e-08,0.0,0.0
2022-01-20,0.0,0.0,1.0189695628744356e-07,2.4458531821403196e-08,2.2024113784462387e-08,0.0,0.0
2022-01-21,0.0,0.0,0.0,6.176086038210433e-08,3.495715112666381e-08,0.0,0.0
2022-01-22,0.0,0.0,2.0117748093105893e-07,0.0,9.62958445534726e-09,0.0,0.0
2022-01-23,0.0,0.0,1.7227420473416226e-07,2.520340500921129e-08,1.6210605646791015e-08,0.0,0.0
2022-01-24,0.0,0.0,1.7129109715743076e-07,2.545670344064382e-08,9.824114965246092e-09,0.0,0.0
2022-01-25,0.0,2.4128647732286767e-07,0.0,5.142509512726881e-08,2.6460930565602378e-08,0.0,0.0
2022-01-26,0.0,2.4371144673511274e-07,1.6937617316270662e-07,0.0,3.006772575636291e-08,0.0,0.0
2022-01-27,0.0,0.0,1.6844416525071883e-07,1.3115987739960759e-08,1.6872173013364055e-08,0.0,0.0
2022-01-28,0.0,0.0,1.6752900189562672e-07,0.0,2.3858437639709895e-08,0.0,0.0
2022-01-29,0.0,0.0,0.0,1.3380948268082468e-08,1.3770410813917822e-08,0.0,0.0
2022-01-30,0.0,0.0,8.287442223152743e-08,1.3515429033921305e-08,1.7386007179269163e-08,0.0,0.0
2022-01-31,0.0,0.0,8.244183618417418e-08,4.095378406177929e-08,1.7560739456347362e-08,0.0,0.0
2022-02-01,0.0,4.992175366987777e-07,2.4718944615858445e-07,2.761559229706403e-08,1.775644524198856e-08,0.0,0.0
2022-02-02,0.0,5.042347563539473e-07,1.6395683833957986e-07,1.3946566806888896e-08,1.7934900483491425e-08,0.0,0.0
2022-02-03,0.0,1.0186047998098984e-06,1.6313710839390188e-07,2.817346426709728e-08,4.347635815197226e-08,0.0,0.0
2022-02-04,0.0,0.0,0.0,2.8456612290321443e-08,1.8297209506504463e-08,0.0,0.0
2022-02-05,0.0,5.195909908618719e-07,0.0,4.311390899773284e-08,3.696219903843772e-08,0.0,0.0
2022-02-06,0.0,0.0,0.0,1.4515736995603895e-08,3.3600307783115065e-08,0.0,0.0
2022-02-07,0.0,0.0,1.8919640968480393e-07,2.9323245155519106e-08,2.2625330993609896e-08,0.0,0.0
2022-02-08,0.0,5.354148923350162e-07,6.606273946742042e-07,0.0,2.2852719350430285e-08,0.0,0.0
2022-02-09,0.0,0.0,2.1663743434058617e-07,2.991561400159367e-08,2.692945849793466e-08,0.0,0.0
2022-02-10,0.0,0.0,2.1651397302937297e-07,6.043254184147032e-08,3.497156235684652e-08,0.0,0.0
2022-02-11,0.0,0.0,4.3282432659178317e-07,4.577992423822355e-08,2.7473469645787846e-08,0.0,0.0
2022-02-12,0.0,0.0,0.0,4.624002012591826e-08,4.360648695245832e-08,0.0,0.0
2022-02-13,0.0,0.0,2.8278075965894806e-07,3.113649336943935e-08,2.0020336105583687e-08,0.0,0.0
2022-02-14,0.0,1.1370462004919383e-06,7.550389820415754e-07,1.572471016510866e-08,8.088617531410401e-09,0.0,0.0
2022-02-15,0.0,0.0,5.670535821400211e-07,3.1765492259236225e-08,4.493450218994555e-08,0.0,0.0
2022-02-16,0.0,1.1600160574142068e-06,9.418526373508883e-08,1.5878776799245966e-08,3.300807377803521e-08,0.0,0.0
2022-02-17,0.0,0.0,2.81613047155107e-07,0.0,5.000971565194651e-08,0.0,0.0
2022-02-18,0.0,1.1834499362265276e-06,1.871323097628942e-07,1.5875601573092594e-08,2.946552096254685e-08,0.0,0.0
2022-02-19,0.0,0.0,4.6635325368992696e-07,4.762918607935831e-08,4.251664910206071e-09,0.0,0.0
2022-02-20,0.0,6.036786053964411e-07,4.6492236868661647e-07,0.0,3.006076397057676e-08,0.0,0.0
2022-02-21,0.0,6.097456762458129e-07,3.7083038104608907e-07,4.764823838885434e-08,5.205065086484364e-08,0.0,0.0
2022-02-22,0.0,0.0,3.697599504900158e-07,1.572471016510866e-08,3.943032645215626e-08,0.0,0.0
2022-02-23,0.0,6.220633559814987e-07,4.6090812029640745e-07,9.340948010831805e-08,3.982660782118372e-08,0.0,0.0
2022-02-24,0.0,1.8849455899381532e-06,4.59662393676416e-07,4.624002012591826e-08,3.128756702103064e-08,0.0,0.0
2022-02-25,0.0,6.346298693538658e-07,2.7507758020730735e-07,3.051994949214904e-08,3.1602012297249105e-08,0.0,0.0
2022-02-26,0.0,0.0,2.743852321960179e-07,0.0,3.19196178010324e-08,0.0,0.0
2022-02-27,0.0,0.0,2.3209089259247717e-07,1.4957807000796835e-08,4.1451962519822856e-08,0.0,0.0
2022-02-28,0.0,1.3079144525160382e-06,1.5457838356420574e-07,2.9617948668782094e-08,4.103950860132737e-08,0.0,0.0
2022-03-01,0.0,1.2990853462731677e-06,3.099518399564593e-07,1.4691207278953037e-08,3.167456280338843e-08,0.0,0.0
2022-03-02,0.0,0.0,3.097150776510869e-07,5.818010929640808e-08,2.6879481975061974e-08,0.0,0.0
2022-03-03,0.0,0.0,3.095092871115764e-07,2.880060376820862e-08,3.9918039991010797e-08,0.0,0.0
2022-03-04,0.0,6.693241925298801e-07,1.5466722387935118e-07,4.2771049458885915e-08,4.391205428521432e-08,0.0,0.0
2022-03-05,0.0,0.0,5.641136275687635e-08,2.823031360403163e-08,4.3475122044660874e-08,9.243648092740846e-08,0.0
2022-03-06,0.0,0.0,5.659093805868823e-08,9.782296051625438e-08,5.165104482304955e-08,1.4523519578618e-07,0.0
2022-03-07,0.0,6.897081488771914e-07,5.6776172501465237e-08,2.767131594170545e-08,2.130712847501293e-08,1.519339349764163e-07,0.0
2022-03-08,0.0,6.966398310127196e-07,3.987695922616422e-07,4.1093972621559277e-08,2.531414280523046e-08,1.4816914136010906e-07,0.0
2022-03-09,0.0,1.407282355423768e-06,1.714910804162413e-07,5.42467743494235e-08,4.1770438126368525e-08,1.5500320405847788e-07,0.0
2022-03-10,0.0,7.107128891151892e-07,2.2946407500935442e-07,6.713376240759422e-08,3.3083852258112855e-08,1.56561012157847e-07,0.0
2022-03-11,0.0,7.178556723996687e-07,2.3029632272910882e-07,6.64657703105948e-08,1.6377331213963336e-08,1.0360534666514126e-07,0.0
2022-03-12,0.0,1.919306210472243e-06,1.1557580013652515e-07,3.948265490760886e-08,4.8643122136918376e-08,1.1566202904782739e-07,0.0
2022-03-13,0.0,0.0,3.480449897544691e-07,5.211972790300524e-08,5.2172374566754575e-08,1.8358128134508164e-07,0.0
2022-03-14,0.0,0.0,2.911644865736473e-07,2.5800563972711104e-08,4.767992378410586e-08,1.6295038827235264e-07,0.0
2022-03-15,0.0,9.888788933131328e-07,5.846411967530643e-08,3.831576610772611e-08,5.1139292333595925e-08,1.645880669009198e-07,0.0
2022-03-16,0.0,1.9823177910438135e-06,1.1740237699314242e-07,2.5289678576617494e-08,3.505184852741083e-08,1.7770718409218492e-07,0.0
2022-03-17,0.0,1.987076028892403e-06,1.178882549712069e-07,3.7557063105525066e-08,2.313538453810941e-08,1.621228641149134e-07,0.0
2022-03-18,0.0,0.0,1.1838592187300908e-07,2.4788909389154734e-08,3.0540244820904395e-08,1.8129710734322842e-07,0.0
2022-03-19,0.0,0.0,1.783431411984807e-07,2.2313358179991524e-08,5.669318307674115e-08,1.4176968275915168e-07,0.0
2022-03-20,0.0,1.0802526538063518e-06,2.430498444552144e-07,2.229218451131738e-08,3.367744588790324e-08,1.6706024038474241e-07,0.0
2022-03-21,0.0,2.1523321721107266e-06,2.444923029949586e-07,4.4546480159342496e-08,4.075176074739636e-08,1.566864220198925e-07,0.0
2022-03-22,0.0,1.072187135809788e-06,2.4595921096874645e-07,2.225652299059418e-08,4.0346273952945636e-08,1.582611467410129e-07,0.0
2022-03-23,0.0,2.136630810342572e-06,1.6496714337906528e-07,4.4484063144726677e-08,4.357616925764969e-08,1.4755541326956193e-07,0.0
2022-03-24,0.0,2.129101013927134e-06,0.0,2.222976437582482e-08,4.673779405637516e-08,2.2355755474064174e-07,9.518214351134707e-08
2022-03-25,0.0,0.0,2.5050811072765155e-07,6.665916052274625e-08,4.983218717649532e-08,2.0698731672548714e-07,6.867052854076098e-08
2022-03-26,0.0,0.0,7.520490473863643e-07,8.884759185282638e-08,4.933634862944661e-08,1.6471990666408877e-07,6.936067882635375e-08
2022-03-27,0.0,0.0,2.5088298937374066e-07,6.661889088141222e-08,2.7911682147642637e-08,1.5997631658476098e-07,1.469129313556798e-07
2022-03-28,0.0,2.57498465681356e-06,8.370268382001128e-08,4.4405833211872484e-08,4.8359423472383124e-08,1.9390092635513712e-07,1.713793426864169e-07
2022-03-29,0.0,2.5732748970908865e-06,1.675721497071536e-07,4.440351312312966e-08,4.4458364942678634e-08,1.827930188585958e-07,1.5832475644682047e-07
2022-03-30,0.0,0.0,4.1938922282224827e-07,6.66084501340533e-08,4.401599682025882e-08,2.175997833899342e-07,1.7270922243888488e-07
2022-03-31,0.0,1.2853136106518277e-06,2.5054271415551945e-07,8.882438864524367e-08,3.016940561598542e-08,2.4642750939720687e-07,1.572158452548171e-07
2022-04-01,0.0,0.0,2.495616513931755e-07,4.447602593867637e-08,2.9901850884945934e-08,2.759259181169628e-07,1.909032997695192e-07
2022-04-02,0.0,0.0,3.3136064114747936e-07,2.22457444094028e-08,2.631495333105168e-08,1.6314088957866772e-07,1.752926452992017e-07
2022-04-03,0.0,0.0,4.950083251664616e-07,4.4511400884893066e-08,1.6283196981578024e-08,1.9910975002244175e-07,2.577331363538353e-07
2022-04-04,0.0,0.0,2.4651259492836446e-07,8.907152825632396e-08,3.54665882219358e-08,2.080456927016423e-07,2.867330174671909e-07
2022-04-05,0.0,1.2762535588332645e-06,4.0924279789736477e-07,1.1141145246239246e-07,2.2345075309949476e-08,2.3115024534187882e-07,3.124790531645431e-07
2022-04-06,0.0,1.2764256055275984e-06,1.8438431623344434e-07,6.68967815054816e-08,3.476430272185847e-08,2.688480930092795e-07,3.656567608124291e-07
2022-04-07,0.0,1.2767252958461765e-06,3.9032196817228963e-07,0.0,1.5644723695537147e-08,2.644040070204858e-07,3.2656695239726507e-07
2022-04-08,0.0,0.0,3.120533316063425e-07,1.7460378546120817e-08,4.9564979500218315e-08,1.660110855076108e-07,2.905812661624269e-07
2022-04-09,0.0,1.2777077400006583e-06,1.5594014713402955e-07,3.506450572113245e-08,2.4535899856986034e-08,1.8955076700106292e-07,3.172990880420415e-07
2022-04-10,0.0,0.0,1.5586922260955184e-07,7.042352165963181e-08,3.340117491465598e-08,2.2827420385734729e-07,2.9645139712557933e-07
2022-04-11,0.0,2.558402568574941e-06,2.3372082770583985e-07,5.3043805715888354e-08,2.405005648820512e-08,2.603191587467473e-07,3.5607985029073414e-07
2022-04-12,0.0,1.2801398976875788e-06,2.336611937748905e-07,3.551684974121851e-08,1.4881721517378488e-08,3.1552249174483466e-07,3.514844551841557e-07
2022-04-13,0.0,1.2812065261442426e-06,3.114999015440492e-07,3.872944066443991e-08,2.6520562645527573e-08,2.731658961477285e-07,3.219921017386865e-07
2022-04-14,0.0,0.0,3.893533687141454e-07,2.607911867612927e-08,4.3761131063564955e-08,2.299260492047581e-07,3.377369521671329e-07
2022-04-15,0.0,2.567448535388907e-06,1.5574831846382517e-07,3.951182726434832e-08,1.7330280213663214e-08,2.436910689493801e-07,3.6218875045869487e-07
2022-04-16,0.0,1.2851756325642539e-06,7.788543220181463e-08,1.3302975910051938e-08,1.4298200870303135e-08,2.8260542045135063e-07,2.552294008721936e-07
2022-04-17,0.0,0.0,4.321533449381377e-07,0.0,3.963660790475633e-08,2.486139550947101e-07,3.3942942367773916e-07
2022-04-18,0.0,0.0,2.596296316961408e-07,5.428685539911456e-08,1.1212062018995701e-08,2.4181210144276156e-07,3.558600149381852e-07
2022-04-19,0.0,3.870904451416593e-06,3.466576261452364e-07,5.483244736634973e-08,0.0,3.099999101674138e-07,3.725865822132381e-07
2022-04-20,0.0,2.584535845276912e-06,3.4717707608044865e-07,6.922940328001924e-08,0.0,2.751620718411979e-07,4.2060539133754143e-07
2022-04-21,0.0,2.588727178681078e-06,1.738656220062921e-07,0.0,0.0,2.2042525595461507e-07,2.906748997558322e-07
2022-04-22,0.0,1.2965886934801956e-06,0.0,2.8251171998211326e-08,0.0,3.29120837592261e-07,3.568323423719788e-07
2022-04-23,0.0,0.0,2.617079692605114e-07,1.426755049855846e-08,0.0,2.6398738350075006e-07,3.2848274463844763e-07
2022-04-24,0.0,1.3014281170874072e-06,3.496026273558216e-07,4.323282529485233e-08,0.0,2.8152770399953423e-07,3.8708139295738516e-07
2022-04-25,0.0,3.912128761504067e-06,5.254443843775502e-07,7.277887068764375e-08,0.0,3.180990125726865e-07,3.956260497464434e-07
2022-04-26,0.0,1.3067881292940595e-06,4.387811438313978e-07,7.351031049825162e-08,0.0,1.9143680234179864e-07,3.713949465210625e-07
2022-04-27,0.0,1.4262248807835756e-06,2.6384150749692355e-07,4.454946084070087e-08,0.0,2.0911601499390796e-07,3.941213266631473e-07
2022-04-28,0.0,2.8608063862359112e-06,5.288814261312533e-07,4.499719036565952e-08,0.0,3.0206903154560117e-07,3.549167599604627e-07
2022-04-29,0.0,1.4347245469636542e-06,5.301327258520088e-07,1.5149806549050837e-08,0.0,2.3437462590940146e-07,4.408381037244913e-07
2022-04-30,0.0,1.439189374459657e-06,2.6571851964356404e-07,1.5302064636161624e-08,0.0,2.700262599547788e-07,3.669796156516403e-07
2022-05-01,0.0,0.0,1.7787675098085398e-07,1.5488117682131468e-08,0.0,3.19154026170384e-07,3.3519043956927425e-07
2022-05-02,0.0,0.0,8.917386722328164e-08,4.693132755796844e-08,0.0,4.124556378951658e-07,3.983048935199544e-07
2022-05-03,0.0,0.0,3.576731056686817e-07,3.160199682760523e-08,0.0,3.524865768215273e-07,4.6265411288781247e-07
2022-05-04,0.0,5.69375446281904e-06,8.967162751321641e-08,6.383920435183203e-08,0.0,3.514749986843346e-07,4.419069148927455e-07
2022-05-05,0.0,3.579745039443752e-06,3.5973578338696115e-07,8.060099877761035e-08,0.0,4.3228156761921854e-07,5.016412213431568e-07
2022-05-06,0.0,2.386470989351024e-06,3.608210305991763e-07,9.76932627389714e-08,0.0,2.9129765678699715e-07,4.503847106079659e-07
2022-05-07,0.0,3.580025902240822e-06,1.8097118010756832e-07,4.933754817624779e-08,0.0,2.90542303299166e-07,4.4227473130723813e-07
2022-05-08,0.0,1.1910390554040646e-06,3.043482242775613e-07,3.256442091299047e-08,0.0,3.4777920514054096e-07,5.360635995047778e-07
2022-05-09,0.0,0.0,4.0463269078712565e-07,3.224039951104414e-08,0.0,4.0476616195448277e-07,5.607886685420963e-07
2022-05-10,0.0,0.0,5.043852660130541e-07,6.383920435183203e-08,0.0,3.1152630461027355e-07,5.989778313690396e-07
2022-05-11,0.0,0.0,3.0181806449347494e-07,6.320399365521045e-08,0.0,4.02935011151869e-07,4.5374824399050813e-07
2022-05-12,0.0,0.0,5.017252523951378e-07,6.25751034106246e-08,0.0,3.216639370203713e-07,5.845093781129702e-07
2022-05-13,0.0,0.0,2.2865339343202757e-07,1.5488117682131468e-08,0.0,2.751531700980031e-07,5.408668094762365e-07
2022-05-14,0.0,1.9217550648701345e-06,1.1422880961454609e-07,3.066801667256363e-08,0.0,2.746219097248499e-07,4.632143710815845e-07
2022-05-15,0.0,1.9231633176573843e-06,4.007663473647856e-07,1.5181432404044163e-08,0.0,3.0838287574296183e-07,5.804833867054057e-07
2022-05-16,0.0,1.909591568746037e-06,1.0025534941342217e-07,4.5091123883094474e-08,0.0,3.99060850209296e-07,5.334351963855597e-07
2022-05-17,0.0,9.481053902914479e-07,3.0098741281240707e-07,2.9761639802680545e-08,0.0,4.3255511521245055e-07,5.134223269830131e-07
2022-05-18,0.0,9.415098075389968e-07,5.020647939610876e-07,7.366376634686625e-08,0.0,3.7506012820334314e-07,5.204772781864053e-07
2022-05-19,0.0,9.350083765518937e-07,1.0050682135985631e-07,5.834463970004199e-08,1.3236242415720516e-08,3.518197461212338e-07,5.275927299760288e-07
2022-05-20,0.0,0.0,2.599799281360579e-07,4.332307562638626e-08,9.549477759689327e-09,2.833431154578462e-07,6.160017456915699e-07
2022-05-21,0.0,1.8445707572598098e-06,6.083893403284792e-07,0.0,1.5432722570785203e-08,3.509063150533304e-07,5.216878957504458e-07
2022-05-22,0.0,0.0,2.6152272333450666e-07,5.662029500340273e-08,2.3381736016777806e-08,4.296479289931829e-07,4.81505139225026e-07
2022-05-23,0.0,0.0,1.7488887363138518e-07,2.802845682747386e-08,1.9680605308720278e-08,3.1624938817184927e-07,5.391579896553344e-07
2022-05-24,0.0,9.038910688177108e-07,4.386168851821756e-07,4.162435353342934e-08,1.7890558812351437e-08,3.272315640613637e-07,5.693181994661953e-07
2022-05-25,0.0,1.7958824406777556e-06,3.520443586719375e-07,9.61570966899394e-08,1.405472593594588e-08,4.6224225990784386e-07,5.458672154338141e-07
2022-05-26,0.0,8.920811667303657e-07,3.51836466162818e-07,1.3600045370239597e-08,1.4195978279924325e-08,3.9429891603467437e-07,5.359477630385796e-07
2022-05-27,0.0,8.863103219819302e-07,1.7583187879675645e-07,4.039416797336057e-08,1.2290271628766385e-08,2.814572936776382e-07,4.5381455303467473e-07
2022-05-28,0.0,0.0,2.636446617697659e-07,1.3330746428820533e-08,4.137930304048434e-09,2.3629254636731722e-07,5.034309028495251e-07
2022-05-29,0.0,8.750339595714037e-07,2.6356787003027865e-07,1.3198103285606085e-08,2.507710316992057e-08,2.6992525199653285e-07,4.1598455365169566e-07
2022-05-30,0.0,8.695273142636748e-07,7.027131607931603e-07,3.920033989115596e-08,1.2664566123382596e-08,3.48528960084408e-07,4.6527145988591497e-07
2022-05-31,0.0,0.0,0.0,7.762057998429968e-08,2.1319745214951815e-08,2.6975947576238297e-07,5.268577722873036e-07
2022-06-01,0.0,8.643211466071395e-07,6.148163675493112e-07,3.843719796488153e-08,2.584938736096707e-08,3.9322627424658e-07,5.413150759182656e-07
2022-06-02,0.0,1.7180797030644917e-06,3.513617936032384e-07,3.805474145491482e-08,3.916376703445227e-08,3.145630012865095e-07,6.586110790124982e-07
2022-06-03,0.0,8.538444611583744e-07,1.7571754253951665e-07,6.279348408467663e-08,1.758105308301953e-08,3.1457643973802023e-07,4.975276457486908e-07
2022-06-04,0.0,0.0,4.394294004452495e-07,3.7301207087139084e-08,5.562696498944805e-08,3.694200090437e-07,4.634965988222706e-07
2022-06-05,0.0,2.5311279746364515e-06,7.912959981262996e-07,6.155008979210889e-08,7.15094867225164e-08,2.677281137594203e-07,4.1116304820775863e-07
2022-06-06,0.0,0.0,3.507507232254764e-07,1.558628505468083e-07,4.643239436497336e-08,3.7798636267824554e-07,4.833380555000907e-07
2022-06-07,0.0,0.0,1.749247057686065e-07,1.1123072530475534e-07,5.7321058283450284e-08,4.0996982656363967e-07,4.4381951921058426e-07
2022-06-08,0.0,0.0,4.3622885635205714e-07,6.668517974477957e-08,6.316052126906215e-08,2.871542242469976e-07,5.273773409343098e-07
2022-06-09,0.0,0.0,2.6111374291905495e-07,4.442572858683437e-08,5.8479020472527756e-08,4.293753885043322e-07,4.6978027785876013e-07
2022-06-10,0.0,8.198394880214288e-07,1.7367752241250877e-07,2.219955664351464e-08,6.443644843548562e-08,2.0854321005543114e-07,3.824352369496824e-07
2022-06-11,0.0,0.0,2.0176143720050972e-07,6.656540690332844e-08,3.2542022754286315e-08,2.8452811677327053e-07,4.409466923426052e-07
2022-06-12,0.0,8.108687291995374e-07,2.0168390522970646e-07,2.7218895294175946e-08,3.286907552022369e-08,2.618859392973271e-07,4.027326283942703e-07
2022-06-13,0.0,0.0,2.0162654181749666e-07,0.0,8.299853805276019e-08,1.1691582109064973e-07,4.247294517526078e-07
2022-06-14,0.0,0.0,2.015893412274913e-07,1.6385766875060266e-07,7.265499559754115e-08,1.525316491722336e-07,5.179869833510725e-07
2022-06-15,0.0,1.596039353838824e-06,2.015722997396003e-07,3.7437653953839354e-08,6.209516114390424e-08,2.472959745070497e-07,4.6817273735742013e-07
2022-06-16,0.0,1.5801584969252572e-06,3.0236312347449125e-07,1.127734008633951e-07,5.131573190878813e-08,2.0684949948796773e-07,4.6603629600245996e-07
2022-06-17,0.0,0.0,3.0239803390389953e-07,7.54967448662244e-08,7.736697113899886e-08,1.5424663825434285e-07,4.463282387161435e-07
2022-06-18,0.0,7.744346311502668e-07,4.3055502329919894e-07,0.0,6.94617974451038e-08,1.5484907310998867e-07,4.619030163609599e-07
2022-06-19,0.0,0.0,0.0,7.614838152935323e-08,5.2619925086545303e-08,1.8536449165621506e-07,3.8422506927897157e-07
2022-06-20,0.0,5.298596678901636e-07,1.4445456677084675e-07,3.824280286636522e-08,8.85812735427025e-08,1.835200841472348e-07,5.854861381337231e-07
2022-06-21,0.0,0.0,2.898886484123942e-07,3.841523928020956e-08,5.368291808540103e-08,2.1686061501888114e-07,5.888228101820074e-07
2022-06-22,0.0,5.193677435046963e-07,2.9089715238951094e-07,1.5436606899997894e-07,9.03707339695417e-08,2.2630837345949295e-07,5.519260918072733e-07
2022-06-23,0.0,1.0283998962230102e-06,2.919347463242816e-07,1.1631496321099385e-07,8.215107745090905e-08,1.0915576366340248e-07,4.581010019955992e-07
2022-06-24,0.0,5.090835731416266e-07,6.713976272275966e-07,1.1686700626525404e-07,6.453744072644952e-08,1.649484065454599e-07,4.478735356052444e-07
2022-06-25,0.0,0.0,7.086058566263416e-07,1.1743073611753023e-07,8.38106393000592e-08,1.351507386020878e-07,4.2096561974679526e-07
2022-06-26,0.0,0.0,7.12066999516465e-07,7.867080609418496e-08,1.0346471694589034e-07,1.3938121487924405e-07,3.1119344991050784e-07
2022-06-27,0.0,4.1762450304949524e-07,3.5710270861300533e-07,1.1860856058614686e-07,7.600331246437286e-08,1.3247457467419454e-07,3.6861608150531783e-07
2022-06-28,0.0,4.134690698137317e-07,3.1635581118239394e-07,2.9950149109412574e-08,9.595894806698756e-08,2.1859405105363005e-07,4.085242054607572e-07
2022-06-29,0.0,4.093549838295082e-07,3.179129842025207e-07,6.050230622431582e-08,3.876934061131272e-08,1.8936662841617816e-07,4.15244903610905e-07
2022-06-30,0.0,8.10563667369596e-07,3.19501948785996e-07,6.111036451084771e-08,7.831795792439886e-08,1.4998591918486214e-07,5.339131789417739e-07
2022-07-01,0.0,0.0,6.43933905533077e-07,3.093483903256189e-08,6.938093910260492e-08,1.5922325963454603e-07,3.95037335388283e-07
2022-07-02,0.0,0.0,3.2269259443730365e-07,1.2498295733424392e-07,4.004470236173862e-08,1.418750655571646e-07,2.137101541063757e-07
2022-07-03,0.0,0.0,3.234505056364239e-07,1.262390569381265e-07,1.0111789577827469e-07,9.884460430712741e-08,2.539004430522316e-07
2022-07-04,0.0,3.8744669584278965e-07,6.484815243113018e-07,1.593847256911281e-07,1.0213414752604583e-07,1.442163344060877e-07,2.890802051476073e-07
2022-07-05,0.0,0.0,4.875951645319423e-07,6.43946275259953e-08,1.0316061277368164e-07,1.7847669737832693e-07,2.4594863337768656e-07
2022-07-06,0.0,1.539485485475268e-07,3.259186305021281e-07,0.0,1.2503687300227479e-07,1.666036345922267e-07,2.4658369983434296e-07
2022-07-07,0.0,0.0,4.902096151764171e-07,6.569548529254421e-08,1.1576905492866043e-07,1.299573763327597e-07,2.6243991235321444e-07
2022-07-08,0.0,1.5090016304378638e-07,3.27726870646446e-07,0.0,1.6909333796200425e-07,1.4845878326853094e-07,2.2659470197190074e-07
2022-07-09,0.0,1.493986813342231e-07,3.286801041354518e-07,0.0,8.49061163876051e-08,1.1758527495489024e-07,2.3630484952322782e-07
2022-07-10,0.0,1.479121396172925e-07,4.944993088631584e-07,3.384810533998939e-08,1.0659256809575271e-07,1.309671921604942e-07,2.2210782625119672e-07
2022-07-11,0.0,1.4644038923758415e-07,4.960279118661094e-07,3.4188284454138805e-08,7.494420503684525e-08,1.0084981419729428e-07,2.198978164543864e-07
2022-07-12,0.0,0.0,1.65868706024535e-07,6.906376485044793e-08,1.3980776993786756e-07,9.033716637207848e-08,1.2538122476046392e-07
2022-07-13,0.0,4.3062202574761453e-07,6.656454470767749e-07,1.7439466806664154e-07,1.080364813083145e-07,1.2709652667354082e-07,1.0720634335717834e-07
2022-07-14,0.0,0.0,0.0,0.0,1.4110112632336017e-07,1.6777586013764773e-07,1.242950841469622e-07
2022-07-15,0.0,1.406983794448264e-07,1.5705619635481897e-07,0.0,1.199583314567241e-07,1.6149239403539065e-07,1.2720636090325358e-07
2022-07-16,0.0,1.3929840717812772e-07,3.5831616610580427e-07,1.0782346584395364e-07,5.478881732336752e-08,1.1877209898653813e-07,1.122514368484395e-07
2022-07-17,0.0,3.7061598489408574e-07,3.601722214146704e-07,7.26047397941863e-08,1.1011319855122788e-07,1.2211300058087958e-07,9.487092862552676e-08
2022-07-18,0.0,0.0,7.241285884916455e-07,1.1000164434033064e-07,7.7461841707136e-08,1.3880876420870622e-07,1.2478865830771246e-07
2022-07-19,0.0,0.0,5.45988860712181e-07,3.7035726415161394e-08,1.000956737277449e-07,1.5072703850141098e-07,1.0760544326148313e-07
2022-07-20,0.0,0.0,3.6595725293112766e-07,1.496317666148692e-07,1.3414341416756334e-07,1.0094786548311785e-07,1.0653475121153689e-07
2022-07-21,0.0,0.0,5.519377921265899e-07,1.133516931528359e-07,1.0112950836350261e-07,1.433970771949352e-07,8.984882935875165e-08
2022-07-22,0.0,0.0,7.970725478097389e-07,3.816363220276509e-08,5.647864952024662e-08,1.7208515446904508e-07,1.1216042341332583e-07
2022-07-23,0.0,0.0,0.0,3.854718308294161e-08,1.0220379615101713e-07,1.0648304910798624e-07,8.806970333561342e-08
2022-07-24,0.0,0.0,0.0,1.1680376614064757e-07,6.794707598162073e-08,7.0968781065902e-08,8.719339514576261e-08
2022-07-25,0.0,0.0,1.0143562097378636e-06,3.932588783547372e-08,1.1294180437797383e-07,8.197306821162361e-08,9.258129958316662e-08
2022-07-26,0.0,0.0,0.0,1.181739343463819e-07,5.64359161616367e-08,1.1304069570136642e-07,7.927360022538034e-08
2022-07-27,0.0,0.0,0.0,0.0,8.465691263086479e-08,1.2052483906187642e-07,8.216379041401564e-08
2022-07-28,0.0,3.8330855207968685e-07,4.398144448013399e-07,7.906796620736644e-08,7.055701398423773e-08,7.670931227733599e-08,8.984510867060041e-08
2022-07-29,0.0,0.0,8.860319148809396e-07,0.0,8.468838784354113e-08,5.9069143674480736e-08,9.255726199314591e-08
2022-07-30,0.0,0.0,8.925235440890498e-07,1.1907740663682223e-07,1.2707524172303287e-07,7.519036612451833e-08,7.021482868918113e-08
2022-07-31,0.0,0.0,6.729307232951643e-07,7.955532325061988e-08,1.412562325675808e-08,7.444220948111846e-08,8.365506343054161e-08
2022-08-01,0.0,0.0,6.778182970392237e-07,7.958667813920362e-08,1.1327711885734097e-07,8.19696993449201e-08,8.952125201384552e-08
2022-08-02,0.0,0.0,6.814982714042582e-07,7.944282109208252e-08,8.501180711539874e-08,7.30386784880167e-08,8.747945521003521e-08
2022-08-03,0.0,0.0,0.0,3.9653454196636585e-08,1.2761141450902e-07,7.231193149431986e-08,7.179431928277997e-08
2022-08-04,0.0,3.9824307496001373e-07,6.890630461350991e-07,1.1777668720488091e-07,1.27717879592736e-07,7.15924157540326e-08,1.094405638951579e-07
2022-08-05,0.0,2.8457820954940885e-07,4.6196573532312183e-07,3.886826319557337e-08,1.278371165708432e-07,6.300449716887227e-08,8.712810044335743e-08
2022-08-06,0.0,0.0,2.323011517573413e-07,3.848151751489632e-08,4.237731457373441e-08,3.638692863603695e-08,5.861335323099773e-08
2022-08-07,0.0,5.806541414494436e-07,4.6448484169075216e-07,1.5239448007215522e-07,2.1073247361979826e-07,7.204974529350246e-08,6.459959050354721e-08
2022-08-08,0.0,0.0,1.1610345718451567e-06,3.7719532414932045e-08,1.2575966867633847e-07,7.642804108875216e-08,8.997314489116957e-08
2022-08-09,0.0,0.0,4.643892575552599e-07,1.120326503894995e-07,6.949579402914763e-08,0.0,9.337080784700151e-08
2022-08-10,0.0,0.0,6.966166885278074e-07,3.697263563086755e-08,9.678487713670396e-08,0.0,7.012822625140985e-08
2022-08-11,0.0,3.02175543250006e-07,6.967191529720937e-07,1.4641900703843593e-07,8.253027531511652e-08,0.0,7.889822584242316e-08
2022-08-12,0.0,0.0,9.291883865497046e-07,3.624052839403044e-08,1.3685056268227528e-07,0.0,9.269430144902915e-08
2022-08-13,0.0,0.0,1.621743080037359e-06,7.175985822298366e-08,6.80821758381669e-08,0.0,0.0
2022-08-14,0.0,0.0,4.616023759511677e-07,7.104583570352886e-08,1.2194258149712754e-07,0.0,0.0
2022-08-15,0.0,3.9374079486316956e-07,6.898436201994611e-07,7.033891782684946e-08,5.3933084820143785e-08,0.0,0.0
2022-08-16,0.0,0.0,8.744288598141124e-07,1.7409758475142175e-07,1.6102458031830525e-07,0.0,0.0
2022-08-17,0.0,0.0,8.716175476877831e-07,3.447305696785536e-08,8.013300438419928e-08,0.0,0.0
2022-08-18,0.0,4.057319872692147e-07,2.3152023188182672e-07,6.82600886397016e-08,1.1964259796469305e-07,0.0,0.0
2022-08-19,0.0,0.0,6.93013809129325e-07,3.379044470472002e-08,7.939843580839082e-08,0.0,0.0
2022-08-20,0.0,0.0,1.3830724491431925e-06,6.690844832443702e-08,9.22169261417437e-08,0.0,0.0
2022-08-21,0.0,4.180883658515328e-07,2.1602881293821217e-07,4.636988869801657e-07,5.246375177704378e-08,0.0,0.0
2022-08-22,0.0,0.0,4.3144356019053117e-07,9.837535842094015e-08,1.4365274991725496e-07,0.0,0.0
2022-08-23,0.0,4.2653431109133034e-07,6.463089588302918e-07,2.2725851691588873e-07,6.502024901924647e-08,0.0,0.0
2022-08-24,0.0,0.0,1.1187526617956548e-06,9.642739581028208e-08,1.4245065034141797e-07,0.0,0.0
2022-08-25,0.0,4.351508757427643e-07,1.7887547579122164e-06,1.2729056958777998e-07,9.028154419724179e-08,0.0,0.0
2022-08-26,0.0,4.395242147508012e-07,1.1173025836986311e-06,9.451800544366387e-08,7.707574523186448e-08,0.0,0.0
2022-08-27,0.0,0.0,8.933961399132683e-07,1.559625592930039e-07,6.560340171220237e-08,0.0,0.0
2022-08-28,0.0,4.48403192862975e-07,1.1162994415326529e-06,2.470571294386133e-07,4.361434056069896e-08,0.0,0.0
2022-08-29,0.0,4.5290971987232226e-07,1.3391584068577516e-06,1.8344915244543434e-07,8.69948829006623e-08,0.0,0.0
2022-08-30,0.0,0.0,1.7851885344439664e-06,1.8162380288002807e-07,5.423111515044545e-08,0.0,0.0
2022-08-31,0.0,0.0,1.3387582850640272e-06,2.0978605182064067e-07,8.65533626314956e-08,0.0,0.0
2022-09-01,0.0,9.435313113710515e-07,6.69726369094625e-07,1.4853590848227246e-07,4.3221195409042626e-08,0.0,0.0
2022-09-02,0.0,0.0,1.116322871790741e-06,2.9411590299731102e-08,1.2936455403018356e-07,0.0,0.0
2022-09-03,0.0,0.0,6.699280569847347e-07,1.1647576034618969e-07,7.529576739792707e-08,7.215430299024753e-08,0.0
2022-09-04,0.0,7.240205120150475e-07,6.680279279566867e-07,2.018044125414678e-07,9.660395303708599e-08,3.817495827155015e-08,0.0
2022-09-05,0.0,7.235307587306433e-07,6.661946022781261e-07,8.562703932279803e-08,1.713932848935901e-07,6.484859319466291e-08,0.0
2022-09-06,0.0,0.0,1.328855793229915e-06,2.2606676278925245e-07,1.069145926897989e-07,4.7797539853214796e-08,0.0
2022-09-07,0.0,0.0,1.10454605715857e-06,2.7977170114464003e-08,1.1739098125641562e-07,6.97347633882637e-08,0.0
2022-09-08,0.0,0.0,1.322187290582062e-06,2.7698792620597273e-08,1.0653422704545841e-07,4.876311420823201e-08,0.0
2022-09-09,0.0,0.0,1.3190515324047246e-06,1.371159251453751e-07,5.3180016866465725e-08,4.92531916535691e-08,0.0
2022-09-10,0.0,7.221665711335444e-07,6.566228693717124e-07,1.6290191867345033e-07,9.557682886117029e-08,4.053556585557601e-08,0.0
2022-09-11,0.0,2.16633137518522e-06,1.0896427256253121e-06,1.88161187083415e-07,6.3626123416824e-08,4.6526085301449834e-08,0.0
2022-09-12,0.0,0.0,6.510137804870228e-07,1.0645082970856067e-07,1.0132311552171695e-07,5.827216348830207e-08,0.0
2022-09-13,0.0,8.81603441121528e-07,8.644093700258938e-07,1.0539162625542148e-07,5.466112775923745e-08,7.024964236469264e-08,0.0
2022-09-14,0.0,2.0046191674570492e-06,2.3674387212477005e-06,4.844599780516046e-08,6.957930915073939e-08,6.903794238622136e-08,0.0
2022-09-15,0.0,0.0,1.0706454428079437e-06,4.7963952072811677e-08,9.184931127609532e-08,6.585779717333061e-08,0.0
2022-09-16,0.0,1.1286415664000807e-06,8.503635919578533e-07,1.1080230647649396e-07,4.546769767943688e-08,4.6955067556741995e-08,0.0
2022-09-17,0.0,1.1330965299142673e-06,4.344087537541028e-07,6.268560291775841e-08,3.7512738773736595e-08,4.5450849921505006e-08,0.0
2022-09-18,0.0,1.137664804025696e-06,1.2946209887470815e-06,3.103093537359654e-08,5.9423169258262225e-08,6.387149712324671e-08,0.0
2022-09-19,0.0,2.4432853265647307e-06,1.6026918670411734e-06,9.216651722313128e-08,8.089386091186288e-08,8.870594746922055e-08,0.0
2022-09-20,0.0,1.2272358766758986e-06,1.6613389634875334e-06,4.095881421307371e-08,5.82465116706314e-08,5.294395190065425e-08,0.0
2022-09-21,0.0,0.0,1.239131089036952e-06,5.406835626962225e-08,4.3250211896983186e-08,7.198698696989689e-08,0.0
2022-09-22,0.0,0.0,8.215879130665137e-07,4.0350535067172964e-08,7.136644183037417e-08,6.440070042062103e-08,0.0
2022-09-23,0.0,0.0,1.021463241147114e-06,1.3790152379828167e-08,6.359070048248846e-08,1.0491602938739633e-07,0.0
2022-09-24,0.0,2.501683508092709e-06,8.128349905091385e-07,1.3928745715361576e-08,9.093927908098343e-08,5.93434536870264e-08,0.0
2022-09-25,0.0,2.514108860135608e-06,8.371892531765245e-07,7.034365968536925e-09,3.716720714450084e-08,7.064341268906343e-08,0.0
2022-09-26,0.0,1.2633928125798093e-06,4.987880673345813e-07,1.776265630462977e-08,2.8620190086704177e-08,8.216451060664864e-08,0.0
2022-09-27,0.0,1.2698575354259035e-06,1.325844579851561e-06,1.7941173968349946e-08,2.4287498089038053e-08,6.333468558769466e-08,0.0
2022-09-28,0.0,2.552898490167516e-06,7.037729875361667e-07,1.0872891458650792e-08,2.8053472352774586e-08,7.941253625388526e-08,8.175993872766016e-08
2022-09-29,0.0,0.0,7.022081818867278e-07,2.1964331668996515e-08,4.76131468096309e-08,5.3473763674542893e-08,9.634524640144187e-08
2022-09-30,0.0,3.870048822915871e-06,3.503567988203264e-07,0.0,1.9641411701312422e-08,7.651584390662944e-08,5.23995942752917e-08
2022-10-01,0.0,1.3092351493826181e-06,1.0499638497980604e-06,1.8707522423146844e-08,3.5055035877743946e-08,5.913270454586255e-08,6.24278886233012e-08
2022-10-02,0.0,5.2656344099238764e-06,4.976268989205675e-07,1.5116428919384234e-08,3.470623244283152e-08,8.269892045541305e-08,5.97938183346077e-08
2022-10-03,0.0,0.0,7.873302365581959e-07,3.4353791000414994e-08,1.527151096003792e-08,4.176502921183514e-08,4.831580495957673e-08
2022-10-04,0.0,1.3259245133308796e-06,1.2606218416843941e-06,1.927725129996875e-08,5.291844910479449e-08,5.8589964907901726e-08,5.989261116136895e-08
2022-10-05,0.0,7.985286707326116e-06,1.4966655727870197e-06,1.557679271716555e-08,1.871139347802343e-08,6.628026030604348e-08,7.169723485706405e-08
2022-10-06,0.0,1.3359708116653519e-06,1.6652572722889329e-06,1.966667760826064e-08,3.334538160383826e-08,5.977356071116194e-08,5.770793759983391e-08
2022-10-07,0.0,2.6823882072749944e-06,8.315224173303795e-07,2.781006340589978e-08,2.2009059675455092e-08,5.071440778616082e-08,4.571600942336861e-08
2022-10-08,0.0,5.386206064550688e-06,9.96599221741156e-07,1.203838250989302e-08,2.179006587265983e-08,4.3906368049702604e-08,4.6175462956494866e-08
2022-10-09,0.0,6.760217924557953e-06,1.6591186723975548e-06,2.0265617109234283e-08,2.5168792943711996e-08,8.623151130350768e-08,8.407136407311363e-08
2022-10-10,0.0,5.4306834366828254e-06,4.972213665429079e-07,2.4563147936695038e-08,2.8478124879530625e-08,6.96785219200226e-08,6.758643913944186e-08
2022-10-11,0.0,5.453735606588544e-06,6.623424718900746e-07,2.481001167757196e-08,2.819476280246734e-08,5.027057336249765e-08,1.0677454725308845e-07
2022-10-12,0.0,2.7386665772998576e-06,1.6544733913052041e-06,8.353118813430573e-09,3.140349775332752e-08,8.124128163873227e-08,9.016770678621702e-08
2022-10-13,8.211884920195149e-07,8.252217660736211e-06,1.8154964936993848e-06,2.1092672632948646e-08,3.454558636647143e-08,6.667193820083346e-08,9.107390730501477e-08
2022-10-14,2.4883247207157207e-06,2.7630869394052638e-06,1.1526160597161218e-06,2.5565589020593727e-08,2.394129642722479e-08,5.698169427041144e-08,9.559663549790638e-08
2022-10-15,3.3511103998914396e-06,1.3878554847808225e-06,8.214510224733995e-07,3.4430036615807825e-08,1.015846137750577e-08,4.185772350441314e-08,1.038447484239367e-07
2022-10-16,0.0,2.9487011406213213e-06,4.918122031332455e-07,3.0429056206946877e-08,1.3409843997262574e-08,6.870240100651752e-08,8.648693084791755e-08
2022-10-17,1.709403660273422e-06,7.408726311551239e-06,1.6360099147086977e-06,8.781392373154352e-09,2.655282764018418e-08,4.5372262210276196e-08,1.0594255149684155e-07
2022-10-18,1.7265834526734588e-06,7.44644065035429e-06,1.3062475370624488e-06,1.7739293667472383e-08,3.286077823841833e-08,5.1219821147238054e-08,1.0325265002173569e-07
2022-10-19,1.7439359048575865e-06,5.9879197115422086e-06,8.148861051251182e-07,1.3438182399589203e-08,2.928042722863291e-08,5.71803351086089e-08,9.480941491485202e-08
2022-10-20,1.7614627520854849e-06,6.019285699762091e-06,1.4642081799764261e-06,2.7146476756025203e-08,2.5768072986500114e-08,5.775500703037913e-08,9.193177476086258e-08
2022-10-21,0.0,1.512813405392009e-06,9.745118618438766e-07,1.8279535588779827e-08,3.188959547040108e-08,4.722393935793761e-08,1.0446266751474754e-07
2022-10-22,3.594093320169658e-06,1.520956668444717e-06,1.4594735835526237e-06,4.154230794525314e-08,3.472951756317869e-08,4.76985478388575e-08,8.597317648523074e-08
2022-10-23,9.075536396383637e-07,3.058504056863475e-06,1.2954002870346845e-06,3.729761340547991e-08,3.1258139172376256e-08,6.389121207250382e-08,7.104863558754325e-08
2022-10-24,2.7500241160637225e-06,1.376874656349558e-05,5.62601226879072e-07,4.2381518233551396e-08,2.4757692392735574e-08,8.800762976057773e-08,1.0764402936945034e-07
2022-10-25,1.8517748786104367e-06,1.2952445152679734e-06,1.4065344727018141e-06,4.7563843970088115e-08,3.370310520148124e-08,5.71803351086089e-08,1.2886029019286096e-07
2022-10-26,4.67596381385684e-06,2.5970026324745956e-06,2.573959935284821e-06,1.9216747419661122e-08,3.03343215468702e-08,5.391560120761901e-08,1.1388593793483689e-07
2022-10-27,1.8891832125862505e-06,3.905663905261001e-06,1.6670346817476057e-06,1.4557409206532226e-08,3.603898800524718e-08,9.341348102115689e-08,1.2324697568530628e-07
2022-10-28,9.540849097626737e-07,5.221619241940487e-06,9.617637937957333e-07,1.4703713601370481e-08,2.378692938872215e-08,3.435120050325876e-08,1.2033610743744327e-07
2022-10-29,9.63673622518272e-07,5.236208776475197e-06,1.2843986523115672e-06,4.950496126607337e-09,2.3550245486707565e-08,5.232215438051643e-08,9.849377163624231e-08
2022-10-30,0.0,6.564152420313847e-06,1.1742954809159529e-06,2.5001247199146332e-08,2.914489578608365e-08,6.993207933186858e-08,1.1430036440188444e-07
2022-10-31,4.915705605207895e-06,6.5837002907458745e-06,2.2082188082091497e-06,2.5252513910810344e-08,4.3282348841473415e-08,7.692915946250014e-08,1.4110445819788345e-07
2022-11-01,4.068213989582733e-06,5.292098083866491e-06,1.4780375908626788e-06,1.532177383844062e-08,2.2879536102773785e-08,7.87550242899786e-08,1.204426324037336e-07
2022-11-02,4.1091002199121895e-06,6.609836584942592e-06,1.1860908245363395e-06,1.031717348369519e-08,2.2651880914809273e-08,6.365566598610146e-08,1.5423875303258609e-07
2022-11-03,1.0375993409219748e-06,6.5855403834623965e-06,2.082272826293454e-06,5.2104314005213364e-08,0.0,8.130730084257578e-08,1.4042941139958742e-07
2022-11-04,2.0960547753293265e-06,2.6168926283008536e-06,1.1375734538246718e-06,3.157678264006303e-08,0.0,8.077973335800455e-08,1.3297570354470436e-07
2022-11-05,5.292801190097387e-06,9.099407781311153e-06,1.766522006321876e-06,3.189413458157612e-08,0.0,7.134243903474292e-08,1.4966195717212092e-07
2022-11-06,4.276795781120919e-06,3.874543419398707e-06,1.09187176403835e-06,2.6845563302604917e-08,0.0,9.15634147186929e-08,1.9619428033443624e-07
2022-11-07,4.3197782933060496e-06,8.181491311191534e-06,2.193524501468307e-06,3.2538438839117647e-08,0.0,7.631028133281924e-08,1.7542569744539008e-07
2022-11-08,6.5447891803805055e-06,5.414492153267571e-06,2.301805340897796e-06,3.286545558610877e-08,0.0,1.1374960760285151e-07,2.0672021418483513e-07
2022-11-09,4.407043603449323e-06,1.2094195993803452e-05,1.442826116955652e-06,5.5326264843410776e-08,0.0,9.275500985602143e-08,2.4525454331592086e-07
2022-11-10,5.564168910014004e-06,1.6009325429910384e-05,2.6049027233956246e-06,4.3820607448145025e-08,0.0,5.761642745242642e-08,1.740730865895764e-07
2022-11-11,4.496071789795343e-06,6.622773811375125e-06,1.333314863897048e-06,3.7961511978970583e-08,0.0,9.162677669695769e-08,2.231593906316819e-07
2022-11-12,7.9472016093841e-06,1.2559236411392237e-05,2.677497918170412e-06,4.8322013944688846e-08,0.0,6.546118566104218e-08,2.014958879976054e-07
2022-11-13,2.2934492324028516e-06,5.547945660832927e-06,2.016475395427351e-06,3.189413458157612e-08,0.0,8.20475208949407e-08,2.0352095533875413e-07
2022-11-14,4.632997560775115e-06,2.7572816356737904e-06,2.0222215193706224e-06,3.157678264006303e-08,0.0,9.844079471569586e-08,2.0208219909851205e-07
2022-11-15,2.3397799801807236e-06,2.7408661713924266e-06,1.1830990891714292e-06,2.6052157002606682e-08,0.0,9.227607420172065e-08,2.3578589052759675e-07
2022-11-16,2.3632951599217313e-06,9.536536786042927e-06,1.7669304011650846e-06,5.674445416032354e-08,0.0,8.062507029104233e-08,2.168282129183999e-07
2022-11-17,7.161140013444451e-06,4.063283843073474e-06,1.4155494181056262e-06,3.5750805623028104e-08,0.0,9.675340577929137e-08,2.6672407755193706e-07
2022-11-18,3.616555333546344e-06,2.6932578825992928e-06,1.4176960714006238e-06,4.0451519043974635e-08,0.0,7.147055883538148e-08,2.597658889990858e-07
2022-11-19,2.4352682126117497e-06,2.6779291978489186e-06,2.3074748051617912e-06,3.5042892241339834e-08,0.0,6.834067904548398e-08,2.457026853843347e-07
2022-11-20,8.609100727651412e-06,2.6628683082499435e-06,2.4977477139122596e-06,1.9825262650073443e-08,0.0,9.78717614802573e-08,2.56589008262912e-07
2022-11-21,3.7266958407466036e-06,2.648073707700859e-06,1.7297909885941928e-06,4.9069994976847007e-08,0.0,9.463876760403895e-08,2.746528665271925e-07
2022-11-22,5.018866342157309e-06,6.190117985243807e-06,1.345979445955924e-06,2.9149044221339932e-08,0.0,1.1027113733449059e-07,3.5179417546315164e-07
2022-11-23,0.0,2.46334787828639e-06,2.5010152140058075e-06,2.885900638528475e-08,0.0,9.89892093883552e-08,3.6897800338994773e-07
2022-11-24,0.0,4.901789798631767e-06,2.8416740085552335e-06,2.8571854473917345e-08,0.0,7.718337474006506e-08,3.369618798901968e-07
2022-11-25,2.5858567887913507e-06,3.838793681230174e-06,2.7181440205144957e-06,2.828755977180729e-08,0.0,9.002769817198687e-08,2.965851198483018e-07
2022-11-26,6.529612703936086e-06,2.548442904112041e-06,1.5607201105930944e-06,1.4003046924623732e-08,0.0,1.0203844326203218e-07,3.262381045699302e-07
2022-11-27,5.276189122084439e-06,1.2689724335757093e-06,1.9530149836544266e-06,2.3106190466175875e-08,0.0,1.098839464913515e-07,3.6021199060941944e-07
2022-11-28,3.996911778246793e-06,7.583101880377418e-06,2.1508576454127054e-06,2.7451536035536845e-08,0.0,1.1774070770007205e-07,3.554962676509798e-07
2022-11-29,6.728469015731422e-06,1.2588545793013153e-06,2.3493969778499665e-06,1.811892579209503e-08,0.0,1.6878989198484607e-07,4.457592782669813e-07
2022-11-30,4.077654752136102e-06,6.269923658566867e-06,2.156585510496554e-06,1.79386394681772e-08,0.0,1.5705579726770183e-07,4.4100442284204397e-07
2022-12-01,7.235716044958527e-06,2.4906154658161883e-06,1.4752096142562321e-06,2.6647199050450213e-08,0.0,1.2170387060777387e-07,4.1429283728812605e-07
2022-12-02,2.865487786946951e-06,8.684919263669863e-06,1.2811124087227616e-06,2.198504582481602e-08,0.0,1.178329336980362e-07,3.933010891054067e-07
2022-12-03,0.0,0.0,1.1246916887717628e-06,2.611954915659233e-08,0.0,9.824975957482579e-08,3.028282095231423e-07
2022-12-04,1.4043736635710558e-06,5.247803342292787e-06,1.3544069591170092e-06,2.585965530008746e-08,0.0,1.0618045141585032e-07,2.9025290533324187e-07
2022-12-05,1.3903999121402337e-06,7.83544230523918e-06,2.718638667064981e-06,2.5602347430662382e-08,0.0,1.0626178062451436e-07,3.3491045873832547e-07
2022-12-06,0.0,1.2999938579665433e-06,1.8191568546854602e-06,2.112299984776311e-08,0.0,1.4180498146639013e-07,2.897429852145003e-07
2022-12-07,2.725736298491373e-06,5.176842662116073e-06,1.5978111174629073e-06,1.2547693492536939e-08,0.0,1.5377025016500227e-07,2.854535905517762e-07
2022-12-08,0.0,2.8173726295677726e-06,2.117611941057625e-06,2.484568371244343e-08,0.0,1.4603977247263006e-07,3.09725653910399e-07
2022-12-09,1.3358815517826547e-06,5.617474887971704e-06,1.9761181549638375e-06,4.099744171481506e-09,0.0,1.1064506693370223e-07,3.2992711049180754e-07
2022-12-10,1.3225893082509981e-06,5.600766268977906e-06,1.7368265823582707e-06,1.623580414155754e-08,0.0,9.8914833832518e-08,2.7278501783000163e-07
2022-12-11,1.3094293247523277e-06,1.3961544328195816e-06,2.0513186591843806e-06,2.4111382786699647e-08,0.0,5.942959253831152e-08,2.564143655687669e-07
2022-12-12,1.2964002852773273e-06,2.784513830002869e-06,3.091679147134635e-06,1.989289209952878e-08,0.0,5.934689523753854e-08,3.458758309752882e-07
2022-12-13,1.283500886911192e-06,0.0,1.2944539483265916e-06,3.938990903185722e-08,0.0,7.377642024689528e-08,3.051444350901234e-07
2022-12-14,5.0829193588133416e-06,3.455163200379327e-06,2.0813403175796796e-06,3.119837831070808e-08,3.145796377158542e-08,6.986051774742036e-08,2.96997899384872e-07
2022-12-15,1.2580858665383943e-06,4.602240311793855e-06,2.6111925704379796e-06,1.9304968287350107e-08,1.1554226023133657e-08,6.350636486103158e-08,3.2549945057840514e-07
2022-12-16,2.4911354060170305e-06,1.149514146070417e-06,2.096776692267523e-06,1.1467728386054362e-08,2.3340695850388788e-08,6.176888797809706e-08,3.1741544382824245e-07
2022-12-17,1.2331740972869136e-06,3.4457494996947267e-06,1.839742003574208e-06,1.1353622582093736e-08,3.241600139737567e-08,6.238967562288019e-08,3.419237932400085e-07
2022-12-18,1.2209038100026892e-06,3.443301138999639e-06,1.8449883771478136e-06,1.4987536199803607e-08,3.571831377558537e-08,5.089810569352156e-08,3.420497627138635e-07
2022-12-19,2.4175112282337767e-06,1.1470657037626263e-06,1.0573824291980743e-06,4.0206561250757413e-08,3.908372953007764e-08,6.609810877715455e-08,3.014706591812904e-07
2022-12-20,1.1967282947997988e-06,3.4394372061549208e-06,4.242366099457318e-06,3.436396369982045e-08,3.643987157734833e-08,6.42897241174861e-08,3.872429961785307e-07
2022-12-21,2.3696412986189323e-06,1.3077654565206492e-06,2.538954654424164e-06,3.9980029877998146e-08,2.7604573781419725e-08,1.0239883500204377e-07,3.0184333088686056e-07
2022-12-22,1.1730314868714183e-06,1.2321033410465641e-06,1.9818649390324257e-06,3.9872766809177034e-08,3.407800532914585e-08,5.7633286176337777e-08,3.306495894215313e-07
2022-12-23,1.1613596285595871e-06,2.236206294337498e-06,1.705016191897494e-06,2.840677932161732e-08,2.8162223162671856e-08,4.274323808858716e-08,2.410522688245351e-07
2022-12-24,0.0,2.010796357446443e-06,2.8524358508692017e-06,1.1334340649599386e-08,1.5802921228287963e-08,6.559988831444271e-08,2.576434278596427e-07
2022-12-25,0.0,1.0117278627846162e-06,8.583368890482509e-07,5.653551507031058e-09,3.830818374492049e-08,5.0641788829287564e-08,2.397266708132985e-07
2022-12-26,1.1270362643792059e-06,3.0544761614261964e-06,1.4049337734905971e-06,2.8202490245622178e-08,3.5468755109560624e-08,6.60753461291149e-08,2.7452660282944803e-07
2022-12-27,0.0,0.0,2.537754364185012e-06,2.251203458289263e-08,3.582522202467914e-08,6.1221207110614e-08,3.1290102907376363e-07
2022-12-28,1.1047194511130991e-06,2.0874004317502117e-06,2.0225155410622214e-06,5.616082047876474e-09,5.592269230559346e-08,9.218386379527628e-08,3.348532777068916e-07
2022-12-29,2.187454617827992e-06,2.099140184834468e-06,2.5326212763517353e-06,2.8023585314573303e-08,3.3226308651212464e-08,7.969164436174354e-08,3.3276970201808454e-07
2022-12-30,3.24853362107168e-06,2.1110898536864977e-06,1.6945129812843627e-06,6.812173549256242e-09,3.6916262465222015e-08,6.96867461782846e-08,2.91348046008123e-07
2022-12-31,2.144140114313733e-06,3.1848759499247144e-06,2.434138474322751e-06,2.293545677210873e-09,2.711801968808764e-08,9.84785615866175e-08,2.582659964904251e-07
2023-01-01,2.048390731313004e-06,4.219637267765922e-06,1.2569358689692235e-06,1.4426227036573e-08,4.736812589800996e-08,8.268180708475555e-08,3.024893446568615e-07
2023-01-02,3.0420133544846657e-06,2.1171045928619036e-06,1.2598255498806458e-06,4.1060462526897043e-08,5.126162515473093e-08,8.562831672121221e-08,2.8911768496472336e-07
2023-01-03,1.0039149386234307e-06,5.311505660160981e-06,3.0871420361709885e-06,5.80623778501838e-08,4.1421450442033575e-08,9.642377464254796e-08,2.989055085595687e-07
2023-01-04,9.939258180824336e-07,6.396937191791387e-06,3.095693033975483e-06,2.513396333523525e-08,3.1378307204883446e-08,7.067409454418101e-08,2.971585155557699e-07
2023-01-05,1.968072181903039e-06,3.210353645219787e-06,1.5511117280439738e-06,8.462187955413908e-09,4.5779737517382384e-08,8.413862109307833e-08,2.5756415677280583e-07
2023-01-06,9.74244768249733e-07,2.1483731550558036e-06,1.5020613016996356e-06,1.7094468716526906e-08,3.5569101175770336e-08,7.924103089522615e-08,2.3674348064551106e-07
2023-01-07,9.64550870836645e-07,3.235088078606358e-06,1.2293985284738647e-06,1.7266270983343085e-08,5.388986487843076e-08,7.164902581633379e-08,1.6175747299067595e-07
2023-01-08,9.549534293144355e-07,0.0,1.8923894709567277e-06,1.7439799891646204e-08,2.9030115746454524e-08,7.198828878925341e-08,2.1845977330975932e-07
2023-01-09,2.836354451792864e-06,2.1740777269063036e-06,1.5797297840843405e-06,0.0,2.1991404945134346e-08,7.769288032889738e-08,2.3120980263762442e-07
2023-01-10,1.8720881689674922e-06,3.2746193589627657e-06,2.550454481853061e-06,4.448026804813982e-08,4.0722774105288995e-08,7.80727753850775e-08,1.9239264033842806e-07
2023-01-11,3.7069211609001e-06,1.0961498640769434e-06,9.59041709245663e-07,5.391276260876665e-08,3.73927679901618e-08,1.0281028123401955e-07,1.851127156215784e-07
2023-01-12,0.0,0.0,1.6029314879442612e-06,9.075765813492306e-09,4.154542871182271e-08,6.797933301361973e-08,2.0451960327684139e-07
2023-01-13,0.0,5.528496696309462e-06,2.559333382303699e-06,2.3366489796396132e-08,4.577778241304719e-08,1.2441262061982402e-07,2.024845992226826e-07
2023-01-14,8.993412709529884e-07,1.1086977061476984e-06,9.871725362075618e-07,4.7202653846040835e-08,4.238470204378758e-08,1.396828442587888e-07,1.6922779021840196e-07
2023-01-15,0.0,2.223613887456074e-06,1.3532659188833813e-06,4.76770484040097e-08,3.502691622093299e-08,1.1690215998146728e-07,1.4434555310772624e-07
2023-01-16,8.815331206381302e-07,1.115027362929257e-06,6.782591699106834e-07,1.2039052676637493e-08,1.1630100052975725e-08,1.2114968229731572e-07,1.8374051681580353e-07
2023-01-17,0.0,1.1183592857959632e-06,1.35990641372377e-06,4.86401886702912e-08,4.111444575599803e-08,1.253913450844322e-07,1.5148892840692867e-07
2023-01-18,0.0,2.243606091046435e-06,3.4085761985020116e-06,3.6846773020074816e-08,7.062955673145154e-08,1.385683634660235e-07,1.618222400986551e-07
2023-01-19,1.7109597591967035e-06,2.2507179729797265e-06,2.0506363338929628e-06,2.4811392830292653e-08,8.546981862517853e-08,1.6100273208652305e-07,1.6998111129113965e-07
2023-01-20,0.0,3.387082392878881e-06,3.0803037554051424e-06,6.265187868457006e-08,1.3812608733282418e-07,1.9251142801431725e-07,1.7022413615790417e-07
2023-01-21,0.0,0.0,2.739391416610502e-06,4.551772268568235e-08,6.103749644527564e-08,1.6353575298168137e-07,1.1107683984985535e-07
2023-01-22,0.0,6.820221054613924e-06,2.7382128149729347e-06,1.0727542794258332e-07,1.2330186696589996e-07,1.9883300766845658e-07,1.554770993067594e-07
2023-01-23,0.0,2.2762450594426624e-06,1.0479028055672078e-06,7.739540279816567e-08,1.5122844375870364e-07,1.6982636280294376e-07,1.614388605312142e-07
2023-01-24,0.0,1.0619130788512803e-06,2.1599995968019986e-06,3.1269295811133486e-08,7.188155994652109e-08,1.8767100568471328e-07,1.5797399938970486e-07
2023-01-25,0.0,1.1436462108331233e-06,1.080405938313139e-06,6.316711491727932e-08,1.0890597245138141e-07,2.0558799996388678e-07,1.619222070736144e-07
2023-01-26,0.0,2.293940201495948e-06,3.371234109539491e-06,6.380195497642281e-08,6.416695580807259e-08,1.588613629613955e-07,1.4209388894426547e-07
2023-01-27,8.554798795983518e-07,2.412018609789975e-06,1.8736636515215412e-06,8.055396910529055e-08,7.407067935454417e-08,2.357661556688499e-07,1.5871593255245855e-07
2023-01-28,0.0,3.975736739320821e-06,2.622002910317266e-06,3.254541998163664e-08,1.4963020411619034e-07,1.63775522508267e-07,1.285663767029229e-07
2023-01-29,0.0,1.3268289688529025e-06,3.744484158543453e-06,1.972350413416591e-07,8.501288212597287e-08,1.3892113669443352e-07,1.0430472323537834e-07
2023-01-30,0.0,2.657090083869557e-06,4.115423595511375e-06,3.320288107699927e-08,7.63264673739072e-08,1.8992301455737986e-07,1.4002287986229062e-07
2023-01-31,4.4519633789538576e-07,2.6607879412559448e-06,1.495391331786921e-06,1.3414630231799546e-07,1.06003646545444e-07,2.8564066185038664e-07,1.0223935133494614e-07
2023-02-01,4.597755935770896e-07,4.355632861074009e-06,3.4672183580833784e-06,5.089698950561611e-08,4.8742884054136415e-08,1.7824086334893453e-07,1.4888855305786188e-07
2023-02-02,9.287928302275237e-07,0.0,3.0811760147431256e-06,1.3609190450809758e-07,1.3655804882704476e-07,2.5535286368954287e-07,1.4062974985946548e-07
2023-02-03,4.6906367667894375e-07,4.375941918180617e-06,2.996530451001774e-06,1.0996772070976526e-07,9.760691301513501e-08,1.472583384040829e-07,1.4090793589588286e-07
2023-02-04,0.0,2.924501549897886e-06,1.498594083902526e-06,1.3884114334595444e-07,1.465231850325327e-07,1.7339107242901474e-07,1.3286274143586402e-07
2023-02-05,4.785393915057353e-07,2.932000940267444e-06,2.1981145095610532e-06,1.6828382404168585e-07,8.799039178978151e-08,2.5123366651684433e-07,1.1509814318628141e-07
2023-02-06,0.0,4.409690299761557e-06,4.268635745013121e-06,2.832918409847792e-07,1.1743422889673062e-07,1.8095085100137778e-07,1.3999927410388237e-07
2023-02-07,0.0,1.473940053942226e-06,1.9427553579724497e-06,1.1419226646122708e-07,8.81697591958783e-08,2.0099836293489507e-07,1.3377115602649873e-07
2023-02-08,0.0,1.4781307365309482e-06,5.169696950371003e-06,1.1507921585034911e-07,1.275049587768714e-07,1.886668750680997e-07,1.4360975868195445e-07
2023-02-09,4.980689545546387e-07,2.949396882665501e-06,2.0605520934859254e-06,1.4497209157119486e-07,1.1784586090835451e-07,1.958502314114632e-07,1.216435884833632e-07
2023-02-10,0.0,2.9428272344152112e-06,2.886980472344826e-06,1.4610966065942088e-07,1.278405065992175e-07,1.8148717103301192e-07,1.3920202721246662e-07
2023-02-11,0.0,1.4682759356703637e-06,1.6511295510070934e-06,1.9767289075318773e-07,9.848265233711145e-08,1.3372616775689534e-07,1.0220132918371331e-07
2023-02-12,5.132374124423156e-07,1.4652850829502565e-06,2.892261906259334e-06,7.973857468424067e-08,5.497904862003854e-08,1.5269899562628387e-07,8.432034080606613e-08
2023-02-13,0.0,2.9248815199190377e-06,2.0330316159924565e-06,3.2166386796449485e-07,9.921185670838756e-08,1.9641818497303133e-07,5.3910527525935406e-08
2023-02-14,0.0,2.919485364526964e-06,1.2214700113867438e-06,3.544303732508209e-07,1.326284628920712e-07,2.035700880743051e-07,4.8629743586437206e-08
2023-02-15,1.0577356372915107e-06,8.276518627899839e-06,3.2619818698587928e-06,5.61891114932989e-07,2.2164618854962053e-08,1.4260298308161492e-07,4.9320159054309915e-08
2023-02-16,5.341830285885846e-07,0.0,8.043361703440471e-07,2.0613687430446648e-07,1.0002019668720737e-07,1.994268438026175e-07,1.0410856060653234e-07
2023-02-17,5.395516572794268e-07,1.3700755077535497e-06,2.416202047533173e-06,1.0398516033716524e-07,8.916409833787084e-08,2.0046948008138402e-07,1.0159749958551173e-07
2023-02-18,0.0,0.0,2.548424094707134e-06,2.098245642495711e-07,5.60369312787882e-08,1.574470027150134e-07,9.380506921367107e-08
2023-02-19,0.0,1.361279292661478e-06,1.6153028820634907e-06,2.116997904560911e-07,1.1257655085344105e-07,2.026150002533418e-07,1.164310743402195e-07
2023-02-20,1.111966903091439e-06,3.837944359405765e-06,4.442405077241967e-06,1.5995027567585901e-07,1.8377205745958344e-07,1.8461952694718149e-07,1.0865778439629207e-07
2023-02-21,5.615711781297864e-07,5.10412252471198e-06,2.8274727555575946e-06,3.7522928586946726e-07,1.4201969010862688e-07,2.3044676526784158e-07,1.0883384266273134e-07
2023-02-22,1.7016451868989315e-06,0.0,4.848416934159428e-06,1.616909078870897e-07,1.1415236894548667e-07,2.188596191237931e-07,1.2364552377541807e-07
2023-02-23,5.729156684484121e-07,2.539689634637006e-06,3.7664538097058083e-06,3.7936601246319174e-07,4.301265042603511e-08,2.4599071686441454e-07,1.0255895585660316e-07
2023-02-24,5.786735666414564e-07,2.5338850803261256e-06,4.118164179118705e-06,1.6349621861738277e-07,1.1525990346239822e-07,2.343772642704283e-07,1.0942739417936352e-07
2023-02-25,5.844893326733945e-07,0.0,3.7103650693244245e-06,2.740389218001303e-07,8.687319890632445e-08,1.833487673368971e-07,9.09268657983747e-08
2023-02-26,0.0,1.2615177942211009e-06,4.95060199113295e-06,2.2048924002013525e-07,7.275846467344621e-08,1.449033472365524e-07,9.513807466297058e-08
2023-02-27,0.0,2.517989565910929e-06,2.1705485022189205e-06,1.6632704378093248e-07,1.1700779653128794e-07,2.8489735836575916e-07,1.598300621904819e-07
2023-02-28,1.2045793658015298e-06,1.2565976722172891e-06,1.261306307722213e-06,2.7883965064957996e-07,1.0291203165444417e-07,2.599422812230385e-07,1.3253939441483708e-07
2023-03-01,6.415749347242794e-07,2.48524828414196e-06,3.364304848019426e-06,1.685992504271135e-07,3.528282848608856e-07,2.0799837769059597e-07,1.720731996655167e-07
2023-03-02,0.0,3.7214944404180125e-06,2.1032402528449848e-06,3.392227405159761e-07,1.064924876869317e-07,2.2952223624572012e-07,9.624440772832774e-08
2023-03-03,0.0,3.7154886071683822e-06,3.3664004823293102e-06,2.2752060182297546e-07,2.1429427850622096e-07,2.3773252995404475e-07,1.1943149270278034e-07
2023-03-04,6.611138003575653e-07,1.2366181086252397e-06,2.4614397001364526e-06,4.034803840514223e-07,2.1562501124500832e-07,2.6492370249615077e-07,9.818867373452143e-08
2023-03-05,1.3355162090256164e-06,4.7083189438165475e-06,3.733094086156347e-06,4.733416406427533e-07,1.2657009555435482e-07,2.1014722742388127e-07,1.0342586429609736e-07
2023-03-06,0.0,0.0,2.487261167891754e-06,3.4000250079811726e-07,2.1835129999568966e-07,1.9835492879715947e-07,1.287928498106683e-07
2023-03-07,0.0,5.8754268595570315e-06,2.5289741872338513e-06,2.7355026419357584e-07,2.555076318593775e-07,2.3140892393009455e-07,1.4309596341756284e-07
2023-03-08,0.0,2.348529002168195e-06,2.9498405740097143e-06,2.7512588300303656e-07,2.0137671035944002e-07,1.8183542563115092e-07,2.0168558672340937e-07
2023-03-09,0.0,7.041366346112725e-06,3.439556307512338e-06,4.150935219451047e-07,3.115794606158998e-07,2.1493459896143087e-07,1.7337239197314733e-07
2023-03-10,0.0,1.1729749713705504e-06,2.5801512583632343e-06,2.783598193891744e-07,1.4643983686049028e-07,1.756407483100595e-07,2.1451564651331764e-07
2023-03-11,0.0,1.1725061835302658e-06,2.912849936239763e-06,2.8001846036218527e-07,1.1977390639558262e-07,2.3417968545739646e-07,1.5476540328781775e-07
2023-03-12,1.43235206037759e-06,2.3443092945708525e-06,2.916481502650547e-06,1.406876801092875e-07,1.9193770133272948e-07,1.6725108358451018e-07,1.8535183114751208e-07
2023-03-13,7.233737189538685e-07,5.85960163741057e-06,2.0334003795533337e-06,4.241405967682002e-07,3.124165628392391e-07,2.0780642379228497e-07,2.0525943337121688e-07
2023-03-14,7.30643745693651e-07,5.473789725119011e-06,2.2504292480334767e-06,3.5521713968472203e-07,2.407427714841728e-07,2.2427575454115405e-07,2.0048752305003882e-07
2023-03-15,0.0,5.477623063145575e-06,2.704085405088855e-06,4.284231648871132e-07,1.9295134759428227e-07,2.2054966252050198e-07,2.0940594897844803e-07
2023-03-16,0.0,5.469173675617085e-06,3.1592471438867027e-06,4.306286048260691e-07,1.4499582997258427e-07,2.3352293823127311e-07,2.2313197055377602e-07
2023-03-17,1.505790320909606e-06,5.461271210013819e-06,4.063851618243677e-06,1.44292369328122e-07,3.8744706387542505e-07,1.9166429266594992e-07,2.3006978589257072e-07
2023-03-18,7.454037284388309e-07,4.836382148282055e-06,3.1205335045121343e-06,2.1758444960709672e-07,1.9413866309327663e-07,2.2514809110245698e-07,1.6598716120129277e-07
2023-03-19,0.0,3.6164377048095117e-06,3.049466724231186e-06,3.320706754762608e-07,4.134680675884822e-07,1.8327595534566907e-07,2.1555689130667604e-07
2023-03-20,7.30643745693651e-07,2.403966963461114e-06,6.226389474945025e-06,4.1757844229433005e-07,1.9502721094356152e-07,2.4314421853497234e-07,2.5401048642719397e-07
2023-03-21,7.233737189538685e-07,4.7944317114977595e-06,3.5070062714731437e-06,4.2011029843554666e-07,2.4437589561725976e-07,1.948999868270079e-07,2.1502450871055992e-07
2023-03-22,0.0,4.781408943239812e-06,5.269650262264424e-06,4.226841659566999e-07,2.9399065841793194e-07,1.8726524336708718e-07,1.8756933082070693e-07
2023-03-23,0.0,4.753467728949432e-06,4.395927708596593e-06,4.2530030224668677e-07,2.4563303450498914e-07,2.2630632631459418e-07,3.5624787521923547e-07
2023-03-24,1.4039895892903113e-06,3.5445013990448875e-06,3.5207358360589154e-06,8.526205058825648e-08,1.748031420191625e-07,2.8486459608362515e-07,2.972494039949045e-07
2023-03-25,1.3900196594624352e-06,1.1747521514904553e-06,3.084446384038354e-06,2.564177010098591e-07,1.5362935002002778e-07,1.7144686408774123e-07,2.6547254794042853e-07
2023-03-26,1.3761887327588592e-06,1.1681213128267271e-06,4.4122247981913435e-07,2.570748922387319e-07,1.3227541185969876e-07,2.151285753014783e-07,3.1921498976605904e-07
2023-03-27,0.0,4.646429149070878e-06,1.8246588901789925e-06,3.436770548947445e-07,2.2146958558941115e-07,2.5151427158154396e-07,3.3209584836144827e-07
2023-03-28,6.744691850349693e-07,1.1552094234054477e-06,4.106549999334905e-06,3.446219547964011e-07,1.7800183884462023e-07,3.4674109805316673e-07,3.484600095380778e-07
2023-03-29,6.677581045128082e-07,0.0,3.651580581501463e-06,4.221013449144793e-07,1.1177863096870709e-07,1.986713870379812e-07,3.980132055475368e-07
2023-03-30,1.983341401072696e-06,0.0,3.194639943778634e-06,3.791750101313394e-07,1.5724420686208163e-07,2.201899408377099e-07,3.289199766259049e-07
2023-03-31,0.0,1.8111413895748563e-06,1.7604169340981416e-06,1.903538285814429e-07,2.5409033975309623e-07,2.3429964293892154e-07,3.45648937039157e-07
2023-04-01,0.0,9.029429956274514e-07,3.654371117676394e-06,9.57099134678377e-08,3.069785046225764e-07,2.119390928701515e-07,3.8194440184129564e-07
2023-04-02,0.0,0.0,2.2836180063759542e-06,9.578251327756817e-08,5.145001826491648e-07,1.968812646844276e-07,2.9701877522132484e-07
2023-04-03,0.0,1.7918520742626378e-06,2.868922495290421e-06,4.793234570922271e-07,2.5833973332710454e-07,2.54669869938684e-07,3.6552194868023006e-07
2023-04-04,0.0,8.925521210856465e-07,2.3919397631763466e-06,3.838258244334082e-07,4.410738561810134e-07,2.8319432461100843e-07,3.4133169361381995e-07
2023-04-05,0.0,2.667802382987636e-06,2.39334997624695e-06,1.914551783675712e-07,2.8665629459120184e-07,3.40619811155474e-07,3.236542484005102e-07
2023-04-06,6.258367493735818e-07,1.7721434567865379e-06,1.4369997157857851e-06,7.393639801890237e-07,3.1411693590619217e-07,2.7488408989975116e-07,3.0914034138778205e-07
2023-04-07,6.196095696714343e-07,0.0,1.8934738554036661e-06,5.275767065877936e-07,2.3666199452391268e-07,3.1772738974072124e-07,3.030362955244081e-07
2023-04-08,6.134443514425971e-07,1.0267508339992544e-06,1.4215620164363496e-06,1.0541780851588987e-07,3.1701327135313673e-07,1.946452775412086e-07,3.469966484894659e-07
2023-04-09,0.0,2.526395560442384e-06,1.8947456817508372e-06,4.2132327033168415e-07,2.909469348366527e-07,2.951103158471283e-07,3.58979491490998e-07
2023-04-10,0.0,5.06420155157141e-06,5.945380204248901e-06,3.157630794584595e-07,2.913274658688704e-07,2.803031632889598e-07,4.179089980541734e-07
2023-04-11,0.0,1.269029601658348e-06,3.398499121864762e-06,1.0270971817050519e-07,3.447802444159847e-07,3.086293758228514e-07,4.375230417624935e-07
2023-04-12,0.0,1.2721357194415372e-06,2.917330975732289e-06,1.9874804510580318e-07,3.45298871116882e-07,2.007127315479388e-07,4.319085519974863e-07
2023-04-13,5.835263173859554e-07,2.5507381037135747e-06,2.9219544396806144e-06,1.9877285111528245e-07,2.2191721390714547e-07,2.219573084075119e-07,3.0969217090132845e-07
2023-04-14,0.0,3.8361897667201035e-06,4.944970964862363e-07,0.0,1.6677765694657547e-07,2.288713761650553e-07,3.840643092277661e-07
2023-04-15,0.0,2.5644373333622342e-06,9.899399660994927e-07,4.972052498872313e-07,2.5070112205120265e-07,2.2150315501161534e-07,3.6724391258166764e-07
2023-04-16,0.0,0.0,1.9819694680961506e-06,9.94832768549992e-08,1.9542508922507304e-07,2.712823859616129e-07,3.466240762269931e-07
2023-04-17,5.606459232118726e-07,0.0,3.4303853418428883e-06,3.981418085725625e-07,1.958799595265436e-07,2.1400413467529503e-07,3.851026370389824e-07
2023-04-18,5.550674030680634e-07,0.0,1.9321003044406205e-06,2.1942542340564235e-07,3.927088359744012e-07,3.1366040234592565e-07,4.812546522091127e-07
2023-04-19,0.0,2.5949191102502957e-06,3.864997277814131e-06,5.494322960663587e-07,3.374545920913467e-07,2.707322437541387e-07,3.8864468514234894e-07
2023-04-20,5.440763320831417e-07,2.6031863200279223e-06,1.8770038745908742e-06,4.4028478184486407e-07,3.837793244211376e-07,3.3469322336834104e-07,3.7381788570582186e-07
2023-04-21,5.386626821257717e-07,1.3058569253034406e-06,2.347933549593111e-06,9.924024502838943e-07,4.427890807474893e-07,1.7796110532470396e-07,3.7383398018432807e-07
2023-04-22,0.0,5.241005109494672e-06,3.4399867171974303e-06,6.628422549925852e-07,1.7712005734521628e-07,2.5619284311254327e-07,3.0355219392609225e-07
2023-04-23,0.0,5.259106622654051e-06,4.365551041684213e-06,1.0788259012411842e-07,1.476184954539766e-07,2.2263520610566065e-07,3.2954525722760774e-07
2023-04-24,5.227427939582148e-07,0.0,4.770623310094549e-07,3.2341764085403345e-07,4.1342132245430955e-07,1.7865880188512071e-07,4.259629501570812e-07
2023-04-25,5.175414162519062e-07,1.3242223142164394e-06,5.3185058937646176e-06,7.541796578617296e-07,3.183406211143402e-07,1.8465345950484628e-07,4.4097425561186943e-07
2023-04-26,1.0247835862370175e-06,3.987430617159744e-06,2.4204429207050177e-06,5.384239802321326e-07,2.7012957395129295e-07,1.580096384285945e-07,3.4852163266454366e-07
2023-04-27,0.0,1.3341976793515856e-06,3.3930752922293235e-06,5.382020476954555e-07,1.2028659881167188e-07,1.8587042499143082e-07,3.2083312264510034e-07
2023-04-28,0.0,0.0,1.940519069101821e-06,4.708876712231541e-07,2.9018747273497575e-07,1.7553577189955816e-07,3.007896052212977e-07
2023-04-29,0.0,1.344706741348012e-06,4.85583006184868e-07,3.534021448516219e-07,2.7701643655088896e-07,1.866861573055207e-07,3.028638138305812e-07
2023-04-30,0.0,2.7003254279221163e-06,5.582962741763648e-06,2.3578258452991081e-07,3.8650318440196783e-07,1.2975334633999396e-07,3.521218540501363e-07
2023-05-01,0.0,0.0,1.524697288557346e-06,4.6270331288060645e-07,2.480006342273757e-07,1.1348910116348095e-07,2.844827543476983e-07
2023-05-02,0.0,1.3625545470435712e-06,2.034797109148813e-06,4.6325940458516487e-07,2.4720063091495276e-07,1.1812701588787237e-07,3.0097077857470946e-07
2023-05-03,0.0,0.0,1.5024018897525667e-06,3.7828402122241544e-07,1.3690297103979024e-07,1.7786016505380027e-07,2.816572540305019e-07
2023-05-04,0.0,1.3744260736719751e-06,2.4475763456231165e-06,7.581520513498767e-07,1.910803281087823e-07,1.5183489163764475e-07,3.2995790525385995e-07
2023-05-05,0.0,2.606750283232397e-06,1.9556259271197163e-06,3.799059380459265e-07,1.632990899604886e-07,1.548884697994584e-07,2.7541347834039276e-07
2023-05-06,0.0,1.3104229070816173e-06,2.371587094704497e-06,1.2692461377576956e-07,1.8996993351828328e-07,1.7075684346436716e-07,3.1980154497748415e-07
2023-05-07,0.0,2.5039885625657565e-06,9.4789190051369e-07,3.8167982231013614e-07,1.8944325923432388e-07,1.812830570420179e-07,3.498014787313296e-07
2023-05-08,0.0,4.54551313586115e-06,2.8417312593766364e-06,2.544212732269232e-07,4.318526387066464e-07,1.4823813784730985e-07,3.28168962215535e-07
2023-05-09,0.0,3.4134853914132132e-06,2.365324045040767e-06,5.493464201865148e-07,2.525242240433121e-07,1.9273368843485617e-07,4.6379862129073817e-07
2023-05-10,0.0,0.0,4.868676228423613e-07,9.621351360036855e-07,3.393033905838153e-07,1.6806206206975917e-07,5.293728730370413e-07
2023-05-11,0.0,0.0,4.865489618267622e-07,4.1271867899843683e-07,1.5410713160750338e-07,2.1960475511857278e-07,4.1858830065205085e-07
2023-05-12,0.0,3.0812205056790138e-06,2.3787854060017595e-06,5.508466673237889e-07,2.464013762477701e-07,1.9354534161416381e-07,4.1626601784376876e-07
2023-05-13,0.0,0.0,1.4269211945756667e-06,1.279355658135945e-07,1.5390998891655925e-07,2.409815681396631e-07,4.758625822428474e-07
2023-05-14,0.0,2.066586700752287e-06,9.511425592392267e-07,3.846020674266882e-07,2.7690211584974265e-07,2.0815126695135933e-07,4.798551711544574e-07
2023-05-15,0.0,2.07311622367802e-06,2.8532983114296627e-06,6.423931632330639e-07,2.767939420920161e-07,2.0794609704634237e-07,4.838678167488914e-07
2023-05-16,0.0,2.079853059953722e-06,1.4575286491166602e-06,5.150776964853068e-07,4.611890799319354e-07,2.211657039839525e-07,5.561033247022083e-07
2023-05-17,0.0,1.043398941634319e-06,3.2515928260274912e-06,3.8721927793728285e-07,3.07400694890775e-07,2.1429483679754684e-07,5.453606788674896e-07
2023-05-18,0.0,0.0,1.8579413336926349e-06,3.881690057610633e-07,2.458981947887336e-07,2.0745528435624175e-07,5.853244772421591e-07
2023-05-19,0.0,1.0506571449184528e-06,2.2804317748784986e-06,3.8816548905601753e-07,3.073755296115523e-07,2.541503634875701e-07,5.152613963992314e-07
2023-05-20,0.0,1.0544436623715063e-06,2.653235497227384e-06,1.2940026307444994e-07,5.210174090707471e-07,2.2060162725949908e-07,5.379301238942564e-07
2023-05-21,0.0,2.116671250139006e-06,2.651874885153549e-06,2.5884993986207076e-07,3.0561677645702654e-07,1.8042200891916985e-07,5.143767721080472e-07
2023-05-22,0.0,1.0623334222119555e-06,1.3897963167007357e-06,1.195339732622042e-07,2.4382662878498787e-07,2.672145477104283e-07,6.006428128854296e-07
2023-05-23,0.0,3.1993123607457316e-06,9.252838461417963e-07,3.5905008231931253e-07,2.928325635406261e-07,1.9369386522383102e-07,6.060480906217553e-07
2023-05-24,0.0,1.0706481295859244e-06,2.7723880309163667e-06,2.3968943343963583e-07,2.921708715014088e-07,2.8049707662181074e-07,5.365112977801308e-07
2023-05-25,0.0,0.0,2.307668137100639e-06,3.302682333234312e-07,1.1661535871712729e-07,2.1493247276605996e-07,6.155410174454257e-07
2023-05-26,0.0,1.0793911104872262e-06,2.766292420609295e-06,2.2008571592097784e-07,2.6184156855017076e-07,2.0032836316266713e-07,5.499157169511408e-07
2023-05-27,0.0,1.076211275633489e-06,0.0,4.400292367626647e-07,3.774691040782453e-07,1.337114771458743e-07,4.5560665127881695e-07
2023-05-28,0.0,1.073139062804161e-06,4.6021722735914295e-07,1.0998276124343554e-07,2.608340928677611e-07,2.3057814370643316e-07,5.161004564487794e-07
2023-05-29,0.0,0.0,8.776535512508854e-07,6.598152699838913e-07,3.13716208358206e-07,2.6814015651786096e-07,5.888522015539825e-07
2023-05-30,0.0,1.0518894856342933e-06,4.3733366774727187e-07,2.199333181946719e-07,2.8734221891041243e-07,3.0511881803737064e-07,6.143342014045462e-07
2023-05-31,0.0,0.0,8.717685872006431e-07,6.598506197294334e-07,2.6103634662467864e-07,2.0851861608010383e-07,4.84494522238172e-07
2023-06-01,0.0,1.0475604467852135e-06,1.3035865143179591e-06,1.1020276449582385e-07,3.3963782711039645e-07,2.527492196280883e-07,5.319844748563376e-07
2023-06-02,0.0,0.0,3.032164402062599e-06,2.2046652692051103e-07,2.8683179979100526e-07,2.1852927840410797e-07,5.335986195470576e-07
2023-06-03,0.0,0.0,3.3406617286062e-06,4.410991433715782e-07,2.0822285766706916e-07,2.454963298122592e-07,5.533088028998287e-07
2023-06-04,0.0,1.0166003567047902e-06,1.664850604417904e-06,3.3098200738804156e-07,2.5982699061359406e-07,3.4301115315463243e-07,5.705900564575743e-07
2023-06-05,0.0,1.0064850141449225e-06,0.0,3.3117275572395743e-07,2.853415312648299e-07,2.558806011384606e-07,8.146222619665844e-07
2023-06-06,0.0,0.0,8.27194506304603e-07,3.3139662161142405e-07,3.367022540175489e-07,3.5410650362426795e-07,6.930060031291241e-07
2023-06-07,0.0,9.86555275567984e-07,1.1739164133086423e-06,4.4087958361837083e-07,2.8449077365455024e-07,3.1977869220270704e-07,7.805191082849572e-07
2023-06-08,0.0,2.9302166596813413e-06,1.9515526257717826e-06,3.299558200604541e-07,3.0993609750318994e-07,3.030660920970944e-07,5.835614688818982e-07
2023-06-09,0.0,0.0,2.336127663501645e-06,5.488082471068339e-07,2.0662489555406958e-07,1.7891134220788105e-07,6.288989997243028e-07
2023-06-10,0.0,2.8721944823210025e-06,7.768752635967605e-07,1.0954900174565936e-07,2.5200980070364446e-07,2.3343632504043263e-07,7.169114280741617e-07
2023-06-11,0.0,9.478718899057289e-07,1.1605755744053788e-06,9.841257815527585e-07,2.2863933053348972e-07,2.6134716238815356e-07,7.373680705049032e-07
2023-06-12,0.0,0.0,3.8531810398006917e-07,1.9841822033041358e-07,2.738420476428855e-07,2.3520960435504103e-07,9.336627114242517e-07
2023-06-13,0.0,0.0,2.239758729159345e-06,1.982564934822738e-07,2.2704323755491478e-07,3.360332611795475e-07,7.469904547983977e-07
2023-06-14,0.0,0.0,7.429340128892664e-07,1.9811459244869654e-07,2.4849822057908883e-07,2.6443200572227983e-07,7.034029086088101e-07
2023-06-15,0.0,1.821410602981556e-06,3.6266264253072003e-07,4.949812575986505e-07,1.7983543991048138e-07,3.02135521381118e-07,7.731893150237912e-07
2023-06-16,0.0,9.016436323354306e-07,7.219608938516911e-07,9.894510652276105e-08,2.9081468798174565e-07,2.3903917088940896e-07,8.129788994326385e-07
2023-06-17,0.0,0.0,3.509158746558536e-07,4.928627143887633e-07,2.003717546446871e-07,4.062487465963824e-07,6.071667643109944e-07
2023-06-18,0.0,1.7675797844213457e-06,1.0481684290705105e-06,3.928393462767045e-07,1.5511245641577134e-07,2.967347569068847e-07,8.034962953920905e-07
2023-06-19,0.0,8.74996035852372e-07,3.4719704499837583e-07,3.9142780530439313e-07,9.884718572416504e-08,4.446310185407075e-07,7.175760985908229e-07
2023-06-20,0.0,8.66289679826822e-07,3.345162398704613e-07,1.950277037194016e-07,1.6429888429070243e-07,3.638421064568904e-07,7.702368279158975e-07
2023-06-21,0.0,8.576699534911652e-07,3.3249773925914687e-07,2.915415115792533e-07,1.4748200015982754e-07,3.7591041741302466e-07,6.433101681886401e-07
2023-06-22,0.0,8.491359948655847e-07,5.768402272913997e-07,1.930511215000505e-07,9.80731685206273e-08,2.5875661792799625e-07,7.831995394632375e-07
2023-06-23,0.0,8.406869505471066e-07,2.868867407393627e-07,0.0,1.3044641466659944e-07,2.702088330306999e-07,4.866432430122341e-07
2023-06-24,0.0,1.664643951248516e-06,2.853820567461726e-07,4.7622283955264097e-07,1.9521247408380222e-07,2.531630166074707e-07,6.51661806492951e-07
2023-06-25,0.0,1.6480804671851514e-06,1.135623644785905e-06,1.8923678016081104e-07,1.7854361027964195e-07,3.2677256429860997e-07,6.247365293723352e-07
2023-06-26,0.0,5.805573426353903e-07,1.1298326258979543e-06,9.400167416813984e-08,1.7816030715894672e-07,2.7340208254934426e-07,8.34617724029938e-07
2023-06-27,0.0,0.0,5.620772956070619e-07,8.344691746762767e-08,1.7779482021743478e-07,3.7517874822411477e-07,7.08647774394378e-07
2023-06-28,0.0,5.690615370297049e-07,8.136863046627753e-07,3.304664270628213e-07,9.656623480925919e-08,2.756674403548279e-07,6.872398615867345e-07
2023-06-29,0.0,5.633992801293054e-07,6.248489528017511e-07,8.179455779330694e-08,1.1153961550513853e-07,3.04525553637225e-07,7.155831473523729e-07
2023-06-30,0.0,0.0,6.222720336668525e-07,9.112908101757246e-08,1.419811428693967e-07,2.5794322529491293e-07,6.689841832855414e-07
2023-07-01,0.0,5.559976511229229e-07,9.326353039022399e-07,9.076268854671042e-08,9.40623331287993e-08,2.581323449136145e-07,6.625504728935266e-07
2023-07-02,0.0,5.504653820591778e-07,0.0,9.006536075432776e-08,1.0864746348893103e-07,3.03766038657705e-07,6.641481606057741e-07
2023-07-03,0.0,5.449881599923613e-07,3.0844877133152094e-07,8.937703957307526e-08,1.997661773054721e-07,2.757591342428032e-07,7.206438618735737e-07
2023-07-04,0.0,0.0,1.536401336747294e-06,2.6609296851078357e-07,1.6735101360999114e-07,2.2516697363110474e-07,7.614620660255201e-07
2023-07-05,0.0,0.0,2.9171481540950486e-07,0.0,1.0543644567420776e-07,2.6677298089794085e-07,6.392664989968769e-07
2023-07-06,0.0,0.0,1.161584245032424e-06,0.0,1.9386219452015474e-07,2.9171196028593765e-07,6.315574717721394e-07
2023-07-07,0.0,5.236188685837173e-07,5.78212693909661e-07,6.06987203701456e-07,1.3287685393033485e-07,2.0000238456265732e-07,6.571695695854679e-07
2023-07-08,0.0,0.0,5.756910870543466e-07,1.521671978080107e-07,5.8468758730151335e-08,2.1665985363604213e-07,6.383649596543974e-07
2023-07-09,0.0,0.0,0.0,2.2664175282290034e-07,1.1670319765142085e-07,2.583398395518734e-07,7.138861326896921e-07
2023-07-10,0.0,0.0,1.3425944833627781e-06,2.2505537329793566e-07,1.617587740058997e-07,2.0003636376656058e-07,7.619241562956049e-07
2023-07-11,0.0,0.0,5.336178359838574e-07,7.449716649928254e-08,1.1439231950857874e-07,3.001315413956658e-07,6.984897535697916e-07
2023-07-12,0.0,0.0,2.4401153145158314e-07,2.2194997503395283e-07,1.0192868722048511e-07,2.501987921214507e-07,8.495365744643312e-07
2023-07-13,0.0,4.931256795476566e-07,2.4256483536360296e-07,1.469537638350136e-07,8.97017598550331e-08,2.0859415541740974e-07,8.984515540705525e-07
2023-07-14,0.0,4.88218997053603e-07,2.411423959612971e-07,7.297778657311866e-08,8.880921243148331e-08,2.810918147692225e-07,7.76504012097287e-07
2023-07-15,0.0,0.0,7.192322129986202e-07,6.250143314222117e-08,9.891623925358268e-08,2.3086730599356482e-07,9.32374930363486e-07
2023-07-16,0.0,2.4166848490811167e-07,7.151091619340112e-07,3.726973937281298e-07,1.196946742787919e-07,2.614731891923726e-07,8.315484618470565e-07
2023-07-17,0.0,2.3926384330568927e-07,4.740384149210146e-07,1.8521172932644383e-07,9.695756648485534e-08,3.380257113599069e-07,1.0046692042637493e-06
2023-07-18,0.0,0.0,2.3569239639460692e-07,6.136442770536634e-08,1.0665869175450547e-07,3.601779920829742e-07,1.0555744255310354e-06
2023-07-19,0.0,0.0,7.686439072681534e-07,1.219954975916516e-07,7.391819402761633e-08,3.938910508559872e-07,1.1334828102694854e-06
2023-07-20,0.0,0.0,1.913013516890394e-07,0.0,7.318269570808028e-08,2.6222666325565906e-07,8.405801769943533e-07
2023-07-21,0.0,0.0,3.809217137112552e-07,1.2056530879133894e-07,6.210387061637215e-08,4.880593697808718e-07,1.0388696354174337e-06
2023-07-22,0.0,0.0,0.0,2.3973666958007107e-07,7.30166710654349e-08,2.9723926874827163e-07,8.107001604645177e-07
2023-07-23,0.0,0.0,5.453966823555535e-07,1.1918334772210175e-07,7.229014304925152e-08,2.3104732669678392e-07,8.12256622979719e-07
2023-07-24,0.0,0.0,5.432559691298603e-07,2.3702055817651981e-07,5.367813308071127e-08,3.3990778235590904e-07,1.0208107725535601e-06
2023-07-25,0.0,4.931010242909826e-07,5.411695819537948e-07,2.9462265395271456e-07,7.085870231003189e-08,4.488977794446608e-07,9.97184022179418e-07
2023-07-26,0.0,4.980567719744814e-07,1.7971243739563364e-07,5.859981453913887e-08,9.64612638573772e-08,4.0832925121049895e-07,8.752614601128307e-07
2023-07-27,0.0,2.5153116287511316e-07,1.7905298553350278e-07,1.550754645113797e-07,1.2154731049393028e-07,5.277426219955057e-07,8.739651528773955e-07
2023-07-28,0.0,0.0,3.568228782382731e-07,1.0302453189574803e-07,5.1573383377360346e-08,4.998178921722594e-07,9.163940550298327e-07
2023-07-29,0.0,7.698372882710359e-07,3.555754679947179e-07,1.0946656154645898e-07,4.2655940288834055e-08,4.146749545814535e-07,9.152163397075672e-07
2023-07-30,0.0,2.591914272152609e-07,5.31545423391414e-07,2.1839253938069524e-07,6.334725988706192e-08,3.007030204581101e-07,8.683889536312227e-07
2023-07-31,0.0,0.0,1.5547951095148948e-07,1.0893689755220254e-07,6.968549346627887e-08,3.2983560474036554e-07,1.0274607884429472e-06
2023-08-01,0.0,2.698558900301628e-07,1.5527974298439749e-07,5.447213057669578e-08,8.99052272204664e-08,5.895885352195385e-07,1.1173085972917203e-06
2023-08-02,0.0,2.725679868136128e-07,0.0,1.6305913862822835e-07,5.060492695128839e-08,4.4654240807611377e-07,1.0170835276849075e-06
2023-08-03,0.0,0.0,1.4051398555058228e-07,1.0847879438407683e-07,5.465607219819476e-08,5.050646969589286e-07,8.087517261486372e-07
2023-08-04,0.0,5.561484507912858e-07,2.806796779230122e-07,2.1652468863834496e-07,4.509352932767105e-08,3.7589991585469175e-07,9.298694026984186e-07
2023-08-05,0.0,0.0,2.8035945294655273e-07,1.6208508086837843e-07,4.464484121402395e-08,3.621601002627899e-07,7.040217934278467e-07
2023-08-06,0.0,5.673833947510741e-07,2.8006726414902144e-07,0.0,5.30407411460429e-08,4.064638928605358e-07,9.921515204447572e-07
2023-08-07,0.0,0.0,2.798030823112953e-07,2.196522934978899e-07,3.500865130238163e-08,3.782527544294144e-07,9.453449649096447e-07
2023-08-08,0.0,5.788452996339755e-07,1.1864747892116647e-07,8.788483555992128e-08,3.8992848076918706e-08,4.6552412160479663e-07,1.1762558419801479e-06
2023-08-09,0.0,0.0,3.562609891955891e-07,4.3958771138740106e-08,4.28942919510666e-08,5.23747062454791e-07,1.1848014414225366e-06
2023-08-10,0.0,0.0,1.188717226744945e-07,8.795904082253174e-08,2.548049196896506e-08,3.055685868940184e-07,1.038716488452305e-06
2023-08-11,0.0,0.0,2.3800333911024033e-07,3.3996609073771144e-08,6.306739209430217e-08,5.530784391986079e-07,1.0035976111418737e-06
2023-08-12,0.0,0.0,2.3828703340373945e-07,2.047544321119856e-07,4.1626574038638304e-08,4.0767893399193186e-07,1.0567697097031302e-06
2023-08-13,0.0,0.0,3.578918348987283e-07,6.851656179839493e-08,2.4727429623900773e-08,4.1679412988506707e-07,8.571101176861313e-07
2023-08-14,0.0,0.0,3.583889091735815e-07,1.0318274690910773e-07,3.672208138228082e-08,4.577866081045378e-07,9.763534571646206e-07
2023-08-15,0.0,0.0,1.1964060754600348e-07,6.906731298753327e-08,2.0198161426361414e-08,3.77579958470219e-07,1.1938805872343438e-06
2023-08-16,0.0,3.135278136389611e-07,2.3966041905587045e-07,3.46765174122582e-08,3.9994372724415955e-08,4.18718039789651e-07,1.0357834562621125e-06
2023-08-17,0.0,6.333576411031332e-07,2.400635892613572e-07,1.240739370633843e-07,3.687293243562817e-08,3.7885173986855467e-07,8.505370147657871e-07
2023-08-18,0.0,0.0,2.094936345223437e-07,1.0025672068932951e-07,0.0,3.1176863569375367e-07,9.701433785992917e-07
2023-08-19,0.0,0.0,2.074091380303553e-07,7.494824153448465e-08,0.0,3.9265657682686244e-07,8.684056778566867e-07
2023-08-20,0.0,0.0,0.0,4.980762495905512e-08,0.0,3.7022923152646747e-07,7.186077276348937e-07
2023-08-21,0.0,0.0,6.09906485787156e-07,1.2413684091447384e-07,0.0,3.47659743701882e-07,8.452516747019639e-07
2023-08-22,0.0,3.3291529088031155e-07,4.0255854323740876e-07,7.426021993130945e-08,0.0,3.369759245652988e-07,8.662776405375439e-07
2023-08-23,0.0,6.725222903570662e-07,0.0,7.404576139781144e-08,0.0,4.591405240141139e-07,9.846827964070833e-07
2023-08-24,0.0,0.0,1.7615771341848541e-07,1.4767741500431643e-07,0.0,4.48870848846912e-07,7.781955452479736e-07
2023-08-25,0.0,0.0,4.360122872090126e-07,9.818538338505022e-08,0.0,3.7763756491164525e-07,5.954427010458024e-07
2023-08-26,0.0,0.0,2.590043354783265e-07,9.792897538738273e-08,0.0,2.324324624559623e-07,6.799949315405816e-07
2023-08-27,0.0,6.999684456881762e-07,5.128543985612618e-07,1.4652354055329266e-07,0.0,4.6686577326364776e-07,8.367371061509996e-07
2023-08-28,0.0,3.5350162276049386e-07,5.077514120331068e-07,1.9489102733555982e-07,0.0,4.689133085817534e-07,7.795274397044589e-07
2023-08-29,0.0,0.0,4.189160008910689e-07,7.291380869945227e-08,0.0,5.081925568547545e-07,9.912508028839758e-07
2023-08-30,0.0,0.0,4.326950727476659e-07,1.212512893161688e-07,0.0,5.105031530767976e-07,8.046534502522104e-07
2023-08-31,0.0,9.801466639962962e-07,2.4479410562166334e-07,7.25950136179351e-08,0.0,4.878470049156878e-07,8.772945208765355e-07
2023-09-01,0.0,0.0,3.0307051573685094e-07,2.4223055786710588e-08,0.0,3.274086314567721e-07,7.62706329397901e-07
2023-09-02,0.0,0.0,2.4004393097563514e-07,1.208791292207135e-07,0.0,2.1373537514594667e-07,7.183166079959217e-07
2023-09-03,0.0,0.0,5.127859162495044e-07,7.239304051291744e-08,0.0,2.8528111451746443e-07,7.075375792471511e-07
2023-09-04,0.0,6.479497413213095e-07,4.0959841201099684e-07,7.226584285778585e-08,0.0,2.968087940495239e-07,7.383668505338333e-07
2023-09-05,0.0,0.0,4.090090512049245e-07,1.2024311974526954e-07,0.0,2.84620263939298e-07,6.942121580582737e-07
2023-09-06,0.0,6.610391943659897e-07,2.0423029582240727e-07,1.200551924730735e-07,0.0,4.146516322880039e-07,8.148349984108091e-07
2023-09-07,0.0,0.0,3.0596473386319056e-07,7.192756249210266e-08,0.0,3.597033109084593e-07,9.07897016248292e-07
2023-09-08,0.0,6.7439307190239e-07,3.05614620721128e-07,7.182920231655023e-08,0.0,3.065530122396594e-07,8.334395201746637e-07
2023-09-09,0.0,0.0,3.052950692958172e-07,2.3912675040362453e-08,1.1493751431797018e-08,3.3729543082556106e-07,7.16059943495249e-07
2023-09-10,0.0,6.880167156595785e-07,4.0667473017579934e-07,4.776934785861232e-08,3.482779666233142e-08,3.048255237848177e-07,6.780307825933576e-07
2023-09-11,0.0,6.867268750533596e-07,2.03165017884545e-07,1.9087249044437405e-07,3.224633668479784e-08,4.90062776839007e-07,8.221143842848532e-07
2023-09-12,0.0,0.0,1.0150649367614176e-07,9.534333843120211e-08,2.6648523618817416e-08,3.103065876596927e-07,7.248116655776302e-07
2023-09-13,0.0,0.0,6.086437748638057e-07,1.4288994908027e-07,2.0934935570681167e-08,2.2574799754258546e-07,7.152615340840859e-07
2023-09-14,0.0,6.832689111775425e-07,1.0138490875924209e-07,7.138958981386012e-08,2.4166097338357496e-08,3.155805717939777e-07,8.111858191577403e-07
2023-09-15,0.0,0.0,7.093752886491612e-07,7.100698746379308e-08,1.830672799078519e-08,1.6125960910404906e-07,6.072416698129215e-07
2023-09-16,0.0,1.3626108626460192e-06,5.065193957883146e-07,4.7087657247763375e-08,2.1572499276833164e-08,3.991376229597989e-07,5.738264492675924e-07
2023-09-17,0.0,0.0,2.0255712367556333e-07,6.992869084467891e-08,1.2451032285136246e-08,3.0625375637215e-07,7.01948881387043e-07
2023-09-18,0.0,0.0,5.063168622924162e-07,2.307762958169044e-08,2.5152334479944475e-08,2.5430220951980444e-07,6.001819810974371e-07
2023-09-19,0.0,0.0,2.0251661900163417e-07,6.854400999203251e-08,2.8580759599527894e-08,2.711389264307538e-07,4.986794719972937e-07
2023-09-20,0.0,0.0,3.037901173754497e-07,2.035859570913393e-07,4.644274596629693e-08,2.3967950806758545e-07,7.079610133636899e-07
2023-09-21,0.0,6.77587606047118e-07,2.0255712367556333e-07,2.239558255243842e-08,2.814570199386347e-08,3.322125199615535e-07,5.921767462189695e-07
2023-09-22,0.0,0.0,2.0260775831532586e-07,8.86909711310297e-08,6.633333233707367e-08,3.1950960872426165e-07,6.734173255593958e-07
2023-09-23,0.0,6.765752641500785e-07,3.0401798084964046e-07,1.536648421408244e-07,4.3071424335199874e-08,2.512035807342753e-07,5.458255282951548e-07
2023-09-24,0.0,6.761706039530145e-07,7.096943613146946e-07,8.693477223692304e-08,6.28395435002425e-08,2.763378481590722e-07,5.766462787489999e-07
2023-09-25,0.0,0.0,4.0576251657587057e-07,8.606975680018745e-08,4.3941524823631926e-08,2.553490245865928e-07,6.863258797108952e-07
2023-09-26,0.0,0.0,2.0301298735228352e-07,6.391001130814268e-08,6.904044698451063e-08,3.3406805698495825e-07,6.22451366741741e-07
2023-09-27,0.0,9.317502195023609e-07,9.277089242346328e-07,6.327409607053412e-08,2.9886135005258824e-08,3.250269821029349e-07,8.893379283769889e-07
2023-09-28,0.0,9.341925970285285e-07,2.3238864331012317e-07,1.2528901659052237e-07,2.5155413046301404e-08,2.5900404918622316e-07,7.075935102827037e-07
2023-09-29,0.0,0.0,2.3287329461957702e-07,6.202118502302171e-08,6.097974996117119e-08,2.1757435283154804e-07,6.283871437031283e-07
2023-09-30,0.0,0.0,0.0,4.0936042613979366e-08,2.0530868879010583e-08,8.46251417978045e-08,2.825393028768466e-07
2023-10-01,0.0,2.90598316561632e-06,4.6122341599029724e-07,1.0177035211784537e-07,9.369896058888687e-08,2.977391139655257e-07,6.255414542366769e-07
2023-10-02,0.0,9.715581678110776e-07,6.175365301697897e-07,1.530622541817039e-07,3.154688359947269e-08,3.476851736661768e-07,7.892469947211375e-07
2023-10-03,0.0,1.9491048740862616e-06,4.6512769489011186e-07,1.3009653619247025e-07,6.372787010126438e-08,2.394613206158253e-07,7.263454958493617e-07
2023-10-04,0.0,1.955288324662037e-06,1.557165017699927e-07,8.600657618462798e-08,3.2184172921850124e-08,2.44487348185837e-07,8.197126966177475e-07
2023-10-05,0.0,0.0,7.820300517827799e-07,8.52907289702333e-08,7.043319668055769e-08,2.3471966877591554e-07,7.023770313209634e-07
2023-10-06,0.0,0.0,7.855557983724682e-07,1.2687511634971727e-07,2.1889557561682884e-08,2.033361479180981e-07,8.270513591134143e-07
2023-10-07,0.0,3.9500288607826216e-06,3.4605904324072506e-07,4.1942275620483045e-08,5.527387818144077e-08,2.2288216081024238e-07,7.255240277308989e-07
2023-10-08,0.0,2.9729758631533045e-06,5.825616574104695e-07,2.143052344044857e-08,7.816114584957588e-08,1.993098224246259e-07,6.610969368053713e-07
2023-10-09,0.0,0.0,3.5304989964256476e-07,2.1290107805210363e-08,6.20295330480997e-08,3.030373654254041e-07,8.530132796402548e-07
2023-10-10,0.0,1.99651818242541e-06,8.320622569537164e-07,2.1151821198494497e-08,7.404438389563801e-08,2.302495134314846e-07,6.417972351416862e-07
2023-10-11,0.0,2.004084431143869e-06,7.203639614233124e-07,7.35547742703377e-08,7.478854232543346e-08,2.348663255995369e-07,8.867765799766173e-07
2023-10-12,0.0,2.011851089975518e-06,7.276037395970298e-07,3.132236995057179e-08,3.486469831005482e-08,2.393684656311318e-07,6.62434924316003e-07
2023-10-13,0.0,3.029728403389069e-06,2.4497209291701515e-07,7.262359411289063e-08,3.5215094353409983e-08,2.4375775844869254e-07,7.554287467926265e-07
2023-10-14,0.0,2.027988764786655e-06,4.94868206763579e-07,7.216892076104489e-08,5.928168655924417e-08,1.2736983989768777e-07,5.219062284163042e-07
2023-10-15,0.0,2.0363613945470724e-06,3.7488128619464673e-07,5.1229617401011586e-08,8.382846837987419e-08,1.3937643500645487e-07,6.07688101411391e-07
2023-10-16,0.0,3.0674064932158763e-06,5.048652076768411e-07,4.073210295313817e-08,5.443133046010831e-08,2.3106343522685062e-07,6.960504635139469e-07
2023-10-17,0.0,2.0537184252110977e-06,5.099391873689764e-07,3.036343892227943e-08,1.3490841189793205e-07,2.0128528498117876e-07,5.633943326189299e-07
2023-10-18,0.0,0.0,9.01362282458399e-07,7.04219529974343e-08,1.1809569544809056e-07,3.0962320223299056e-07,6.561668546741589e-07
2023-10-19,0.0,0.0,3.901804817144885e-07,2.0000835456248045e-08,8.258024555949109e-08,2.9329643698510895e-07,6.098119016478931e-07
2023-10-20,0.0,0.0,3.941018607487003e-07,4.970778253360547e-08,8.341019082521558e-08,2.434270042345358e-07,7.425034722718898e-07
2023-10-21,0.0,3.085727768112772e-06,1.3268755009913542e-07,3.9534757797014e-08,6.552659336185772e-08,2.279207434344991e-07,6.366012764192616e-07
2023-10-22,0.0,2.0500882216168535e-06,4.02063246442862e-07,9.826810768967262e-09,1.2291527220811562e-07,1.5363896230149133e-07,5.638640270414486e-07
2023-10-23,0.0,3.0648444125336477e-06,6.697659727424118e-07,5.8625488667681755e-08,7.640036383446351e-08,1.5239396998660897e-07,6.348319047780371e-07
2023-10-24,0.0,3.0548629796373155e-06,2.677974047608539e-07,2.9147987659640725e-08,9.646025032036386e-08,1.4109749522442925e-07,4.888186013755741e-07
2023-10-25,0.0,5.075311725974457e-06,0.0,9.662048602832202e-09,1.364015687342899e-07,1.600232867129269e-07,5.410285670402755e-07
2023-10-26,0.0,2.0238770751821707e-06,9.368091871566766e-07,9.60906753202951e-09,8.856798897253635e-08,1.1116580694197135e-07,5.271539675455827e-07
2023-10-27,0.0,0.0,2.676311013295431e-07,9.557047375987606e-09,8.94581120600191e-08,1.0242189861725103e-07,4.805985337884391e-07
2023-10-28,0.0,0.0,5.352583964663904e-07,5.70358975958852e-08,7.027780747031064e-08,7.557795971956005e-08,3.8187062114490197e-07
2023-10-29,0.0,0.0,5.353081165593916e-07,2.8367607286567214e-08,9.041755525026631e-08,1.0106739774554073e-07,4.6412153681441357e-07
2023-10-30,0.0,2.0009045638512502e-06,1.3385284197753506e-07,1.8813401706373488e-08,7.037875545411613e-08,1.2909258148388517e-07,4.433616347340751e-07
2023-10-31,0.0,0.0,2.6778408042192877e-07,9.358473288775348e-09,1.207539148247576e-07,4.1770039547614224e-08,4.381216749159522e-07
2023-11-01,0.0,1.5252911560272113e-06,2.6908612592169515e-07,3.7403234679323067e-08,1.1128058803414215e-07,4.413513725196439e-08,5.355115046817835e-07
2023-11-02,0.0,7.627210806181829e-07,8.076560392675125e-07,1.8608501564573126e-08,1.215263483937488e-07,3.016087083848547e-08,4.930615545395912e-07
2023-11-03,0.0,1.5257457119328498e-06,2.693781556823051e-07,5.555173996544493e-08,1.622237925272722e-07,3.823815638204197e-08,4.5672166765788497e-07
2023-11-04,0.0,1.5262018384719862e-06,4.043468544732351e-07,2.335412530792707e-08,1.522768841037366e-07,1.3582078365701225e-08,5.724784783010867e-07
2023-11-05,0.0,0.0,9.950086771122209e-07,2.914168418985099e-08,1.8298102863415648e-07,2.057787078394018e-08,5.070718807148055e-07
2023-11-06,0.0,5.346502058774187e-06,8.540231177889891e-07,7.33000431471332e-09,1.4252629579936e-07,3.11303826603265e-08,4.768948262969092e-07
2023-11-07,0.0,1.5284862055931006e-06,1.1403560776260557e-06,7.403672082803861e-09,1.3255196176904136e-07,4.0571933170912094e-08,5.97786279981921e-07
2023-11-08,0.0,2.294329866431818e-06,8.565965260686414e-07,1.7448853856635673e-08,1.22558153303367e-07,3.688171909038672e-08,5.792290397442356e-07
2023-11-09,0.0,1.5307732395817175e-06,5.720077695227872e-07,1.2588726966658636e-08,1.5275661318241865e-07,5.32604496967283e-08,5.588668698644128e-07
2023-11-10,0.0,7.660731567375816e-07,1.0027646817768538e-06,5.086098310420211e-09,1.160426283127754e-07,7.246259850225716e-08,5.521204478205827e-07
2023-11-11,0.0,1.533672603276749e-06,2.870331554836137e-07,1.027442889649288e-08,1.0432307677577566e-07,7.090364535816539e-08,5.74989309617358e-07
2023-11-12,0.0,3.838380654041819e-06,5.75181639457168e-07,1.556653293539555e-08,9.263841819081527e-08,6.468563508209561e-08,5.291668355432014e-07
2023-11-13,0.0,2.3057781846934986e-06,7.639738677290376e-07,5.240993064105829e-09,9.255447649995912e-08,7.700283233022621e-08,6.112185644920493e-07
2023-11-14,0.0,2.2828353084182566e-06,9.191393555555116e-07,1.0587331840174115e-08,1.7339960687602864e-07,1.1548665028466241e-07,6.730227358157441e-07
2023-11-15,0.0,2.2601207175762253e-06,7.680016537814046e-07,1.871403851475095e-08,8.086255819591679e-08,8.808062215086783e-08,5.609792545378403e-07
2023-11-16,0.0,2.2376321406893926e-06,6.142096590160448e-07,2.1602420261307142e-08,1.269924639859734e-07,1.2022411773021827e-07,5.880545580703629e-07
2023-11-17,0.0,2.215367328881328e-06,4.605595623635331e-07,8.182323072883384e-09,1.2692789301630355e-07,8.841119009935072e-08,5.977677446808172e-07
2023-11-18,0.0,3.655540092753828e-06,7.675132280084497e-07,1.1019409049203342e-08,1.730127476477849e-07,9.525305315408996e-08,6.132028297359678e-07
2023-11-19,0.0,7.238333722188693e-07,7.651353657381998e-07,1.3912694939145789e-08,1.2683682457433885e-07,9.921693607398963e-08,5.14308730590643e-07
2023-11-20,0.0,2.149893329482174e-06,1.3667060883407868e-06,2.248403175660042e-08,9.222568581463557e-08,1.36814173172053e-07,5.81880013960069e-07
2023-11-21,0.0,2.1285015334322714e-06,9.042034600670492e-07,1.9477772914804104e-08,1.267964925533841e-07,1.3464586620340378e-07,6.605553572605349e-07
2023-11-22,0.0,1.669565083487185e-06,5.982399660042795e-07,8.264556786902506e-09,1.4984904629684803e-07,1.2960603140898558e-07,6.787641123086333e-07
2023-11-23,2.7573318433335305e-06,3.845859491989238e-06,5.937374497923282e-07,5.454882048588924e-09,9.222318605097683e-08,1.227268065747767e-07,6.879473790730433e-07
2023-11-24,2.785043489065529e-06,9.572184946035007e-07,5.892943078201391e-07,1.0801210130653571e-08,1.3836119516441163e-07,1.652803086487461e-07,7.470477708744287e-07
2023-11-25,4.68838940244552e-06,9.530678388568368e-07,2.924550478849061e-07,5.346868147071699e-09,1.1533453957264651e-07,1.5952551630404625e-07,5.881001545497615e-07
2023-11-26,1.8942033997182964e-06,1.8980249813765688e-06,1.3063148442371003e-06,1.5880997760261172e-08,1.0384165505251777e-07,1.8482418239666213e-07,7.199834096572265e-07
2023-11-27,3.826480920753729e-06,4.7252602227982365e-06,8.644750703767642e-07,1.3102482660264572e-08,1.8469797109634468e-07,2.058285369582196e-07,6.078430510564889e-07
2023-11-28,1.932468846675843e-06,0.0,1.0011866971822692e-06,2.075537724719407e-08,1.501557081242424e-07,2.610801395313566e-07,7.029545777004713e-07
2023-11-29,9.759452407349422e-07,3.749657134724574e-06,1.7038615973068968e-06,1.027442889649288e-08,1.2714251036270158e-07,2.2463677358474475e-07,7.037141788646831e-07
2023-11-30,3.943014613877307e-06,4.668681025744121e-06,5.63857843293651e-07,1.525829493126063e-08,1.1567536830100895e-07,2.2689441069251987e-07,6.690209174769154e-07
2023-12-01,2.0980832543967476e-06,1.8940470747616432e-06,6.999802056125744e-07,5.0375974070406024e-09,1.7369806566769495e-07,2.3916975335377045e-07,5.790574984724379e-07
2023-12-02,2.11916934165993e-06,1.886937026742593e-06,5.559993296068825e-07,1.4962417426007365e-08,1.1591314423133766e-07,1.7111452661332235e-07,6.094389265459144e-07
2023-12-03,2.1404673476232586e-06,1.8800156739986696e-06,1.2421577140200008e-06,1.4813538885104247e-08,2.2047442191426983e-07,1.677508957199524e-07,5.155278327331352e-07
2023-12-04,3.2429691031576175e-06,2.4122512321944947e-06,4.111470510770177e-07,9.777427806956198e-09,6.97060791836586e-08,2.2591576033394237e-07,6.943861465228874e-07
2023-12-05,2.1837076563287646e-06,1.2055609699773934e-06,5.44376861149022e-07,1.6940246355850082e-08,1.7448906844046582e-07,2.43081467723407e-07,7.478032567347234e-07
2023-12-06,3.308481424706768e-06,7.23070128575505e-06,1.216377207754014e-06,2.1563598970644847e-08,1.3864887938687618e-07,2.813378585745253e-07,6.647829590507603e-07
2023-12-07,4.4556429544265835e-06,3.218157457611433e-06,4.026760388857185e-07,1.660480700349385e-08,1.377203690248595e-07,2.9391575172662146e-07,6.886654763565995e-07
2023-12-08,2.2502114552929834e-06,1.0738302163165448e-06,1.199799829378656e-06,1.4091074068496662e-08,1.8240750775268363e-07,1.7448933622069446e-07,5.81980275863369e-07
2023-12-09,0.0,1.0750486640124387e-06,5.29640676925747e-07,9.300577025908222e-09,9.060304885416828e-08,2.5037579053774545e-07,6.000380711493781e-07
2023-12-10,2.295668742033458e-06,3.229123852411831e-06,1.1837023869325934e-06,1.381205210740765e-08,7.875997868583508e-08,2.146906413955562e-07,6.3005995731955e-07
2023-12-11,2.318740596460796e-06,3.7829362287653425e-06,7.620989503317691e-07,1.8232826523565053e-08,1.4532173627729654e-07,2.6498829174504927e-07,7.374958432111862e-07
2023-12-12,3.513066490320106e-06,2.8457687714944087e-06,7.636698599088269e-07,9.025703434216502e-09,1.8881700315933891e-07,1.6892282554585253e-07,8.868073443822596e-07
2023-12-13,2.365582263683743e-06,1.903079967108961e-06,9.800361501584485e-07,1.1169870230644178e-08,1.5450792947555485e-07,1.6472602214891172e-07,7.088237786996037e-07
2023-12-14,3.584035141027664e-06,0.0,9.783090562944063e-07,1.548221943078867e-08,1.5353495432982933e-07,2.821911853234769e-07,5.991477209549476e-07
2023-12-15,1.2066850976768406e-06,1.9154530771968327e-06,9.120426643541629e-07,1.3138430377303254e-08,1.1988219006302236e-07,2.8995235925627083e-07,6.594759578606552e-07
2023-12-16,1.2188124845264687e-06,2.460895546298998e-06,5.213617708182734e-07,6.503850405387053e-09,7.581748457278282e-08,2.022987933485165e-07,5.696640602507551e-07
2023-12-17,1.2310617536402297e-06,3.7094670441563683e-06,3.912063311057183e-07,6.439136012582911e-09,1.8300229105840981e-07,2.1520832180846373e-07,6.346039310618563e-07
2023-12-18,1.243434129955243e-06,2.485307812439926e-06,1.4352450018751103e-06,2.1250218462486638e-08,9.430576646214643e-08,3.0251918735904154e-07,6.988567356710043e-07
2023-12-19,5.0237234028778e-06,6.2447153207365335e-06,1.1750811671390317e-06,1.683102020473472e-08,1.0952198521605587e-07,2.703915779536874e-07,6.117492283243216e-07
2023-12-20,2.537106331230684e-06,8.787499821952982e-06,2.6133077293410446e-07,1.041471797220406e-08,1.0124356219348847e-07,2.7253846310417734e-07,6.000017167379138e-07
2023-12-21,1.2813023368849264e-06,8.833276952179953e-06,3.923377963652408e-07,8.248871837540082e-09,1.0855197505978465e-07,1.8703836754253198e-07,6.111325517475977e-07
2023-12-22,1.2941796394559548e-06,2.537124976418066e-06,6.545311123931844e-07,2.041698547843688e-08,1.1580351095514756e-07,1.6497016947133604e-07,4.962047038687561e-07
2023-12-23,1.3071863610694158e-06,3.826065378809241e-06,9.173238916347116e-07,8.085533231434245e-09,1.0762538714091628e-07,2.3162972554992113e-07,4.870121089597647e-07
2023-12-24,2.640647604816618e-06,2.564550601811774e-06,1.0495953817972204e-06,4.002540415777424e-09,9.952267001742346e-08,2.454772346080942e-07,5.146264666649938e-07
2023-12-25,0.0,0.0,9.179013752149183e-07,5.9440717098221476e-09,5.337092540596429e-08,1.9314797590649338e-07,5.423001480987098e-07
2023-12-26,5.387984449944713e-06,5.186004163281342e-06,7.864273562226094e-07,7.846569610803398e-09,9.112809932496554e-08,2.1850974492761798e-07,5.792356517788532e-07
2023-12-27,1.3605336484783894e-06,1.3038080286844899e-06,1.7033482884364404e-06,3.88424746933859e-09,7.564358046179237e-08,3.479372911852748e-07,6.576444792960751e-07
2023-12-28,4.12262171690769e-06,0.0,3.929863787628153e-07,9.613996403148244e-09,1.5824474940511192e-07,2.6398651551341873e-07,6.073552891408567e-07
2023-12-29,1.3880182513291438e-06,5.275255575296432e-06,5.239089096485777e-07,7.614668432481615e-09,8.521641341570634e-08,2.7678210406399e-07,4.964202983318335e-07
2023-12-30,5.6078722666835066e-06,1.326514271698591e-06,1.1787488376171574e-06,5.654175911725096e-09,4.2184247967460226e-08,2.9507679876490384e-07,5.602547082535199e-07
2023-12-31,4.248174239962761e-06,2.668694604211351e-06,9.168603923041661e-07,1.1195831842783963e-08,6.562994065102777e-08,2.580802534805773e-07,4.160867577391552e-07
2024-01-01,1.2865725523833712e-06,3.862355337850252e-06,7.851240130203114e-07,5.519377499955509e-09,1.1753378609266542e-07,2.880322871905937e-07,4.547160343693553e-07
2024-01-02,1.2995028215007288e-06,5.18088557064628e-06,1.044833052373304e-06,7.285945034973136e-09,8.727322903571522e-08,2.6958418467116375e-07,4.534934791707452e-07
2024-01-03,1.3125630419831588e-06,3.1493048583176815e-06,2.897311524643671e-07,7.213448670580731e-09,5.184290753853777e-08,3.920699351312953e-07,4.639141268697074e-07
2024-01-04,3.9772635595907806e-06,2.120637265561838e-06,8.687250771276485e-07,7.141673657066608e-09,6.27330757650701e-08,3.0629423996253605e-07,4.588968523701604e-07
2024-01-05,1.3390785743008136e-06,0.0,0.0,3.535306408434804e-09,7.340139327392372e-08,2.0829384149243312e-07,4.2316853856728125e-07
2024-01-06,2.7050730754227325e-06,3.2452154700552925e-06,5.224201990182704e-07,5.25019428288487e-09,5.590079785215807e-08,2.6885849258215724e-07,5.104649139847612e-07
2024-01-07,1.3661297559028075e-06,2.1852202851689836e-06,7.842624112882419e-07,1.7326513256403325e-09,6.641349074396993e-08,2.8037745951534524e-07,4.748655909362722e-07
2024-01-08,4.139578764624854e-06,0.0,2.3323531009978725e-07,5.146233470686461e-09,9.949120886152928e-08,2.0065694754902544e-07,4.853207633841213e-07
2024-01-09,1.3937274076224692e-06,3.3440469947745706e-06,2.8672142898432365e-07,8.491712653479224e-09,7.248799660679014e-08,2.2389150252296957e-07,5.328273736211333e-07
2024-01-10,1.4077346009388596e-06,3.3776552258093645e-06,2.8821154153728405e-07,0.0,5.8927927288794265e-08,2.1680405765063635e-07,4.758909003579672e-07
2024-01-11,1.4218825688884596e-06,3.3989438564355304e-06,1.9315365032305025e-07,0.0,8.457711391902233e-08,2.03279169085918e-07,4.535432954537047e-07
2024-01-12,1.4077346009388596e-06,4.5438866873784945e-06,1.9418558848057198e-07,0.0,3.8789800811535094e-08,2.2556272300369232e-07,4.490304642619901e-07
2024-01-13,1.3937274076224692e-06,4.556302625298272e-06,6.509529826174202e-07,0.0,1.1564366878778254e-07,2.419827449410775e-07,4.592588186889412e-07
2024-01-14,0.0,2.284587098638755e-06,2.1827377309912166e-07,0.0,3.830983320140287e-08,2.9844481340227835e-07,4.4741409121737224e-07
2024-01-15,1.3661297559028075e-06,1.1456256726210334e-06,3.293775693274628e-07,0.0,7.615121564424667e-08,2.5745744252622093e-07,4.4656356570506124e-07
2024-01-16,4.057609613134099e-06,4.596289437778571e-06,7.732139730878689e-07,0.0,4.415272170791509e-08,2.2349547672006076e-07,4.4212018398473157e-07
2024-01-17,1.3390785743008136e-06,0.0,3.33410402765706e-07,0.0,9.404639199782388e-08,2.2173804096359703e-07,4.618815574671526e-07
2024-01-18,1.3257545198635937e-06,1.156310813834855e-06,6.21281363858843e-07,0.0,6.232614241655354e-08,2.2000277919601193e-07,4.4289673222276726e-07
2024-01-19,0.0,1.1601033052529288e-06,1.1713178402584084e-06,0.0,6.815701511747858e-08,1.6839477094346953e-07,4.4870983999464035e-07
2024-01-20,2.5990056430014576e-06,2.8449642118623958e-06,1.011558817826918e-06,0.0,8.624265915370982e-08,2.0422105224750527e-07,4.1364948371037856e-07
2024-01-21,1.2865725523833712e-06,1.0003732763347295e-05,8.493600601309122e-07,8.233973553098338e-08,4.8999228958573774e-08,2.763364031144871e-07,4.97556063870871e-07
2024-01-22,0.0,4.3076105000524335e-06,1.1981751256344913e-06,6.237544772305197e-08,7.308275754670595e-08,1.7062402748831192e-07,4.116746872100911e-07
2024-01-23,1.2610967089590664e-06,1.434340995272714e-06,5.174425652557506e-07,8.400310852615792e-08,5.450548499415632e-08,2.237475452752289e-07,5.308017736306812e-07
2024-01-24,1.2485485870465465e-06,3.382851114238025e-06,5.214332499273055e-07,4.242367690121765e-08,6.624976407158263e-08,1.9525968751395624e-07,3.3759127753593794e-07
2024-01-25,1.2361253210331924e-06,5.3368126601727186e-06,8.757934639306374e-07,5.3562552427999565e-08,4.4289669542611244e-08,2.0489759158400244e-07,3.846810745257581e-07
2024-01-26,1.223825668582049e-06,1.7813279530581648e-06,7.060952731135913e-07,8.656138404696876e-08,3.1594120811278095e-08,1.7591203386342632e-07,4.3594456849669146e-07
2024-01-27,1.2116483997176219e-06,1.7838964870051741e-06,5.337197888987987e-07,3.2786752657379115e-08,3.155592281624353e-08,1.5826109391848596e-07,4.538310202208354e-07
2024-01-28,2.3991845934057544e-06,1.7866434120874694e-06,7.172286605147494e-07,3.3116264999733064e-08,3.7825056527744726e-08,1.8962485064252213e-07,4.2798827193603624e-07
2024-01-29,0.0,1.7895690029998478e-06,9.761195980531437e-07,5.5748481660306614e-08,4.723348526646372e-08,1.9364286384598534e-07,3.668971985039666e-07
2024-01-30,1.1758387777371639e-06,6.153431550800259e-06,1.3726735258555067e-06,4.5047010572545094e-08,3.775229860890764e-08,1.8158114480938539e-07,4.948194568738278e-07
2024-01-31,1.164138986414504e-06,4.114050676201392e-06,7.879525045331981e-07,5.687467569430182e-08,2.5147722843977033e-08,2.704432813783754e-07,4.267766369672647e-07
2024-02-01,2.288212703813823e-06,2.0423627377673292e-06,1.1882813914999363e-06,1.0337526958809247e-07,2.8257669872960134e-08,2.0490546997282973e-07,4.828390765104843e-07
2024-02-02,3.3981669104904147e-06,4.097185891556246e-06,7.959159538903906e-07,4.6406314808810545e-08,2.1964676660265373e-08,2.869521239586619e-07,4.282084770105352e-07
2024-02-03,1.1214515282609862e-06,2.0550280147906604e-06,9.961023226533875e-07,9.374541205279917e-08,3.13619458964739e-08,1.6061589847518034e-07,3.872129707758772e-07
2024-02-04,0.0,2.0533152103000333e-06,1.7953367652110523e-06,0.0,1.2539567399603075e-08,1.3892911576397176e-07,3.8832296954697094e-07
2024-02-05,1.099245300179252e-06,4.103615478083076e-06,1.7978688848186467e-06,5.977449687351632e-08,4.0740733825370223e-08,2.0952648828883492e-07,4.2156025216780775e-07
2024-02-06,2.1766152533840454e-06,6.151516350800377e-06,1.0003226626738624e-06,6.037524055446724e-08,3.446549421561544e-08,2.385622496231511e-07,5.840633472348716e-07
2024-02-07,1.0774787848743887e-06,4.098816427491667e-06,1.8034727603870278e-06,2.439280872391459e-08,4.3860099039153964e-08,1.9662593029735485e-07,5.964012707621049e-07
2024-02-08,1.0667576918331442e-06,0.0,8.029089229955741e-07,6.159490131810521e-08,4.072659469220105e-08,1.903075214208612e-07,4.956860039678914e-07
2024-02-09,2.1122865509001015e-06,2.047828479061435e-06,8.043546884916393e-07,1.2442788073577002e-08,1.2532316078688837e-08,1.293498864043201e-07,5.406841704542959e-07
2024-02-10,1.0456344742746245e-06,4.09469164584642e-06,0.0,8.797488120896542e-08,5.640581472361446e-08,1.4827188289829053e-07,4.443418549251986e-07
2024-02-11,0.0,0.0,4.0374384026132305e-07,5.077659626532877e-08,3.448001805209286e-08,1.325778517623325e-07,4.5035975998737777e-07
2024-02-12,1.0249295244477936e-06,2.046994691719802e-06,1.0114690254492522e-06,8.975209169808118e-08,4.076476657600322e-08,1.9514706194349889e-07,6.91973472484621e-07
2024-02-13,3.0441939158524553e-06,6.141378544623618e-06,5.86875151731774e-07,6.475293943985747e-08,2.196088322575125e-08,1.890544563524395e-07,6.675449473477867e-07
2024-02-14,1.0046345600966508e-06,0.0,9.807909658769355e-07,2.6161486920167623e-08,2.5112804151526487e-08,1.6992324266424581e-07,6.483640202574823e-07
2024-02-15,2.9839148376070734e-06,6.144010013331011e-06,2.184745060678353e-06,1.1890986405698514e-07,4.7118688774488936e-08,1.6459405100481602e-07,5.000551344090194e-07
2024-02-16,2.9542243888945582e-06,2.048749091907752e-06,6.577969897950777e-07,0.0,5.973040345247789e-08,1.507195099695609e-07,6.421277156233611e-07
2024-02-17,1.94988624338853e-06,2.049699722654988e-06,6.602362416337953e-07,5.391644562370471e-08,3.775775213519404e-08,1.1032428881609682e-07,4.934180285973528e-07
2024-02-18,0.0,4.101710650165155e-06,1.104569196078124e-06,4.084373618310555e-08,1.7370827422431634e-08,1.171101039819461e-07,5.529231696231474e-07
2024-02-19,2.8669138633027952e-06,6.156648044255183e-06,1.7741681823040138e-06,6.875703759347907e-08,2.4563569996584253e-08,1.4427468989853279e-07,5.763076307056565e-07
2024-02-20,9.461291979120392e-07,2.053781927732538e-06,8.906015345898685e-07,6.944805730950597e-08,1.772174141373827e-08,1.1619680411760324e-07,5.473091687938219e-07
2024-02-21,2.8101451652941447e-06,4.111106441235226e-06,8.600758676231887e-07,8.417522626696485e-08,2.6849771813953143e-08,1.1880385919215782e-07,5.095458280118663e-07
2024-02-22,9.273945845701652e-07,4.1150601410754325e-06,1.5088792528175272e-06,5.6680800903530335e-08,1.6271769904113096e-08,1.0015498656050579e-07,5.320961275025697e-07
2024-02-23,2.7545005628207133e-06,0.0,1.2966656798375654e-06,4.293783931730646e-08,2.5566028305073773e-08,1.1793794563881447e-07,4.861793428777819e-07
2024-02-24,0.0,2.3179719809677403e-06,2.1668932558001304e-07,1.445645725889285e-08,2.7667469101305352e-08,1.0245568809793475e-07,4.3972053355578474e-07
2024-02-25,0.0,2.323138314007147e-06,8.691574945342594e-07,5.840698827915943e-08,2.0493389978284324e-08,1.1149122473374591e-07,4.473856731101334e-07
2024-02-26,0.0,4.657073925627821e-06,1.525378055638886e-06,7.374248533781003e-08,2.4462870511993843e-08,1.1451115423893327e-07,6.352185408271396e-07
2024-02-27,8.821650169657572e-07,4.6683369345148175e-06,2.1855471927421924e-07,8.93803315639882e-08,1.676731907314172e-08,1.2658497004353293e-07,5.938928011944049e-07
2024-02-28,8.733873283862798e-07,0.0,6.576604301908207e-07,7.523218235853718e-08,1.475598352069619e-08,9.197292132868898e-08,5.412298714959465e-07
2024-02-29,8.646969792674665e-07,4.692264638034468e-06,8.796299588667402e-07,1.3677890105042474e-07,2.191373854720609e-08,1.1522064482742048e-07,4.6298010987561126e-07
2024-03-01,8.605857731583484e-07,4.344323637094736e-06,8.828177675393559e-07,3.074036916896399e-08,1.0864094479198175e-08,8.220369510820866e-08,4.61555809377519e-07
2024-03-02,0.0,2.057475046929695e-06,1.1071806573419173e-06,4.6573972523011626e-08,1.7926658221609014e-08,7.414882922293748e-08,4.802738138281529e-07
2024-03-03,0.0,2.0665339069510787e-06,8.873382712667941e-07,1.0976478036682981e-07,2.129794199037859e-08,5.481906966662772e-08,3.563128638050614e-07
2024-03-04,0.0,0.0,8.890207512266319e-07,1.1086793474947345e-07,2.1086023926773752e-08,7.165417619707678e-08,4.813038470587953e-07
2024-03-05,0.0,0.0,1.5588862345042796e-06,6.398981486741847e-08,2.087621448313333e-08,5.398045261227354e-08,4.730020843524219e-07
2024-03-06,0.0,2.0949541446873833e-06,1.1158157459174858e-06,8.079115399815123e-08,2.239086706819964e-08,5.8577085858304825e-08,4.910268297294157e-07
2024-03-07,0.0,4.209690535287036e-06,2.2365058136727122e-07,4.896187115685326e-08,1.0231418870017279e-08,5.841659574888868e-08,5.262573210565081e-07
2024-03-08,0.0,2.114946876880461e-06,8.909551626557198e-07,9.890789228546627e-08,1.8570960010677633e-08,4.4090122317199623e-08,4.406468533668354e-07
2024-03-09,0.0,4.250519965135107e-06,9.208110238184115e-07,6.660128875258541e-08,1.337176426991552e-08,4.868937515906689e-08,4.2527183657235524e-07
2024-03-10,0.0,0.0,1.1453375877200082e-06,6.727064283256981e-08,2.3167747736635115e-08,6.11036340898417e-08,4.4158211188575024e-07
2024-03-11,0.0,2.1302291169376054e-06,6.838655582281351e-07,1.4985289969331716e-07,3.604421039214013e-08,5.158069517945032e-08,5.130801290706122e-07
2024-03-12,0.0,6.399099274813167e-06,1.134328251583297e-06,1.1539254099971064e-07,1.2976568911403043e-08,5.614197106069725e-08,5.209537714723818e-07
2024-03-13,0.0,5.674287273766941e-06,4.515976026227213e-07,1.3056498975160867e-07,2.0877106076724962e-08,6.691242789945399e-08,5.466470435345933e-07
2024-03-14,0.0,5.6668396534967106e-06,1.1237726618717968e-06,1.29265846397042e-07,1.4309567584909818e-08,6.211449457102125e-08,4.7020115950072383e-07
2024-03-15,0.0,3.767874181898645e-06,6.711982172336749e-07,7.998726858427308e-08,2.0463711678890205e-08,4.959286533362047e-08,5.146655288773718e-07
2024-03-16,0.0,0.0,6.681999577253288e-07,3.167655278556385e-08,1.4026219162321954e-08,5.568648113057045e-08,4.36584586938488e-07
2024-03-17,0.0,1.8744828742434586e-06,4.4351234584639345e-07,1.2544546327637693e-07,2.1601464810778602e-08,6.485098369789253e-08,5.605623237488242e-07
2024-03-18,0.0,3.7400743446485876e-06,8.832048096268279e-07,7.76232875383527e-08,1.6803699506510608e-08,5.24092928998275e-08,5.436312965695688e-07
2024-03-19,0.0,1.8657784756807307e-06,1.7551555958713344e-06,1.5370184584481996e-08,2.268613623107973e-08,5.386439408631555e-08,6.452278322363434e-07
2024-03-20,0.0,5.560676728119931e-06,1.1800113430617964e-06,7.608624346280212e-08,2.0963045043725364e-08,5.685677093540958e-08,4.089756783651648e-07
2024-03-21,0.0,1.841524700501465e-06,1.955178923113887e-06,9.039500722913517e-08,1.4824613757440444e-08,5.677686813261706e-08,5.515500369124469e-07
2024-03-22,0.0,5.489023936902836e-06,7.775471175918987e-07,1.3424334281844015e-07,1.9080238301734404e-08,6.28326585303252e-08,4.897060561275052e-07
2024-03-23,0.0,7.272030239025558e-06,1.1596506319469393e-06,4.430253307977642e-08,2.3249706779725114e-08,4.2858228988964335e-08,4.6594974238403815e-07
2024-03-24,0.0,1.8065222761494874e-06,6.833667196426497e-07,7.310285918383277e-08,1.4386480207489846e-08,3.8223781760652274e-08,4.897882933975212e-07
2024-03-25,0.0,0.0,1.0198853953737557e-06,7.237547358154248e-08,1.2818999103894916e-08,5.804136727346159e-08,5.452029021965514e-07
2024-03-26,0.0,0.0,8.456855838941511e-07,1.1464852093907749e-07,1.9742252338109615e-08,5.798839045582705e-08,5.105200551147416e-07
2024-03-27,0.0,1.5333683895711613e-06,8.415512409066355e-07,7.094234318457605e-08,2.5130331829516564e-08,6.708982502959798e-08,5.443565780551093e-07
2024-03-28,0.0,6.099939341173442e-06,8.375010537445056e-07,7.023645507566595e-08,1.244014042493715e-08,5.3328789651820615e-08,4.332767673767946e-07
2024-03-29,0.0,4.550261342309742e-06,1.0002415408628042e-06,2.7815036268317594e-08,1.2316358959525331e-08,5.3296005953503355e-08,4.209220210924679e-07
2024-03-30,0.0,0.0,4.977909211099126e-07,0.0,9.484073775767988e-09,6.087834502879423e-08,5.189644796200064e-07
2024-03-31,0.0,1.500745893704628e-06,9.910217025907225e-07,2.7264261648184183e-08,1.6096638282795332e-08,4.868244548248426e-08,5.107373127135389e-07
2024-04-01,0.0,4.4486684351868735e-06,4.929301700322612e-07,6.748424169518769e-08,2.39075631029338e-08,6.081743349662241e-08,5.281756749488827e-07
2024-04-02,0.0,5.901247368053172e-06,6.543340380169408e-07,9.353786717941295e-08,1.5779785916938233e-08,7.448528912696954e-08,5.676142767096922e-07
2024-04-03,0.0,2.9357634760891866e-06,4.886199624549615e-07,6.61479641787354e-08,9.113285080469596e-09,6.535707846728787e-08,5.30991893187482e-07
2024-04-04,0.0,0.0,6.487176784008632e-07,2.6195912375201165e-08,1.160049391563561e-08,4.863706137162245e-08,4.90661206534261e-07
2024-04-05,0.0,4.3603835098823915e-06,4.823743408858842e-07,1.167086641138906e-07,1.0208948508962906e-08,4.40810518424989e-08,4.987909846873866e-07
2024-04-06,0.0,1.4464692637768754e-06,9.565173216143792e-07,1.2838599278116096e-08,7.580525830539409e-09,5.47313896041313e-08,4.5518052813326156e-07
2024-04-07,0.0,4.318866017174178e-06,6.32254409324168e-07,5.084341232348412e-08,1.6261046399556433e-08,5.930919221209316e-08,3.6137141063543866e-07
2024-04-08,0.0,4.298756133218515e-06,6.268938302065627e-07,6.292188989763232e-08,1.4860842724124633e-08,4.411864930758129e-08,4.6721297949842756e-07
2024-04-09,0.0,1.426358709486161e-06,7.76994926242989e-07,6.229580663233433e-08,1.8391218585490163e-08,3.805172714427055e-08,5.375745325715806e-07
2024-04-10,0.0,0.0,9.245403178414764e-07,4.934076239969034e-08,1.8208222903009147e-08,4.873464463918187e-08,4.992193392917356e-07
2024-04-11,0.0,5.654663902999041e-06,9.167791789936029e-07,4.884981361087063e-08,9.614425630929063e-09,3.047997002423357e-08,4.6974365905014483e-07
2024-04-12,0.0,1.4075319743160854e-06,5.492040000047498e-07,3.6272812383090234e-08,1.427814074624259e-08,4.7280944515640466e-08,3.8418795649561353e-07
2024-04-13,0.0,2.8030774545055796e-06,4.085381188773453e-07,4.788252249265767e-08,1.2958064966059309e-08,4.884920116394467e-08,4.163998224791489e-07
2024-04-14,0.0,0.0,5.402854558712874e-07,7.110912515001979e-08,5.831422756980879e-09,5.0425186983707255e-08,3.8054453078645957e-07
2024-04-15,0.0,2.747572802082446e-06,8.038611733529113e-07,3.520078876641293e-08,1.0392118435926065e-08,6.051327029089706e-08,4.827212508440895e-07
2024-04-16,0.0,1.3601169979577307e-06,1.0631660662481512e-06,4.646738008803562e-08,1.6004667979673744e-08,5.242225904223096e-08,4.7403258118484965e-07
2024-04-17,0.0,1.3465836077074687e-06,5.273117760925101e-07,3.4503766448189293e-08,0.0,5.338352453093135e-08,4.462347694301224e-07
2024-04-18,0.0,1.3331848769401343e-06,2.6154662533899084e-07,2.277363215716662e-08,0.0,5.8724832874214695e-08,4.456032339364202e-07
2024-04-19,0.0,2.6398389315429706e-06,2.594635175122169e-07,3.3820546096601285e-08,0.0,6.540807490207192e-08,3.6575583371499077e-07
2024-04-20,0.0,1.3067860476493497e-06,5.148127125068288e-07,4.464536805366157e-08,0.0,3.8854352209589665e-08,3.658496621804832e-07
2024-04-21,0.0,3.8813499276629125e-06,3.830624037671149e-07,1.1050284804799513e-08,0.0,5.556452047688515e-08,3.3264128316028467e-07
2024-04-22,0.0,1.2809099502016707e-06,2.3204312343734747e-07,3.282099790161815e-08,0.0,3.189652760286923e-08,3.6958306840206586e-07
2024-04-23,0.0,0.0,3.454121615963239e-07,3.249442351597885e-08,0.0,2.0796026828309848e-08,4.093795946867418e-07
2024-04-24,0.0,3.766638701439298e-06,2.2852945302708718e-07,5.361849766628318e-08,0.0,2.821469657216377e-08,3.0846312540488763e-07
2024-04-25,0.0,7.45832004030632e-06,1.1340349239618482e-07,8.493597552061411e-08,0.0,3.321875807092904e-08,3.8351787826377486e-07
2024-04-26,0.0,6.153423763294469e-06,1.1255359872256888e-07,8.40908484435074e-08,0.0,2.915092750712746e-08,2.7441469111352365e-07
2024-04-27,0.0,2.4368784695351474e-06,3.453155054618778e-07,4.1627065260660497e-08,0.0,1.4800446631828506e-08,3.040275787575679e-07
2024-04-28,0.0,0.0,1.7313884070644176e-07,6.181930356117405e-08,0.0,2.5643064522696684e-08,2.8077986612996476e-07
2024-04-29,0.0,2.8540275268740836e-06,2.2855477394258183e-07,6.120419121322972e-08,0.0,2.974012521337476e-08,3.069429410093858e-07
2024-04-30,0.0,9.418764928324119e-07,2.262806159444318e-07,0.0,0.0,2.1544540992571555e-08,3.1535630989481645e-07
2024-05-01,0.0,0.0,1.6830591972850937e-07,0.0,0.0,8.538472267360858e-09,5.6649017278914154e-08
2024-05-02,0.0,0.0,0.0,0.0,0.0,0.0,0.0
2024-05-03,0.0,0.0,0.0,0.0,0.0,0.0,0.0
2024-05-04,0.0,0.0,0.0,0.0,0.0,0.0,0.0
2024-05-05,0.0,0.0,0.0,0.0,0.0,0.0,0.0
2024-05-06,0.0,0.0,0.0,0.0,0.0,0.0,0.0
2024-05-07,0.0,0.0,0.0,0.0,0.0,0.0,0.0
2024-05-08,0.0,0.0,0.0,0.0,0.0,0.0,0.0
2024-05-09,0.0,0.0,0.0,0.0,0.0,0.0,0.0
2024-05-10,0.0,0.0,0.0,0.0,0.0,0.0,0.0
2024-05-11,0.0,0.0,0.0,0.0,0.0,0.0,0.0
2024-05-12,0.0,0.0,0.0,0.0,0.0,0.0,0.0
2024-05-13,0.0,0.0,0.0,0.0,0.0,0.0,0.0
2024-05-14,0.0,0.0,0.0,0.0,0.0,0.0,0.0
2024-05-15,0.0,0.0,0.0,0.0,0.0,0.0,0.0
2024-05-16,0.0,0.0,0.0,0.0,0.0,0.0,0.0
2024-05-17,0.0,0.0,0.0,0.0,0.0,0.0,0.0
2024-05-18,0.0,0.0,0.0,0.0,0.0,0.0,0.0
2024-05-19,0.0,0.0,0.0,0.0,0.0,0.0,0.0
2024-05-20,0.0,0.0,0.0,0.0,0.0,0.0,0.0
2024-05-21,0.0,0.0,0.0,0.0,0.0,0.0,0.0
2024-05-22,0.0,0.0,0.0,0.0,0.0,0.0,0.0
2024-05-23,0.0,0.0,0.0,0.0,0.0,0.0,0.0
2024-05-24,0.0,0.0,0.0,0.0,0.0,0.0,0.0
2024-05-25,0.0,0.0,0.0,0.0,0.0,0.0,0.0
2024-05-26,0.0,0.0,0.0,0.0,0.0,0.0,0.0
2024-05-27,0.0,0.0,0.0,0.0,0.0,0.0,0.0
2024-05-28,0.0,0.0,0.0,0.0,0.0,0.0,0.0
2024-05-29,0.0,0.0,0.0,0.0,0.0,0.0,0.0
2024-05-30,0.0,0.0,0.0,0.0,0.0,0.0,0.0
2024-05-31,0.0,0.0,0.0,0.0,0.0,0.0,0.0
2024-06-01,0.0,0.0,0.0,0.0,0.0,0.0,0.0
2024-06-02,0.0,0.0,0.0,0.0,0.0,0.0,0.0
2024-06-03,0.0,0.0,0.0,0.0,0.0,0.0,0.0
2024-06-04,0.0,0.0,0.0,0.0,0.0,0.0,0.0
2024-06-05,0.0,0.0,0.0,0.0,0.0,0.0,0.0
2024-06-06,0.0,0.0,0.0,0.0,0.0,0.0,0.0
2024-06-07,0.0,0.0,0.0,0.0,0.0,0.0,0.0
2024-06-08,0.0,0.0,0.0,0.0,0.0,0.0,0.0
2024-06-09,0.0,0.0,0.0,0.0,0.0,0.0,0.0
2024-06-10,0.0,0.0,0.0,0.0,0.0,0.0,0.0
2024-06-11,0.0,0.0,0.0,0.0,0.0,0.0,0.0
2024-06-12,0.0,0.0,0.0,0.0,0.0,0.0,0.0
2024-06-13,0.0,0.0,0.0,0.0,0.0,0.0,0.0
2024-06-14,0.0,0.0,0.0,0.0,0.0,0.0,0.0
2024-06-15,0.0,0.0,0.0,0.0,0.0,0.0,0.0
2024-06-16,0.0,0.0,0.0,0.0,0.0,0.0,0.0
2024-06-17,0.0,0.0,0.0,0.0,0.0,0.0,0.0
2024-06-18,0.0,0.0,0.0,0.0,0.0,0.0,0.0
2024-06-19,0.0,0.0,0.0,0.0,0.0,0.0,0.0
2024-06-20,0.0,0.0,0.0,0.0,0.0,0.0,0.0
2024-06-21,0.0,0.0,0.0,0.0,0.0,0.0,0.0
2024-06-22,0.0,0.0,0.0,0.0,0.0,0.0,0.0
2024-06-23,0.0,0.0,0.0,0.0,0.0,0.0,0.0
2024-06-24,0.0,0.0,0.0,0.0,0.0,0.0,0.0
2024-06-25,0.0,0.0,0.0,0.0,0.0,0.0,0.0
2024-06-26,0.0,0.0,0.0,0.0,0.0,0.0,0.0
2024-06-27,0.0,0.0,0.0,0.0,0.0,0.0,0.0
2024-06-28,0.0,0.0,0.0,0.0,0.0,0.0,0.0
2024-06-29,0.0,0.0,0.0,0.0,0.0,0.0,0.0
2024-06-30,0.0,0.0,0.0,0.0,0.0,0.0,0.0
2024-07-01,0.0,0.0,0.0,0.0,0.0,0.0,0.0
2024-07-02,0.0,0.0,0.0,0.0,0.0,0.0,0.0
2024-07-03,0.0,0.0,0.0,0.0,0.0,0.0,0.0
2024-07-04,0.0,0.0,0.0,0.0,0.0,0.0,0.0
2024-07-05,0.0,0.0,0.0,0.0,0.0,0.0,0.0
2024-07-06,0.0,0.0,0.0,0.0,0.0,0.0,0.0
2024-07-07,0.0,0.0,0.0,0.0,0.0,0.0,0.0
2024-07-08,0.0,0.0,0.0,0.0,0.0,0.0,0.0
2024-07-09,0.0,0.0,0.0,0.0,0.0,0.0,0.0
2024-07-10,0.0,0.0,0.0,0.0,0.0,0.0,0.0
2024-07-11,0.0,0.0,0.0,0.0,0.0,0.0,0.0
2024-07-12,0.0,0.0,0.0,0.0,0.0,0.0,0.0
2024-07-13,0.0,0.0,0.0,0.0,0.0,0.0,0.0
2024-07-14,0.0,0.0,0.0,0.0,0.0,0.0,0.0
2024-07-15,0.0,0.0,0.0,0.0,0.0,0.0,0.0
2024-07-16,0.0,0.0,0.0,0.0,0.0,0.0,0.0
2024-07-17,0.0,0.0,0.0,0.0,0.0,0.0,0.0
2024-07-18,0.0,0.0,0.0,0.0,0.0,0.0,0.0
2024-07-19,0.0,0.0,0.0,0.0,0.0,0.0,0.0
2024-07-20,0.0,0.0,0.0,0.0,0.0,0.0,0.0
2024-07-21,0.0,0.0,0.0,0.0,0.0,0.0,0.0
2024-07-22,0.0,0.0,0.0,0.0,0.0,0.0,0.0
2024-07-23,0.0,0.0,0.0,0.0,0.0,0.0,0.0
2024-07-24,0.0,0.0,0.0,0.0,0.0,0.0,0.0
2024-07-25,0.0,0.0,0.0,0.0,0.0,0.0,0.0
2024-07-26,0.0,0.0,0.0,0.0,0.0,0.0,0.0
2024-07-27,0.0,0.0,0.0,0.0,0.0,0.0,0.0
2024-07-28,0.0,0.0,0.0,0.0,0.0,0.0,0.0
2024-07-29,0.0,0.0,0.0,0.0,0.0,0.0,0.0
2024-07-30,0.0,0.0,0.0,0.0,0.0,0.0,0.0
2024-07-31,0.0,0.0,0.0,0.0,0.0,0.0,0.0
2024-08-01,0.0,0.0,0.0,0.0,0.0,0.0,0.0
2024-08-02,0.0,0.0,0.0,0.0,0.0,0.0,0.0
2024-08-03,0.0,0.0,0.0,0.0,0.0,0.0,0.0
2024-08-04,0.0,0.0,0.0,0.0,0.0,0.0,0.0
2024-08-05,0.0,0.0,0.0,0.0,0.0,0.0,0.0
2024-08-06,0.0,0.0,0.0,0.0,0.0,0.0,0.0
2024-08-07,0.0,0.0,0.0,0.0,0.0,0.0,0.0
2024-08-08,0.0,0.0,0.0,0.0,0.0,0.0,0.0
2024-08-09,0.0,0.0,0.0,0.0,0.0,0.0,0.0
2024-08-10,0.0,0.0,0.0,0.0,0.0,0.0,0.0
2024-08-11,0.0,0.0,0.0,0.0,0.0,0.0,0.0
2024-08-12,0.0,0.0,0.0,0.0,0.0,0.0,0.0
2024-08-13,0.0,0.0,0.0,0.0,0.0,0.0,0.0
2024-08-14,0.0,0.0,0.0,0.0,0.0,0.0,0.0
2024-08-15,0.0,0.0,0.0,0.0,0.0,0.0,0.0
2024-08-16,0.0,0.0,0.0,0.0,0.0,0.0,0.0
2024-08-17,0.0,0.0,0.0,0.0,0.0,0.0,0.0
2024-08-18,0.0,0.0,0.0,0.0,0.0,0.0,0.0
2024-08-19,0.0,0.0,0.0,0.0,0.0,0.0,0.0
2024-08-20,0.0,0.0,0.0,0.0,0.0,0.0,0.0
2024-08-21,0.0,0.0,0.0,0.0,0.0,0.0,0.0
2024-08-22,0.0,0.0,0.0,0.0,0.0,0.0,0.0
2024-08-23,0.0,0.0,0.0,0.0,0.0,0.0,0.0
2024-08-24,0.0,0.0,0.0,0.0,0.0,0.0,0.0
2024-08-25,0.0,0.0,0.0,0.0,0.0,0.0,0.0
2024-08-26,0.0,0.0,0.0,0.0,0.0,0.0,0.0
2024-08-27,0.0,0.0,0.0,0.0,0.0,0.0,0.0
2024-08-28,0.0,0.0,0.0,0.0,0.0,0.0,0.0
2024-08-29,0.0,0.0,0.0,0.0,0.0,0.0,0.0
2024-08-30,0.0,0.0,0.0,0.0,0.0,0.0,0.0
2024-08-31,0.0,0.0,0.0,0.0,0.0,0.0,0.0
2024-09-01,0.0,0.0,0.0,0.0,0.0,0.0,0.0
2024-09-02,0.0,0.0,0.0,0.0,0.0,0.0,0.0
2024-09-03,0.0,0.0,0.0,0.0,0.0,0.0,0.0
2024-09-04,0.0,0.0,0.0,0.0,0.0,0.0,0.0
2024-09-05,0.0,0.0,0.0,0.0,0.0,0.0,0.0
2024-09-06,0.0,0.0,0.0,0.0,0.0,0.0,0.0
2024-09-07,0.0,0.0,0.0,0.0,0.0,0.0,0.0
2024-09-08,0.0,0.0,0.0,0.0,0.0,0.0,0.0
2024-09-09,0.0,0.0,0.0,0.0,0.0,0.0,0.0
2024-09-10,0.0,0.0,0.0,0.0,0.0,0.0,0.0
2024-09-11,0.0,0.0,0.0,0.0,0.0,0.0,0.0
2024-09-12,0.0,0.0,0.0,0.0,0.0,0.0,0.0
2024-09-13,0.0,0.0,0.0,0.0,0.0,0.0,0.0
2024-09-14,0.0,0.0,0.0,0.0,0.0,0.0,0.0
2024-09-15,0.0,0.0,0.0,0.0,0.0,0.0,0.0
2024-09-16,0.0,0.0,0.0,0.0,0.0,0.0,0.0
2024-09-17,0.0,0.0,0.0,0.0,0.0,0.0,0.0
2024-09-18,0.0,0.0,0.0,0.0,0.0,0.0,0.0
2024-09-19,0.0,0.0,0.0,0.0,0.0,0.0,0.0
2024-09-20,0.0,0.0,0.0,0.0,0.0,0.0,0.0
2024-09-21,0.0,0.0,0.0,0.0,0.0,0.0,0.0
2024-09-22,0.0,0.0,0.0,0.0,0.0,0.0,0.0
2024-09-23,0.0,0.0,0.0,0.0,0.0,0.0,0.0
2024-09-24,0.0,0.0,0.0,0.0,0.0,0.0,0.0
2024-09-25,0.0,0.0,0.0,0.0,0.0,0.0,0.0
2024-09-26,0.0,0.0,0.0,0.0,0.0,0.0,0.0
2024-09-27,0.0,0.0,0.0,0.0,0.0,0.0,0.0
2024-09-28,0.0,0.0,0.0,0.0,0.0,0.0,0.0
2024-09-29,0.0,0.0,0.0,0.0,0.0,0.0,0.0
2024-09-30,0.0,0.0,0.0,0.0,0.0,0.0,0.0
2024-10-01,0.0,0.0,2.1756139004693831e-07,1.0860241963660097e-08,0.0,0.0,2.694470722957634e-07
2024-10-02,0.0,0.0,2.1974791836797389e-07,3.656463069989792e-09,0.0,0.0,2.81380655660224e-07
2024-10-03,0.0,0.0,7.398547388799004e-08,9.233027836950699e-09,0.0,0.0,2.679015286913454e-07
2024-10-04,0.0,0.0,4.4837424157419423e-07,7.46065704752386e-09,0.0,0.0,2.494170633441785e-07
2024-10-05,0.0,0.0,2.2644023880912597e-07,5.651728423056864e-09,0.0,0.0,2.1865079885290153e-07
2024-10-06,0.0,0.0,2.402421058125549e-07,5.708529238022928e-09,0.0,0.0,2.0404460274705544e-07
2024-10-07,0.0,0.0,7.279697373498703e-07,9.609834851116526e-09,0.0,0.0,2.4731434211674325e-07
2024-10-08,0.0,0.0,2.4452226928802217e-07,9.706415297021509e-09,0.0,0.0,2.595959667960464e-07
2024-10-09,0.0,0.0,2.4641241189011887e-07,5.8823798355269404e-09,0.0,0.0,2.3746863363325836e-07
2024-10-10,0.0,0.0,2.48327195938749e-07,3.960999157151017e-09,0.0,0.0,2.523476931346947e-07
2024-10-11,0.0,0.0,1.2513340645695652e-07,2.0004039302503174e-09,0.0,0.0,2.5236022734059687e-07
2024-10-12,0.0,0.0,1.2611572838946237e-07,8.082033295940637e-09,0.0,0.0,2.2430891101587622e-07
2024-10-13,0.0,0.0,1.27110661999904e-07,4.081629540472325e-09,0.0,0.0,2.0998101468051424e-07
2024-10-14,0.0,0.0,5.124732271298862e-07,4.122650599329748e-09,0.0,0.0,2.2383180271692007e-07
2024-10-15,0.0,0.0,5.165550540099316e-07,4.164083926682657e-09,0.0,0.0,2.817728351114095e-07
2024-10-16,0.0,0.0,7.767349377927932e-07,6.308900498847476e-09,0.0,0.0,2.857385224408787e-07
2024-10-17,0.0,1.6670664491723416e-07,3.893574843558747e-07,6.372306002978284e-09,0.0,0.0,2.662642420168465e-07
2024-10-18,0.0,0.0,3.9038643588825405e-07,4.290899162013108e-09,0.0,0.0,2.7546808850353617e-07
2024-10-19,0.0,8.503717126796343e-08,3.9145442638954536e-07,6.5010351232989864e-09,0.0,0.0,2.4786294280502237e-07
2024-10-20,0.0,1.7178361809514294e-07,2.617077084397924e-07,0.0,0.0,0.0,2.252872058202974e-07
2024-10-21,0.0,0.0,3.9370795541323375e-07,6.632364744350632e-09,0.0,0.0,2.7594584421590784e-07
2024-10-22,0.0,1.752538773753093e-07,2.6326247952694077e-07,8.932028157592668e-09,0.0,0.0,2.8158671776982364e-07
2024-10-23,0.0,1.7701520812507946e-07,3.961189728685969e-07,1.1277245666221207e-08,0.0,0.0,3.218475568392819e-07
2024-10-24,0.0,0.0,4.161905754848976e-07,6.834350321649565e-09,0.0,0.0,2.716853487334929e-07
2024-10-25,0.0,0.0,4.176841908527479e-07,6.903036684293882e-09,0.0,0.0,2.934286186810449e-07
2024-10-26,0.0,9.120306189560678e-08,9.262039217589067e-07,6.9724133563591765e-09,0.0,0.0,2.1204255296556145e-07
2024-10-27,0.0,9.211966790624532e-08,3.0864757260572547e-07,1.1737478792617451e-08,0.0,0.0,2.455800412805951e-07
2024-10-28,0.0,9.304548596044117e-08,1.605645970900509e-07,4.742176966252054e-09,0.0,0.0,2.862753546740993e-07
2024-10-29,0.0,9.398060864077122e-08,4.818447867594317e-07,9.579673274211161e-09,0.0,0.0,3.090690992089465e-07
2024-10-30,0.0,9.492512946028276e-08,6.427252895052333e-07,4.837975295614361e-09,0.0,0.0,4.100596906509211e-07
2024-10-31,0.0,2.876374286155347e-07,1.607637840989453e-07,9.773195511368726e-09,0.0,0.0,3.6826203614582537e-07
2024-11-01,0.0,1.937477228230865e-07,4.833525801822236e-07,1.236244318367295e-08,0.0,0.0,2.918806439765335e-07
2024-11-02,0.0,2.9354237971445336e-07,1.6123233317801786e-07,7.492012681942436e-09,0.0,0.0,3.1163428520906983e-07
2024-11-03,0.0,0.0,1.1295428409741446e-06,1.008974488159022e-08,0.0,0.0,3.2119843267113646e-07
2024-11-04,0.0,0.0,3.2302065855072864e-07,7.643361377615123e-09,0.0,0.0,4.0163466115024797e-07
2024-11-05,0.0,0.0,6.46694186887769e-07,2.3160535309634497e-08,0.0,0.0,3.403158387322122e-07
2024-11-06,0.0,1.0184069049629208e-07,1.1329705216054453e-06,1.2996279199586167e-08,0.0,0.0,3.5660342584557524e-07
2024-11-07,0.0,2.0572841290349371e-07,6.481940080877715e-07,1.5752272772417403e-08,0.0,0.0,3.0569076689916264e-07
2024-11-08,0.0,2.0779601782713455e-07,6.490411094848327e-07,5.303528581911864e-09,0.0,0.0,3.1533531939683396e-07
2024-11-09,0.0,1.0494220126286101e-07,3.396272258644476e-07,1.0713659860591478e-08,0.0,1.2772976964696652e-08,3.2726235644818806e-07
2024-11-10,0.0,1.0599688791973316e-07,1.1909203896721387e-06,8.116000449205024e-09,0.0,1.5768313632321652e-08,2.892338044153889e-07
2024-11-11,0.0,3.211865230611849e-07,3.4093273767146133e-07,2.186018029273258e-08,0.0,1.9787827290225582e-08,4.554949492870022e-07
2024-11-12,0.0,1.081381670943776e-07,5.124549006345715e-07,1.3799924223227864e-08,0.0,1.9011737369957933e-08,3.8708645558776353e-07
2024-11-13,0.0,1.0922497374185178e-07,3.423746271193742e-07,5.575446306968064e-09,0.0,1.6740909980536803e-08,3.8229775538328636e-07
2024-11-14,0.0,1.1032270297772126e-07,5.147203373455889e-07,2.5341662132648563e-08,0.0,1.840114353383359e-08,4.055383977423492e-07
2024-11-15,0.0,1.1143146457582441e-07,8.598836774579769e-07,1.9908272277656165e-08,0.0,1.657677236025179e-08,3.415370646865547e-07
2024-11-16,0.0,2.2510273882649e-07,3.4479444603638265e-07,1.4078701184804756e-08,0.0,1.674337169218854e-08,3.821919218916767e-07
2024-11-17,0.0,0.0,1.7283495041075397e-07,1.3938615767420161e-08,0.0,3.784498219141425e-08,3.7759991414796956e-07
2024-11-18,0.0,2.2965011579447793e-07,1.0397397686543237e-06,3.311981813574687e-08,0.0,3.153589773323165e-08,3.661571991295361e-07
2024-11-19,0.0,0.0,5.212869048437208e-07,2.732522536591573e-08,0.0,3.6679026467721054e-08,4.180726977823135e-07
2024-11-20,0.0,1.1714467793541301e-07,1.8524001923491768e-07,3.1913000546855564e-08,0.0,3.704765681220627e-08,4.13605072078551e-07
2024-11-21,0.0,3.549660045650549e-07,5.575727771274035e-07,1.0636362035282131e-08,0.0,5.723243081871963e-08,3.4763302904420456e-07
2024-11-22,0.0,1.1951115740671108e-07,5.594812542924122e-07,3.190836260003879e-08,0.0,6.606585864123526e-08,4.4459607369403994e-07
2024-11-23,0.0,1.2071226450707083e-07,3.9627312217911166e-07,4.254777327610879e-08,0.0,4.504263630241863e-08,4.005311265710544e-07
2024-11-24,0.0,2.438508858689504e-07,5.967615478013394e-07,1.5958244211856272e-08,0.0,5.560539395054031e-08,3.8186878123616405e-07
2024-11-25,0.0,0.0,9.914473384529449e-07,4.2567118087710716e-08,0.0,7.980515174625009e-08,3.7049543651701594e-07
2024-11-26,0.0,0.0,1.383747739915863e-06,2.6614484390262193e-08,0.0,1.1236928259779878e-07,4.5258068283460664e-07
2024-11-27,0.0,2.5127725095224147e-07,1.6962341234258443e-06,1.5976308867793817e-08,0.0,8.730662512541135e-08,3.8741074021635036e-07
2024-11-28,0.0,5.076052586175239e-07,7.519377994756856e-07,2.6642541242717895e-08,0.0,9.11235403386591e-08,3.9768208676418597e-07
2024-11-29,0.0,2.563533881397162e-07,9.375862009052838e-07,1.5996339189263532e-08,0.0,6.23492351623108e-08,4.865418843970758e-07
2024-11-30,0.0,0.0,9.353439118673758e-07,1.0672502186763721e-08,0.0,9.896205847512616e-08,4.5144748657614786e-07
2024-12-01,0.0,0.0,1.3053014699004049e-06,1.0681165991255642e-08,0.0,1.3017640034684317e-07,3.68826918378483e-07
2024-12-02,0.0,1.3158978530227542e-07,7.442436821535837e-07,2.6728942105225175e-08,0.0,1.0396464249547239e-07,4.371195431197217e-07
2024-12-03,0.0,1.3291228463113308e-07,5.833539770393502e-07,5.35152842975919e-08,0.0,1.3589465291263228e-07,4.2429327245852033e-07
2024-12-04,0.0,1.342480752992145e-07,1.94166046706081e-07,1.0715607191551887e-08,0.0,1.4420032309692623e-07,4.2512669522030625e-07
2024-12-05,0.0,5.423891635467983e-07,1.7237865593259937e-07,2.1458458186468506e-08,0.0,1.4938416455142705e-07,4.4452448452788276e-07
2024-12-06,0.0,1.342480752992145e-07,6.893853067704532e-07,4.2975695707067985e-08,0.0,1.2448053780104062e-07,4.083593775222002e-07
2024-12-07,0.0,0.0,3.446624644578379e-07,1.0759693161645714e-08,0.0,1.4859187673278968e-07,3.6463021596526317e-07
2024-12-08,0.0,2.6317957060455085e-07,8.616668551602865e-07,2.155307674961408e-08,0.0,1.7906226817265262e-07,4.0278028422505605e-07
2024-12-09,0.0,3.908413351848195e-07,8.617637165795524e-07,3.2383383752358975e-08,0.0,1.7622438994045643e-07,4.6731882633623625e-07
2024-12-10,0.0,3.8695239892203345e-07,1.379114808141784e-06,1.0813463581886099e-08,0.0,1.49890925897822e-07,4.5145918279621403e-07
2024-12-11,8.413338452238046e-07,2.5540143881440063e-07,1.3095650819074192e-06,4.333418907342126e-08,0.0,1.7505319142679195e-07,3.433260010014608e-07
2024-12-12,0.0,6.321503800937392e-07,1.498391414678585e-06,3.256414295573806e-08,0.0,2.3690996323565385e-07,4.204995990106591e-07
2024-12-13,0.0,1.2517207574325596e-07,7.493242261413423e-07,4.894635082176393e-08,0.0,2.1328106230332885e-07,4.2564404782386973e-07
2024-12-14,0.0,0.0,7.495276779904455e-07,4.3601228342925955e-08,0.0,1.4711922032268907e-07,4.2390967391358186e-07
2024-12-15,8.756693308016472e-07,3.6808050773577653e-07,1.1218419080996926e-06,1.6387106042961452e-08,0.0,1.592119211445264e-07,3.4834161744094036e-07
2024-12-16,1.7689399077733705e-06,2.4294536366007663e-07,1.6831695999572603e-06,5.475130060528643e-08,0.0,2.14416036738427e-07,4.0392019741466806e-07
2024-12-17,0.0,6.013200422544751e-07,1.3081455686140306e-06,7.134970644930456e-08,0.0,2.652994183231373e-07,3.851685030218784e-07
2024-12-18,0.0,1.1906736157281715e-07,2.0543129228241377e-06,6.052526373540305e-08,0.0,1.6406064600282701e-07,4.208302940965207e-07
2024-12-19,0.0,1.1788262153011972e-07,1.4932174229416207e-06,6.068375151359062e-08,0.0,2.9275341980252913e-07,3.960660346873541e-07
2024-12-20,9.205658574547066e-07,2.3341933969562225e-07,1.459665151942998e-06,3.8721650365681496e-08,0.0,1.9527070604736256e-07,4.1095800826245485e-07
2024-12-21,1.8596353962682139e-06,1.1554838922974569e-07,1.6694242992844493e-06,5.547177163898836e-08,0.0,1.97233209269782e-07,4.0761585955474915e-07
2024-12-22,1.8783250427163426e-06,4.5759465418757556e-07,1.0442667483201918e-06,4.4505957697457806e-08,0.0,1.9921543597749e-07,3.8303868938111403e-07
2024-12-23,0.0,1.132603778257293e-07,2.926693663971448e-06,2.231947435829155e-08,0.0,2.5870832279332605e-07,3.372594916175685e-07
2024-12-24,9.58134862792513e-07,0.0,2.092666503179768e-06,6.156755504319654e-08,0.0,1.9162614875320685e-07,3.371138640581773e-07
2024-12-25,0.0,2.2203534416600342e-07,2.514056160586114e-06,3.3688752222492055e-08,0.0,2.2874330057784895e-07,3.8254275197235365e-07
2024-12-26,2.9324714128418202e-06,5.495651389449774e-07,6.29290981266905e-07,3.943166569702026e-08,0.0,3.080562786240539e-07,4.623263032733864e-07
2024-12-27,2.9619432405104273e-06,2.1763874977872535e-07,1.470305321356244e-06,4.521569181016684e-08,0.0,2.572990137482455e-07,4.788721527894919e-07
2024-12-28,0.0,2.1547320803580382e-07,2.524134945452178e-06,1.1342786107649997e-08,0.0,2.9010408762084507e-07,4.465890535958704e-07
2024-12-29,1.0072594876839765e-06,4.26658427586495e-07,1.5344710993919319e-06,3.41483506524642e-08,1.3176661092674474e-08,3.105461741297231e-07,3.90269592211227e-07
2024-12-30,1.017382613832314e-06,4.224131052996908e-07,1.5358176897908548e-06,4.5695677127334285e-08,2.809696511411987e-08,2.760774794457359e-07,4.2047905208368936e-07
2024-12-31,3.082822437269569e-06,2.0910501233771435e-07,1.756934700844124e-06,1.7199296121440837e-08,2.0911095805949866e-08,3.4616865018402506e-07,4.1447858782911677e-07
2025-01-01,2.961695959767186e-06,4.0627136994698335e-07,2.622703569497697e-06,1.7041369387339814e-08,2.0813713984981797e-08,3.515683858313904e-07,4.0789229776156685e-07
2025-01-02,9.971538330051172e-07,3.016716767047932e-07,1.3128922082488497e-06,3.991719452307225e-08,2.7029436799079507e-08,2.9832809449165516e-07,4.6612128588501565e-07
2025-01-03,0.0,2.986699933684133e-07,7.227630067082749e-07,3.435015905291573e-08,2.426763302675664e-08,2.597111508821864e-07,3.7581453760828027e-07
2025-01-04,1.0172976766446366e-06,1.971321181868418e-07,9.94866270713237e-07,1.7244507493864312e-08,1.9915615519647915e-08,3.02030634884076e-07,4.4286952152157785e-07
2025-01-05,1.027521688269251e-06,2.927559312562561e-07,9.973349095446196e-07,2.4517362171170337e-08,2.1663137766527843e-08,3.1182276843791273e-07,3.642788651350515e-07
2025-01-06,3.11354535875689e-06,4.830716017822322e-07,9.999032826980718e-07,1.650917717163577e-08,2.18808559206488e-08,3.8501913413234506e-07,4.938084314499231e-07
2025-01-07,0.0,2.8695897542006594e-07,1.2532145587663118e-06,1.2506322870474635e-08,2.3679388048495635e-08,2.7977819353786205e-07,4.783906595797797e-07
2025-01-08,1.0588143824126217e-06,0.0,2.2620156059884666e-06,2.9474698178173398e-08,2.5511861178489455e-08,3.681349875469627e-07,4.171658490368274e-07
2025-01-09,1.0694556438669889e-06,9.375893566673815e-08,1.7618724534532488e-06,1.6675097160632847e-08,3.2210324557451725e-08,3.3412505643328673e-07,5.067978723958305e-07
2025-01-10,2.1604077035539174e-06,9.282601866935302e-08,7.562466961267336e-07,1.2381882878726829e-08,2.1147128405708107e-08,2.459020849178589e-07,4.392926417244792e-07
2025-01-11,1.0910600809722791e-06,1.838047687023803e-07,1.7674552541710891e-06,3.2689816228227116e-08,2.7931863834777622e-08,3.026505629064336e-07,5.417752059530806e-07
2025-01-12,4.408101668339665e-06,0.0,1.0102957646336395e-06,1.2136705170767666e-08,2.3233892486238307e-08,2.719132364414665e-07,4.423377266850797e-07
2025-01-13,1.11310095665762e-06,1.8016519042952816e-07,1.768756725278812e-06,2.0026571560968663e-08,2.5143639629722066e-08,3.373107156385107e-07,4.7117054150084085e-07
2025-01-14,1.1242878072535764e-06,3.5674503366428315e-07,1.0501038431912748e-06,1.1896382306701704e-08,1.8623980766676916e-08,3.138364359243409e-07,3.846549886967338e-07
2025-01-15,2.2711741751343347e-06,8.829884031754122e-08,1.4742187105529072e-06,2.3556022649933135e-08,1.7101049895594866e-08,4.4248003112321887e-07,4.5845732044351535e-07
2025-01-16,0.0,3.4968100870650404e-07,4.224112753536015e-07,1.554775753890529e-08,1.7272918304360285e-08,3.458876727020033e-07,5.611992502848393e-07
2025-01-17,1.1585274684531051e-06,1.731008122675579e-07,1.270978338943469e-06,1.924131845820695e-08,2.96590738328955e-08,3.056534427759204e-07,3.3684327155246596e-07
2025-01-18,0.0,0.0,1.0623749589326498e-06,3.047978262506013e-08,2.1146225280337252e-08,3.7002070164825033e-07,5.087050526838488e-07
2025-01-19,1.181931275773663e-06,1.6967318653298193e-07,1.0657075404602843e-06,2.6404440755570122e-08,1.779895698133675e-08,4.424832137515486e-07,4.2760666024560515e-07
2025-01-20,1.1938098825771921e-06,8.399245505933517e-08,1.924464048534104e-06,7.469060622940559e-09,3.236011105126159e-08,3.3798134608609595e-07,4.4563473135000334e-07
2025-01-21,1.2058078713638242e-06,2.494701485030378e-07,2.1453855247203044e-06,3.697371114002379e-09,3.8132891503220504e-08,3.9445025464726945e-07,4.5408710226699345e-07
2025-01-22,2.435852883884871e-06,0.0,2.4848746382506593e-06,2.5624071597089222e-08,2.934562547369929e-08,3.463065412498407e-07,5.405488218750686e-07
2025-01-23,0.0,1.6302020572821126e-07,6.794235295826932e-07,1.812079130333926e-08,2.5935484673786965e-08,3.21575969425938e-07,4.815048119912027e-07
2025-01-24,0.0,1.613981275789707e-07,1.406097868301455e-06,2.1528583700729284e-08,2.4324987726155443e-08,2.6331897104972076e-07,3.8854048884381304e-07
2025-01-25,2.510035648242915e-06,0.0,1.8803594970742411e-06,2.131437071376208e-08,1.5119666410537628e-08,3.649079381552582e-07,3.744006174466544e-07
2025-01-26,3.802892888842461e-06,0.0,1.6503461396886514e-06,2.8136385575504378e-08,2.6725337772385725e-08,2.5437451540562157e-07,4.070079943826143e-07
2025-01-27,1.2803708659261743e-06,0.0,2.521441245321157e-06,1.7410264913331622e-08,3.6634621840371535e-08,3.8020041942131187e-07,4.734077131775593e-07
2025-01-28,2.5864776141168664e-06,9.781212343692676e-07,2.2509191452294233e-06,1.7237029882972946e-08,3.1160257609206386e-08,3.9571606769710004e-07,5.300548569380349e-07
2025-01-29,1.2803708659261743e-06,1.2349393952540642e-06,1.6955867079727513e-06,2.7304829711946892e-08,2.950633444177934e-08,3.440279393855021e-07,4.5122659640973566e-07
2025-01-30,0.0,7.484104455091135e-07,2.267071043097789e-06,2.3653999352254567e-08,3.973717071061409e-08,3.5961755696531614e-07,4.556017761122306e-07
2025-01-31,1.2550178241214574e-06,1.0079094607120222e-06,1.136793258946059e-06,1.0036559196943957e-08,2.408192154942472e-08,3.9956635989297056e-07,4.748966252372593e-07
2025-02-01,1.2515737189649812e-06,2.5111021631065856e-07,1.9500382005838243e-06,1.9833312069814044e-08,3.4370222147522223e-08,4.376453284999937e-07,4.359726603731201e-07
2025-02-02,2.4782407047722155e-06,5.072678318822447e-07,3.3540947199272527e-06,3.599927341526039e-08,3.063145466719835e-08,3.452546818014762e-07,4.019547782204227e-07
2025-02-03,1.2267908988750766e-06,7.685489375236273e-07,1.5973297049762564e-06,1.2960390785407054e-08,2.2688824330065525e-08,3.9283498305162457e-07,4.601700436211006e-07
2025-02-04,1.2145841254762622e-06,5.17515321838733e-07,1.8664707575797716e-06,1.6039290928020628e-08,2.500020087875566e-08,3.5853809816662823e-07,4.2798123707889163e-07
2025-02-05,1.2024988115021518e-06,7.840746559377439e-07,1.3048865272637135e-06,1.5879697316741363e-08,2.735574516428533e-08,2.515321089844061e-07,4.1280798271508325e-07
2025-02-06,1.1905337484112776e-06,1.3199245620606332e-06,1.8305594085011259e-06,2.2010368363797655e-08,2.9756111510352036e-08,2.5048298404465153e-07,3.2936531827293593e-07
2025-02-07,0.0,2.6663800488956795e-07,1.834460736299374e-06,2.490441318781236e-08,2.5761570345262466e-08,3.943060152577373e-07,3.3612764539035356e-07
2025-02-08,0.0,1.0211636105684673e-06,1.571626038308095e-06,2.1574533869187438e-08,2.3852105228950995e-08,3.366229240541574e-07,2.837641334455194e-07
2025-02-09,1.1553481586844877e-06,1.0314264754749528e-06,2.8801929267864107e-06,2.7462681861949055e-08,2.1901657156191922e-08,3.8320334419955244e-07,2.98113551182962e-07
2025-02-10,2.2877045048559687e-06,5.208962419442553e-07,1.8323196638096181e-06,2.1147329475789186e-08,4.2031367693060445e-08,3.340164588670968e-07,3.6003950582982425e-07
2025-02-11,0.0,0.0,1.5702621572519405e-06,3.290085862131194e-08,4.0219379963196445e-08,2.693798899630923e-07,3.966799040521989e-07
2025-02-12,4.484809841155416e-06,5.314190440464304e-07,1.8318085685565707e-06,1.7767357968128057e-08,2.0311795725924105e-08,2.447107558626917e-07,3.5124797700800805e-07
2025-02-13,0.0,5.367598942308058e-07,1.3084484305018422e-06,2.6385854703760708e-08,2.279548074083237e-08,2.9889440195996465e-07,4.188887378289652e-07
2025-02-14,1.099001164083405e-06,5.421544208519058e-07,5.583164233402359e-07,1.4512950590437775e-08,3.4536868696562505e-08,2.2730709048725718e-07,3.054025176969901e-07
2025-02-15,1.0880659197909172e-06,5.476031633668879e-07,1.3969428582557169e-06,1.4368544319272808e-08,2.325597999835129e-08,2.812137384719075e-07,3.5694052653330377e-07
2025-02-16,2.1544789659942664e-06,1.1062133333090881e-06,2.796468707221585e-06,5.6902299658054384e-09,3.2885589076257105e-08,3.581371902504603e-07,3.1087839123543474e-07
2025-02-17,1.0665207710493513e-06,3.3519928864187367e-06,1.907680902516054e-06,6.557135798200293e-08,2.790717599802155e-08,3.359441682146168e-07,3.9497793685644077e-07
2025-02-18,0.0,5.642801624986979e-07,1.908383884447684e-06,6.594867582937634e-08,2.302457913104167e-08,3.0590017987741514e-07,4.448208491758861e-07
2025-02-19,1.045402244836672e-06,1.709853817242274e-06,2.240163693235638e-06,2.6533035439716043e-08,2.0515932666749133e-08,2.687779707772731e-07,3.883377389855103e-07
2025-02-20,2.0700006374031082e-06,2.302717511726749e-06,1.1209938227889171e-06,4.0033880810004685e-08,4.5137323835386896e-08,2.753452555566423e-07,3.545294615387404e-07
2025-02-21,1.0247018934608097e-06,5.814650518668105e-07,1.6830268489146882e-06,4.027221188187799e-08,2.0109689981598222e-08,2.963607376324414e-07,3.621387064247134e-07
2025-02-22,0.0,0.0,2.2406148708744287e-06,6.752428368083296e-08,1.990959522302863e-08,3.0233816238843115e-07,4.0984354257913533e-07
2025-02-23,2.0088228730104113e-06,5.932114250932472e-07,5.588800444622648e-07,6.793496670984109e-08,3.285248573428788e-08,3.011175105386471e-07,4.14011403410152e-07
2025-02-24,1.988834751455484e-06,1.1983465980633437e-06,2.5094801685424657e-06,5.468195463370629e-08,2.1683732026319085e-08,2.8522585022424366e-07,4.114884363907021e-07
2025-02-25,0.0,0.0,1.1130004831612598e-06,1.2379815931628594e-07,2.146797528771872e-08,3.259608201740772e-07,3.842503514638055e-07
2025-02-26,0.0,1.2225548051607273e-06,1.9438785589057316e-06,1.1073271166740431e-07,2.9756111510352036e-08,3.030753738785804e-07,4.311955538865179e-07
2025-02-27,9.650279007580158e-07,6.174208426110726e-07,1.663029138647188e-06,5.571684420855493e-08,2.10428808956041e-08,2.1567925479855262e-07,3.978579661738292e-07
2025-02-28,1.9108514254175644e-06,1.870878075721685e-06,1.5959394049511045e-06,4.597934182167298e-08,1.250010043937783e-08,2.3638743456795134e-07,3.4381466820722767e-07
2025-03-01,0.0,0.0,1.326541029769774e-06,6.973208531679928e-08,1.6513832149606414e-08,1.8168434898407422e-07,3.111094709948676e-07
2025-03-02,9.425945048981861e-07,0.0,1.0598858014064482e-06,5.86940870211338e-08,2.8611654354989123e-08,2.386282125139504e-07,2.953517087682062e-07
2025-03-03,9.332155328673284e-07,3.6049196820062e-06,2.031920445781369e-06,1.185679448050978e-07,2.2256900000850146e-08,2.5642961980438327e-07,3.240928413281806e-07
2025-03-04,0.0,1.456459890854147e-06,1.7766871038498904e-06,5.987978623060772e-08,2.6041883808452368e-08,2.1029946037931459e-07,3.4335948707278376e-07
2025-03-05,0.0,1.4710975561086203e-06,1.7756214878320457e-06,9.677054093950335e-08,1.7849604970435447e-08,2.194995690387552e-07,3.0541883046063783e-07
2025-03-06,0.0,0.0,1.0141333916815276e-06,1.2217887630596337e-08,1.9635553814964374e-08,1.4002453252714358e-07,4.2455893851368805e-07
2025-03-07,1.793247256863674e-06,1.5008156980521e-06,1.0137273473575973e-06,6.17033972134971e-08,2.5272229827101815e-08,1.3934792123577918e-07,4.35958426788365e-07
2025-03-08,1.775404148529032e-06,7.57949573290033e-07,1.0134226766131782e-06,6.232352666515353e-08,2.1171418178978627e-08,1.9005015035364793e-07,3.338051101933398e-07
2025-03-09,0.0,0.0,1.519829023471413e-06,2.517995540856517e-08,1.714971194863519e-08,2.096108859812468e-07,3.418764929395082e-07
2025-03-10,8.701243954857334e-07,0.0,1.013117344127956e-06,8.901556358657603e-08,1.6979069463592393e-08,2.442692144449471e-07,3.854382315285644e-07
2025-03-11,8.614665130917456e-07,2.0432213588970964e-06,1.2663958148170631e-06,8.991018487371251e-08,2.0545708210677496e-08,2.3303288119791826e-07,4.030970056079992e-07
2025-03-12,2.558684334200875e-06,2.063756074943953e-06,1.266521590110996e-06,3.892019882325504e-08,2.0341274998240175e-08,2.2191087730891388e-07,4.0446396126930976e-07
2025-03-13,0.0,4.201704043385417e-06,1.9710441378508507e-06,1.0565276827073741e-07,2.398722710618039e-08,2.277372635852947e-07,3.4585473561308744e-07
2025-03-14,1.698592184541745e-06,1.0694582097877987e-06,1.7370559365321934e-06,8.067528263335854e-08,1.4731234517872033e-08,1.398569782799979e-07,3.501785768145604e-07
2025-03-15,0.0,0.0,1.4985136044394845e-06,1.5060630132472747e-07,5.513733030786416e-09,1.1743688612011094e-07,3.3866145606858794e-07
2025-03-16,1.6924049924601193e-06,1.10904910142916e-06,1.2571292736616805e-06,9.760548881237736e-08,1.100818154147174e-08,1.5378220716742154e-07,3.3010508148040504e-07
2025-03-17,0.0,1.1296470705588067e-06,7.595220228747313e-07,9.941828036763912e-08,1.648591129321998e-08,1.5402506201122958e-07,3.4429737104519897e-07
2025-03-18,0.0,2.301615882559661e-06,7.605181915520637e-07,8.68119530709717e-08,3.475347452361585e-08,1.172843919404593e-07,3.821521763129843e-07
2025-03-19,8.42555879370658e-07,1.1642325075670078e-06,1.0155662888036172e-06,4.422619085001381e-08,1.0960742990321956e-08,1.5173748316976714e-07,4.648522561316617e-07
2025-03-20,0.0,1.1781163684847543e-06,2.2889888185082853e-06,9.01387261378556e-08,1.6422801691232788e-08,1.4456739539085849e-07,4.1326010417842023e-07
2025-03-21,0.0,3.577431278191491e-06,9.579260313790337e-07,9.18728535931755e-08,2.1876401495515186e-08,1.5646830087999394e-07,4.1911415489580005e-07
2025-03-22,0.0,1.2073332267883074e-06,1.2002444874219207e-06,1.2487564492390128e-07,2.3681210795651495e-08,1.237648690507329e-07,3.784308018932979e-07
2025-03-23,0.0,2.4454087255045946e-06,1.9253902358555465e-06,3.1830815201494473e-08,2.3667262212433445e-08,1.1046348143156466e-07,4.3257112128256136e-07
2025-03-24,0.0,1.2386112118918514e-06,4.827160855635871e-07,1.2984291434749912e-07,2.1837882689696887e-08,1.49081184211403e-07,5.096151140431561e-07
2025-03-25,0.0,1.255075684533696e-06,1.9368295310484303e-06,4.966413812379641e-08,1.6374923624851928e-08,1.393203261074471e-07,4.3966213509056473e-07
2025-03-26,0.0,0.0,6.562770621793643e-07,5.066658696182219e-08,3.820752673300853e-08,1.1550102634902825e-07,3.64312758129944e-07
2025-03-27,0.0,1.28977166563781e-06,2.1962945880922183e-07,1.0339948034337439e-07,2.7296169779540352e-08,1.1257955281264513e-07,4.3990086641715497e-07
2025-03-28,0.0,3.9241614323676465e-06,1.1028151227382429e-06,1.758832542869102e-08,1.8204633871732043e-08,1.0965593347667317e-07,3.692023412235446e-07
2025-03-29,0.0,2.653990136385026e-06,8.862484344747254e-07,3.5909171661722784e-08,2.1858895013153572e-08,1.1028576561809355e-07,3.526940216436353e-07
2025-03-30,0.0,2.67470903270292e-06,5.923162927684943e-07,7.333018143828509e-08,7.292365648612876e-09,1.467434296114937e-07,3.5418541872250335e-07
2025-03-31,0.0,1.3482265129742703e-06,5.956497763584665e-07,9.361376913664847e-08,1.4600223415955416e-08,1.2966641009730285e-07,3.669909584074002e-07
2025-04-01,0.0,4.064454809152908e-06,7.986871112952353e-07,1.3400600744146242e-07,1.8294271332136186e-08,1.4151536822414172e-07,4.4209245326066916e-07
2025-04-02,0.0,0.0,1.4064452523342134e-06,1.1736362407194795e-07,1.6490270095146838e-08,1.4615925143588531e-07,4.6535643115963554e-07
2025-04-03,0.0,0.0,6.067298041571789e-07,9.995812799721991e-08,1.2848820397094886e-08,1.1410368075268083e-07,4.391175513104227e-07
2025-04-04,0.0,1.3923557620241536e-06,1.8327833278947925e-06,6.131246551465464e-08,1.8393261478455032e-08,1.0385227581700218e-07,4.474857036339498e-07
2025-04-05,0.0,0.0,1.43081738526866e-06,1.2539369534038866e-07,1.659251770346042e-08,1.2337994958291459e-07,3.3704418597974543e-07
2025-04-06,0.0,0.0,1.0261403358438173e-06,6.413044951595313e-08,2.5877987862721914e-08,1.3949611730762796e-07,3.7429286993184877e-07
2025-04-07,0.0,0.0,1.2367336691345927e-06,6.561586784452827e-08,3.151447626725455e-08,1.2550638817389083e-07,4.01267582532686e-07
2025-04-08,0.0,1.4514832965256246e-06,3.917144781327705e-07,1.5359425578355825e-07,0.0,1.074652517614241e-07,4.466073188762665e-07
2025-04-09,0.0,1.4681056507949353e-06,1.5748711884974532e-06,6.605762423640259e-08,0.0,1.3948979832689354e-07,4.1269877367866723e-07
2025-04-10,0.0,1.4855411774566956e-06,5.928456350868273e-07,2.210380377845835e-08,0.0,9.00067081831166e-08,4.515837857379874e-07
2025-04-11,0.0,6.015334073415211e-06,1.1906466641861888e-06,6.658854854550722e-08,0.0,1.4629811436986559e-07,4.329140235224838e-07
2025-04-12,0.0,0.0,5.980201851186538e-07,4.4593465971910545e-08,0.0,1.0391761464610376e-07,4.4037021254724156e-07
2025-04-13,0.0,4.6295415657058345e-06,8.508734961380446e-07,8.962349265754099e-08,0.0,1.0484424629084277e-07,4.0845273941549874e-07
2025-04-14,0.0,1.5643408195053885e-06,4.826123272709206e-07,4.5048113515758183e-08,0.0,1.592747900231409e-07,4.4014129538842655e-07
2025-04-15,0.0,1.5865699935351676e-06,6.47131849025049e-07,9.060710019383113e-08,0.0,1.313712079457662e-07,5.008564212587728e-07
2025-04-16,0.0,1.60993242638877e-06,1.62767054996633e-07,4.5579122345943734e-08,0.0,8.811354146102798e-08,3.916425710206435e-07
2025-04-17,0.0,3.2689960500788272e-06,0.0,1.6056596202549803e-07,0.0,9.502226169706137e-08,3.700062151078265e-07
2025-04-18,0.0,0.0,9.898072790404993e-07,9.239082415710769e-08,0.0,1.1482065325368538e-07,3.704850655850251e-07
2025-04-19,0.0,0.0,9.971641784196888e-07,1.8615506718327672e-07,0.0,7.390288185418803e-08,3.408294673012237e-07
2025-04-20,0.0,1.7162089591267947e-06,6.700440342113668e-07,2.345377801816325e-08,0.0,6.497390467443253e-08,3.489292506195533e-07
2025-04-21,0.0,5.239258834275693e-06,1.013548135653993e-06,9.4606848786511e-08,0.0,7.004101614950455e-08,4.5450191127920154e-07
2025-04-22,0.0,0.0,5.113245355774148e-07,9.54563504514594e-08,0.0,8.890733663976976e-08,4.371094250094677e-07
2025-04-23,0.0,0.0,6.882742098397955e-07,1.6864326516310614e-07,0.0,7.364598906081469e-08,4.154254321853011e-07
2025-04-24,0.0,1.8340911669194772e-06,6.952544123426198e-07,1.216811270652137e-07,0.0,8.834154180151636e-08,4.3788879897609747e-07
2025-04-25,0.0,3.7337179922351626e-06,8.784263176474562e-07,9.839313147191481e-08,0.0,7.519395503167764e-08,3.975240304717797e-07
2025-04-26,0.0,0.0,5.330791435833948e-07,7.463819845472131e-08,0.0,7.129996340054137e-08,3.7305190700929884e-07
2025-04-27,0.0,1.938553477530063e-06,0.0,1.5108631623796175e-07,0.0,9.381378271081675e-08,3.062552931684981e-07
2025-04-28,0.0,0.0,1.457283035132921e-06,1.2752442776343322e-07,0.0,9.74566612855605e-08,5.948922020564719e-07
2025-04-29,0.0,2.0196115584584976e-06,1.6618027320609574e-06,1.8096911233288352e-07,0.0,9.384651969059277e-08,3.9626079352330436e-07
2025-04-30,0.0,2.04882105840434e-06,3.746305040250278e-07,1.0490654621620161e-07,0.0,6.263408901668128e-08,3.714055463987864e-07
