Hospitalization date,<3m,3-11m,1-4y,5-17y,18-39y,40-64y,>=65y
2015-10-01,0.0,0.0,0.0,0.0,4.414003309117327e-08,1.40476976893998e-07,5.690562023733014e-07
2015-10-02,0.0,0.0,0.0,0.0,4.304066936881784e-08,1.0584680553831416e-07,4.4608251880047844e-07
2015-10-03,0.0,0.0,0.0,0.0,9.241076620366512e-08,1.2152893813293032e-07,4.0349282616442715e-07
2015-10-04,0.0,0.0,0.0,0.0,4.923287011568747e-08,1.1870082061164538e-07,3.1113401539398167e-07
2015-10-05,0.0,0.0,0.0,0.0,7.218616529918441e-08,1.392331105245201e-07,3.9536516743724854e-07
2015-10-06,0.0,0.0,0.0,0.0,5.4920258022470514e-08,9.647244199940649e-08,3.669091886315203e-07
2015-10-07,0.0,0.0,0.0,0.0,7.679916212360067e-08,1.6109212166780627e-07,3.3003327880941296e-07
2015-10-08,0.0,0.0,0.0,0.0,6.017996794515412e-08,1.1426180528609818e-07,4.7539466592794445e-07
2015-10-09,0.0,0.0,0.0,0.0,4.423723901129489e-08,1.0132350057798024e-07,2.9820098691378024e-07
2015-10-10,0.0,0.0,0.0,0.0,2.8921957407673942e-08,9.936675638926787e-08,3.655527179365481e-07
2015-10-11,0.0,0.0,0.0,0.0,4.256902932522523e-08,1.2829281285226555e-07,2.959230346247343e-07
2015-10-12,0.0,0.0,0.0,0.0,3.4827297936018904e-08,1.2595331640154923e-07,4.1378045216913484e-07
2015-10-13,0.0,0.0,0.0,0.0,6.841934259268168e-08,1.4846359521878732e-07,3.9779476520746096e-07
2015-10-14,0.0,0.0,0.0,0.0,4.706715703167136e-08,9.726794576274698e-08,4.419219826995756e-07
2015-10-15,0.0,0.0,0.0,0.0,7.27204006323975e-08,9.085252466666303e-08,3.6765340223555133e-07
2015-10-16,0.0,0.0,0.0,0.0,3.251405635699694e-08,9.877345976415885e-08,3.041061541454877e-07
2015-10-17,0.0,0.0,0.0,0.0,1.919754689480868e-08,9.257086027240301e-08,4.1249339000562803e-07
2015-10-18,0.0,0.0,0.0,0.0,4.409851353488676e-08,8.201971149135991e-08,2.3091186213395548e-07
2015-10-19,0.0,0.0,0.0,0.0,7.445253200225861e-08,9.872808843936959e-08,2.117309397696218e-07
2015-10-20,0.0,0.0,0.0,0.0,4.8901775538631865e-08,7.516287504676103e-08,3.7084994023247016e-07
2015-10-21,0.0,0.0,0.0,0.0,3.614764489771541e-08,6.972179525515783e-08,2.588987830281995e-07
2015-10-22,0.0,0.0,0.0,0.0,4.15788597205128e-08,6.87407615369726e-08,3.8288384803969824e-07
2015-10-23,0.0,0.0,0.0,0.0,5.272405184215041e-08,5.0847234418210574e-08,2.2953572977078192e-07
2015-10-24,0.0,0.0,0.0,0.0,4.04572726791172e-08,7.524729445230248e-08,1.972353076401669e-07
2015-10-25,0.0,0.0,0.0,0.0,0.0,9.076299300557298e-08,3.3883362285467227e-07
2015-10-26,0.0,0.0,0.0,0.0,3.941510592102296e-08,7.330894755638834e-08,2.7755662635218417e-07
2015-10-27,0.0,0.0,0.0,0.0,6.116200436320794e-08,1.0054230894429476e-07,3.584111694188427e-07
2015-10-28,0.0,0.0,0.0,0.0,4.3936456812139e-08,1.3108977121009224e-07,2.498963310126077e-07
2015-10-29,0.0,0.0,0.0,0.0,2.7131173410504375e-08,7.457134828975994e-08,3.086266478128319e-07
2015-10-30,0.0,0.0,0.0,0.0,7.507644586068893e-08,6.59393121009511e-08,2.0333833305666712e-07
2015-10-31,0.0,0.0,0.0,0.0,1.5903174908540817e-08,6.134827914890378e-08,1.8760436857875273e-07
2015-11-01,0.0,0.0,0.0,0.0,3.1418281674756184e-08,4.92402633878907e-08,2.1073939774973038e-07
2015-11-02,0.0,0.0,0.0,0.0,2.5893882256724856e-08,1.3111157827819132e-07,2.9309219675467863e-07
2015-11-03,0.0,0.0,0.0,0.0,5.1229808513030625e-08,7.040802625905557e-08,1.8040365892482496e-07
2015-11-04,0.0,0.0,0.0,0.0,2.0275649255644526e-08,5.499863031971967e-08,2.7412447427626287e-07
2015-11-05,0.0,0.0,0.0,0.0,1.0032988909226772e-08,6.16872051663024e-08,2.7128974026769703e-07
2015-11-06,0.0,0.0,0.0,0.0,4.96565532246573e-08,7.902146704163116e-08,2.6854038310592667e-07
2015-11-07,0.0,0.0,0.0,0.0,4.424694374694208e-08,7.112407002355029e-08,2.5350656064346866e-07
2015-11-08,0.0,0.0,0.0,0.0,6.815824019044361e-08,7.043137468497692e-08,2.87774805192204e-07
2015-11-09,0.0,0.0,0.0,0.0,3.8575606471465845e-08,9.068635783455873e-08,3.8205677265962724e-07
2015-11-10,0.0,0.0,0.0,0.0,4.2991066744392326e-08,1.1747906070767258e-07,3.2440986299427396e-07
2015-11-11,0.0,0.0,0.0,0.0,4.259605357628353e-08,8.216444637478583e-08,2.5595280209428997e-07
2015-11-12,0.0,0.0,0.0,0.0,3.7521828778684226e-08,9.838702861920443e-08,2.831390857491413e-07
2015-11-13,0.0,0.0,0.0,0.0,2.789242799974341e-08,6.389023825634748e-08,3.390998842638576e-07
2015-11-14,0.0,0.0,0.0,0.0,3.225863976381164e-08,7.333588342224827e-08,3.3615577912969165e-07
2015-11-15,0.0,0.0,0.0,0.0,1.3707307027202066e-08,6.610080034540689e-08,1.838846349133209e-07
2015-11-16,0.0,0.0,0.0,0.0,5.437046791332846e-08,7.210250308106573e-08,2.0513931593705058e-07
2015-11-17,0.0,0.0,0.0,0.0,2.2468238785201633e-08,8.126150689772065e-08,2.4866592681695397e-07
2015-11-18,0.0,0.0,0.0,0.0,4.011652147063415e-08,8.383009204084476e-08,2.4665959425201684e-07
2015-11-19,0.0,0.0,0.0,0.0,5.7486875443421265e-08,6.39736579681849e-08,3.8930319653160293e-07
2015-11-20,0.0,0.0,0.0,0.0,7.020227417765855e-08,7.617075786662219e-08,2.869453027711536e-07
2015-11-21,0.0,0.0,0.0,0.0,1.3031953102200817e-08,4.0848625004631934e-08,2.4038397248773364e-07
2015-11-22,0.0,0.0,0.0,0.0,3.4406088006029e-08,7.777341229753454e-08,2.4340102363375087e-07
2015-11-23,0.0,0.0,0.0,0.0,4.2579677137910325e-08,4.6199732349167744e-08,2.4633423504926065e-07
2015-11-24,0.0,0.0,0.0,0.0,3.372480181718509e-08,5.7937380619962816e-08,3.287120966162922e-07
2015-11-25,0.0,0.0,0.0,0.0,4.173654304040968e-08,6.943687174553149e-08,2.0996216555245196e-07
2015-11-26,0.0,0.0,0.0,0.0,3.718913174858034e-08,5.380118869126365e-08,2.0267618192134982e-07
2015-11-27,0.0,0.0,0.0,0.0,1.6364041646647944e-08,4.438821493274432e-08,2.2123998382806121e-07
2015-11-28,0.0,0.0,0.0,0.0,2.025152088966032e-08,6.738470204903165e-08,2.2922645149636812e-07
2015-11-29,0.0,0.0,0.0,0.0,2.4060017867971205e-08,5.2211123265037304e-08,2.8242120379808655e-07
2015-11-30,0.0,0.0,0.0,0.0,4.3671130598675995e-08,1.0051147148857015e-07,2.596388468769972e-07
2015-12-01,0.0,0.0,0.0,0.0,4.6719049399811206e-08,6.206418357517733e-08,2.8018692036780073e-07
2015-12-02,0.0,0.0,0.0,0.0,4.625418709120226e-08,8.937692309873768e-08,2.4333246835862496e-07
2015-12-03,0.0,0.0,0.0,0.0,3.052930015989847e-08,8.572237010945127e-08,2.4572949524111596e-07
2015-12-04,0.0,0.0,0.0,0.0,4.156010175320566e-08,8.486941827544687e-08,2.289735961512789e-07
2015-12-05,0.0,0.0,0.0,0.0,3.740597439214525e-08,4.336771791173924e-08,2.314180889442421e-07
2015-12-06,0.0,0.0,0.0,0.0,2.9627022982535225e-08,3.220215143144869e-08,1.2703230092867252e-07
2015-12-07,0.0,0.0,0.0,0.0,4.7664872414805404e-08,6.907709178732118e-08,1.421728703824074e-07
2015-12-08,0.0,0.0,0.0,0.0,5.0820645087642114e-08,4.997713467532129e-08,1.8136156130663228e-07
2015-12-09,0.0,0.0,0.0,0.0,2.5157485610022773e-08,6.250086805460416e-08,0.0
2015-12-10,0.0,0.0,0.0,0.0,3.558166349392877e-08,4.383093993553634e-08,0.0
2015-12-11,0.0,0.0,0.0,0.0,2.8182096021346413e-08,7.40264487700693e-08,0.0
2015-12-12,0.0,0.0,0.0,0.0,2.4413969545557467e-08,4.549026618487143e-08,0.0
2015-12-13,0.0,0.0,0.0,0.0,1.726503320695459e-08,5.5045992800990115e-08,0.0
2015-12-14,0.0,0.0,0.0,0.0,1.3674594604975407e-08,6.936144220877222e-08,0.0
2015-12-15,0.0,0.0,0.0,0.0,4.7384855403351095e-08,3.6788188032534355e-08,0.0
2015-12-16,0.0,0.0,0.0,0.0,3.015859385206036e-08,5.3419137853464195e-08,0.0
2015-12-17,0.0,0.0,0.0,0.0,2.6540898514969817e-08,7.933141282626916e-08,0.0
2015-12-18,0.0,0.0,0.0,0.0,2.6276812162299408e-08,6.664174115856253e-08,0.0
2015-12-19,0.0,0.0,0.0,0.0,1.6259595945464156e-08,4.0058462886836735e-08,0.0
2015-12-20,0.0,0.0,0.0,0.0,2.5756496420216693e-08,9.50418294901316e-08,0.0
2015-12-21,0.0,0.0,0.0,0.0,0.0,4.7298616074906686e-08,0.0
2015-12-22,0.0,0.0,0.0,0.0,0.0,7.219093920218173e-08,0.0
2015-12-23,0.0,0.0,0.0,0.0,0.0,7.811364446766604e-08,0.0
2015-12-24,0.0,0.0,0.0,0.0,0.0,8.709869077122001e-08,0.0
2015-12-25,0.0,0.0,0.0,0.0,0.0,5.265070587733327e-08,0.0
2015-12-26,0.0,0.0,0.0,0.0,0.0,4.9341486024366406e-08,0.0
2015-12-27,0.0,0.0,0.0,0.0,0.0,7.370145106026826e-08,0.0
2015-12-28,0.0,0.0,0.0,0.0,0.0,1.0092230952445263e-07,3.5826054870898415e-08
2015-12-29,0.0,0.0,0.0,0.0,0.0,7.614789102734174e-08,3.237704821270515e-08
2015-12-30,0.0,0.0,0.0,0.0,0.0,6.674544959540539e-08,2.9336015005485806e-08
2015-12-31,0.0,0.0,0.0,0.0,0.0,8.159820916172439e-08,2.7202088918704543e-08
2016-01-01,0.0,0.0,0.0,0.0,0.0,4.740542857685631e-08,3.131404542515668e-08
2016-01-02,0.0,0.0,0.0,0.0,0.0,5.9037827234838684e-08,6.557214601509912e-08
2016-01-03,0.0,0.0,0.0,0.0,0.0,6.764848846760812e-08,5.649128100352739e-08
2016-01-04,0.0,0.0,0.0,0.0,0.0,1.1723520090499556e-07,8.066966001630597e-08
2016-01-05,0.0,0.0,0.0,0.0,0.0,1.1391176576005238e-07,6.955644207885975e-08
2016-01-06,0.0,0.0,0.0,0.0,0.0,8.733123223787451e-08,6.02189965230279e-08
2016-01-07,0.0,0.0,0.0,0.0,0.0,7.83420862245379e-08,6.792036504135988e-08
2016-01-08,0.0,0.0,0.0,0.0,0.0,7.809389770889645e-08,6.757905104264559e-08
2016-01-09,0.0,0.0,0.0,0.0,0.0,3.111784451678557e-08,5.895029109742091e-08
2016-01-10,0.0,0.0,0.0,0.0,0.0,3.244447386165515e-08,5.745353202620295e-08
2016-01-11,0.0,0.0,0.0,0.0,0.0,3.0722387104615044e-08,9.282439625139831e-08
2016-01-12,0.0,0.0,0.0,0.0,0.0,3.516863919200637e-08,1.0022331742205408e-07
2016-01-13,0.0,0.0,0.0,0.0,0.0,2.7163951093889127e-08,1.126598373716677e-07
2016-01-14,0.0,0.0,0.0,0.0,0.0,3.5879092830602384e-08,1.170904089395058e-07
2016-01-15,0.0,0.0,0.0,0.0,0.0,2.344920710542126e-08,1.2159865717283101e-07
2016-01-16,0.0,0.0,0.0,0.0,0.0,3.983365434220064e-08,1.0767846048844138e-07
2016-01-17,0.0,0.0,3.332943360120306e-08,0.0,0.0,3.153474831063432e-08,9.34661810222561e-08
2016-01-18,0.0,0.0,4.4885866636954436e-08,0.0,0.0,3.7343346386339824e-08,1.0298785282718057e-07
2016-01-19,0.0,0.0,2.2668488548186758e-08,0.0,0.0,3.1062420329297834e-08,9.708803809201788e-08
2016-01-20,0.0,0.0,4.579262129128316e-08,0.0,0.0,3.6977210494297e-08,1.1032176273380634e-07
2016-01-21,0.0,0.0,2.3126422393241296e-08,0.0,0.0,2.7162791009506277e-08,9.374313156765007e-08
2016-01-22,0.0,0.0,3.5038270203528636e-08,0.0,0.0,2.743578159762415e-08,1.1255041017514306e-07
2016-01-23,0.0,0.0,5.8984017789023866e-08,0.0,0.0,4.5031213153493156e-08,8.841899157995157e-08
2016-01-24,0.0,0.0,5.957681702309909e-08,0.0,0.0,4.081878084459229e-08,1.0388845268302841e-07
2016-01-25,0.0,0.0,4.8140459190819315e-08,0.0,0.0,3.0627269334816126e-08,1.0125070516637667e-07
2016-01-26,0.0,0.0,2.431213942459781e-08,0.0,0.0,3.9263753492145145e-08,1.3015964394451275e-07
2016-01-27,0.0,0.0,3.683472073198291e-08,0.0,0.0,2.8842444200067485e-08,1.1080854909589265e-07
2016-01-28,0.0,0.0,8.681147026962203e-08,0.0,0.0,3.520154799660103e-08,1.2140712518363185e-07
2016-01-29,0.0,0.0,6.263138575046716e-08,0.0,0.0,3.8007421120801214e-08,1.2262728707693583e-07
2016-01-30,0.0,0.0,5.060867331357786e-08,0.0,0.0,3.095919520443839e-08,1.0063601583842405e-07
2016-01-31,0.0,0.0,7.667594840443112e-08,0.0,0.0,4.377847640464812e-08,1.1924024810287303e-07
2016-02-01,0.0,0.0,6.433204270262647e-08,0.0,0.0,3.530388198313879e-08,9.636171622211642e-08
2016-02-02,0.0,0.0,5.1982872384522956e-08,0.0,0.0,5.348803784368363e-08,1.390430965295227e-07
2016-02-03,0.0,0.0,7.87579634062536e-08,0.0,0.0,2.8299124627199357e-08,1.1034610940692782e-07
2016-02-04,0.0,0.0,2.651649803256508e-08,0.0,0.0,4.417455495333208e-08,1.1145510624355534e-07
2016-02-05,0.0,0.0,5.3565986536558745e-08,0.0,0.0,4.1993897987277015e-08,1.3304347571708437e-07
2016-02-06,9.249624888203362e-07,0.0,5.410433365127946e-08,0.0,0.0,5.5670926078116124e-08,1.2197622319649957e-07
2016-02-07,2.8027755491387057e-06,0.0,5.464809124445239e-08,0.0,0.0,3.748695212462104e-08,8.770319311926519e-08
2016-02-08,9.4364797056899e-07,0.0,1.1039462738458001e-07,0.0,0.0,4.7717936638385244e-08,1.6662346105358047e-07
2016-02-09,2.8593953710255337e-06,0.0,1.3938013979373692e-07,0.0,0.0,3.543235142676498e-08,1.448641483298376e-07
2016-02-10,9.627109240880126e-07,0.0,7.039046674343933e-08,0.0,0.0,5.846632273235129e-08,1.8290007153132272e-07
2016-02-11,1.9447726594577015e-06,0.0,9.953706377348086e-08,0.0,0.0,2.9585448473890238e-08,1.4344381594652521e-07
2016-02-12,2.94647692443896e-06,0.0,8.61749381961187e-08,0.0,0.0,5.0940988422555835e-08,1.4927591845379596e-07
2016-02-13,0.0,0.0,0.0,0.0,0.0,4.7912411262831214e-08,1.8225413865839496e-07
2016-02-14,1.0019999022235135e-06,0.0,7.326315618700264e-08,0.0,0.0,3.620090971982491e-08,1.593578768031969e-07
2016-02-15,1.01207016865918e-06,0.0,1.4799892629559104e-07,0.0,0.0,5.190722742367636e-08,2.2478819754122466e-07
2016-02-16,2.0444832859102135e-06,0.0,8.969180413988352e-08,0.0,0.0,3.3036905495051383e-08,1.8956819119169922e-07
2016-02-17,2.0650306845344003e-06,0.0,7.549435146464153e-08,0.0,0.0,4.845656710068532e-08,2.2965337228440756e-07
2016-02-18,0.0,0.0,1.2200493169723533e-07,0.0,0.0,4.317697458188002e-08,2.3073277366037296e-07
2016-02-19,3.1601206073375464e-06,0.0,4.621166311720689e-08,0.0,0.0,4.155992993695509e-08,2.4879880327471275e-07
2016-02-20,1.0639601158158036e-06,0.0,1.4002829415831633e-07,0.0,0.0,2.9390286946221037e-08,2.4750185539078153e-07
2016-02-21,1.0746530927506433e-06,0.0,1.571506687901316e-08,0.0,0.0,3.608133239413364e-08,2.589005117869366e-07
2016-02-22,4.341814143561221e-06,0.0,9.523803556131671e-08,0.0,0.0,3.6874649949172106e-08,3.288243282432936e-07
2016-02-23,0.0,0.0,4.809759686573794e-08,0.0,0.0,4.3352942498937226e-08,3.514643113150712e-07
2016-02-24,1.1073811518520697e-06,0.0,1.2954929533489483e-07,0.0,0.0,4.06625433286832e-08,2.7883910688881895e-07
2016-02-25,1.1185105174540415e-06,0.0,3.271282184966168e-08,0.0,0.0,3.6903115573849386e-08,2.868178212382691e-07
2016-02-26,2.2595034700797077e-06,0.0,4.956238676256813e-08,0.0,0.0,2.767872987781509e-08,2.985445520047479e-07
2016-02-27,0.0,0.0,8.343416171770348e-08,0.0,0.0,3.178785342014599e-08,2.43849371180315e-07
2016-02-28,1.1525742339852113e-06,0.0,5.0563613390096346e-08,0.0,0.0,3.147155899385846e-08,2.629846493759357e-07
2016-02-29,2.3283155952273396e-06,0.0,5.107178615304609e-08,0.0,0.0,4.727483162022948e-08,2.8966869782410505e-07
2016-03-01,1.1952609076539757e-06,0.0,5.138332555783136e-08,0.0,0.0,4.453487862790073e-08,3.5457621831774025e-07
2016-03-02,0.0,0.0,6.919964875337035e-08,0.0,0.0,3.254391011022303e-08,2.1011505117321757e-07
2016-03-03,1.2194067796701823e-06,1.2147531292864276e-07,3.4947558392753734e-08,0.0,0.0,7.37487810425853e-08,2.906666187305046e-07
2016-03-04,0.0,3.6808848036053163e-07,7.059757438756925e-08,0.0,0.0,6.774346632411703e-08,2.901502158969616e-07
2016-03-05,2.4880808613144617e-06,6.196463851498543e-07,3.0975208539481415e-07,0.0,0.0,6.573265817160611e-08,2.9699606448697305e-07
2016-03-06,0.0,8.762235087951955e-07,2.502921164861611e-07,0.0,0.0,5.377162764401633e-08,3.423747593412526e-07
2016-03-07,0.0,0.0,2.513670952688071e-07,0.0,0.0,4.978459881373915e-08,3.624516686572324e-07
2016-03-08,5.127708408768918e-06,0.0,1.2623360548522654e-07,0.0,0.0,6.372560897794181e-08,5.34862678331739e-07
2016-03-09,2.589621367517969e-06,1.289869267706669e-07,3.1699071700448275e-07,0.0,0.0,1.5207545673510893e-07,3.6336005334757417e-07
2016-03-10,1.3078237474731283e-06,0.0,1.2737164785270375e-07,0.0,0.0,1.293264416159366e-07,3.586455075598505e-07
2016-03-11,1.3209675946518762e-06,5.263705421494696e-07,6.397987308727155e-08,0.0,0.0,1.1029164648879317e-07,4.641734793756917e-07
2016-03-12,0.0,1.3291516351156397e-07,2.5712128115526665e-07,0.0,0.0,1.2274095273040867e-07,2.2699217757192285e-07
2016-03-13,0.0,1.3425098311287468e-07,1.2917439115191558e-07,0.0,0.0,1.2736575075693664e-07,3.7369843422377663e-07
2016-03-14,0.0,1.356002279243729e-07,1.9470158890943805e-07,0.0,0.0,2.1275080739424726e-07,5.213929482128327e-07
2016-03-15,2.7497546097453516e-06,1.3696303287166415e-07,6.522035380404851e-08,0.0,0.0,3.1109763158008226e-07,3.997205423848643e-07
2016-03-16,1.388695051506877e-06,0.0,1.310934001226971e-07,0.0,0.0,2.568030727327694e-07,5.341359453034098e-07
2016-03-17,1.4026516688034785e-06,5.589194786792014e-07,1.6117496483821267e-07,0.0,0.0,2.1957228698137688e-07,4.0554871823229967e-07
2016-03-18,2.8334971048716813e-06,2.8226835641326173e-07,5.156830507253204e-07,0.0,0.0,1.9756519206814467e-07,5.189524095142681e-07
2016-03-19,1.430987112104074e-06,1.4255260027889425e-07,1.0385374835157056e-07,0.0,0.0,1.5928276481226683e-07,5.033194708436964e-07
2016-03-20,2.8907375433520223e-06,0.0,1.0458127201945727e-07,0.0,0.0,1.8460870003612053e-07,4.547131911009015e-07
2016-03-21,1.4598949693295937e-06,2.908647076576528e-07,7.372347773118811e-07,0.0,0.0,1.6179189701041643e-07,6.126595545895773e-07
2016-03-22,2.9491343153933853e-06,2.937879465684999e-07,1.0606776779709384e-07,0.0,0.0,2.28298936552576e-07,4.947249084344127e-07
2016-03-23,2.978773608016742e-06,2.96740564518828e-07,1.0682688855766015e-07,0.0,0.0,2.4654862218693644e-07,5.50029617647324e-07
2016-03-24,1.5043553902416105e-06,0.0,0.0,0.0,0.0,2.3194816959287013e-07,6.67488727521143e-07
2016-03-25,1.5194744132675075e-06,3.027351215624043e-07,6.502635323605416e-07,0.0,0.0,2.0875668466206815e-07,6.256905827932311e-07
2016-03-26,1.5043553902416105e-06,1.5288883005817621e-07,1.0916865650659624e-07,0.0,0.0,2.0202015856601563e-07,7.155387211154468e-07
2016-03-27,0.0,3.088507766911277e-07,1.0997097457639374e-07,0.0,0.0,2.3759645238076196e-07,5.665077503610074e-07
2016-03-28,4.423701473090078e-06,0.0,1.1078428983529164e-07,0.0,0.0,4.2772585644834797e-07,5.508534984309231e-07
2016-03-29,0.0,1.575449881242964e-07,4.464347344619746e-07,0.0,0.0,2.42510012440514e-07,7.055792066246589e-07
2016-03-30,0.0,0.0,2.69012120841617e-07,0.0,0.0,1.8963660277558048e-07,7.432813408933531e-07
2016-03-31,0.0,1.607276079989065e-07,5.422983387113638e-07,0.0,0.0,3.105866102739968e-07,8.737182655730588e-07
2016-04-01,0.0,0.0,2.728046259004721e-07,0.0,0.0,2.5658628783420487e-07,9.249147555009014e-07
2016-04-02,0.0,0.0,0.0,0.0,0.0,2.4956631834665084e-07,9.440064951024651e-07
2016-04-03,1.3726104143425144e-06,4.959079449101571e-07,5.047787231968428e-07,0.0,0.0,3.199407134989349e-07,7.030752547591465e-07
2016-04-04,0.0,0.0,5.090368242944854e-07,0.0,0.0,3.231561711266271e-07,8.315179752461011e-07
2016-04-05,0.0,1.6864198330908563e-07,3.4223055299917076e-07,0.0,0.0,2.8683983013882315e-07,1.0989457236190362e-06
2016-04-06,1.3320436459008601e-06,0.0,1.7256872323792217e-07,0.0,0.0,2.697417481265187e-07,7.901478795916803e-07
2016-04-07,1.318789590170782e-06,0.0,3.4807885398478094e-07,0.0,0.0,3.128160603965829e-07,9.393153741878278e-07
2016-04-08,0.0,0.0,1.7552753483459134e-07,0.0,0.0,2.446141270220747e-07,9.066706546533063e-07
2016-04-09,0.0,3.5104878641853846e-07,3.540663911530982e-07,0.0,0.0,1.955990940635873e-07,8.206057115785539e-07
2016-04-10,0.0,3.545768853767392e-07,7.142262391423708e-07,0.0,0.0,2.599538126847871e-07,9.447577927756553e-07
2016-04-11,0.0,0.0,3.6019555959882497e-07,0.0,0.0,3.3608498167863776e-07,1.061812234142279e-06
2016-04-12,0.0,0.0,1.9633751592917204e-07,0.0,0.0,3.121672403204335e-07,9.008937202941978e-07
2016-04-13,0.0,0.0,3.961249065269551e-07,0.0,0.0,4.7442124388830176e-07,1.1067516668639003e-06
2016-04-14,1.2296312636315355e-06,1.8452372128984484e-07,3.9961439401632404e-07,0.0,0.0,4.403360736854155e-07,9.252397524680394e-07
2016-04-15,0.0,5.591346465594006e-07,4.031438432781077e-07,0.0,0.0,4.185990821638969e-07,1.1181279092765449e-06
2016-04-16,0.0,1.882513477266233e-07,2.033568036300867e-07,0.0,0.0,3.2582329683520967e-07,1.3532101383518856e-06
2016-04-17,0.0,1.9014330522509565e-07,6.154860644128416e-07,0.0,0.0,5.866527344235233e-07,1.3036524315000116e-06
2016-04-18,0.0,1.9205427721254384e-07,4.1397551136984733e-07,0.0,0.0,4.826114406944843e-07,1.4639688339901938e-06
2016-04-19,0.0,1.9398445478775904e-07,4.1766837769391803e-07,0.0,0.0,3.7372068750448276e-07,1.7791553218135288e-06
2016-04-20,0.0,0.0,4.2140301120381626e-07,0.0,0.0,3.610646149064211e-07,1.7924764148583995e-06
2016-04-21,0.0,5.937096021564942e-07,2.1258989268300261e-07,0.0,0.0,4.310012609079408e-07,1.742851095522601e-06
2016-04-22,0.0,0.0,4.2899907786104846e-07,0.0,0.0,4.46868572034989e-07,1.475362484869473e-06
2016-04-23,0.0,5.819533643632771e-07,4.3286127062137816e-07,1.6628961223461764e-08,0.0,5.63274983945594e-07,1.7710957048458655e-06
2016-04-24,0.0,0.0,4.338911145386772e-07,5.5986950207312345e-09,0.0,5.112185227337191e-07,1.4845895112091906e-06
2016-04-25,1.101545659788934e-06,0.0,4.3496434792900733e-07,1.696488852342865e-08,0.0,5.346347815352382e-07,1.8216520064187515e-06
2016-04-26,0.0,4.307327962344881e-07,2.0724817954167875e-07,2.2847184650204525e-08,0.0,6.354509286320641e-07,1.7871134124425565e-06
2016-04-27,0.0,1.3475561832156902e-06,1.0079090128245823e-06,2.307680267334192e-08,0.0,5.758312900465241e-07,1.6914629298565198e-06
2016-04-28,1.0689900655419155e-06,0.0,5.062564533478569e-07,5.827182098994347e-09,0.0,5.791458993228253e-07,1.2327963473314843e-06
2016-04-29,0.0,6.799336862996867e-07,2.543045131753196e-07,1.7657238758157337e-08,0.0,5.609436672393972e-07,1.6356211089229391e-06
2016-04-30,0.0,6.831133189652395e-07,2.555062303399494e-07,3.566939391584373e-08,0.0,5.425455558780918e-07,1.7173948208109082e-06
2016-05-01,0.0,0.0,2.5688900191712534e-07,0.0,0.0,9.882482174490535e-07,1.9748965060328426e-06
2016-05-02,0.0,0.0,2.5814270238866834e-07,6.071093304506993e-09,0.0,7.708605238803333e-07,2.0798401860977843e-06
2016-05-03,0.0,6.914481130482831e-07,7.782666520367091e-07,2.4528435226403446e-08,0.0,6.233943245066718e-07,2.610747199786824e-06
2016-05-04,0.0,6.948949175621635e-07,1.5643660484423497e-06,1.2387475049370997e-08,0.0,8.502574155756564e-07,2.7763332130622795e-06
2016-05-05,0.0,6.984112121468811e-07,7.86177615359884e-07,6.25598562168407e-09,0.0,6.013241097644793e-07,2.2741812801586874e-06
2016-05-06,0.0,7.019973484348249e-07,5.258747575754481e-07,1.2637718644916294e-08,0.0,6.02526647328812e-07,2.0231160405240596e-06
2016-05-07,0.0,1.4113073700852236e-06,2.6312250213642727e-07,3.191182457215103e-08,0.0,6.037894380599849e-07,1.7137825430017026e-06
2016-05-08,9.676052927018437e-07,0.0,5.266678759092271e-07,7.01745269902918e-08,0.0,2.521302534325514e-07,2.7257904578557064e-06
2016-05-09,0.0,0.0,2.63571707386041e-07,5.315984453369751e-08,0.0,5.054135751511231e-07,2.6541363606125335e-06
2016-05-10,0.0,0.0,1.0553433368314037e-06,5.7990319234340894e-08,3.468405683134451e-08,8.17601746379085e-07,3.3383455045802093e-06
2016-05-11,0.0,7.209884534804906e-07,5.28252689665891e-07,8.785969744786538e-08,3.184785217968754e-08,7.071160979013975e-07,3.1353974360120284e-06
2016-05-12,0.0,0.0,9.255343885219079e-07,2.9580900695726965e-08,1.2867171366146113e-08,7.094738162957427e-07,3.6060791734540607e-06
2016-05-13,0.0,7.2908688313448e-07,6.185954471712506e-07,2.9878193690219206e-08,2.9242099323622136e-08,8.827590785020551e-07,4.420500314816911e-06
2016-05-14,0.0,0.0,9.303447430821669e-07,1.508923726448952e-07,3.609954004276446e-08,6.000979654922052e-07,3.2768546030990805e-06
2016-05-15,0.0,7.374769572630115e-07,6.219262337713704e-07,1.2192709296136238e-07,1.98885526101032e-08,7.743315289425004e-07,3.247262991590653e-06
2016-05-16,0.0,7.417824052059712e-07,9.355272479444205e-07,1.2315248061771096e-07,2.3436508534713168e-08,8.594003122505738e-07,2.985103100049594e-06
2016-05-17,0.0,7.461620320076054e-07,3.1275289957872946e-07,1.3918634762389617e-07,3.719893471070317e-08,7.396954652044691e-07,3.6491116899699928e-06
2016-05-18,0.0,0.0,6.273893174531433e-07,0.0,3.75727902198988e-08,9.904480819999375e-07,3.995279287592634e-06
2016-05-19,0.0,0.0,3.1394844332564604e-07,2.1299714753899305e-07,3.450036639947925e-08,5.284527505979388e-07,3.585285868025577e-06
2016-05-20,0.0,2.0033334281793347e-06,1.0749054526760525e-06,4.140486224304882e-08,1.3938840338503613e-08,7.170432897435446e-07,2.8840439941852046e-06
2016-05-21,0.0,0.0,1.0771839408179547e-06,8.364197605337683e-08,2.815785602573023e-08,7.191927983105079e-07,3.1594086366407387e-06
2016-05-22,0.0,0.0,3.5889759038246053e-07,1.6896518377592655e-07,8.87516824418428e-08,6.900483908106912e-07,3.445996629368108e-06
2016-05-23,0.0,1.0233063598329433e-06,3.5876975721705653e-07,8.533165605214087e-08,1.0956446316369195e-07,5.263473376781315e-07,4.0866833343277095e-06
2016-05-24,0.0,0.0,3.5867780132635014e-07,8.618925345303365e-08,9.05445853567971e-08,1.0234327277826788e-06,5.17539862748143e-06
2016-05-25,0.0,1.038243245672828e-06,3.586217135146755e-07,2.1763867462774087e-07,1.4226266999497718e-07,9.332728994802756e-07,4.8377147511812855e-06
2016-05-26,0.0,1.045867050375321e-06,1.4344059526928191e-06,1.7586078373738125e-07,9.237370731317137e-08,1.0411173456127968e-06,4.662982021715888e-06
2016-05-27,0.0,1.05359544265441e-06,3.58617123279387e-07,1.7762821399749468e-07,1.0366897611761421e-07,1.0802145460335492e-06,3.450827997634393e-06
2016-05-28,0.0,0.0,0.0,4.485335180675796e-08,9.423977998413677e-08,9.447525208643172e-07,4.6542726917746385e-06
2016-05-29,0.0,0.0,1.0762679540251067e-06,9.06082709734017e-08,6.345793701263505e-08,1.0190465674183732e-06,4.040983398542737e-06
2016-05-30,0.0,2.154831852333853e-06,3.588792248507574e-07,5.685657261730657e-08,8.546093317657152e-08,8.822938372984549e-07,2.770410564092731e-06
2016-05-31,0.0,0.0,1.7951917662401556e-06,1.1485598134388725e-07,9.710980856343562e-08,1.1063595475449471e-06,6.087591568256457e-06
2016-06-01,0.0,1.1018458167421886e-06,1.7922168846869187e-06,2.3209624621086735e-07,7.63053420181582e-08,1.258714469418552e-06,5.3763281559683664e-06
2016-06-02,0.0,1.1102796633042424e-06,3.5819493747189674e-07,1.1721442613244738e-07,1.3212381163689477e-07,1.1138958878010673e-06,4.658718910481833e-06
2016-06-03,0.0,1.118824538757863e-06,0.0,1.1839245069975334e-07,4.4483892673214244e-08,1.0427879017979032e-06,5.8177833647588685e-06
2016-06-04,0.0,0.0,3.578054966555101e-07,1.1958231461079002e-07,1.0109466726105205e-07,7.471742295052257e-07,4.194479919415188e-06
2016-06-05,0.0,0.0,7.153289127204085e-07,1.2078413685294e-07,9.076505382963911e-08,8.987420520195658e-07,5.458903608929687e-06
2016-06-06,0.0,1.1451339394435133e-06,1.4302367312343569e-06,1.8299705641414358e-07,6.875794333952286e-08,1.0511257208515196e-06,5.238534288958889e-06
2016-06-07,0.0,1.1541315877283524e-06,7.149793309464438e-07,6.161206913567221e-08,4.629931477229922e-08,9.771626830781875e-07,5.597047502433244e-06
2016-06-08,0.0,0.0,7.589418551205863e-07,1.244625614497741e-07,1.2860273420951915e-07,9.031179424797414e-07,5.371715891240251e-06
2016-06-09,0.0,0.0,0.0,1.2571343098806783e-07,8.977457869657364e-08,9.796906975536717e-07,5.900057016104743e-06
2016-06-10,0.0,0.0,1.8997768119451942e-06,3.8093061592266586e-07,6.045121880825668e-08,1.1320403007389888e-06,3.367699433393606e-06
2016-06-11,0.0,1.0718540120373428e-06,3.8025456052249297e-07,1.282530107533879e-07,1.0685283640101218e-07,8.462899218562506e-07,4.758117728741755e-06
2016-06-12,0.0,0.0,3.8059178442887926e-07,1.9376935577689058e-07,1.0792672526025963e-07,5.520605202222533e-07,4.765585299489146e-06
2016-06-13,0.0,0.0,0.0,6.505952417358398e-08,1.245844650079684e-07,9.940464666905948e-07,5.6131215833026e-06
2016-06-14,0.0,1.1044968264401474e-06,3.38651672881617e-07,3.276788454741912e-07,1.1010698973521639e-07,1.2154797141131055e-06,7.250676428921376e-06
2016-06-15,0.0,1.1076415437200403e-06,6.790567001783763e-07,0.0,1.2710123814764585e-07,8.10756863799866e-07,6.41660915462322e-06
2016-06-16,0.0,1.1029413657075792e-06,1.0170046104756257e-06,0.0,2.2466259694836e-07,9.110101500475397e-07,5.7073772198832184e-06
2016-06-17,0.0,0.0,3.3850862399741376e-07,2.010120582868951e-07,1.620860668466101e-07,9.674523577832799e-07,5.998081237336224e-06
2016-06-18,0.0,2.1877428717152224e-06,3.380495623141101e-07,2.0252031361061103e-07,3.274301178008683e-08,4.83860779394023e-07,5.9362585636559186e-06
2016-06-19,0.0,1.0895007770195612e-06,3.3762430586874677e-07,2.0404882113445546e-07,1.4882438033692015e-07,7.727088341835534e-07,6.477129834889248e-06
2016-06-20,0.0,0.0,0.0,6.853257790348487e-08,1.6702232247278221e-07,9.095533319440053e-07,7.120588445806388e-06
2016-06-21,0.0,0.0,1.0106251258924342e-06,1.3811147082077124e-07,1.349607397763356e-07,9.915230885656218e-07,7.33310671180055e-06
2016-06-22,0.0,1.0770408125743695e-06,6.731019191557825e-07,6.958579854837403e-08,2.2151531636144735e-07,7.696421510693144e-07,6.8454225729815925e-06
2016-06-23,0.0,0.0,0.0,0.0,1.2047623662446735e-07,1.3114488577884449e-06,6.868466370487728e-06
2016-06-24,0.0,0.0,0.0,1.413337088810111e-07,6.953545310412287e-08,1.5374131658365874e-06,6.324237980850238e-06
2016-06-25,0.0,1.0655502575629306e-06,3.213944629660856e-07,2.848718212045551e-07,1.0535144403913894e-07,9.154734190628846e-07,6.000505831347903e-06
2016-06-26,0.0,0.0,8.993066450986071e-07,1.4355235603330113e-07,1.773504060904845e-07,1.0836100696502243e-06,4.049676451095065e-06
2016-06-27,0.0,0.0,1.1998770180754291e-06,1.4395834797439543e-07,2.3287264949538054e-07,1.0722819270089765e-06,7.793499260645089e-06
2016-06-28,0.0,0.0,9.005988735408173e-07,2.1656810380537927e-07,2.1711974633736187e-07,1.2892802505942413e-06,7.347906381858652e-06
2016-06-29,0.0,0.0,6.009200294419461e-07,1.4408875291485325e-07,1.2720534511352075e-07,1.2174043989170595e-06,6.783543596688776e-06
2016-06-30,0.0,1.0485258766229778e-06,3.007504511801965e-07,2.1571976843222927e-07,2.0078178293500881e-07,1.1440416493067652e-06,6.099264998692003e-06
2016-07-01,0.0,1.0447827769483494e-06,0.0,1.437737330648757e-07,1.2849232067406012e-07,1.474567704852237e-06,5.151740711434157e-06
2016-07-02,0.0,0.0,8.975127711414972e-07,2.152897718522889e-07,1.1064298080498699e-07,8.758229931841116e-07,7.4981326996818645e-06
2016-07-03,0.0,0.0,5.962231991302446e-07,2.149404732638583e-07,1.6674112670516568e-07,1.2071340465603378e-06,6.168754077941659e-06
2016-07-04,0.0,0.0,2.9708208682479596e-07,1.4307511260124777e-07,1.8614939606052534e-07,1.1001201744573882e-06,6.300668000148617e-06
2016-07-05,0.0,0.0,2.960822825407214e-07,5.000480939664461e-07,1.309346420581406e-07,1.3771368575685407e-06,7.585223441678797e-06
2016-07-06,0.0,1.0309087851630377e-06,5.902241734632737e-07,1.4243896643141374e-07,2.067651149885072e-07,1.2689203149468232e-06,6.341165291448319e-06
2016-07-07,0.0,0.0,0.0,7.101064644387851e-08,2.0779646914088286e-07,1.8236110114193116e-06,7.87151640357507e-06
2016-07-08,0.0,1.0260827003003197e-06,5.432718041420177e-07,3.540445539793512e-07,1.8986236646666988e-07,9.410682714485848e-07,8.25276254597062e-06
2016-07-09,0.0,1.0158730068452292e-06,5.390573525088394e-07,3.521638699061586e-07,1.7175405446193545e-07,1.0811060319940237e-06,4.338970289915959e-06
2016-07-10,0.0,1.0057649015373863e-06,5.348968070601277e-07,7.006368050268548e-08,1.5346591524661604e-07,9.75174530446779e-07,6.815066712270373e-06
2016-07-11,0.0,0.0,4.731251295057597e-07,0.0,1.3354921925505202e-07,1.7376909339815625e-06,6.819735917212224e-06
2016-07-12,0.0,0.0,7.044673892685061e-07,4.160788596953799e-07,1.8975588243218844e-07,1.8325975605006218e-06,7.914922086990539e-06
2016-07-13,0.0,0.0,0.0,2.7599317794667087e-07,2.2649537000995431e-07,1.3908845391473685e-06,7.878201913045042e-06
2016-07-14,0.0,9.66328295667197e-07,4.6282507085075717e-07,0.0,9.387763784459592e-08,1.336711956161953e-06,5.53852108016159e-06
2016-07-15,0.0,0.0,9.189694737161001e-07,2.049677872816305e-07,1.86783185387454e-07,1.5842647177384614e-06,5.623836362471858e-06
2016-07-16,0.0,0.0,4.561903517219339e-07,1.3599002318642506e-07,9.2914886779954e-08,1.1332240016625582e-06,7.703096563278336e-06
2016-07-17,0.0,0.0,4.529415860011499e-07,2.030226809511108e-07,1.294264614052037e-07,1.248438038256384e-06,6.11488315261141e-06
2016-07-18,0.0,0.0,2.2486905740820926e-07,2.020806295598652e-07,1.2878502407246804e-07,1.5914875703085524e-06,6.45649423452912e-06
2016-07-19,0.0,9.191999085662638e-07,0.0,2.0006989369967174e-07,1.0984839887096645e-07,1.5942131511013448e-06,8.440666320602806e-06
2016-07-20,0.0,0.0,4.4346577915341786e-07,2.6410555332743167e-07,2.1864123836534746e-07,1.3108271321027836e-06,7.1939721844725275e-06
2016-07-21,0.0,9.009985308803424e-07,4.1156397632029946e-07,6.536941479101393e-08,3.264113149422003e-07,1.088020848527577e-06,7.795044274201537e-06
2016-07-22,0.0,0.0,1.022063527219948e-06,1.2943795649224753e-07,1.62446706869942e-07,1.9118271762089914e-06,6.080678409334907e-06
2016-07-23,0.0,0.0,2.030638641687183e-07,1.2815002730598172e-07,1.0780266738322903e-07,1.1830484179471352e-06,8.529826246030996e-06
2016-07-24,0.0,0.0,2.0173532944908432e-07,1.2687491322923854e-07,1.073183105430709e-07,1.3743535702753482e-06,6.717797335106837e-06
2016-07-25,0.0,0.0,4.008539368610172e-07,1.2561248674954773e-07,7.122979041559952e-08,1.2419921184489132e-06,6.464779304306853e-06
2016-07-26,0.0,8.57056314005297e-07,3.9827730055159796e-07,1.8654393243481396e-07,1.7730290876887925e-07,1.905400404566344e-06,6.522160778351637e-06
2016-07-27,0.0,8.485284611946191e-07,3.957404923041327e-07,1.8468778929400362e-07,1.7654907193738955e-07,1.5762007288244137e-06,5.7140831340488425e-06
2016-07-28,0.0,8.4008546193717e-07,3.9180280861352054e-07,6.095003836200988e-08,1.4065031212817459e-07,8.470766051617285e-07,6.875589787984573e-06
2016-07-29,0.0,0.0,6.480396737779136e-07,1.810307260419399e-07,1.5665717040667633e-07,1.1897825395475114e-06,6.285039824537586e-06
2016-07-30,0.0,0.0,2.143050858858402e-07,2.3897258696175174e-07,1.7233156168527224e-07,1.4780093851888195e-06,5.8065722542410266e-06
2016-07-31,0.0,0.0,0.0,1.1829738499604543e-07,1.876785173958621e-07,1.0482577020271094e-06,7.04173677471587e-06
2016-08-01,0.0,0.0,6.327763089739965e-07,1.595094860384327e-07,1.1832365487989044e-07,1.3856814697464068e-06,6.9288699718463946e-06
2016-08-02,0.0,8.064809768049657e-07,8.371252004524463e-07,2.1056312017835408e-07,1.0041112700779668e-07,2.448738673287972e-06,8.524589173026703e-06
2016-08-03,0.0,0.0,2.0765809220597065e-07,1.0423399106314276e-07,9.941201960063571e-08,1.28534602776807e-06,7.350568651392371e-06
2016-08-04,0.0,1.0991947770809048e-06,6.181669508432979e-07,2.579921138076919e-07,1.312304713043712e-07,1.6836496994353307e-06,6.642137074246786e-06
2016-08-05,0.0,0.0,1.6123098441004282e-07,5.108500987678036e-08,1.1368411801050299e-07,1.5247331633972272e-06,6.552291504710408e-06
2016-08-06,0.0,0.0,4.802996073546582e-07,1.5173011660674303e-07,1.1255294213621929e-07,1.1475838578935715e-06,5.485247211039074e-06
2016-08-07,0.0,0.0,4.769542918401746e-07,1.0014691781416519e-07,9.551401855709455e-08,1.590487879755177e-06,6.120839645417081e-06
2016-08-08,0.0,0.0,1.5788555738411266e-07,1.9830087866481168e-07,1.418454572897496e-07,1.3733803852602862e-06,7.540955261354027e-06
2016-08-09,0.0,0.0,3.1360427901762137e-07,1.963277519544108e-07,4.6811357135930444e-08,1.5137974238901997e-06,6.704794876971285e-06
2016-08-10,0.0,0.0,6.229376079125138e-07,9.718712909140613e-08,1.08139678150002e-07,1.4122693090533732e-06,6.073898823391717e-06
2016-08-11,0.0,0.0,3.093644760348462e-07,9.62201009995056e-08,1.376532904809832e-07,1.5201179664883874e-06,6.235849661503992e-06
2016-08-12,0.0,2.8271542677460465e-07,0.0,1.5402418604020912e-07,1.0599836905445147e-07,1.6247095061340722e-06,4.6329380429384e-06
2016-08-13,0.0,0.0,3.052484229673997e-07,5.090474212113128e-08,1.199356201829059e-07,1.3101837066592857e-06,5.975228816873425e-06
2016-08-14,0.0,0.0,1.5161814310631353e-07,0.0,7.421390051418084e-08,9.957891116056263e-07,5.492894344059284e-06
2016-08-15,0.0,0.0,1.506272366695867e-07,1.5013999218956768e-07,1.9103619565144926e-07,1.5201161784654902e-06,5.791802631507792e-06
2016-08-16,0.0,0.0,2.993027861640999e-07,1.1614620446220114e-07,1.1639098691987134e-07,1.1526564374920394e-06,5.846487090561747e-06
2016-08-17,0.0,2.689272327082809e-07,4.4607154427559393e-07,1.920370362437354e-07,1.1523287724992021e-07,1.04748777993173e-06,6.4071316625962205e-06
2016-08-18,0.0,0.0,0.0,5.4387003695787916e-08,6.698329394843633e-08,1.2834966836588735e-06,5.981621470454175e-06
2016-08-19,0.0,0.0,0.0,0.0,1.1052799839603509e-07,1.4703132635708382e-06,4.682749747541833e-06
2016-08-20,0.0,2.609792318313115e-07,0.0,5.36252470301753e-08,7.6599758505636e-08,7.513950524729128e-07,5.435637774340509e-06
2016-08-21,0.0,0.0,2.0436439648177214e-07,2.6626215730259912e-08,3.250181921731344e-08,1.0621991021608817e-06,5.260275573201484e-06
2016-08-22,0.0,0.0,1.0172072655873257e-07,1.0576988235677516e-07,1.1798754261303782e-07,1.2063230733597164e-06,4.7546878105137585e-06
2016-08-23,0.0,0.0,1.0126942703400248e-07,2.6261369717222046e-08,1.1681354694851099e-07,9.49069751284568e-07,6.543902553896899e-06
2016-08-24,0.0,0.0,2.0165650907273452e-07,7.824868501231975e-08,2.102749686109526e-08,1.1465151775978143e-06,5.370677970918848e-06
2016-08-25,0.0,0.0,1.003971649482095e-07,4.454088924783402e-08,8.327307908595405e-08,9.022650005466997e-07,4.717253833075561e-06
2016-08-26,0.0,0.0,1.9995223032042238e-07,6.640006068496968e-08,9.27500603679339e-08,1.4592306457146233e-06,4.513866161865015e-06
2016-08-27,0.0,0.0,2.986951892011277e-07,6.599542755959037e-08,1.1223322225805344e-07,1.3836421130833272e-06,4.312902618084382e-06
2016-08-28,0.0,0.0,5.592113788022497e-08,1.641092204318897e-08,8.08119876637958e-08,1.4285506970455322e-06,5.550565024903754e-06
2016-08-29,0.0,0.0,1.4133139292650515e-07,3.266941544284644e-08,5.0004934344675536e-08,1.7271467330252678e-06,5.402572404037804e-06
2016-08-30,0.0,0.0,2.125745376780118e-07,6.504050753616768e-08,3.707667295465148e-08,1.3657215271297582e-06,4.639144348914716e-06
2016-08-31,0.0,0.0,1.4211549573145318e-07,4.856151621869752e-08,2.5695427726307482e-08,1.0275228498698534e-06,4.898080533736692e-06
2016-09-01,0.0,0.0,1.423417036782705e-07,6.444123789795511e-08,4.357863869477732e-08,9.73392689876944e-07,4.310921107010991e-06
2016-09-02,0.0,0.0,2.141531162785759e-07,3.208121780263653e-08,3.23587679960845e-08,1.9757602442658968e-06,3.6143312005415657e-06
2016-09-03,0.0,0.0,7.160503084327844e-08,6.389004960962042e-08,3.9156080180373895e-08,1.3106664864408088e-06,3.6755944288229274e-06
2016-09-04,0.0,0.0,0.0,1.5906013168042656e-08,1.762112303311285e-08,1.5837813753977701e-06,3.7351985682538263e-06
2016-09-05,0.0,0.0,0.0,7.920552274126033e-08,2.7913263887051215e-08,6.490225162954969e-07,4.5533894041474485e-06
2016-09-06,0.0,0.0,2.892402492715814e-07,6.311112020846906e-08,4.490772369000404e-08,1.3380696594046504e-06,4.327362545825962e-06
2016-09-07,0.0,0.0,0.0,1.9240090541756514e-08,3.762074831590483e-08,1.1022366977671821e-06,4.823211634244958e-06
2016-09-08,0.0,0.0,3.640809973420562e-07,3.400854916622745e-08,6.772075566487431e-09,9.749099225797068e-07,4.513433991836412e-06
2016-09-09,0.0,0.0,7.3080177729674e-08,1.472157461470208e-08,3.3523461443688424e-08,8.376343989862609e-07,3.6849063560809457e-06
2016-09-10,0.0,0.0,7.335146406961009e-08,9.913019266214589e-09,2.323292820031426e-08,1.447457987164382e-06,3.6212355955692817e-06
2016-09-11,0.0,0.0,1.472601712341591e-07,5.006323383074311e-09,2.3001756702227488e-08,1.2220065695155071e-06,5.078145888177743e-06
2016-09-12,0.0,0.0,7.391607023446935e-08,3.0339826617309515e-08,3.578596276982436e-08,8.680295610149415e-07,3.479971611251715e-06
2016-09-13,0.0,0.0,7.420944652047951e-08,2.0429831296078776e-08,5.380496463742061e-08,9.49612499375238e-07,4.403630305729508e-06
2016-09-14,0.0,0.0,1.4902048762596628e-07,1.0317577257052866e-08,3.571512328871381e-08,1.2010280302127997e-06,4.587528471221221e-06
2016-09-15,0.0,0.0,2.2445547657588046e-07,1.563190594858509e-08,2.6672881270929088e-08,7.673004242690818e-07,5.234288550426244e-06
2016-09-16,0.0,0.0,1.070823933078596e-07,3.157801843042474e-08,3.5416116514236516e-08,1.2709802187101118e-06,5.21671286412052e-06
2016-09-17,0.0,0.0,5.336010912421158e-08,1.0631794263945815e-08,1.3143860972701424e-08,9.578806020897346e-07,3.1735346259073285e-06
2016-09-18,0.0,0.0,1.5955307294961808e-07,1.6107968359054455e-08,6.637979485804075e-09,8.227202999599212e-07,4.290868979636457e-06
2016-09-19,0.0,0.0,1.5904177396685772e-07,5.423285377483149e-09,1.0727507661980296e-08,8.182623526488521e-07,4.098925921342362e-06
2016-09-20,0.0,0.0,1.0569758619601952e-07,1.6433370905015937e-08,1.760739647286732e-08,9.852307022033429e-07,4.773374304933343e-06
2016-09-21,0.0,1.2638656345866824e-07,5.268894646375089e-08,2.219201276133081e-08,1.5048299326361933e-08,9.119905891710596e-07,2.275558945117271e-06
2016-09-22,0.0,0.0,1.5760310630413803e-07,1.1207523098758085e-08,1.658131336246303e-08,1.0803641835117232e-06,3.7565255232997195e-06
2016-09-23,0.0,0.0,1.0477008910599341e-07,1.1320160578500275e-08,1.2560968749173048e-08,1.1181386548754286e-06,2.2386714866557458e-06
2016-09-24,0.0,1.3023560734678858e-07,5.224095888605705e-08,1.1433930083733818e-08,1.1277518741192224e-08,1.083623182092724e-06,2.7218437583988484e-06
2016-09-25,0.0,0.0,1.5630629207562088e-07,2.309768598300807e-08,1.1390859688836044e-08,9.28412169220091e-07,3.558701167665296e-06
2016-09-26,0.0,0.0,1.0393689216835586e-07,2.3329821586394954e-08,1.2943507198433803e-08,1.0449811148454446e-06,3.7002087604778403e-06
2016-09-27,0.0,0.0,1.0367998339546236e-07,3.534643528707307e-08,1.1620970318607286e-08,1.1729178402215033e-06,3.0118518714712336e-06
2016-09-28,0.0,0.0,1.5515016406096302e-07,4.760223049005053e-08,1.3204983388488125e-08,7.163886649213881e-07,3.3279228283820218e-06
2016-09-29,0.0,0.0,0.0,7.212096129008194e-08,1.630162805074967e-08,6.782512173285488e-07,3.3566151262623056e-06
2016-09-30,0.0,0.0,0.0,7.284578900131807e-08,1.3471741747966637e-08,5.336850226332025e-07,1.9035594782018338e-06
2016-10-01,0.0,1.4174035016977473e-07,5.122424492629487e-08,4.847477324755949e-08,1.3573732738721306e-08,6.651618095718259e-07,2.1620856469898332e-06
2016-10-02,0.0,0.0,1.0224379926921994e-07,1.2120842213118963e-08,7.616750567056276e-09,6.952085787481358e-07,1.881559032185118e-06
2016-10-03,0.0,3.9855538324100027e-07,1.530739997264708e-07,2.4248406417340207e-08,1.5386600365787249e-09,5.360026571415425e-07,1.549600805160475e-06
2016-10-04,0.0,0.0,0.0,6.064388317322821e-08,1.2432990616256584e-08,5.033903867885357e-07,1.5485704427477482e-06
2016-10-05,0.0,0.0,1.5253649631496146e-07,2.4269125896783997e-08,1.2557944249305857e-08,6.660826494783777e-07,1.689685402733418e-06
2016-10-06,0.0,0.0,0.0,1.2141562728545361e-08,3.1710384218112627e-09,4.836200675250292e-07,1.4279718685813002e-06
2016-10-07,0.0,1.3375448501030881e-06,0.0,4.859910670035832e-08,1.2811631551123128e-08,4.1776794282857977e-07,1.7663684970381966e-06
2016-10-08,0.0,0.0,0.0,8.511443926598307e-08,8.087744118020446e-09,3.4167057811619004e-07,1.4119641931238479e-06
2016-10-09,0.0,6.822825242105283e-07,6.519035227348625e-08,1.216985047445638e-08,9.802832757288658e-09,3.991014873211393e-07,1.3227888620747732e-06
2016-10-10,0.0,0.0,1.5983610805870129e-07,1.2181712334675623e-08,6.600901909598378e-09,5.510928243505749e-07,1.953169056321847e-06
2016-10-11,0.0,6.960655454764185e-07,3.2062881731595025e-07,6.358591319937636e-08,1.1667673634218079e-08,4.180763242852229e-07,1.8679793631565852e-06
2016-10-12,0.0,0.0,2.0473544886417226e-07,1.5947980392873183e-08,8.417811216946794e-09,3.991183999839487e-07,1.5268785622620952e-06
2016-10-13,0.0,7.101270022414967e-07,1.0284366640059114e-07,6.400430918892638e-08,1.3603858601856152e-08,4.591410446633402e-07,1.6025781436850656e-06
2016-10-14,0.0,7.172638972650033e-07,2.0665978564287915e-07,0.0,1.3740579653794203e-08,4.5949864056508585e-07,1.392552870455473e-06
2016-10-15,0.0,0.0,3.7736941900172864e-07,6.444830775555415e-08,8.674171734467596e-09,1.9949081163298526e-07,1.472030206624948e-06
2016-10-16,0.0,7.317535891425695e-07,2.5303496787898917e-07,1.6169990776243736e-08,1.7522697219431525e-08,3.767438430302722e-07,1.3527224353581058e-06
2016-10-17,0.0,1.4782156699557842e-06,3.817734401967155e-07,1.6229521626151593e-08,1.4159042603401681e-08,3.7449281865612953e-07,1.3926950244109723e-06
2016-10-18,0.0,0.0,2.5506569118401405e-07,1.6290675441746713e-08,8.938339592073576e-09,3.3309195504688563e-07,1.8399783006332762e-06
2016-10-19,0.0,1.5080776073374395e-06,1.2782063117594576e-07,3.270691667692323e-08,9.028171398428949e-09,3.701028973303538e-07,1.7541165468443436e-06
2016-10-20,0.0,7.616170196335367e-07,5.124847957180787e-07,3.283575318927659e-08,1.6414030853005804e-08,3.1017538360554753e-07,1.6312067153715741e-06
2016-10-21,0.0,1.5385427958699995e-06,5.137383156390184e-07,4.945180995646812e-08,1.2894773582135822e-08,2.5404545465610823e-07,1.2897713069661302e-06
2016-10-22,0.0,0.0,5.150432098196385e-07,1.6551645117075664e-08,9.303120150820572e-09,2.707261744980201e-07,1.4112451142621386e-06
2016-10-23,0.0,0.0,1.2909990218761118e-07,6.648403504120033e-08,1.6913912512932743e-08,2.0582264122014804e-07,1.2892082630786412e-06
2016-10-24,0.0,0.0,2.589038240362302e-07,8.346017259125706e-08,1.1389266773156478e-08,3.583809830341019e-07,1.2882642007325503e-06
2016-10-25,0.0,0.0,3.8945060144309336e-07,3.35294589871293e-08,1.533830774292382e-08,3.5660818232990005e-07,1.3679145262475947e-06
2016-10-26,0.0,8.087127859178439e-07,2.6038960814435265e-07,0.0,9.682787686580368e-09,3.8866828490692513e-07,1.228019416532189e-06
2016-10-27,0.0,8.168404845394213e-07,0.0,5.074546902647804e-08,7.824081056536823e-09,3.0271662047341044e-07,1.4966811943527934e-06
2016-10-28,0.0,8.250498678901553e-07,6.549488789191015e-07,3.398580651650206e-08,2.5683821729914042e-08,3.6824129633959145e-07,1.6887689575292526e-06
2016-10-29,0.0,2.500025270745666e-06,2.6281378013763873e-07,3.4144698957658675e-08,9.977672472946026e-09,1.5539672866785492e-07,1.458805658976676e-06
2016-10-30,0.0,8.417169808104342e-07,1.3183714515233143e-07,3.430700589716506e-08,8.06235979872819e-09,2.940215145955657e-07,1.1115885635916303e-06
2016-10-31,0.0,8.501763771051607e-07,0.0,6.894548713170087e-08,1.83226226890457e-08,3.0269463949595384e-07,1.6841215925161748e-06
2016-11-01,2.9616218898160745e-07,8.643317038825133e-07,1.3255549817971995e-07,3.464423273364159e-08,1.6446234013044197e-08,2.4117628563745467e-07,1.3677529328596715e-06
2016-11-02,0.0,8.730183819226763e-07,3.990743868498622e-07,8.704223352708774e-08,8.141295625207161e-09,3.1555712992169823e-07,1.6209168728804615e-06
2016-11-03,0.0,0.0,1.335073956439375e-07,8.74825895159596e-08,1.410550466541856e-08,3.3264472390060267e-07,1.5808368807048937e-06
2016-11-04,3.051816704216957e-07,0.0,2.680066930441505e-07,1.7586338767337098e-08,1.3965152548945761e-08,3.0420197234497835e-07,1.320910320033173e-06
2016-11-05,0.0,0.0,2.6902539569307e-07,8.838959140007167e-08,1.5801367953560597e-08,2.4832639218966115e-07,1.5083917543992305e-06
2016-11-06,0.0,9.086469379731269e-07,0.0,3.554253119850245e-08,1.7599659429861114e-08,2.0578761514906485e-07,1.5815664309152276e-06
2016-11-07,3.1447583596554416e-07,2.7533369745608235e-06,4.571470121362294e-07,5.359917017957243e-08,1.3552419916447976e-08,2.2973586508752945e-07,1.8655294840527051e-06
2016-11-08,3.1763637066093133e-07,0.0,3.4514521956447394e-07,7.18532046974337e-08,1.9167958693111768e-08,3.0012515872626044e-07,9.885140215948796e-07
2016-11-09,0.0,9.28057077761491e-07,4.6328625978180553e-07,5.418602590183882e-08,1.518178745394098e-08,4.125622957829701e-07,1.022771003562759e-06
2016-11-10,0.0,1.8666701426846465e-06,1.1660630562242432e-07,7.192495028702563e-08,9.394203840493421e-09,3.2512007101621585e-07,1.4214366674678855e-06
2016-11-11,0.0,0.0,4.696108281085269e-07,1.7902264648308137e-08,1.6741313910875347e-08,2.949751988184411e-07,2.0003663335439037e-06
2016-11-12,0.0,9.441715984959984e-07,1.1821084880037774e-07,5.347524589872989e-08,1.47330978259598e-08,2.6521388396574804e-07,1.1615083830214077e-06
2016-11-13,0.0,0.0,0.0,1.064980908433762e-07,1.0939875789901297e-08,1.9421092290556565e-07,1.7026975153350845e-06
2016-11-14,0.0,1.9107716137563892e-06,1.19862677894017e-07,7.070422652475046e-08,1.263619257486638e-08,3.7225384159935376e-07,1.444577295674131e-06
2016-11-15,0.0,1.9222718748052946e-06,1.2070653039869612e-07,5.2812597226617205e-08,2.1446503470803885e-08,2.0555292881162095e-07,1.8362483469369878e-06
2016-11-16,0.0,0.0,4.862498146280169e-07,7.013640781787318e-08,1.061655359788517e-08,2.72424964413332e-07,1.0410683093995406e-06
2016-11-17,0.0,9.72925126264985e-07,1.224305332619804e-07,5.239727477461431e-08,1.576637568686302e-08,3.385082497516237e-07,1.4172392516577714e-06
2016-11-18,0.0,9.789653635315806e-07,2.4662171204461713e-07,1.7399161152321916e-08,1.387510900231614e-08,2.422937844674271e-07,1.703568196348831e-06
2016-11-19,0.0,1.970206996300673e-06,3.726105299129951e-07,6.933721590821455e-08,1.3737049360994679e-08,1.4720802475747135e-07,1.2592875078000502e-06
2016-11-20,0.0,2.97402043181949e-06,5.00434337496754e-07,5.4570205097562976e-08,1.8700499724578233e-08,1.8627935021676494e-07,1.3476930482986323e-06
2016-11-21,3.617333144848888e-07,1.978828116861378e-06,1.2602616974007357e-07,4.085178041375755e-08,2.6930075117592788e-08,3.0429272821176494e-07,1.5447079597262016e-06
2016-11-22,0.0,1.97517383030381e-06,0.0,4.0779992216427515e-08,8.331911372820423e-09,3.0258552487952966e-07,1.2534999631963085e-06
2016-11-23,3.6904081216980343e-07,0.0,5.115969666296646e-07,2.7141521368201714e-08,8.249007469473661e-09,2.8782559859750564e-07,1.2174248266360026e-06
2016-11-24,3.7274973399298703e-07,9.842287342980418e-07,2.5770983103525263e-07,5.419819086707981e-08,9.80031416849765e-09,2.472162092056366e-07,1.4926375331782577e-06
2016-11-25,3.7649593110019577e-07,0.0,2.5964694995353535e-07,0.0,8.085666177675598e-09,2.458804869039985e-07,1.2579150500942697e-06
2016-11-26,3.802797781142621e-07,9.647396995893276e-07,1.308050168915933e-07,2.702236938896097e-08,1.6010424909917992e-08,2.1882521045006214e-07,1.536076546243558e-06
2016-11-27,0.0,9.55140379189636e-07,3.953989182513379e-07,2.6988061606375445e-08,1.1095782964222494e-08,2.3047832458136778e-07,1.3020571461462853e-06
2016-11-28,7.759238784344951e-07,1.891273147247633e-06,3.9699022021448877e-07,1.3478226326220343e-08,1.412405753020114e-08,2.8342130008651074e-07,1.4344682366150221e-06
2016-11-29,3.9186102152867875e-07,9.362273325033924e-07,3.9718911569575476e-07,9.424638778182234e-08,1.8644694412852426e-08,2.9738618872471253e-07,1.370878974037636e-06
2016-11-30,0.0,1.8538234297928215e-06,5.299036405594432e-07,2.6659605872815087e-08,6.153058867916197e-09,2.0529678870860308e-07,1.5922731182921013e-06
2016-12-01,4.193466495816205e-07,9.071026809677148e-07,2.6280196796436653e-07,3.942070843160561e-08,1.9702459881694942e-08,2.3781143021522182e-07,1.4042452997810274e-06
2016-12-02,0.0,8.980768584855105e-07,2.615859844135056e-07,3.902846582898557e-08,4.501480876228092e-09,3.348469746454002e-07,1.259297991525934e-06
2016-12-03,0.0,0.0,5.2079231935815e-07,5.1520168140629666e-08,2.2283451965673404e-08,3.1030896801690635e-07,1.4182913986274036e-06
2016-12-04,0.0,1.7605874904299921e-06,5.156103491983801e-07,7.651130085353937e-08,1.3237036748383516e-08,3.2564360823047264e-07,1.1142304889950438e-06
2016-12-05,1.3093815330180915e-06,0.0,1.2761998512580168e-07,2.525000022999308e-08,1.1649178695172203e-08,2.590092736788271e-07,1.6033592790905476e-06
2016-12-06,0.0,0.0,6.317507252843562e-07,4.999751705974222e-08,1.0091609001660892e-08,2.1294894369302223e-07,1.5982905528424575e-06
2016-12-07,4.4527759819711494e-07,0.0,2.216187764288807e-07,2.4750016726434482e-08,4.281941063295417e-09,2.1316156479312101e-07,1.6138612475495269e-06
2016-12-08,4.4975271245783307e-07,8.457769337544142e-07,2.194136327591074e-07,2.450374994529559e-08,9.891781754958517e-09,2.226735675415662e-07,1.0704231309501867e-06
2016-12-09,0.0,8.373613126524389e-07,3.25845645953183e-07,3.638990033935662e-08,1.2591458848259653e-08,2.5001821673516425e-07,1.469251413668181e-06
2016-12-10,4.5883831993014947e-07,8.290294283795322e-07,3.5539064986307954e-07,1.2009271593709605e-08,6.925650966321646e-09,1.6031852705959176e-07,8.201152094603253e-07
2016-12-11,0.0,8.207804477403237e-07,2.3500680612484275e-07,4.755910937920322e-08,1.0970783340498417e-08,1.9076169503154303e-07,1.1467540296894285e-06
2016-12-12,0.0,0.0,2.3311001321741803e-07,1.177147208353466e-07,1.08616222223586e-08,2.1128676450916548e-07,1.0213665406605993e-06
2016-12-13,9.456240542472736e-07,4.022639529755949e-06,3.4685479725836103e-07,6.992606387571878e-08,9.409353866055852e-09,3.1258744366014784e-07,1.1105355987169911e-06
2016-12-14,4.775638669956335e-07,0.0,1.1469308681978918e-07,4.6153525276592714e-08,1.0646547692315071e-08,2.5266664259001773e-07,1.0812983836655943e-06
2016-12-15,0.0,1.5771943721032366e-06,1.2252263656018198e-07,4.569429002702864e-08,7.905459579584345e-09,2.431410277841551e-07,1.1927322507332393e-06
2016-12-16,4.872112970573047e-07,2.342251538836399e-06,3.651245288415136e-07,2.2619812122272994e-08,1.5653597884956495e-08,2.4374639298728994e-07,1.0936742955607924e-06
2016-12-17,4.921078519980248e-07,0.0,4.836235476795159e-07,2.239474123109379e-08,1.2914868319647922e-09,1.629174220218974e-07,7.332511884226459e-07
2016-12-18,1.4911608544021082e-06,2.2958718509181444e-06,1.2011568824870062e-07,5.542977458175012e-08,6.393181616379912e-09,1.939823294588211e-07,8.947356781573644e-07
2016-12-19,1.5061472701382201e-06,1.5153516962072694e-06,4.773500049857756e-07,4.390259128753245e-08,7.595482075710203e-09,2.9689836532504663e-07,1.3859948146138558e-06
2016-12-20,1.4911608544021082e-06,3.750684237253817e-06,1.1655028996215616e-06,5.433219150672397e-08,1.6919787974178767e-08,2.3575648699178217e-07,1.2635181390938473e-06
2016-12-21,9.842157039960497e-07,7.426728611077533e-07,3.8656729581525744e-07,1.0758315433692005e-08,1.4116195040311778e-08,1.950105746755378e-07,1.5467614917554216e-06
2016-12-22,4.872112970573047e-07,7.352831426697501e-07,8.975686583306713e-07,2.1302536813095758e-08,1.1188067828664845e-08,2.877888510025851e-07,1.0171392262509479e-06
2016-12-23,0.0,1.4559339063175038e-06,5.139646250539122e-07,1.0545286515120494e-08,8.071792699779951e-09,2.8822247634509234e-07,1.2008670975093541e-06
2016-12-24,9.55127733991267e-07,0.0,6.846192387593158e-07,1.044035916113239e-08,4.891749339048905e-09,1.958933414047494e-07,1.3424669273491839e-06
2016-12-25,0.0,2.140656725092108e-06,6.84020773274476e-07,2.5096105957875813e-08,1.4822736711720647e-08,2.2720990343757926e-07,1.1107191257993946e-06
2016-12-26,2.340537344241819e-06,3.5322613913191343e-06,6.834907104369826e-07,7.480458027247699e-08,1.996227692309076e-08,2.2378384561352977e-07,1.1998500349337248e-06
2016-12-27,9.268994434201326e-07,4.89596072452776e-06,6.830289972401107e-07,3.716416159584557e-08,1.8482659379752566e-08,3.69685650121817e-07,1.6768154231295345e-06
2016-12-28,1.8353532797205979e-06,5.698660438710681e-07,1.0239533812682331e-06,4.923966600344331e-08,1.6971284722435315e-08,3.9881017862232524e-07,1.786205401188994e-06
2016-12-29,1.3628184070937757e-06,5.641957819938471e-07,1.0234656628677245e-06,2.4466020276696357e-08,1.0285109381717266e-08,2.473325714298899e-07,1.4198946907425607e-06
2016-12-30,8.995054249156661e-07,1.1171638803299805e-06,6.82053527924262e-07,2.021359401632094e-08,1.385130193264329e-08,2.8079807064532265e-07,1.6459256822099246e-06
2016-12-31,1.3358327945913448e-06,2.212095827982545e-06,1.7046620496447005e-07,2.0151965746982924e-08,1.0492882373549713e-08,2.527037185648675e-07,1.4137392987315933e-06
2017-01-01,1.3041466482509335e-06,1.593063729585505e-06,1.6664970858270867e-07,1.9553826692764747e-08,2.2312815850244406e-08,3.232967202096246e-07,1.5924106358070855e-06
2017-01-02,0.0,3.6801624547985707e-06,9.99821476828496e-07,2.599702242241829e-08,1.560258233837836e-08,2.1002021407891169e-07,1.5893356941381372e-06
2017-01-03,1.2783228144130167e-06,1.5615189542328239e-06,9.998446851416103e-07,3.240609455632094e-08,2.1012521197098072e-08,2.6949334502242644e-07,1.439686109082947e-06
2017-01-04,0.0,2.0613087747125092e-06,8.333065656303712e-07,1.939149103264788e-08,2.8298267394651373e-08,3.3081763901603836e-07,1.5375596745643348e-06
2017-01-05,8.353402178302645e-07,2.550998012137276e-06,3.333970233308218e-07,3.22354408279435e-08,1.7864168568850054e-08,2.0138642729954573e-07,1.3394518466870384e-06
2017-01-06,1.2405426656802707e-06,1.5153690946865812e-06,6.6700952077932e-07,0.0,2.526118902690144e-08,3.337908001098744e-07,1.4160769251543098e-06
2017-01-07,8.187993732770012e-07,1.500290920263077e-06,5.004687723036881e-07,0.0,1.458003896992374e-08,2.0322871183858732e-07,1.3747730960784016e-06
2017-01-08,1.2159782750802269e-06,9.902418507878972e-07,3.3382030087811676e-07,1.2801447080226729e-08,2.9453141595330312e-08,2.654343797373727e-07,1.4503892503125392e-06
2017-01-09,1.3111652719048205e-06,9.80388779744026e-07,6.680562717240946e-07,3.193275408386461e-08,1.3015253382913708e-08,3.0772843585817493e-07,1.2782163294141107e-06
2017-01-10,5.26526683041402e-06,2.475109588551082e-07,6.685387478758431e-07,3.186508376918151e-08,1.6902075669498993e-08,2.9890996643594097e-07,1.5429589387078343e-06
2017-01-11,2.6431995521397694e-06,2.45048183665597e-07,6.690880784594969e-07,1.2720239995771861e-08,2.276259247206228e-08,3.5216848602736766e-07,1.1455228907579345e-06
2017-01-12,2.6540300112304155e-06,7.278297404959799e-07,8.371303980107148e-07,1.9043577777706397e-08,1.72435202472565e-08,2.394205440581828e-07,9.707382366492784e-07
2017-01-13,1.332562937766942e-06,4.803918090504966e-07,3.3519376467378826e-07,1.900869993540247e-08,9.676011392700368e-09,3.1386966191663865e-07,1.0739399564266733e-06
2017-01-14,1.338244127322926e-06,0.0,1.677844448995435e-07,1.2650481985955147e-08,1.7591862463029577e-08,1.9980592843551442e-07,1.0697631260995357e-06
2017-01-15,0.0,0.0,1.1759215023255257e-06,1.894464361057402e-08,2.76401434090518e-08,3.1712797644711587e-07,1.0510530355560659e-06
2017-01-16,2.700017129050132e-06,0.0,6.728397048482383e-07,1.8915458722363632e-08,1.9941379620387956e-08,2.975509796541054e-07,1.1005503660980303e-06
2017-01-17,1.3560929886247463e-06,0.0,7.724082775529701e-07,1.2592110263858945e-08,2.2155973199207847e-08,3.205131463966014e-07,1.2447170165246215e-06
2017-01-18,0.0,0.0,1.4692344149805289e-06,1.2575173934328647e-08,2.644748887391264e-08,2.463669198921402e-07,1.0688585492903776e-06
2017-01-19,1.3686692901195745e-06,0.0,9.231606194393306e-07,8.2908285377301e-09,2.4658422051740432e-08,3.222153014489328e-07,1.3743520629918e-06
2017-01-20,0.0,3.234798846648799e-07,1.2524920090971913e-06,8.374152749800475e-09,2.07552027611603e-08,2.309906255575178e-07,1.126750710610264e-06
2017-01-21,1.3817930775796177e-06,4.084136394426617e-07,5.408817786862758e-07,2.819438128041439e-09,2.096379601677575e-08,3.040165851838345e-07,1.0028089752399848e-06
2017-01-22,4.165685731389417e-06,2.475109588551082e-07,9.083922606467911e-07,2.8477739523117295e-09,1.9057037102516482e-08,3.597650331636689e-07,9.682991148253303e-07
2017-01-23,0.0,1.666656568978431e-07,9.727907881610566e-07,1.438197278175202e-08,1.4971104951853528e-08,3.3679695967498936e-07,9.517432711767662e-07
2017-01-24,2.805033678099035e-06,8.417033729842953e-08,1.6376124968666913e-07,1.162121120896687e-08,2.3762462519799575e-08,3.2513628471114947e-07,8.085074965426868e-07
2017-01-25,0.0,8.501626325180954e-08,3.3081415521586457e-07,1.7607009485006086e-08,1.96374102860085e-08,3.4713018476020926e-07,1.078682580025439e-06
2017-01-26,0.0,8.587069090236184e-08,3.7688399855360906e-07,0.0,1.763090625820733e-08,4.250307429220357e-07,1.2588763304592073e-06
2017-01-27,1.4245029603472884e-06,2.602011170806905e-07,9.516793642760554e-07,0.0,2.003411228844107e-08,2.346416040558469e-07,1.2015274206712412e-06
2017-01-28,2.8642311582114247e-06,0.0,9.612439008975845e-07,9.071611376593548e-09,2.0235458464322887e-08,3.119277856854689e-07,8.663286622985985e-07
2017-01-29,1.4398714106154804e-06,1.7697168554811955e-07,1.162992234479524e-06,9.162782586650955e-09,1.1354904557174488e-08,1.9994868792963284e-07,9.77665691372526e-07
2017-01-30,0.0,8.937514027852248e-08,9.771734067287982e-07,2.1594696859406303e-08,2.064424184135797e-08,3.8770737796615885e-07,1.0388736030745624e-06
2017-01-31,1.4558158286464597e-06,1.805467507429852e-07,5.911706017277879e-07,9.347883073275127e-09,3.4752866535315986e-08,2.2095109232827108e-07,1.246636758418157e-06
2017-02-01,2.967200146472189e-06,0.0,5.951812319468983e-07,9.419837330880016e-09,3.5010565136563316e-08,3.297722078927357e-07,1.1984161074352696e-06
2017-02-02,1.4920482317595419e-06,4.591115352904429e-07,6.001588645901914e-07,1.5857513783268402e-08,2.1217456299538154e-08,3.399113045517507e-07,9.808711731094398e-07
2017-02-03,0.0,9.274513658607617e-08,4.02907001742075e-07,1.2813507557063802e-08,1.6668318551460757e-08,2.406459253317392e-07,1.2790085826307668e-06
2017-02-04,3.0187860534994427e-06,9.367724070501021e-08,1.014370961983217e-06,3.2355713622366357e-09,2.1646077348747958e-08,3.601328070490911e-07,1.069177118452807e-06
2017-02-05,1.5182913977104063e-06,9.46187126260794e-08,8.172606860422053e-07,6.536178790079727e-09,3.40100818443862e-08,3.266661269830819e-07,1.1661720013831356e-06
2017-02-06,4.582024797228328e-06,1.9113929299452076e-07,0.0,1.3203736958024044e-08,2.4537063463906082e-08,2.499114525879802e-07,1.1393816900886222e-06
2017-02-07,0.0,9.653013741273271e-08,8.290342837716322e-07,1.0002327540440694e-08,5.853618531585625e-08,3.469966829112348e-07,1.4820999131698426e-06
2017-02-08,2.489274228742635e-06,2.9250084426716515e-07,6.25238843052552e-07,1.0102852603452697e-08,3.598775244785861e-08,2.6856708257926707e-07,1.3756994005570914e-06
2017-02-09,1.257145925329906e-06,1.9696035108287359e-07,1.047940829469532e-06,1.3605850613525493e-08,2.696762686070334e-08,3.403787589050619e-07,1.4322729044358357e-06
2017-02-10,0.0,4.973495888005322e-07,1.2647060585692535e-06,3.435647921378413e-08,5.8385461703122454e-08,1.3390707166811294e-07,9.806712469239106e-07
2017-02-11,2.5650839152614918e-06,2.0093921410688794e-07,2.2127811957659662e-07,1.0410530271091926e-08,4.488223369452258e-08,2.674778643241583e-07,1.0188044496821032e-06
2017-02-12,1.2954317185973911e-06,0.0,5.278196162112272e-07,2.1030315679502375e-08,6.279988684484214e-08,3.2882256408790417e-07,1.0936268319008492e-06
2017-02-13,2.6169020476308517e-06,4.0999691099154053e-07,1.3215653322705273e-06,1.0410530271091926e-08,3.138546327918528e-08,1.642372426920979e-07,1.0671043731655337e-06
2017-02-14,0.0,4.141174484509983e-07,1.058971025318018e-06,1.7178239606892066e-08,4.4820173869188635e-08,2.76884370902325e-07,1.1311937484515465e-06
2017-02-15,2.669766975711756e-06,2.0913969900020006e-07,1.5911935242069366e-06,1.7007313266906866e-08,5.377014441599116e-08,2.1968755685855848e-07,1.3516685296201132e-06
2017-02-16,1.3482992899467265e-06,2.1124158791908468e-07,7.970448155576332e-07,1.3470470137936932e-08,2.6880728624103084e-08,3.813660895454732e-07,1.4295382138869352e-06
2017-02-17,4.085549769270468e-06,1.0668230058639824e-07,5.323817161050401e-07,1.0002327540440694e-08,5.8237991793526295e-08,3.711873747484043e-07,1.2789068412809766e-06
2017-02-18,1.3755367423607739e-06,3.2326342659664496e-07,1.066906920907176e-06,9.902802718518034e-09,4.480017596092853e-08,3.0310196550507165e-07,1.299874908150955e-06
2017-02-19,2.7787222329038235e-06,4.3534970406152257e-07,1.1545160799779636e-06,6.536178790079727e-09,5.376765210119676e-08,2.451070713533951e-07,1.3452901901908402e-06
2017-02-20,3.728698708087987e-06,7.036350103694464e-07,5.788655244281634e-07,6.471142724473271e-09,4.481705821607994e-08,2.3458491023587639e-07,1.3239787110643261e-06
2017-02-21,0.0,0.0,8.707963438532659e-07,9.61013066779785e-09,4.034899928189868e-08,3.736214445710767e-07,1.5361349983674525e-06
2017-02-22,1.9020117092736988e-06,7.178493804686495e-07,5.993261167080605e-07,1.5857513783268402e-08,3.5881494313669225e-08,2.5999971949209553e-07,1.4961446303238887e-06
2017-02-23,3.842254489495887e-06,1.0875958300254388e-06,3.006396710362751e-07,3.1399457769600053e-09,4.487599958400708e-08,1.9386782097979026e-07,1.4338865017686392e-06
2017-02-24,0.0,0.0,1.8098780876169454e-06,1.8652216766763933e-08,4.9395080804611114e-08,1.7314607005748135e-07,1.4636015667691758e-06
2017-02-25,0.0,1.1095667231994644e-06,6.053663794444126e-07,6.155541369662692e-09,3.595018299349643e-08,2.2314850038900218e-07,1.6439259569483116e-06
2017-02-26,5.938902838956438e-06,3.735726847195507e-07,9.112509002383924e-07,9.141439064506012e-09,4.4975332380780674e-08,2.7275882445048805e-07,1.6167843495545787e-06
2017-02-27,1.9995299349281965e-06,1.13198145785719e-06,1.5953714109263712e-06,6.033653484028218e-09,3.6013946872326764e-08,2.314318405957145e-07,1.5212907735564206e-06
2017-02-28,1.9895235045735462e-06,0.0,9.610356945743354e-07,2.986808814381113e-09,1.1755477149801789e-07,3.407934045627421e-07,1.8214334971533059e-06
2017-03-01,0.0,3.828323365074087e-07,9.630597419567927e-07,1.4747362344532598e-08,1.1330568770552953e-07,3.4018757853999614e-07,1.810872458863372e-06
2017-03-02,0.0,7.733597309090611e-07,2.256467186043371e-06,8.760374182465942e-09,1.267639427890885e-07,2.9423246094141464e-07,1.7793046947281848e-06
2017-03-03,3.9976188678783075e-06,3.905660627104322e-07,9.71151695479954e-07,1.7346414005861824e-08,1.276453535163934e-07,3.840236062208255e-07,1.6186223658888126e-06
2017-03-04,1.9894138492916225e-06,3.944913168980778e-07,3.4641244053316e-07,8.586907151323868e-09,8.438853209253566e-08,3.2694948791173593e-07,2.088301661746224e-06
2017-03-05,1.98021720768687e-06,0.0,7.387084200211562e-07,1.4169109995979563e-08,1.7001152470428401e-07,2.9261845650408905e-07,2.0642398749143463e-06
2017-03-06,0.0,2.0123028506416924e-06,1.6553715779637356e-06,1.4028124995893242e-08,4.2815746629410975e-08,4.2086416131285276e-07,1.599001924851178e-06
2017-03-07,1.9624170947209085e-06,8.130107322058356e-07,3.745806138090361e-06,1.1110834255997321e-08,1.2939868107928134e-07,2.763519102855264e-07,1.9189973728981187e-06
2017-03-08,3.9076236866671395e-06,4.1059081295286305e-07,4.186000899441825e-07,1.1000279607964711e-08,1.1587827755224028e-07,3.842275875592556e-07,2.9983879297514403e-06
2017-03-09,1.9454019747587456e-06,0.0,4.1965072830524724e-07,5.445412498529912e-09,1.7512063977082689e-07,2.885568351761053e-07,2.4609161418334533e-06
2017-03-10,0.0,1.2566558927315576e-06,1.682973328355411e-06,2.6956148694325913e-09,1.1762758361546984e-07,3.9965490466814976e-07,1.935160398896291e-06
2017-03-11,1.9291650415255253e-06,8.40954733829263e-07,2.5284868034759128e-06,5.337586106667044e-09,8.888987768007998e-08,3.4288380282451827e-07,2.2764619692284847e-06
2017-03-12,3.842672706320548e-06,1.6884459373566704e-06,3.3770219536081806e-06,1.3211190593818939e-08,1.4927992785066788e-07,3.21826442889119e-07,2.5839458367192307e-06
2017-03-13,0.0,1.2713634397916949e-06,1.2686497028467626e-06,1.0463789640831213e-08,1.805099852220654e-07,2.695154047170247e-07,2.2784080439554956e-06
2017-03-14,0.0,1.3321246491195594e-06,8.47362026078636e-07,1.0359673194291208e-08,2.1221912620098994e-07,1.7186304012223143e-07,2.7312711322120317e-06
2017-03-15,1.8990000639737417e-06,0.0,8.490423205015088e-07,1.0256592723703724e-08,1.8331242148489165e-07,2.4084841354367975e-07,2.394995642314442e-06
2017-03-16,0.0,1.348974238804687e-06,8.508075198639692e-07,1.7770441361637648e-08,6.158035539747183e-08,2.5259421100393075e-07,2.4855048961081934e-06
2017-03-17,0.0,0.0,4.4693164541422154e-07,2.513374645105527e-09,1.5515682096709164e-07,3.21868013119252e-07,2.1077574877083394e-06
2017-03-18,1.8783730030311355e-06,1.3663634361719e-06,1.3422542509069793e-06,4.976732299072203e-09,1.5637826925189825e-07,2.7624400459740875e-07,2.6101779857451142e-06
2017-03-19,0.0,6.876312764756381e-07,1.3438477921149336e-06,4.92721298531055e-09,1.7337689104334022e-07,2.386969210646203e-07,2.372893629275772e-06
2017-03-20,0.0,6.921495985660016e-07,2.6285224478701787e-06,7.317279595430176e-09,1.5886820340288904e-07,2.500968033836095e-07,3.090049545157799e-06
2017-03-21,0.0,0.0,1.7552470588927147e-06,9.659295262602437e-09,1.9216432591747598e-07,3.5965959012685576e-07,2.7130218083377417e-06
2017-03-22,0.0,1.4027886962285287e-06,8.791606726869557e-07,0.0,9.685301217210717e-08,3.823703360137634e-07,2.6483554999465614e-06
2017-03-23,0.0,7.061217000548219e-07,1.7615714654549176e-06,9.468028401481133e-09,1.6272257794567448e-07,2.409451115255714e-07,2.702332526815372e-06
2017-03-24,0.0,1.4218393295076435e-06,1.7649977441504503e-06,1.1717274931023496e-08,2.460596119968512e-07,3.623508741173627e-07,2.885551909901783e-06
2017-03-25,0.0,0.0,1.3652929769468037e-06,2.3201372194906216e-09,8.268665441381359e-08,2.7524266389071226e-07,2.1635445016338632e-06
2017-03-26,1.831587358160228e-06,7.207293587383362e-07,9.126794151868002e-07,9.188205873727788e-09,1.8339575517198598e-07,3.26298537591962e-07,3.5448970257319286e-06
2017-03-27,1.8265691254057736e-06,7.257420690014239e-07,4.5762739055557596e-07,0.0,1.51281172114306e-07,3.039728993497153e-07,3.4811267041138894e-06
2017-03-28,1.821733551086006e-06,7.308273540761988e-07,9.179216732763297e-07,4.503133603748658e-09,1.5252640005844844e-07,4.809374068867611e-07,3.3570688180616354e-06
2017-03-29,0.0,1.4719714449908124e-06,1.0058725985176221e-06,9.368351981776928e-09,1.5319394713909992e-07,3.1779726245421233e-07,3.234840581589146e-06
2017-03-30,0.0,0.0,2.4717580461865013e-06,1.883584294936301e-08,7.806945021351306e-08,3.307229615340895e-07,3.284446576103482e-06
2017-03-31,0.0,7.465237800916604e-07,4.963594251875666e-07,2.840529830274553e-08,9.423741164007657e-08,4.146554621983417e-07,3.541335610244101e-06
2017-04-01,0.0,7.529515170350002e-07,1.990574256043374e-06,2.860441626264635e-08,1.266185127893771e-07,3.252264425110152e-07,2.5286762201148066e-06
2017-04-02,0.0,8.788604315555793e-07,1.3731377739346682e-06,1.9174595342538484e-08,9.553784500053765e-08,3.129957172391169e-07,4.477302804201575e-06
2017-04-03,0.0,0.0,1.3756373027196589e-06,4.820374329706469e-08,1.441820389097366e-07,4.344305713963471e-07,4.187292894490879e-06
2017-04-04,0.0,1.947105304347352e-06,0.0,2.2777583338173987e-08,1.2895264768240865e-07,4.559518336804759e-07,5.273005532482158e-06
2017-04-05,1.7709669546393486e-06,1.9625908741697e-06,4.6034977287704124e-07,3.834416976082699e-08,2.4329320944906775e-07,3.930031014199933e-07,4.057812239448843e-06
2017-04-06,0.0,2.967409057072444e-06,1.8452831292849328e-06,3.098362805890161e-08,1.7953799161269347e-07,5.112370381463678e-07,5.012367896864191e-06
2017-04-07,0.0,9.970761820896313e-07,1.387013772684278e-06,3.129501869776729e-08,1.6425356082864905e-07,3.215093975532859e-07,4.016058855499982e-06
2017-04-08,0.0,1.2460064868749995e-06,9.268026006253153e-07,3.160953886458201e-08,1.653071911387199e-07,4.0440974684096574e-07,4.112956215231738e-06
2017-04-09,0.0,1.256567529919289e-06,1.393533050740269e-06,0.0,6.655094092226443e-08,4.6132187947451854e-07,4.537288913036049e-06
2017-04-10,3.513685196310976e-06,1.2672542307637136e-06,4.649729488461684e-07,2.418607043045579e-08,1.5071773621183297e-07,4.492254258523587e-07,4.693417748718629e-06
2017-04-11,0.0,0.0,1.9186322211893902e-06,1.6286096319594215e-08,2.528515454129845e-07,5.082006286246004e-07,4.62521173281396e-06
2017-04-12,0.0,0.0,3.36248857986374e-06,4.112443577188749e-08,1.1878166961336615e-07,5.285675928375724e-07,4.071084954718446e-06
2017-04-13,0.0,1.276482896977276e-06,1.5062649727910569e-06,4.984529186716451e-08,1.3666037672375542e-07,5.527443584999308e-07,4.869709680897132e-06
2017-04-14,0.0,0.0,1.0056358431041995e-06,4.1955204482323866e-08,1.5478193254605126e-07,5.863483481511837e-07,3.536559309303701e-06
2017-04-15,0.0,1.28327307522801e-06,5.035978010516854e-07,2.5426116778452994e-08,1.9046673506681046e-07,4.5566162832559065e-07,4.4295791528288095e-06
2017-04-16,0.0,1.2868604839632984e-06,5.044280407510425e-07,5.1363307000756027e-08,2.615108173766803e-07,3.249185979953166e-07,3.75625315459477e-06
2017-04-17,0.0,2.5811531596387416e-06,1.5159261710244978e-06,3.458634454540603e-08,2.4576572538264005e-07,5.002849158522478e-07,5.311121471043745e-06
2017-04-18,0.0,3.883265203226727e-06,1.0115542275750912e-06,8.733485771729492e-09,1.4141672266155555e-07,7.361557808520736e-07,5.186783898471969e-06
2017-04-19,0.0,5.193585329002306e-06,5.062960820331195e-07,2.646377628888773e-08,1.9508784838084056e-07,6.046627758198219e-07,5.9363043830682655e-06
2017-04-20,6.869458059893767e-07,1.3025007708074696e-06,5.068656803088118e-07,1.7819827774846064e-08,1.231805173875475e-07,6.07441637482334e-07,4.797580483650353e-06
2017-04-21,0.0,4.642878681392921e-06,5.074859655749243e-07,3.5997840042788734e-08,1.0476560599156723e-07,4.2132214526241384e-07,5.265041938637317e-06
2017-04-22,6.733433676644269e-07,1.5544125839387756e-06,1.0163139997210014e-06,9.08990608747198e-09,2.4256957203066166e-07,6.089352397206869e-07,6.038553109615259e-06
2017-04-23,6.666434892122707e-07,0.0,1.5245538423381705e-06,2.754378348729141e-08,1.2007798223078174e-07,4.988846280320881e-07,4.420364353765487e-06
2017-04-24,0.0,3.136904638802653e-06,1.0151376221860825e-06,5.854525763327688e-08,2.7173299735890515e-07,7.296722768807145e-07,6.230125150190124e-06
2017-04-25,0.0,3.1514142040826436e-06,2.5280764653191663e-06,5.913364725447699e-08,1.3451460442967359e-07,5.497076719966298e-07,6.252067608024004e-06
2017-04-26,0.0,4.749358370113843e-06,1.5111370109558377e-06,2.986397514484037e-08,2.3305828306675852e-07,5.982341165211824e-07,6.648595686576181e-06
2017-04-27,6.405040241148055e-07,1.5906901246328484e-06,1.5055792576805563e-06,9.049233925453038e-08,8.240689800146815e-08,5.316639416407391e-07,5.061246593546066e-06
2017-04-28,0.0,0.0,9.16738950097442e-07,6.093453492258375e-08,8.158693566613817e-08,7.199735807960986e-07,4.1243948786136145e-06
2017-04-29,0.0,1.6063094444837127e-06,0.0,1.0770714006456566e-07,1.292402113477827e-07,3.967189258618246e-07,4.872779760470265e-06
2017-04-30,0.0,0.0,4.4184403769545325e-07,6.216549418192709e-08,7.997140609911224e-08,6.179287140533398e-07,5.69147671959881e-06
2017-05-01,0.0,4.614523209369335e-06,4.6144387858934114e-07,3.1438618837432377e-08,9.515692241548138e-08,6.902435321156676e-07,5.28344267288173e-06
2017-05-02,0.0,1.5472853258453884e-06,4.605946493489477e-07,1.270183288385762e-07,2.0412187297131456e-07,5.318115419127181e-07,6.235565008365846e-06
2017-05-03,0.0,1.5487196060612924e-06,1.3793744398719577e-06,3.2073721066538925e-08,4.663634455380435e-08,7.648936860464445e-07,5.558946438186223e-06
2017-05-04,6.012250072603271e-07,1.5503087595284064e-06,9.180685801936946e-07,9.71882019668059e-08,1.8468922068865165e-07,8.133044506988549e-07,6.170887682920968e-06
2017-05-05,0.0,3.104105890326803e-06,1.374969012143745e-06,4.908247981759109e-08,1.6761390455155768e-07,8.620358878592457e-07,5.674943370642195e-06
2017-05-06,0.0,1.5539523373862945e-06,0.0,4.9575766940663187e-08,1.810321290930749e-07,7.242094234565526e-07,5.085924471052147e-06
2017-05-07,0.0,1.5560071261378913e-06,1.305118028317973e-06,1.0014802336348523e-07,7.467951221327364e-08,4.548159436244728e-07,4.919230669511464e-06
2017-05-08,0.0,0.0,8.679536841693171e-07,5.0577263865718724e-08,1.9223474049317332e-07,7.606216105301163e-07,5.283086463410779e-06
2017-05-09,0.0,0.0,4.329577394425163e-07,8.514262303038208e-08,1.317613658303636e-07,6.360772592897364e-07,5.207828668589734e-06
2017-05-10,0.0,1.5631060041945324e-06,1.727927731740471e-06,3.4399328247128706e-08,1.3045031833491478e-07,8.074467763379443e-07,5.502189060818802e-06
2017-05-11,0.0,0.0,4.310493249809988e-07,3.4745047243595495e-08,5.74010293244482e-08,7.296182596008215e-07,7.146324372995543e-06
2017-05-12,0.0,0.0,8.60319644637174e-07,5.26413611606114e-08,1.1365975907940211e-07,5.698057422800325e-07,6.623204572923526e-06
2017-05-13,0.0,4.7148353495033065e-06,1.287940007990624e-06,8.861735939302265e-08,1.1252882558053256e-07,9.808930234812272e-07,6.228988814817601e-06
2017-05-14,0.0,1.5747609740898804e-06,1.2834491471756722e-06,1.7901595732296058e-08,4.177842939674827e-08,8.208952443113243e-07,5.567108931429922e-06
2017-05-15,5.38597884497704e-07,3.1561352848434126e-06,1.7054488431266433e-06,9.040754880239431e-08,1.6545090831420793e-07,6.041646800071455e-07,6.943419468667766e-06
2017-05-16,0.0,1.5815321188328344e-06,1.6998027029912482e-06,9.131615977352846e-08,9.555270915757604e-08,5.788362979230297e-07,7.86587642666339e-06
2017-05-17,0.0,1.5851547497737942e-06,1.2707449084069947e-06,9.223390243673702e-08,1.2163107062023813e-07,5.810278308604871e-07,6.8401062102257066e-06
2017-05-18,5.226799113894721e-07,0.0,4.208681570908498e-07,5.519523924954718e-08,1.595383807753112e-07,7.288834658703223e-07,7.930383809109488e-06
2017-05-19,0.0,1.5928759401614703e-06,1.6727870608498739e-06,3.670377107131553e-08,1.2410431578537796e-07,7.779852007628461e-07,6.9213690552060285e-06
2017-05-20,0.0,0.0,4.155671933591068e-07,3.661438638395998e-08,1.3403940786640112e-07,7.807139460003907e-07,6.560903697978713e-06
2017-05-21,0.0,4.803702906491521e-06,1.2389375357141648e-06,7.305732633150986e-08,1.3270569347396737e-07,1.0029065770024098e-06,6.9657579373944315e-06
2017-05-22,0.0,4.80521331358326e-06,0.0,5.4669889266460644e-08,1.0948770813455787e-07,1.0674693538793204e-06,8.247464372870346e-06
2017-05-23,4.971885113090918e-07,1.599790957894116e-06,1.7799167725768057e-06,9.092041803128989e-08,5.4199143618098236e-08,1.0694572175185288e-06,9.753282397686983e-06
2017-05-24,0.0,0.0,7.080706408131434e-07,5.444006764162947e-08,1.1805167688257995e-07,9.75761668899484e-07,6.813307056655419e-06
2017-05-25,0.0,3.192754187791183e-06,7.042453802497069e-07,5.4333328516616035e-08,6.375111440258661e-08,6.576222098164322e-07,6.195284357641848e-06
2017-05-26,0.0,3.1898194036162517e-06,7.004905448111686e-07,1.265413864627085e-07,4.207785347707004e-08,6.584567705362344e-07,7.555110042039371e-06
2017-05-27,0.0,1.5936018020199367e-06,6.968057590108553e-07,1.8045380090106272e-08,5.207396479936881e-08,9.89035766222709e-07,7.04866881272695e-06
2017-05-28,0.0,0.0,0.0,9.007611905007683e-08,1.237339684614603e-07,8.584205769029693e-07,5.6197456719108585e-06
2017-05-29,0.0,1.5758004443129055e-06,1.0344673040497132e-06,5.396060720195457e-08,7.14599636942296e-08,1.0251016400550637e-06,6.584707356726021e-06
2017-05-30,0.0,0.0,9.667956622935466e-07,7.184125210606741e-08,6.064193586445163e-08,9.440014138372364e-07,6.941150128028303e-06
2017-05-31,0.0,0.0,6.406120081214821e-07,3.58711060639703e-08,8.00513846944374e-08,1.4355739998870992e-06,7.092865029544757e-06
2017-06-01,0.0,0.0,1.589318435239196e-06,7.15919104448824e-08,9.901238587197598e-08,8.760715984120801e-07,6.9581774788129665e-06
2017-06-02,0.0,1.3164336447396487e-06,1.8417904867741687e-06,3.575363946075485e-08,6.861903732016081e-08,1.2285285089667965e-06,7.026685412942874e-06
2017-06-03,0.0,0.0,3.044947773438807e-07,0.0,3.882072370905895e-08,1.0274177589812954e-06,7.245361685019277e-06
2017-06-04,0.0,0.0,6.041098465804283e-07,5.3519595366803567e-08,1.0569474039898456e-07,7.856212101742627e-07,7.163096042001787e-06
2017-06-05,0.0,2.5990329449014854e-06,0.0,7.12962587980394e-08,9.513005469106922e-08,8.573585473192593e-07,6.609221976127418e-06
2017-06-06,0.0,2.588276118573055e-06,0.0,1.0686028018845139e-07,1.0360184431458659e-07,1.0722018887720171e-06,8.488020450544963e-06
2017-06-07,0.0,1.2888890610066925e-06,1.4052944419446763e-06,1.7797809716152176e-08,9.324635339978512e-08,8.582502515818734e-07,5.978352929903651e-06
2017-06-08,0.0,5.135075810828145e-06,5.577526008046661e-07,1.7787352530032288e-08,3.6242433004112474e-08,8.588248178865022e-07,5.520008304595929e-06
2017-06-09,0.0,1.2787772223724615e-06,2.767216002781688e-07,3.555734818797651e-08,8.583832265349878e-09,7.236596568845599e-07,7.966465459094648e-06
2017-06-10,0.0,0.0,6.34009172157453e-07,0.0,8.498421707240393e-09,6.896707130684419e-07,5.555041542296159e-06
2017-06-11,0.0,1.2534557368243842e-06,0.0,5.699661298536394e-08,4.807920570504955e-09,8.705972152615203e-07,7.197660772140331e-06
2017-06-12,0.0,0.0,2.9290431931477765e-07,1.1441125899959004e-07,0.0,1.1601579799851695e-06,6.494139658096704e-06
2017-06-13,0.0,1.2286356502840029e-06,2.7071557747608363e-07,5.7070011652294144e-08,0.0,1.1285348407634272e-06,5.505174658338548e-06
2017-06-14,0.0,0.0,2.279776818440596e-07,8.541015128027549e-08,0.0,9.948548509689012e-07,6.530602466639905e-06
2017-06-15,0.0,1.204307034385762e-06,1.1362530550946486e-06,2.8407942056137714e-08,0.0,7.740408520159438e-07,6.354036688231762e-06
2017-06-16,0.0,0.0,4.5309253088855594e-07,5.6697349006791825e-08,0.0,8.639948325840825e-07,6.755342689011489e-06
2017-06-17,0.0,0.0,1.1293228734247989e-06,1.131689673669137e-07,0.0,1.2781249100297123e-06,6.449388447686993e-06
2017-06-18,0.0,1.1687143825407126e-06,6.756164117139937e-07,8.471591528346618e-08,0.0,9.405646184558344e-07,4.8576917474113e-06
2017-06-19,0.0,0.0,8.982755487697267e-07,0.0,0.0,8.278884448337713e-07,6.640186743732787e-06
2017-06-20,0.0,1.1455722872409303e-06,0.0,8.44196945524186e-08,2.0234337398191405e-08,7.742962208841307e-07,6.634465905094063e-06
2017-06-21,0.0,0.0,2.2197840688555105e-07,1.1237900592102687e-07,1.8393926282892595e-08,8.854841052100071e-07,7.1757221529320595e-06
2017-06-22,0.0,0.0,4.4143305594999856e-07,8.415724282480289e-08,1.8578788315369536e-08,7.375251742976242e-07,6.141387914737728e-06
2017-06-23,0.0,8.780670491712193e-07,2.1947672090117616e-07,0.0,1.042528235675577e-08,1.0550845868453137e-06,5.329844486349268e-06
2017-06-24,0.0,8.693301360525882e-07,4.3651772336468203e-07,0.0,1.0530058186340796e-08,8.453338329398428e-07,5.143621270205496e-06
2017-06-25,0.0,0.0,3.925554180620755e-07,5.5884437430040126e-08,1.2763064436623442e-08,6.350133978683817e-07,6.040457803836244e-06
2017-06-26,0.0,0.0,3.906203954771338e-07,5.582215993944133e-08,1.5039891261170426e-08,1.0583487924466532e-06,7.418398915945691e-06
2017-06-27,0.0,8.436375477113512e-07,3.887244352572577e-07,5.5765464711355116e-08,2.3871641642000283e-08,1.0584477575405421e-06,7.219972992789293e-06
2017-06-28,0.0,0.0,5.803010217072682e-07,1.114286921524228e-07,1.0959798013216259e-08,1.0233641493491534e-06,7.116582227163291e-06
2017-06-29,0.0,0.0,0.0,5.566879892210407e-08,1.328393497734938e-08,8.46089948713509e-07,7.2092724001486284e-06
2017-06-30,0.0,0.0,3.8326905222997936e-07,2.7814409347139895e-08,1.3417440743406965e-08,7.044520437443202e-07,4.67590221719202e-06
2017-07-01,0.0,0.0,3.813093700473243e-07,8.345027174171664e-08,2.260129878761965e-08,9.50536566288703e-07,5.6436506642180835e-06
2017-07-02,0.0,0.0,0.0,0.0,9.131378246701773e-09,8.091617867204197e-07,5.5660168596822935e-06
2017-07-03,0.0,0.0,3.3639597507488664e-07,8.337197815908049e-08,1.1528937654737329e-08,1.0548106383233253e-06,6.510818469983868e-06
2017-07-04,0.0,0.0,1.6759134194851147e-07,5.55635593450244e-08,9.315844323576317e-09,8.290142500692913e-07,5.7852363933681894e-06
2017-07-05,0.0,0.0,6.680058225337375e-07,0.0,2.1171307760006304e-08,6.906935685737616e-07,5.872861650139905e-06
2017-07-06,0.0,7.703357584637305e-07,1.6642826960308895e-07,2.777235423801635e-08,2.138408294038471e-08,8.977539409474654e-07,5.8337597576860395e-06
2017-07-07,0.0,0.0,3.7297575808313974e-07,6.226231078715066e-08,7.199665515625763e-09,9.935472450520109e-07,7.79372350451115e-06
2017-07-08,0.0,0.0,2.4839738252489997e-07,8.330464583083839e-08,2.181607007102377e-08,7.396005867104055e-07,5.3628144882664035e-06
2017-07-09,0.0,0.0,0.0,0.0,2.4483694689286092e-08,1.095947687692608e-06,4.8295899744357186e-06
2017-07-10,0.0,0.0,2.4796563380445133e-07,2.0976532496309254e-08,2.4729759911751174e-08,1.1325820783695403e-06,6.008048086027053e-06
2017-07-11,0.0,0.0,2.4778696477263065e-07,4.2109721420290726e-08,1.2489149065407816e-08,1.2570213168311545e-06,6.818175210134292e-06
2017-07-12,0.0,0.0,2.47633074643777e-07,4.227058885519652e-08,2.5229334200508493e-09,9.693491114759977e-07,4.969614097235775e-06
2017-07-13,0.0,0.0,1.2375197401437467e-07,6.365352507632016e-08,2.5482893224645922e-08,9.019477505017607e-07,4.556845851075465e-06
2017-07-14,0.0,5.196624090819919e-07,0.0,2.1302510758465986e-08,1.8017300391539135e-08,8.662830581845287e-07,4.546297790067495e-06
2017-07-15,0.0,1.0289833634346364e-06,1.2365996808208808e-07,0.0,2.3397913633988254e-08,7.961636695519426e-07,4.401331792214432e-06
2017-07-16,0.0,0.0,1.2363251625664542e-07,4.2956496755348735e-08,2.6258962861589743e-08,7.954265426045459e-07,4.435032438422615e-06
2017-07-17,0.0,5.370377410475767e-07,1.236174277858559e-07,4.3138669008863694e-08,1.591372189548341e-08,7.947689589742671e-07,5.315890840132196e-06
2017-07-18,0.0,0.0,1.236147011608598e-07,2.1662577582614276e-08,1.0715771639642667e-08,8.287208899848997e-07,5.1336512578418425e-06
2017-07-19,0.0,0.0,1.2362433610899239e-07,1.0878993468303588e-07,1.0823466935056864e-08,9.64552453392101e-07,3.858065331418139e-06
2017-07-20,0.0,2.605829385733006e-07,3.2939252693725494e-07,4.37111442148509e-08,2.459755031891435e-08,9.407236902678643e-07,4.7221647100716806e-06
2017-07-21,0.0,0.0,0.0,4.3910685707335023e-08,2.484475980948067e-08,9.053129761094246e-07,5.538181118393372e-06
2017-07-22,0.0,0.0,2.6813876931769257e-07,4.4114618304982225e-08,2.2306181152650643e-08,1.1378541605290844e-06,3.7677182428409655e-06
2017-07-23,0.0,0.0,2.6934137908499804e-07,4.4322962401222236e-08,1.4081476250152816e-08,5.120331252873024e-07,3.783799608481089e-06
2017-07-24,0.0,0.0,9.01903077382213e-08,4.453573883063829e-08,8.533798463555158e-09,9.86402903055356e-07,4.647390563143459e-06
2017-07-25,0.0,0.0,2.7182752466212786e-07,1.3425890661315194e-07,2.298550550393734e-08,7.685974486804586e-07,5.196735307329097e-06
2017-07-26,0.0,0.0,2.7311130908858167e-07,0.0,3.4824770512148964e-08,8.893076080917749e-07,4.686062728054423e-06
2017-07-27,0.0,2.429659214986768e-07,9.147413495784593e-08,4.520087712514169e-08,2.3449843516309245e-08,5.506331010306945e-07,4.6148374408873e-06
2017-07-28,0.0,0.0,1.8384062875177828e-07,4.543160013001905e-08,3.552827754261863e-08,8.240058498325002e-07,4.120242293042109e-06
2017-07-29,0.0,0.0,9.237568590197046e-08,6.85002994991538e-08,2.0933116556411867e-08,6.698954772812423e-07,3.361570465774776e-06
2017-07-30,0.0,0.0,1.8291306493942244e-07,4.590669926020847e-08,1.812299817891101e-08,6.66345784946983e-07,3.7549109017047834e-06
2017-07-31,0.0,0.0,1.8109304953382596e-07,4.544991997054245e-08,1.220342489245009e-08,6.722755381857256e-07,4.881972485405467e-06
2017-08-01,0.0,0.0,8.964703607854517e-08,9.005360364574954e-08,1.8504949558279584e-08,8.101215372539582e-07,4.638695917936577e-06
2017-08-02,0.0,0.0,8.87550331656693e-08,5.106811559727569e-08,3.7381854786448787e-08,6.117065989024444e-07,5.007087665720242e-06
2017-08-03,0.0,0.0,8.78719058300728e-08,1.685332645232203e-08,3.146462389414059e-08,4.981904261005334e-07,5.1706222330651146e-06
2017-08-04,0.0,0.0,8.699756575828614e-08,3.3371266104483764e-08,2.224659403506205e-08,8.816772522222557e-07,3.530681750551026e-06
2017-08-05,0.0,0.0,0.0,6.60784329174868e-08,2.8890226314216095e-08,6.029717796042069e-07,3.881509345517282e-06
2017-08-06,0.0,0.0,0.0,3.271047076218168e-08,2.269600504560153e-08,5.725848029866855e-07,2.839101192888623e-06
2017-08-07,0.0,0.0,0.0,1.6192498069977495e-08,2.619897564394623e-08,6.781701112981499e-07,3.3251497410335663e-06
2017-08-08,0.0,0.0,8.358634241252107e-08,0.0,2.977006469242718e-08,7.865194354359823e-07,3.526440824918493e-06
2017-08-09,0.0,0.0,0.0,1.5871865125714137e-08,2.292410368845295e-08,8.610122349425667e-07,2.9975615387649105e-06
2017-08-10,0.0,0.0,8.277057205929314e-08,3.1427874858005e-08,3.890743722103119e-08,5.453249409023565e-07,3.446242138821997e-06
2017-08-11,0.0,0.0,8.237512275844119e-08,3.1115162278257506e-08,1.9260150876144063e-08,8.529518453839565e-07,2.090431417366956e-06
2017-08-12,0.0,0.0,0.0,3.0805561240667233e-08,2.6022606192513305e-08,8.233210121858782e-07,3.090407260754242e-06
2017-08-13,0.0,0.0,1.6321779635601732e-07,3.049904078487241e-08,6.231917747919314e-08,6.147146530446128e-07,3.264373826992874e-06
2017-08-14,0.0,0.0,8.12380462753315e-08,0.0,7.255538741037429e-08,5.355000165614624e-07,2.726731858049545e-06
2017-08-15,0.0,0.0,1.6175063648996095e-07,4.4842678971690836e-08,4.655077930343183e-08,6.13226245789968e-07,3.281228491157701e-06
2017-08-16,0.0,0.0,8.052067781385026e-08,2.959765790719322e-08,2.5813035930033397e-08,5.403977038436623e-07,3.3079091343158107e-06
2017-08-17,0.0,0.0,8.017408951760223e-08,1.4651578145190697e-08,4.1227374604333784e-08,6.554192237262794e-07,2.8929417058019545e-06
2017-08-18,0.0,0.0,1.5967103739423584e-07,2.9011585013617986e-08,2.572375905776926e-08,5.053004581338346e-07,2.7959315403312672e-06
2017-08-19,0.0,0.0,7.950493149503314e-08,2.872291491953234e-08,1.0273192554068888e-08,5.474999121017069e-07,2.310860672489869e-06
2017-08-20,0.0,0.0,0.0,1.4218558570437246e-08,4.1031635251386004e-08,5.676475440943152e-07,2.6128908102741866e-06
2017-08-21,0.0,0.0,3.943378825257099e-07,4.2231244646442616e-08,3.0730952613161046e-08,5.224171798433589e-07,3.1042991401243922e-06
2017-08-22,0.0,0.0,7.856074498130544e-08,4.1811036741230956e-08,7.161292112019065e-08,3.255651584033118e-07,3.3142472154956314e-06
2017-08-23,0.0,0.0,2.3478530879230366e-07,5.519334663271475e-08,5.620013731733905e-08,6.276607966372281e-07,2.5964034823150585e-06
2017-08-24,0.0,0.0,1.559412409114835e-07,5.464416365777945e-08,7.655263572188093e-08,7.770517907140591e-07,2.4928208288642568e-06
2017-08-25,0.0,0.0,3.1074907376428114e-07,1.3525111286186718e-08,3.568897541246222e-08,7.30427703081985e-07,2.009829083636066e-06
2017-08-26,0.0,0.0,2.3223505565394753e-07,5.356213672131262e-08,3.5656956415328834e-08,4.600186389646326e-07,1.9467688670865706e-06
2017-08-27,0.0,0.0,1.5428768645585297e-07,2.6514592278092886e-08,3.56285031435512e-08,3.602200254435579e-07,2.3804644626519104e-06
2017-08-28,0.0,0.0,0.0,1.3125383838426419e-08,4.577607353800085e-08,5.531930823742711e-07,1.971109876697431e-06
2017-08-29,0.0,0.0,0.0,3.898435226138428e-08,3.049909950081484e-08,4.950584665241063e-07,2.1894426151193036e-06
2017-08-30,0.0,0.0,3.8193250333191e-07,1.2865483825067502e-08,5.588708872693562e-08,2.627722346552468e-07,1.9462778441446978e-06
2017-08-31,0.0,0.0,2.2844809039744228e-07,2.5474940244221386e-08,5.5864750457822794e-08,3.645051955610316e-07,2.107037156189022e-06
2017-09-01,0.0,0.0,7.580303960436586e-08,3.778628011087925e-08,2.535464919436997e-08,5.329898795234487e-07,1.9516942631572846e-06
2017-09-02,0.0,0.0,6.046516071005552e-07,0.0,4.055932718351561e-08,3.2935367764017264e-07,2.507315638642127e-06
2017-09-03,0.0,0.0,3.014696815153858e-07,1.1111418490164384e-07,1.0138817905639298e-08,4.507009828018204e-07,2.119698963007409e-06
2017-09-04,0.0,0.0,1.5032185334993558e-07,2.444635117534373e-08,3.0416453716917895e-08,2.3101308143011402e-07,1.5481358948387238e-06
2017-09-05,0.0,0.0,5.996955930111273e-07,2.4203105916922842e-08,5.5769074877333974e-08,3.815467772665683e-07,1.4781268854623844e-06
2017-09-06,0.0,0.0,7.477046783519519e-08,3.594342148389444e-08,3.549650887211796e-08,4.6885628486016783e-07,1.6967542908771295e-06
2017-09-07,0.0,0.0,7.458646365309192e-08,2.3723852309670643e-08,5.579695964720033e-08,3.164437771118285e-07,1.8549108745436525e-06
2017-09-08,0.0,0.0,0.0,0.0,4.5670312480294685e-08,4.1819637710171353e-07,1.8123831798403745e-06
2017-09-09,0.0,0.0,7.42408137597536e-08,3.488113283949686e-08,3.553910432856951e-08,1.943013459564989e-07,1.6299575201545934e-06
2017-09-10,0.0,0.0,2.963165339329647e-07,4.6045413024968674e-08,4.572052514466117e-08,2.8246910331652244e-07,1.3990148393856315e-06
2017-09-11,0.0,0.0,1.4784972236361982e-07,4.558725351028202e-08,3.5585268633604e-08,2.795301168124781e-07,1.3864198080213484e-06
2017-09-12,0.0,0.0,1.4755596285620213e-07,2.2566826379467948e-08,3.5613687377878285e-08,3.658123455888844e-07,1.5866329728958406e-06
2017-09-13,0.0,0.0,1.4727695906803378e-07,2.234228270523858e-08,5.092238217224074e-08,2.7475872615507664e-07,1.6681945077153852e-06
2017-09-14,0.0,0.0,7.350634154925171e-08,3.3179959916847554e-08,6.11677924452268e-08,2.615177890288044e-07,1.3759851452814666e-06
2017-09-15,0.0,0.0,8.1845804184435e-08,3.284981379947898e-08,5.613193952115069e-08,2.592933529455704e-07,1.117304136479808e-06
2017-09-16,0.0,0.0,8.18134222376415e-08,3.252295269086529e-08,4.0872011545385957e-08,2.678071316809473e-07,1.1508029810523498e-06
2017-09-17,0.0,0.0,3.2715688680499937e-07,1.0733114634874414e-08,6.138732237499728e-08,2.1243504131728017e-07,1.2319997480200545e-06
2017-09-18,0.0,0.0,2.014498371117062e-07,3.1878955079604526e-08,6.147276621530942e-08,2.8805714833547627e-07,1.312281867594038e-06
2017-09-19,0.0,0.0,1.2208466498025437e-07,0.0,5.130363115289214e-08,2.765487823707129e-07,1.1120326599395329e-06
2017-09-20,0.0,0.0,0.0,0.0,1.5415526259668463e-08,2.737970760096592e-07,1.1716491076499969e-06
2017-09-21,0.0,0.0,4.151697960319101e-08,0.0,5.661885070945243e-08,1.4948988619658693e-07,1.0830393185888096e-06
2017-09-22,0.0,0.0,0.0,0.0,2.062536984207537e-08,1.9733658263481724e-07,7.067159947123633e-07
2017-09-23,0.0,0.0,1.6942271290015582e-07,0.0,4.13282585061348e-08,1.2559696124800487e-07,7.308488249020026e-07
2017-09-24,0.0,0.0,1.7112543947265545e-07,0.0,2.5881193867756112e-08,1.6826270079995247e-07,8.116455650466577e-07
2017-09-25,0.0,0.0,4.3211319682926827e-08,0.0,6.224355434431797e-08,1.6041851602898713e-07,9.904892614226082e-07
2017-09-26,0.0,0.0,8.729120133133529e-08,0.0,6.23784678133255e-08,2.0158218188915267e-07,9.421347242301341e-07
2017-09-27,0.0,0.0,1.3225273873453944e-07,0.0,6.25196191810966e-08,1.6933755632279407e-07,7.465069993513858e-07
2017-09-28,0.0,0.0,1.3150941644891967e-07,0.0,3.886022378703496e-08,1.0777668395456099e-07,7.917893330755471e-07
2017-09-29,0.0,0.0,8.718616347635752e-08,0.0,2.616718368601522e-08,1.4227238404166633e-07,7.381722310338284e-07
2017-09-30,0.0,0.0,8.67081013424383e-08,0.0,1.982262619063634e-08,7.629740634075598e-08,5.893710145881158e-07
2017-10-01,0.0,0.0,1.292133606709585e-07,0.0,5.227561318464442e-08,1.3355442950005236e-07,6.168305210598583e-07
2017-10-02,0.0,0.0,4.284099428455653e-08,0.0,2.2643014687384443e-08,1.2647660416981827e-07,3.281317557604848e-07
2017-10-03,0.0,0.0,1.7046060992235844e-07,0.0,4.163289543553203e-08,1.1952640725278388e-07,4.3074244639474995e-07
2017-10-04,0.0,0.0,1.2718071668215055e-07,0.0,2.5365317664273837e-08,1.634178994880175e-07,3.591591901074065e-07
2017-10-05,0.0,0.0,1.2652869410018474e-07,0.0,2.8252044603572793e-08,1.283176854156638e-07,4.5396906500646744e-07
2017-10-06,0.0,0.0,4.1963108164356623e-08,0.0,2.175516938220992e-08,9.389979795298052e-08,4.089583473171913e-07
2017-10-07,0.0,0.0,8.350836261554162e-08,0.0,1.5384787021458514e-08,1.1483970978829445e-07,2.1217857845251948e-07
2017-10-08,0.0,0.0,4.154942990411105e-08,0.0,1.5231705832861357e-08,1.1783909889503684e-07,2.2061922856608078e-07
2017-10-09,0.0,0.0,1.24046500434199e-07,0.0,3.016029565508125e-08,1.1080988745026804e-07,2.852931105572832e-07
2017-10-10,0.0,0.0,8.23047439396538e-08,0.0,2.986019569913894e-08,1.5887995488901907e-07,3.4342495967866787e-07
2017-10-11,0.0,0.0,1.6384010293231285e-07,0.0,5.912616357530028e-09,9.099061822435018e-08,2.8495042782267247e-07
2017-10-12,0.0,0.0,4.07717755330363e-08,0.0,1.7561354525385643e-08,1.3248227395388477e-07,1.9419670720233333e-07
2017-10-13,0.0,0.0,8.117520508904853e-08,0.0,2.897769354711376e-09,1.4348169765438579e-07,2.976636258339706e-07
2017-10-14,0.0,0.0,1.6162995340035927e-07,0.0,2.0082552475128025e-08,6.417514902149616e-08,2.2243769293973278e-07
2017-10-15,0.0,0.0,4.02314149381634e-08,0.0,2.5563507093333573e-08,9.865883944259514e-08,1.4871795721055473e-07
2017-10-16,0.0,0.0,1.6023745880502832e-07,0.0,8.436381982600194e-09,4.416304997035669e-08,2.6963975374995204e-07
2017-10-17,0.0,0.0,7.978264086840761e-08,0.0,2.50573157379534e-08,2.064335027050403e-08,3.060654696829837e-07
2017-10-18,0.0,0.0,3.972726533243683e-08,0.0,2.4807991280561175e-08,3.9881587320780744e-08,1.714075058249049e-07
2017-10-19,0.0,0.0,1.187015489709278e-07,0.0,1.6374098428646932e-08,4.143480165672503e-08,2.493088057563298e-07
2017-10-20,0.0,0.0,0.0,0.0,1.8913035664920142e-08,2.5205574377548754e-08,2.0144549524913622e-07
2017-10-21,0.0,0.0,7.851774589436063e-08,0.0,1.3374891296961624e-08,1.9314043006874613e-08,2.306617388307933e-07
2017-10-22,0.0,0.0,0.0,0.0,1.589017068596406e-08,2.977717913776755e-08,2.243721801844295e-07
2017-10-23,0.0,0.0,1.5586506790675542e-07,0.0,3.670814197373079e-08,2.2382567774995972e-08,3.242386957277738e-07
2017-10-24,0.0,0.0,1.5530326479051873e-07,0.0,2.076736563333316e-08,3.739081578682663e-08,2.5900848594691676e-07
2017-10-25,0.0,0.0,1.1606774409763569e-07,0.0,1.799063603110347e-08,2.8485629206662326e-08,3.056795375353321e-07
2017-10-26,0.0,0.0,3.8556548824505174e-08,0.0,3.8167770453505246e-08,3.456910531820468e-08,2.3483746564760488e-07
2017-10-27,0.0,0.0,1.5371082121391254e-07,0.0,2.2672796875241568e-08,3.164523216454438e-08,2.1696828623298398e-07
2017-10-28,0.0,0.0,3.8302704585004636e-08,0.0,7.482399592320522e-09,2.2664666227554575e-08,1.991606180417942e-07
2017-10-29,0.0,0.0,1.9090767084454338e-07,0.0,2.2223845417265332e-08,2.1212670901548325e-08,1.8140916376118048e-07
2017-10-30,0.0,0.0,3.806418193804764e-08,0.0,7.334238153543583e-09,3.4949772571621606e-08,2.6894990089850454e-07
2017-10-31,0.0,0.0,1.518025446284027e-07,0.0,1.2102102107654381e-08,3.2005508566900594e-08,2.8042320586817367e-07
2017-11-01,0.0,0.0,1.8941013688860238e-07,0.0,2.6391794132964045e-08,3.671841960852112e-08,2.0909962600136537e-07
2017-11-02,0.0,0.0,1.5110378240647126e-07,0.0,1.662766725052575e-08,3.376471352243097e-08,2.3219686381617006e-07
2017-11-03,0.0,0.0,1.883682072577769e-07,0.0,1.1758727997871074e-08,2.3096081070368523e-08,2.610945334495405e-07
2017-11-04,0.0,0.0,5.845871707050877e-08,0.0,4.656690679757579e-09,2.7807691421538272e-08,2.145948239276028e-07
2017-11-05,0.0,1.2458179017323328e-07,5.830024886248707e-08,0.0,6.915533749972935e-09,4.0304140284705005e-08,2.487722085982127e-07
2017-11-06,0.0,2.5166771596023805e-07,5.8147610727935344e-08,0.0,1.1411205065745775e-08,5.600166318049706e-08,2.6097739275313745e-07
2017-11-07,0.0,1.270985092776647e-07,2.9000393701456443e-07,0.0,3.1633452699013954e-08,4.995839455296102e-08,3.157167244002161e-07
2017-11-08,0.0,2.5675174106410783e-07,1.7357929261489467e-07,0.0,3.3555744198826e-08,1.61264905910707e-08,2.2414417159627865e-07
2017-11-09,0.0,0.0,2.8862263515827004e-07,0.0,2.436269657461002e-08,3.257712903198445e-08,2.2170798809006856e-07
2017-11-10,0.0,0.0,5.759506235915024e-08,0.0,1.973477756730606e-08,1.864590295239776e-08,2.0833055394483604e-07
2017-11-11,0.0,7.706018640396538e-07,0.0,0.0,1.0854674027548986e-08,1.5509774323239034e-08,1.8392678505298656e-07
2017-11-12,0.0,1.0377953887048314e-06,5.7353399306223655e-08,0.0,1.0746668216376287e-08,1.4546675136152086e-08,2.0200665204704855e-07
2017-11-13,0.0,0.0,1.1448235351858831e-07,0.0,1.2767684497176976e-08,1.921375523695554e-08,2.574031135476907e-07
2017-11-14,0.0,5.293801231151286e-07,1.714040351332252e-07,0.0,1.896096587068784e-08,2.5114755713107497e-08,2.424631098294006e-07
2017-11-15,0.0,2.6735024090173644e-07,1.7110168053491848e-07,0.0,4.171622468444032e-09,2.5367163204302293e-08,1.9977429741390185e-07
2017-11-16,0.0,0.0,1.7081643624725038e-07,0.0,2.4780684788083852e-08,2.8549680689540804e-08,2.655586121054827e-07
2017-11-17,0.0,2.7275107402442757e-07,1.0832545423588112e-07,0.0,1.2267056427316476e-08,3.316210121327089e-08,2.2071320942506905e-07
2017-11-18,0.0,2.7549226789075933e-07,1.449246321365342e-07,0.0,1.6193329568608457e-08,3.0582743621645796e-08,2.103652181811611e-07
2017-11-19,0.0,0.0,7.271490893793906e-08,0.0,1.2024152435434715e-08,2.500627572304312e-08,1.8544683965430935e-07
2017-11-20,0.0,5.621151617383254e-07,3.648738667955039e-08,0.0,0.0,2.9714815261426438e-08,2.1908851324045216e-07
2017-11-21,0.0,5.677645130343396e-07,1.0986290297761639e-07,0.0,0.0,3.0013454119678964e-08,2.720241513723045e-07
2017-11-22,0.0,0.0,3.6758210766144025e-08,0.0,0.0,3.183084906577249e-08,2.0357401668206997e-07
2017-11-23,0.0,0.0,1.4759651889916462e-07,0.0,0.0,5.205360238993766e-08,2.1766101150666998e-07
2017-11-24,0.0,2.9252775833707296e-07,3.7043738627160135e-08,0.0,0.0,3.5566624858813405e-08,2.075741593590189e-07
2017-11-25,0.0,5.909354223702353e-07,1.1157615580278516e-07,0.0,0.0,2.499066113479263e-08,1.830909703788064e-07
2017-11-26,0.0,5.968744221010097e-07,1.1203225343265062e-07,0.0,0.0,3.6285118341190365e-08,2.2604850468139416e-07
2017-11-27,0.0,0.0,3.7499851460406625e-08,0.0,0.0,5.173496268104069e-08,2.5447329014069296e-07
2017-11-28,0.0,6.089320852551456e-07,1.1297810537897721e-07,0.0,0.0,3.739188520076983e-08,2.53293341743456e-07
2017-11-29,0.0,6.150519544548705e-07,7.564530285428078e-08,0.0,0.0,4.1807342493929854e-08,2.582912948156655e-07
2017-11-30,0.0,0.0,7.597943338256679e-08,0.0,0.0,2.9240996415391455e-08,3.5107832248998695e-07
2017-12-01,0.0,6.210760317370103e-07,7.620723613246224e-08,0.0,0.0,1.9841025058658653e-08,2.978291798491056e-07
2017-12-02,0.0,6.273179496279393e-07,0.0,0.0,0.0,3.034280294678161e-08,1.796591339104156e-07
2017-12-03,0.0,9.504338997548968e-07,7.691257024091995e-08,0.0,0.0,3.468858420215759e-08,2.3403174258390886e-07
2017-12-04,0.0,9.59985919249891e-07,1.159151346778994e-07,0.0,0.0,3.148759530259649e-08,2.787884698760162e-07
2017-12-05,0.0,9.69633938136801e-07,1.1647300560448295e-07,0.0,0.0,4.621384610797522e-08,3.1086469781771826e-07
2017-12-06,0.0,0.0,1.1704252392868809e-07,0.0,0.0,3.112784296903353e-08,2.929361070261813e-07
2017-12-07,0.0,0.0,3.920791553427396e-08,0.0,0.0,3.832232229827725e-08,2.6799597749115865e-07
2017-12-08,0.0,3.330545626094235e-07,7.881115449975739e-08,0.0,0.0,3.6643502604406706e-08,2.1865548686258123e-07
2017-12-09,0.0,1.0092054498353782e-06,0.0,0.0,0.0,2.623844359032739e-08,2.5288067760305484e-07
2017-12-10,0.0,3.397827110761589e-07,3.9812742613175996e-08,0.0,0.0,2.609618917170643e-08,2.526304171314812e-07
2017-12-11,0.0,6.863951681895719e-07,2.0011143488872107e-07,0.0,0.0,2.8840604881943936e-08,2.5735454579277703e-07
2017-12-12,0.0,0.0,2.0117916802181113e-07,0.0,0.0,3.012274450717298e-08,2.9176733614241906e-07
2017-12-13,0.0,3.5013063518744574e-07,2.0226701923935318e-07,0.0,0.0,3.8527542241531596e-08,3.113325695792782e-07
2017-12-14,0.0,0.0,4.067501946547513e-08,0.0,0.0,3.407083940586659e-08,2.9454138890758113e-07
2017-12-15,0.0,0.0,1.636028104756885e-07,0.0,0.0,6.817384894793832e-08,4.478599792931939e-07
2017-12-16,0.0,7.215874010098566e-07,2.467828552602903e-07,0.0,0.0,5.0600428509815824e-08,3.4047220565861103e-07
2017-12-17,0.0,7.288394749558362e-07,1.654574488654846e-07,0.0,0.0,5.502752119360318e-08,3.2379005714990774e-07
2017-12-18,0.0,1.4723288669133594e-06,8.320477005343862e-08,0.0,0.0,7.488170800255475e-08,3.9240892939960763e-07
2017-12-19,0.0,0.0,8.368913622047781e-08,0.0,0.0,8.154525265751205e-08,5.628425450829197e-07
2017-12-20,0.0,7.510359414925421e-07,1.683637427417605e-07,0.0,0.0,7.278706752458738e-08,4.3302104020010863e-07
2017-12-21,0.0,1.1378759672861365e-06,2.5404907433571463e-07,0.0,0.0,7.285186414907256e-08,5.328038285808533e-07
2017-12-22,0.0,3.8310393695947384e-07,1.277889698389652e-07,0.0,0.0,6.408467983635755e-08,6.529429194636443e-07
2017-12-23,0.0,0.0,8.571078767569876e-08,0.0,0.0,3.5395549259474e-08,4.7617923955400514e-07
2017-12-24,0.0,7.81686299711162e-07,1.0243495121743644e-07,0.0,0.0,4.872666337834572e-08,6.101881084251091e-07
2017-12-25,0.0,3.9074547244055424e-07,6.761047094861805e-08,0.0,0.0,8.649015682011231e-08,6.443971454160965e-07
2017-12-26,0.0,1.5627474795935753e-06,1.6734433880595566e-07,0.0,0.0,8.660987764818731e-08,5.922704336709599e-07
2017-12-27,0.0,1.1720020091063905e-06,2.3195092873918118e-07,0.0,0.0,9.118637540985366e-08,8.133549539984134e-07
2017-12-28,0.0,0.0,1.9683683865959268e-07,0.0,0.0,6.459959344490093e-08,7.748371364431673e-07
2017-12-29,0.0,1.1722364173216627e-06,6.495942646354719e-08,0.0,0.0,9.594629550367147e-08,9.638042481417882e-07
2017-12-30,0.0,1.172529449566743e-06,9.64696040560143e-08,0.0,0.0,6.705808021630816e-08,7.176713566425529e-07
2017-12-31,0.0,7.739083910730383e-07,9.550971545750502e-08,0.0,0.0,5.150741927885645e-08,6.635295112078999e-07
2018-01-01,0.0,7.412006297117924e-07,9.29384983735043e-08,0.0,0.0,9.414733223366207e-08,6.780845788306802e-07
2018-01-02,0.0,1.1007383403314083e-06,6.13424965757235e-08,0.0,0.0,8.995369563598692e-08,8.6574844138282e-07
2018-01-03,0.0,3.6326193694881525e-07,1.8219638560966188e-07,0.0,0.0,1.0773785385946485e-07,7.254603242986633e-07
2018-01-04,0.0,1.7982371014178765e-06,1.2025566752169672e-07,0.0,0.0,1.0577715462485946e-07,7.361683076645222e-07
2018-01-05,0.0,1.068206605980213e-06,5.952955181862553e-08,0.0,0.0,9.462219917464876e-08,5.594818825100409e-07
2018-01-06,0.0,7.050518484403151e-07,2.946861144059635e-08,0.0,0.0,7.911222666694645e-08,6.68951634213399e-07
2018-01-07,0.0,1.0470546979993165e-06,1.1670157543032499e-07,0.0,0.0,8.779308807440752e-08,6.853587100970136e-07
2018-01-08,0.0,6.910908864536724e-07,1.1554037535305924e-07,0.0,0.0,7.234629720152892e-08,6.952048514026067e-07
2018-01-09,0.0,1.0263216258585352e-06,1.1439072940961279e-07,0.0,0.0,9.636070857557409e-08,6.373759534840409e-07
2018-01-10,0.0,1.3548127400725583e-06,2.8313130658608303e-08,0.0,0.0,8.532962782523758e-08,5.858583934630349e-07
2018-01-11,0.0,6.706660640350456e-07,1.1212564120589448e-07,0.0,0.0,5.6838107085828975e-08,5.612653826162231e-07
2018-01-12,0.0,3.319964125995529e-07,8.325747932618601e-08,0.0,0.0,9.174654377469546e-08,5.570999492273722e-07
2018-01-13,0.0,6.573859861990151e-07,8.242905356526525e-08,0.0,0.0,7.42226949973941e-08,4.0086945324654947e-07
2018-01-14,0.0,0.0,1.90420698482915e-07,0.0,0.0,5.454544169044555e-08,4.098139176208229e-07
2018-01-15,0.0,3.221844357613638e-07,8.079684894660447e-08,0.0,0.0,6.324415925390223e-08,4.7471816707303645e-07
2018-01-16,0.0,6.379572941242155e-07,0.0,0.0,0.0,3.997314460226218e-08,5.473258867897357e-07
2018-01-17,0.0,1.2632190259734972e-06,1.0559595219310404e-07,0.0,0.0,4.7340178246873704e-08,4.717702448504191e-07
2018-01-18,0.0,3.126624466634617e-07,7.84089411850258e-08,0.0,0.0,2.8832657219783e-08,5.582455579804666e-07
2018-01-19,0.0,0.0,1.0350501224624413e-07,0.0,0.0,3.9119193823497124e-08,3.900687254191137e-07
2018-01-20,0.0,6.129426308247387e-07,1.0247512016659961e-07,0.0,0.0,3.640575217802684e-08,4.413548765813793e-07
2018-01-21,0.0,6.068437497458101e-07,7.609160676327596e-08,0.0,0.0,4.5376149806899355e-08,4.144568238595216e-07
2018-01-22,0.0,3.0040277677378056e-07,1.5066896525137687e-07,0.0,0.0,5.99857665376468e-08,5.226304199307237e-07
2018-01-23,0.0,5.948274384053397e-07,2.486163066638081e-08,0.0,0.0,5.4139423233546106e-08,4.3758656659584726e-07
2018-01-24,0.0,5.889088065026501e-07,1.4768551984790123e-07,0.0,0.0,4.821500442129975e-08,4.0479477586187585e-07
2018-01-25,0.0,5.830490659713698e-07,4.8738674790858026e-08,0.0,0.0,5.69843964899481e-08,5.269816737682386e-07
2018-01-26,0.0,8.658714462488435e-07,2.4126858436921878e-08,0.0,0.0,5.7374268885506554e-08,3.6222901585512863e-07
2018-01-27,0.0,2.857519604689397e-07,7.166037655309266e-08,0.0,0.0,5.990950389486806e-08,3.8755693595224165e-07
2018-01-28,0.0,5.658173619115452e-07,1.1824557315465359e-07,0.0,0.0,5.386228302040923e-08,3.7419941807835453e-07
2018-01-29,0.0,8.402810776393773e-07,9.365520803467192e-08,0.0,0.0,5.640889678990294e-08,5.09396332003854e-07
2018-01-30,0.0,5.546134274796248e-07,9.272332314447068e-08,0.0,0.0,6.773101790127971e-08,5.104972247891516e-07
2018-01-31,0.0,1.3727373291781471e-06,9.180071066385357e-08,0.0,0.0,6.821204740360028e-08,3.9794935267293424e-07
2018-02-01,0.0,5.390881433551604e-07,1.587672895163827e-07,0.0,0.0,6.851290665087359e-08,4.119756609694991e-07
2018-02-02,0.0,1.601172380114773e-06,1.3473216736328636e-07,0.0,0.0,6.232825371700821e-08,4.6838757122778935e-07
2018-02-03,0.0,1.0568269658242603e-06,1.3038552862484103e-07,0.0,0.0,6.651460948475302e-08,3.4747094674515126e-07
2018-02-04,0.0,7.8473352136196e-07,1.6239667649772337e-07,0.0,0.0,8.171523833035266e-08,4.1101209147753567e-07
2018-02-05,0.0,1.2948754872696794e-06,2.2655875482432674e-07,0.0,0.0,5.940289208050971e-08,5.878305328844879e-07
2018-02-06,0.0,7.691947565383315e-07,1.5665844436921448e-07,0.0,0.0,6.79493428615467e-08,6.017051416150313e-07
2018-02-07,0.0,5.076940938876711e-07,7.825343461503595e-08,0.0,0.0,6.770216017712272e-08,4.792971265074739e-07
2018-02-08,0.0,5.026424532489235e-07,1.1727820868120637e-07,0.0,0.0,6.963793317691366e-08,5.264096358474145e-07
2018-02-09,0.0,7.46461615911556e-07,2.3437598671691816e-07,0.0,0.0,7.156537717021599e-08,4.473475212867961e-07
2018-02-10,0.0,7.390341987333713e-07,2.7325549284297746e-07,0.0,0.0,6.051715714468651e-08,5.782744338087711e-07
2018-02-11,0.0,2.438935618636413e-07,7.802847436949001e-08,0.0,0.0,7.539778481310858e-08,5.360890314810828e-07
2018-02-12,0.0,7.244003411267715e-07,1.867742577425479e-08,0.0,0.0,4.2946664592384025e-08,5.107791497910767e-07
2018-02-13,0.0,3.693508790051672e-07,7.546054809595277e-08,0.0,0.0,6.636042190469335e-08,4.698820497774039e-07
2018-02-14,0.0,2.4378385090278325e-07,0.0,0.0,1.1738084744513947e-08,5.3354959507002013e-08,5.630860769364603e-07
2018-02-15,0.0,0.0,7.698495228664448e-08,0.0,1.7784081686166655e-08,6.171059092066904e-08,6.045408993173996e-07
2018-02-16,0.0,1.1947830361425998e-07,7.775866392009196e-08,0.0,1.397107808331754e-08,5.092601372998632e-08,6.462705048145202e-07
2018-02-17,0.0,4.7315789851972293e-07,1.5708030296946112e-07,0.0,2.2175198182344176e-08,6.771504831787047e-08,5.508727763571763e-07
2018-02-18,0.0,1.1711247469163935e-07,9.916186641245997e-08,0.0,2.0361875117455703e-08,5.909357698739281e-08,5.980631076255378e-07
2018-02-19,0.0,0.0,1.60253535581253e-07,0.0,1.6453212291626482e-08,6.525765282897742e-08,6.360434316205495e-07
2018-02-20,0.0,3.154385990131486e-07,2.048096240578372e-07,0.0,2.908249719240007e-08,6.089700627668288e-08,5.618015437607338e-07
2018-02-21,0.0,2.3895660722851995e-07,4.137359900001281e-08,0.0,2.9374781148408536e-08,5.2372948815534735e-08,6.167958950041539e-07
2018-02-22,0.0,1.6090544070468835e-07,2.0894705291418154e-07,0.0,6.3578577015023386e-09,7.315520207178165e-08,6.529852127007569e-07
2018-02-23,0.0,1.6252256726852215e-07,2.95465807990799e-07,0.0,1.498409554529954e-08,4.79685314802471e-08,7.496689172590369e-07
2018-02-24,0.0,3.2831189244903746e-07,2.1316806337768943e-07,0.0,1.0810491577953526e-08,5.310193432425664e-08,5.727074616964263e-07
2018-02-25,0.0,1.658057409119349e-07,1.7224835042531504e-07,0.0,6.55148329474437e-09,3.4759482605997925e-08,6.88869982636527e-07
2018-02-26,0.0,8.373605815580705e-08,3.0446408147235814e-07,0.0,3.088085838369321e-08,5.4839240054079e-08,7.37112779385237e-07
2018-02-27,0.0,4.228880976562125e-07,1.3179599844097845e-07,0.0,1.782355209722963e-08,5.480057048944515e-08,6.884359149562354e-07
2018-02-28,0.0,1.708552774782254e-07,4.4373523415445005e-08,0.0,1.3502011330380125e-08,5.111622229235904e-08,6.883221564940883e-07
2018-03-01,0.0,1.605737353739047e-06,2.583160530498718e-07,0.0,1.814927642659858e-08,4.5515626219459694e-08,7.831068789835434e-07
2018-03-02,0.0,6.487501129749655e-07,1.7394144836236386e-07,0.0,1.8331679687142646e-08,5.823633271637853e-08,6.67114211925885e-07
2018-03-03,0.0,3.2763508000311844e-07,2.635343834719017e-07,0.0,1.388693709819891e-08,4.7302521137341224e-08,7.27383987891439e-07
2018-03-04,0.0,6.618557345995692e-07,4.436382467636959e-07,0.0,3.03907567953668e-08,5.6387512279187815e-08,1.0110485342523104e-06
2018-03-05,0.0,1.0027612429768644e-06,1.792387541074394e-07,0.0,3.069618897897456e-08,7.231370967186873e-08,1.000737286394714e-06
2018-03-06,0.0,1.6880652683571836e-06,4.526003338354432e-07,0.0,3.100469080706045e-08,8.807011839076985e-08,1.0718818274243344e-06
2018-03-07,0.0,1.0230183638118925e-06,9.296350189671432e-07,0.0,2.649840187928524e-08,9.873242623759421e-08,1.006529704586817e-06
2018-03-08,0.0,1.3777331590644989e-06,8.0483829105862e-07,0.0,2.1898403382792676e-08,8.340498274560466e-08,1.2797545322275751e-06
2018-03-09,0.0,6.957898037552479e-07,5.419513669063303e-07,0.0,1.4745657330444169e-08,9.151976124370796e-08,1.2441612266237e-06
2018-03-10,0.0,3.5139130376922433e-07,6.842475858690402e-07,0.0,2.4823089417301702e-08,1.0756581317525367e-07,8.689430533544378e-07
2018-03-11,0.0,1.4196913803361145e-06,2.76449755373585e-07,3.115546854676782e-08,2.005805249079266e-08,9.213837060388268e-08,1.0224252418819188e-06
2018-03-12,0.0,7.169797579582229e-07,7.239570197990299e-07,2.6223821842706974e-08,2.025963926970814e-08,1.0567026338263552e-07,1.2319921037883813e-06
2018-03-13,0.0,3.620927621608347e-07,7.312329088097664e-07,3.1784850760573967e-08,3.3252784547829726e-08,8.685125358933348e-08,1.1585972946740097e-06
2018-03-14,0.0,7.31463709841038e-07,1.8464548043018672e-07,1.605214691073154e-08,3.6170594479976126e-08,9.702210085369487e-08,1.1602674728307382e-06
2018-03-15,0.0,3.69407521170473e-07,6.836291775206116e-07,3.242694733848801e-08,6.646271643271272e-08,1.1496513330232278e-07,1.1544597308349159e-06
2018-03-16,0.0,7.462402569607691e-07,6.904997649783062e-07,1.637642178863467e-08,1.1932484498414858e-07,7.030071599286061e-08,1.3546128091804245e-06
2018-03-17,0.0,3.7687004811407864e-07,4.649596019919446e-07,1.6541007563851256e-08,8.608862829537982e-08,7.006167577129748e-08,9.545017605131664e-07
2018-03-18,0.0,7.613153101332873e-07,1.643713832877732e-06,0.0,5.217230003627713e-08,8.276105691934389e-08,9.59312427620444e-07
2018-03-19,0.0,7.689666562038619e-07,1.1858810225262223e-06,2.2500210776045006e-08,1.1417605413241531e-07,1.0754316956312982e-07,1.423789762216331e-06
2018-03-20,0.0,3.883474497904324e-07,1.5614847723745379e-06,2.2726341653773256e-08,7.096833387905052e-08,1.2145047785212902e-07,1.0105180719055567e-06
2018-03-21,0.0,1.2551414578169768e-06,1.840040947775667e-06,1.5631435065205158e-08,9.85621690518025e-08,1.0760843404975082e-07,9.144982161122252e-07
2018-03-22,0.0,0.0,5.310096190692924e-07,3.1577067198751586e-08,7.240198932287356e-08,1.1807564506232893e-07,1.3964624571044057e-06
2018-03-23,0.0,1.2804969971880156e-06,1.6090390633927174e-06,7.973605500031761e-09,1.0055325694259255e-07,1.2856514528249122e-07,1.1646095341509539e-06
2018-03-24,0.0,6.466831029802653e-07,1.3543418123539733e-06,3.221496627028128e-08,6.463153071182365e-08,7.649403737271656e-08,1.2553389017980497e-06
2018-03-25,0.0,6.531823762157252e-07,1.0930117685629854e-06,2.440404904793134e-08,6.528108839438302e-08,9.011867236207355e-08,1.3465983320201008e-06
2018-03-26,0.0,1.3194939364662544e-06,1.1026593893304947e-06,3.286575175785771e-08,1.507135411204181e-07,1.0142746147412357e-07,1.4056044982030219e-06
2018-03-27,0.0,1.3327550709942867e-06,2.5558361070878373e-06,1.6598029027185483e-08,8.562838353217026e-08,7.980715192949986e-08,1.2632832265268424e-06
2018-03-28,0.0,6.730747410700257e-07,3.2213749514984417e-07,2.5147262988264853e-08,1.8258781097583338e-07,5.249574541488277e-08,1.3903797176861745e-06
2018-03-29,0.0,1.3596785093558254e-06,9.744830727950177e-07,3.386666291067524e-08,9.70646573598279e-08,8.877355129338994e-08,1.1989064589306256e-06
2018-03-30,0.0,6.86671752777802e-07,1.9653022185197083e-06,8.551757132877681e-09,7.843213870740934e-08,5.292811771955039e-08,1.1675456350837098e-06
2018-03-31,0.0,1.3871458372503952e-06,3.3030580388483187e-07,0.0,6.931784545541402e-08,1.1040216668458138e-07,1.5077460162002204e-06
2018-04-01,0.0,2.1011857257311276e-06,9.977079220654464e-07,2.6164951382625545e-08,1.1000582890332705e-07,1.254002649372966e-07,1.3858474104556099e-06
2018-04-02,0.0,1.4148686622330633e-06,2.3477064442157656e-06,3.5237218021026756e-08,1.2121244276076863e-07,1.2250148937260375e-07,1.824361309616411e-06
2018-04-03,0.0,0.0,2.3676625095463414e-06,2.6693518462289505e-08,1.0504866072265216e-07,1.372284934337515e-07,1.9041463456407688e-06
2018-04-04,0.0,0.0,3.411221918715613e-07,2.6961792782899838e-08,1.193674694792433e-07,1.8310954978024668e-07,1.7515346142783175e-06
2018-04-05,0.0,1.4579578279468071e-06,1.7202049744140815e-06,9.077587768418899e-09,1.1999348876610615e-07,1.2956386392319687e-07,2.224457011115256e-06
2018-04-06,0.0,7.363052738596714e-07,3.67649195393408e-07,9.168819042212707e-09,1.340350083353784e-07,1.0036085293807839e-07,1.7578315000416952e-06
2018-04-07,0.0,7.437052648869154e-07,0.0,3.704386882220579e-08,1.3475732165427971e-07,1.2633403916866685e-07,1.904387155900125e-06
2018-04-08,0.0,0.0,1.4963090665952008e-06,9.35404147332824e-09,6.774655540882232e-08,1.679431322895893e-07,2.4107806055944605e-06
2018-04-09,0.0,7.587291078225844e-07,0.0,1.8896102306094852e-08,1.0899395952400206e-07,1.8541555403418344e-07,2.82863152392706e-06
2018-04-10,0.0,5.008125011588828e-06,1.1419649213958458e-06,4.771502822877661e-08,1.0960432988066942e-07,2.1599869327312477e-07,2.846362414841094e-06
2018-04-11,0.0,2.0182624376340074e-06,1.9166321993189854e-06,4.8194572234901604e-08,1.377820759520776e-07,2.117502994802126e-07,2.216167521931786e-06
2018-04-12,0.0,0.0,3.4743261500316457e-06,2.9207361443047426e-08,1.247152660881592e-07,2.015075010026805e-07,2.2762405428357647e-06
2018-04-13,0.0,0.0,1.2283189049392413e-06,0.0,9.756377201665663e-08,2.0304875896985058e-07,2.7644105160562817e-06
2018-04-14,0.0,1.0322584051367757e-06,0.0,3.972985237712371e-08,1.121560434043493e-07,1.263769635771952e-07,2.4824162306200416e-06
2018-04-15,0.0,0.0,4.292406099710547e-07,3.009685802380736e-08,1.410273109664761e-07,2.1225682696761108e-07,2.2420414314467607e-06
2018-04-16,0.0,2.0963827562403325e-06,2.1622832991080383e-06,1.5323985902621748e-08,1.1349893642090824e-07,2.3835307655655764e-07,2.781904876415166e-06
2018-04-17,0.0,0.0,1.7428638227940971e-06,6.191197808535413e-08,1.427342175710756e-07,1.478247621967849e-07,3.142892280829766e-06
2018-04-18,0.0,0.0,4.3901882353410863e-07,9.380130571443493e-08,1.1488723052537489e-07,1.7381640575889354e-07,2.404112111574806e-06
2018-04-19,0.0,2.14575808962467e-06,8.847311872357935e-07,6.316268300638541e-08,2.0229750767219263e-07,1.7518797074029472e-07,3.5184395547537646e-06
2018-04-20,0.0,2.147281780806272e-06,1.3951888561634011e-06,6.379747852408393e-08,1.1632148105390183e-07,1.3950080868922014e-07,2.9958221868096487e-06
2018-04-21,0.0,3.2235303029330446e-06,0.0,6.44386538427996e-08,1.3168802085768277e-07,2.0392805597969608e-07,3.445906348234644e-06
2018-04-22,0.0,2.150973526915506e-06,2.9433663159995602e-06,8.135784135074826e-08,1.5888430170713994e-07,1.985106657033009e-07,3.454372898184145e-06
2018-04-23,0.0,1.0765709755104117e-06,1.0689376205687339e-06,8.217550124993051e-08,1.42223971529075e-07,2.167586362299317e-07,4.32335891695084e-06
2018-04-24,0.0,1.0777628455577675e-06,2.6876553511651943e-06,4.980082726063054e-08,1.074237563756076e-07,3.353182698430652e-07,3.089584965757224e-06
2018-04-25,0.0,3.942999098933279e-06,5.406470837366781e-07,8.383555649254945e-08,1.9834884037753865e-07,2.4446655394698083e-07,3.881981324653564e-06
2018-04-26,0.0,0.0,1.0849370414217324e-06,3.387124713715751e-08,1.2712888519489824e-07,4.0241839059298416e-07,3.0731160942389696e-06
2018-04-27,0.0,0.0,5.443442049891842e-07,6.842331766047018e-08,1.463411360606812e-07,4.049627123334241e-07,2.8933217993576756e-06
2018-04-28,0.0,2.6520900920894264e-06,2.1850972965664905e-06,3.455549171770551e-08,2.0378196371101628e-07,2.286242245292452e-07,3.953338709052765e-06
2018-04-29,0.0,0.0,5.482590711817054e-07,8.725695045786008e-08,2.2586148653260172e-07,1.600675528290354e-07,3.4077192950702468e-06
2018-04-30,0.0,1.3345154321934792e-06,1.1005972891715808e-06,5.2371941115849006e-08,1.8620623580723786e-07,4.1283969521846344e-07,3.686839944380261e-06
2018-05-01,0.0,1.3316262223811148e-06,1.1839364386496675e-06,3.492308209598028e-08,8.341242101283887e-08,2.937125666489968e-07,3.827882357363466e-06
2018-05-02,0.0,0.0,1.186367330468437e-06,6.798241735828556e-08,1.6811211972451114e-07,2.9799694151716874e-07,4.039574134529739e-06
2018-05-03,0.0,1.3408479592758631e-06,1.1889168600088967e-06,2.272412577985197e-08,2.1177026096926357e-07,3.4871862200936664e-07,3.268882241699532e-06
2018-05-04,0.0,0.0,1.1888897581991163e-06,1.139485910256179e-07,2.124652594614552e-07,1.8546699679864708e-07,5.172436178558616e-06
2018-05-05,0.0,1.3506060532325326e-06,2.3779630927118015e-06,0.0,2.122252146326421e-07,2.0658098011640302e-07,4.448163933312448e-06
2018-05-06,0.0,2.7113748909770578e-06,1.7837883504872132e-06,2.6422419874098268e-08,2.3320703175236202e-07,2.4784854754290874e-07,4.861555507619572e-06
2018-05-07,0.0,0.0,2.9738046029368652e-06,7.958997573037667e-08,2.3298964830633276e-07,3.6727429087488024e-07,5.493973039067909e-06
2018-05-08,0.0,4.098772383971871e-06,2.9749260046668474e-06,1.5984130180471356e-07,2.116323309266298e-07,3.953318029189755e-07,4.997184060834069e-06
2018-05-09,0.0,1.3717471419137818e-06,5.9459509928853e-07,1.3376553034337982e-07,3.383632865202207e-07,3.018153272129727e-07,5.56087732772812e-06
2018-05-10,0.0,2.739470335925812e-06,1.1885289152982338e-06,1.072035902126905e-07,1.6907434008422807e-07,5.300246789538609e-07,4.295792789693877e-06
2018-05-11,0.0,1.3678601686702758e-06,5.939932429506908e-07,2.6851369149758746e-08,1.9010693754365617e-07,5.49372955611929e-07,4.633419131684578e-06
2018-05-12,0.0,0.0,1.7813442842146673e-06,2.690452590563606e-08,2.1113805927192563e-07,4.7416046475228765e-07,3.886476618629925e-06
2018-05-13,0.0,1.3645203577326167e-06,1.1872579836600945e-06,1.0784149254609783e-07,2.321740321138316e-07,3.024022527194418e-07,4.547342339828014e-06
2018-05-14,0.0,1.3630552121037106e-06,1.7502585703795403e-06,0.0,1.8991588632973802e-07,6.571504130435834e-07,5.313294935681961e-06
2018-05-15,0.0,0.0,5.834864645160357e-07,5.4160323264042434e-08,8.439564118972186e-08,5.16537999706239e-07,6.026600662861667e-06
2018-05-16,0.0,0.0,0.0,1.0857645950231585e-07,1.8988348820152044e-07,4.552010490053327e-07,5.681189954654975e-06
2018-05-17,0.0,1.3594770972370255e-06,0.0,2.7210782553244425e-08,1.6879624198508764e-07,5.894702598239258e-07,6.320678082243902e-06
2018-05-18,0.0,0.0,1.2300287973346462e-06,2.1824137065472753e-07,1.688240408892418e-07,6.322313842101732e-07,5.408362184934473e-06
2018-05-19,0.0,1.357771630307651e-06,0.0,5.4704576300608396e-08,1.2665154175362905e-07,6.723343268033471e-07,5.770537755184114e-06
2018-05-20,0.0,0.0,1.2279011906202767e-06,0.0,2.322791498500833e-07,5.340261376142688e-07,5.862742278167228e-06
2018-05-21,0.0,0.0,1.8405324361423015e-06,5.500947005465226e-08,1.4788265837782924e-07,5.3731542028468e-07,6.922491574046661e-06
2018-05-22,0.0,0.0,6.131323803771947e-07,1.930955623148968e-07,1.902421294645875e-07,5.046145392818916e-07,5.866456760147443e-06
2018-05-23,0.0,0.0,6.128152624559389e-07,1.383409208254684e-07,2.526770343910286e-07,6.522383234244e-07,6.239433373124418e-06
2018-05-24,0.0,0.0,6.125594265716094e-07,8.326216452288365e-08,8.390772135887038e-08,5.457118200583478e-07,7.0452604725773824e-06
2018-05-25,0.0,0.0,3.0618242357020264e-06,1.1137080378176523e-07,1.8985410988062458e-07,3.835623928965238e-07,6.878000599471849e-06
2018-05-26,0.0,0.0,0.0,8.380239402965483e-08,1.735127997348829e-07,4.0350605251642213e-07,5.827441055853011e-06
2018-05-27,0.0,1.3563774658949722e-06,1.8324346695796055e-06,8.408506553222424e-08,1.2396028951393734e-07,4.789024939939062e-07,6.14424199600753e-06
2018-05-28,0.0,1.3568134684789434e-06,2.440506284081062e-06,2.53128436834254e-07,4.711819920423705e-07,7.029738228211895e-07,7.178829293392509e-06
2018-05-29,0.0,1.3573851535404442e-06,3.0475129933976918e-06,5.645044225032441e-08,2.2327673803751202e-07,6.866951984139489e-07,7.67314890420316e-06
2018-05-30,0.0,4.051361243551315e-06,1.8268187313197995e-06,1.9829518047839736e-07,2.978457786934469e-07,4.6847128324875717e-07,6.602914693003802e-06
2018-05-31,0.0,1.2672072648139199e-06,2.5179508001085783e-06,1.1373351015083072e-07,2.4987701215501245e-07,5.560034851080819e-07,6.725503808859239e-06
2018-06-01,0.0,1.27735399280867e-06,1.888907779985862e-06,1.4274477483040765e-07,1.9480624169611302e-07,6.015477064654951e-07,7.553604984458005e-06
2018-06-02,0.0,0.0,2.5167998767126624e-06,2.866017533839189e-08,3.624222849476745e-07,5.339326871016096e-07,6.9759454108533075e-06
2018-06-03,0.0,0.0,1.8864807966468897e-06,8.632278525635893e-08,2.2344479515881968e-07,5.587746401059385e-07,5.8850337118507755e-06
2018-06-04,0.0,0.0,6.280675435241323e-07,1.444561280800062e-07,3.0783890026177994e-07,6.961673419225906e-07,7.40768383404245e-06
2018-06-05,0.0,0.0,6.273709621103784e-07,5.7683206553654424e-08,3.3651489962917324e-07,8.123501583036594e-07,6.650357289776011e-06
2018-06-06,0.0,1.2493766069235657e-06,1.8802113549469391e-06,3.225564318828504e-08,2.810326634980891e-07,5.442194368191428e-07,8.746659881407889e-06
2018-06-07,0.0,0.0,2.5046637950201145e-06,1.2898626376715469e-07,2.816643474724116e-07,7.748125754301481e-07,5.592414169753824e-06
2018-06-08,0.0,0.0,1.876972188933279e-06,3.224071337875871e-08,1.9762693868134162e-07,7.787250972697327e-07,1.0714785744150943e-05
2018-06-09,0.0,2.0036508301219233e-06,1.7522210767593635e-06,9.671425474180196e-08,1.4150614070753785e-07,5.519813186443051e-07,8.506719809420247e-06
2018-06-10,0.0,0.0,5.827450776962325e-07,1.2895472113786324e-07,1.4186433308896747e-07,5.31232468095132e-07,7.128643124396808e-06
2018-06-11,0.0,0.0,1.162949476265472e-06,9.672749864967523e-08,3.1186812909320453e-07,8.582969837082086e-07,1.0131794729637932e-05
2018-06-12,0.0,9.945180369285721e-07,1.736744525066979e-06,1.93497258552849e-07,2.833326476940737e-07,6.513049843422519e-07,9.443010611037391e-06
2018-06-13,0.0,2.976844392834697e-06,5.764128372118496e-07,0.0,1.699062887371234e-07,6.547648121017459e-07,8.601083349353613e-06
2018-06-14,0.0,0.0,1.1479369489975463e-06,9.681991844116103e-08,2.2643997283768717e-07,4.983854254015487e-07,9.015180307874277e-06
2018-06-15,0.0,9.726329748324076e-07,1.0622352873114328e-06,1.2916011214416557e-07,1.6977065365889566e-07,6.579604048853947e-07,8.009514227544464e-06
2018-06-16,0.0,9.62955115031784e-07,5.291904590840649e-07,0.0,3.3945660979273573e-07,5.226742070142861e-07,5.3927094752720354e-06
2018-06-17,0.0,1.9067471030902573e-06,0.0,3.2333160898261474e-08,4.515204050286881e-07,5.23570015941248e-07,4.8300316887813905e-06
2018-06-18,0.0,0.0,1.0509893219467947e-06,3.235957618481601e-08,3.097030402243017e-07,8.437901193620093e-07,8.069215678090052e-06
2018-06-19,0.0,2.8034864711708543e-06,1.0474513557029806e-06,2.1840681881764657e-07,1.685546032109944e-07,4.837102342322469e-07,8.089185469836629e-06
2018-06-20,0.0,0.0,9.603949948788918e-07,1.0953749100524339e-07,3.3639426198267046e-07,7.273421250334375e-07,9.381467305417392e-06
2018-06-21,0.0,9.159912398917027e-07,4.775878712417512e-07,1.3650578130409033e-07,1.958325583957632e-07,7.534980213216993e-07,8.311902776980161e-06
2018-06-22,0.0,0.0,9.500520084583441e-07,5.444133981740481e-08,5.5844204015429306e-08,7.798549992659567e-07,7.076565879287586e-06
2018-06-23,0.0,8.978533981024568e-07,4.320477747571335e-07,8.142871693878473e-08,1.7498434807416932e-07,6.353616551550541e-07,7.106264650485988e-06
2018-06-24,0.0,0.0,4.2998328448705177e-07,0.0,1.1052400736532817e-07,6.616606085669462e-07,8.34843141782781e-06
2018-06-25,0.0,8.800747096439903e-07,1.283885378711218e-06,5.353906824899717e-08,2.4327685320333773e-07,7.61898185092029e-07,8.250414116739502e-06
2018-06-26,0.0,0.0,8.519661957127065e-07,1.063474923767013e-07,3.540730444960076e-07,9.088658462203238e-07,7.648447116468729e-06
2018-06-27,0.0,8.626480628038673e-07,0.0,5.281374154663456e-08,2.657431916763675e-07,5.912571297951237e-07,7.714960501892738e-06
2018-06-28,0.0,0.0,8.038427548335569e-07,2.622950916154237e-08,1.5514226847078768e-07,7.795052450998869e-07,9.444044030436579e-06
2018-06-29,0.0,1.2265960232399207e-06,8.005424257294281e-07,2.4019420481041763e-08,1.9964981505406332e-07,6.35488911326807e-07,7.817342259664515e-06
2018-06-30,0.0,0.0,3.9866107576749674e-07,2.3867539412097197e-08,1.9985096436499476e-07,7.27081294594194e-07,6.703728309090298e-06
2018-07-01,0.0,0.0,3.974765184262201e-07,2.3770251275762188e-08,1.3370764872164781e-07,5.148878958371397e-07,7.174379738873319e-06
2018-07-02,0.0,0.0,0.0,4.724560994272339e-08,1.3386880324236711e-07,5.831547005378654e-07,7.545990419321501e-06
2018-07-03,0.0,5.87997404527086e-07,3.944520172963435e-07,0.0,1.3404334475496836e-07,3.95262128071072e-07,7.032879524096881e-06
2018-07-04,0.0,5.821467325969836e-07,1.1789970289510406e-06,4.666996950917599e-08,1.5660317249937296e-07,5.794390975273364e-07,7.2956116585951785e-06
2018-07-05,0.0,5.763542758252651e-07,7.021642645733964e-07,1.159729102997663e-07,1.1202721659454945e-07,7.163086970203357e-07,7.281837041885893e-06
2018-07-06,0.0,0.0,3.4876158307148543e-07,1.1528249421426705e-07,1.570887179063875e-07,6.6810812234286e-07,1.1107520310843714e-05
2018-07-07,0.0,0.0,6.929518206104309e-07,6.876216388455496e-08,4.495858330945834e-08,3.842126930050274e-07,8.683223164984718e-06
2018-07-08,0.0,1.1186408654324271e-06,3.4422488541870695e-07,5.5979658592593394e-08,1.12597929210792e-07,7.40723847607583e-07,9.604112026719606e-06
2018-07-09,0.0,0.0,3.420082833075952e-07,8.373272854687321e-08,2.481834520763206e-07,5.6862957967724e-07,1.0998991821057657e-05
2018-07-10,0.0,5.482451461017927e-07,3.398258823098222e-07,8.350434254748851e-08,1.5824854082604416e-07,6.561781154917797e-07,9.911976374915868e-06
2018-07-11,0.0,0.0,3.376774641834693e-07,2.776143568398192e-08,2.718479701533901e-07,6.00835636928961e-07,9.041408130335045e-06
2018-07-12,0.0,5.373891648558456e-07,0.0,1.1076346674201601e-07,2.775240422332306e-07,4.281371339085113e-07,8.179988811790564e-06
2018-07-13,0.0,0.0,0.0,1.1049226718708177e-07,9.951701512254025e-08,5.977574790459154e-07,7.779030971360887e-06
2018-07-14,0.0,5.267481464411248e-07,0.0,5.511605847547171e-08,1.9985650532102593e-07,8.053870446822192e-07,7.086420295459697e-06
2018-07-15,0.0,5.215069148117182e-07,9.275033672191772e-07,2.749574750459014e-08,1.7890235889276012e-07,6.233663263034427e-07,6.815930683900215e-06
2018-07-16,0.0,0.0,6.14775273017028e-07,8.230864610732426e-08,9.886208521198443e-08,5.88158181398679e-07,7.714349143221675e-06
2018-07-17,0.0,0.0,6.112764459275538e-07,1.0951770751210613e-07,1.3768140026201214e-07,7.754807115811472e-07,7.510113958891827e-06
2018-07-18,0.0,1.0121881123873885e-06,3.0391937349603556e-07,2.7325376352449042e-08,1.1740255669886329e-07,6.001529379659529e-07,9.500479614843114e-06
2018-07-19,0.0,0.0,1.2089236648756432e-06,2.7274058387278027e-08,1.3627159578109215e-07,6.245840087424548e-07,5.957743352041537e-06
2018-07-20,0.0,0.0,2.9922366835639136e-07,5.445093570134838e-08,1.1564200349811781e-07,5.451109408865745e-07,8.076471222182423e-06
2018-07-21,0.0,0.0,2.962463431100615e-07,5.435919976708678e-08,2.289826926754645e-07,6.214461550535433e-07,7.83950379653153e-06
2018-07-22,0.0,0.0,0.0,0.0,1.5113618454318695e-07,7.743076502976379e-07,5.920638401942842e-06
2018-07-23,0.0,0.0,8.109905824581783e-07,1.3548006791080836e-07,2.992647087609317e-07,7.461555369156805e-07,7.049173185103763e-06
2018-07-24,0.0,0.0,7.624179213887431e-07,1.0823314755684383e-07,1.2962555163064222e-07,6.669343331964654e-07,7.836395778703982e-06
2018-07-25,0.0,2.536018420218449e-07,5.03221157545541e-07,1.315421450519967e-07,1.466694352474989e-07,6.393926223896285e-07,7.1384254214201325e-06
2018-07-26,0.0,2.510784615322103e-07,4.982140233670267e-07,2.182888171416252e-08,1.815125624785883e-07,6.120635250099993e-07,6.7282180378618115e-06
2018-07-27,0.0,0.0,2.4662835550301443e-07,4.347251098537559e-08,1.7970648230531182e-07,5.340749219649471e-07,6.8217795094943316e-06
2018-07-28,0.0,0.0,4.883487247271804e-07,2.164580291487595e-08,1.601265356370196e-07,4.3119096891513747e-07,4.836698834360526e-06
2018-07-29,0.0,0.0,2.2149320189082285e-07,2.1557514935393817e-08,8.807402777014527e-08,3.696406933845861e-07,6.06750571295314e-06
2018-07-30,0.0,0.0,1.9903772273552133e-07,6.441414817610964e-08,1.0463721186174232e-07,6.856487621215603e-07,7.180062332501171e-06
2018-07-31,0.0,0.0,1.1823435858246955e-06,2.138739767151136e-08,1.1508663094355068e-07,6.847134201622145e-07,5.063827278646374e-06
2018-08-01,0.0,2.3826605773406183e-07,4.645468811510216e-07,4.271167049651256e-08,2.111997159535432e-07,7.553307573692502e-07,8.284785170748552e-06
2018-08-02,0.0,0.0,6.132327499363514e-07,0.0,1.1286636769239859e-07,8.553908221791882e-07,6.5748254388392024e-06
2018-08-03,0.0,0.0,0.0,6.359446540024967e-08,9.601808412054622e-08,6.034063476246627e-07,4.7845412307550294e-06
2018-08-04,0.0,0.0,3.005449639579324e-07,0.0,1.2707089233376133e-07,6.1915239278323e-07,6.531312342379852e-06
2018-08-05,0.0,0.0,2.975544916007007e-07,8.419581825310408e-08,9.459778477644042e-08,4.7630070683955583e-07,5.99382731898354e-06
2018-08-06,0.0,0.0,1.4729688747029597e-07,4.195503064987949e-08,8.234947101032382e-08,5.240157700524987e-07,6.722540523182349e-06
2018-08-07,0.0,0.0,1.4583125895173642e-07,0.0,1.4992612222619664e-07,5.956285961308777e-07,6.196087820950804e-06
2018-08-08,0.0,0.0,0.0,4.1681846442207823e-08,6.767873045634593e-08,6.899099429496736e-07,5.166499071922785e-06
2018-08-09,0.0,0.0,2.0474693002575137e-07,2.0775756696280146e-08,5.377279317327416e-08,8.790175558758541e-07,6.198046997278457e-06
2018-08-10,0.0,0.0,1.0135483201632386e-07,3.1202113796042666e-08,1.4687194309039925e-07,5.931710047487571e-07,6.311749924673466e-06
2018-08-11,0.0,0.0,1.0034633458743629e-07,4.677270188444359e-08,5.304850628036265e-08,4.976752587198851e-07,5.787335895452922e-06
2018-08-12,0.0,0.0,9.934787187562969e-08,3.1164606922659326e-08,1.0538867629992166e-07,6.391756817889643e-07,5.824143136424981e-06
2018-08-13,0.0,0.0,3.934373761352032e-07,2.4335047920461966e-08,9.160451912025068e-08,5.439475227262619e-07,3.8999555287831704e-06
2018-08-14,0.0,0.0,0.0,1.2195950161464376e-08,1.3000443858045617e-07,6.852403096329201e-07,4.648557448011327e-06
2018-08-15,0.0,0.0,9.641169852925428e-08,2.4451191935754483e-08,1.9373741845483876e-07,5.455289919372794e-07,5.679808677343787e-06
2018-08-16,0.0,0.0,9.54523861003631e-08,1.225646434407492e-08,7.699502117691484e-08,5.632386763961341e-07,5.86292025399523e-06
2018-08-17,0.0,0.0,1.890052379792518e-07,1.2288558376920767e-08,7.65027745381746e-08,4.0272893253802744e-07,4.378487964697917e-06
2018-08-18,0.0,0.0,9.356230221954009e-08,2.4643762551689604e-08,6.33484818672006e-08,3.8654449601020317e-07,6.095742068070344e-06
2018-08-19,0.0,0.0,9.263134175764507e-08,2.471287274632938e-08,1.3849217034451255e-07,4.2432990356918116e-07,4.5589096529157396e-06
2018-08-20,0.0,0.0,9.170964450711889e-08,0.0,8.758370085412743e-08,4.068507662974598e-07,4.055595277853463e-06
2018-08-21,0.0,0.0,2.7239135489240507e-07,2.4858514217425124e-08,7.460981059114348e-08,4.449397534729635e-07,4.892142194506523e-06
2018-08-22,0.0,0.0,1.7978734375062415e-07,7.480518017444869e-08,1.235922310604484e-07,4.646737517654477e-07,4.789021605438443e-06
2018-08-23,0.0,0.0,0.0,6.253524856414778e-08,6.142356856421213e-08,4.1000525405455527e-07,3.5443799992457597e-06
2018-08-24,0.0,0.0,8.81136579108537e-08,1.2547820111978186e-08,1.2211432801248593e-07,4.6720296298022083e-07,3.679612791663093e-06
2018-08-25,0.0,0.0,0.0,6.294922651797283e-08,1.0925435738800003e-07,4.497960818116279e-07,4.411681168333093e-06
2018-08-26,0.0,0.0,0.0,5.053251796093152e-08,6.034263616197061e-08,3.1784039774527534e-07,3.0738391458587242e-06
2018-08-27,0.0,0.0,4.574270685252935e-08,6.253713875768387e-08,4.799555313783005e-08,4.762218020363662e-07,4.795879283222116e-06
2018-08-28,0.0,0.0,9.057511862916724e-08,4.9531907064154854e-08,1.193044923534845e-07,5.285895889243063e-07,3.858144514667283e-06
2018-08-29,0.0,0.0,4.48369405703091e-08,1.225976408853644e-08,4.7452812964419995e-08,4.378919070494397e-07,5.014270285777081e-06
2018-08-30,0.0,0.0,1.3317241667236755e-07,2.427555479531904e-08,1.2976857934778864e-07,4.179228283688706e-07,3.646307143060028e-06
2018-08-31,0.0,0.0,4.394910966215081e-08,0.0,3.519679091168125e-08,3.8088528371793724e-07,3.4858659001443525e-06
2018-09-01,0.0,0.0,4.350186342248549e-08,3.570984899693866e-08,1.284402858134196e-07,5.51156751358954e-07,3.817541508496084e-06
2018-09-02,0.0,0.0,8.613802529842152e-08,2.356968670841801e-08,1.0452427020317949e-07,3.596578505782952e-07,3.0208567058719934e-06
2018-09-03,0.0,0.0,4.2640468813091934e-08,3.500274661078385e-08,3.4633892662169684e-08,4.939045916999746e-07,3.1019524315605758e-06
2018-09-04,0.0,0.0,8.443237811877651e-08,1.1551487820923598e-08,5.769562940094925e-08,3.889874376294486e-07,2.85058523377697e-06
2018-09-05,0.0,0.0,8.359226191954157e-08,5.7182742983304746e-08,4.0371711783178286e-08,5.374557767377892e-07,3.84054318352973e-06
2018-09-06,0.0,0.0,4.138025250807953e-08,2.264550607357691e-08,2.3063154394579213e-08,4.336843763505116e-07,3.200325162840784e-06
2018-09-07,0.0,0.0,1.2290553634836817e-07,6.726053856993178e-08,5.764766383357412e-08,4.738421046908559e-07,3.616615803354484e-06
2018-09-08,0.0,0.0,0.0,2.219709500968015e-08,4.023998559669637e-08,2.9086472550654427e-07,3.191772598140985e-06
2018-09-09,0.0,0.0,0.0,2.1976230224048326e-08,3.1934888994963174e-08,2.615588453790673e-07,3.0683750665005885e-06
2018-09-10,0.0,0.0,0.0,9.79090338588862e-08,3.518818905292027e-08,3.1261657613998593e-07,2.9414142687780485e-06
2018-09-11,0.0,0.0,0.0,2.1541071709895987e-08,2.3694557488194274e-08,4.921202018352406e-07,2.9701471543708944e-06
2018-09-12,0.0,0.0,0.0,0.0,2.991586468742007e-08,3.73423361732312e-07,2.8580290219565112e-06
2018-09-13,0.0,0.0,0.0,0.0,2.11515668881972e-08,3.9692683160620384e-07,2.8059929591350648e-06
2018-09-14,0.0,0.0,0.0,7.042802328341381e-09,1.2208082096866023e-08,3.183198864533436e-07,2.564318489647102e-06
2018-09-15,0.0,0.0,0.0,2.0918175822907916e-08,2.4661550723433534e-08,3.292320944714982e-07,2.370299667937579e-06
2018-09-16,0.0,0.0,0.0,2.0710036495805845e-08,2.8023078857353565e-08,2.8966238084048175e-07,2.6756047584632906e-06
2018-09-17,0.0,0.0,0.0,2.7338624252815707e-08,1.257987354759235e-08,3.25689511275079e-07,2.632668078130197e-06
2018-09-18,0.0,0.0,0.0,1.3533300198215584e-08,3.4942334291269236e-08,1.7866462695129112e-07,2.579543980114469e-06
2018-09-19,0.0,0.0,0.0,1.3398641611320923e-08,2.566800770124171e-08,4.090054479173576e-07,1.884506547314144e-06
2018-09-20,0.0,0.0,0.0,0.0,2.223603091262588e-08,3.651739303033221e-07,2.0971753959110032e-06
2018-09-21,0.0,0.0,0.0,1.3133330731529454e-08,3.144968386898087e-08,2.95190683478668e-07,2.1211259134409338e-06
2018-09-22,0.0,0.0,0.0,1.3002651907323575e-08,1.5568377142974204e-08,3.46109350217537e-07,2.5885741917227814e-06
2018-09-23,0.0,0.0,0.0,3.8619820077432026e-08,1.849616304257515e-08,3.4339159482009546e-07,2.241763742755468e-06
2018-09-24,0.0,0.0,0.0,6.37259107451406e-09,3.052020524216506e-08,3.5381233959400015e-07,2.7758615686981338e-06
2018-09-25,0.0,0.0,0.0,1.2618365467748153e-08,1.2086609650398401e-08,3.2505657117145067e-07,2.1765773257495647e-06
2018-09-26,0.0,0.0,0.0,2.4985621267060605e-08,2.991586468742007e-08,2.5803330410264574e-07,2.3780929167016985e-06
2018-09-27,0.0,0.0,0.0,3.710551527235955e-08,1.7770918116145705e-08,3.1015894035025414e-07,2.0042812247837665e-06
2018-09-28,0.0,0.0,0.0,6.122718204429464e-09,2.6391141789690206e-08,2.1664608085283922e-07,2.6263264406806566e-06
2018-09-29,0.0,0.0,0.0,1.2123592280776791e-08,1.7419030360889003e-08,1.6977934060501003e-07,1.763581904885109e-06
2018-09-30,0.0,0.0,0.0,0.0,2.0119992798348185e-08,3.033707033968223e-07,9.909300250114e-07
2018-10-01,0.0,0.0,0.0,4.155126585806815e-08,3.1269983569214994e-08,3.123028847839897e-07,1.8325140716572225e-06
2018-10-02,0.0,0.0,0.0,0.0,2.8144401849127748e-08,1.7717196877249123e-07,1.0839536932258475e-06
2018-10-03,0.0,0.0,0.0,2.9091782620210488e-08,2.7864360371698707e-08,3.4081179819471006e-07,1.1914185654348884e-06
2018-10-04,0.0,0.0,0.0,1.152092581864253e-08,8.276131606058163e-09,2.619770232437797e-07,1.3349114743417304e-06
2018-10-05,0.0,0.0,0.0,1.1406290691383537e-08,2.185008725510432e-08,2.3844878661234485e-07,1.0045946414264123e-06
2018-10-06,0.0,0.0,0.0,5.6463981013494774e-09,1.6224506440740637e-08,1.9372566572339525e-07,9.879360347975636e-07
2018-10-07,0.0,0.0,0.0,1.1180431003045336e-08,2.677178317386262e-08,1.71001104356502e-07,1.1541342437448745e-06
2018-10-08,0.0,0.0,0.0,2.76729596395227e-08,1.8553779636316026e-08,2.0165972668902666e-07,1.1754773390002192e-06
2018-10-09,0.0,0.0,0.0,1.6438565454274135e-08,2.0993333079261004e-08,2.1081664010044884e-07,8.775732387893633e-07
2018-10-10,0.0,0.0,0.0,5.424999665026307e-09,2.5980557406204083e-09,2.407881103546976e-07,1.1118879308520513e-06
2018-10-11,0.0,0.0,0.0,1.6113060049345763e-08,1.0288818616289227e-08,2.0796622922223639e-07,8.839643660410365e-07
2018-10-12,0.0,0.0,0.0,2.1270309897393513e-08,1.7826275530931867e-08,1.755864462576453e-07,9.73085338638797e-07
2018-10-13,0.0,0.0,0.0,2.632333347213466e-08,1.512762953637082e-08,1.231194045651797e-07,8.438965036341431e-07
2018-10-14,0.0,0.0,0.0,1.56368471566865e-08,1.4977107107502937e-08,2.0384624557414953e-07,9.315348290943064e-07
2018-10-15,0.0,0.0,0.0,2.58020965463977e-08,1.7299429468797895e-08,1.1243829705015834e-07,7.513093058028719e-07
2018-10-16,0.0,0.0,0.0,0.0,1.2233783763956294e-08,1.6404183844652687e-07,6.343337238781151e-07
2018-10-17,0.0,0.0,0.0,0.0,1.2112055581628199e-08,1.7060833245852128e-07,6.125467186474937e-07
2018-10-18,0.0,0.0,0.0,0.0,9.593230891961346e-09,1.092498804698531e-07,5.618214916302209e-07
2018-10-19,0.0,0.0,0.0,0.0,2.1369997461833357e-08,9.951790737561452e-08,5.516002775107943e-07
2018-10-20,0.0,0.0,0.0,0.0,1.8806544386051784e-08,8.03823756161444e-08,5.668735764247619e-07
2018-10-21,0.0,0.0,0.0,0.0,9.30970807140346e-09,1.2739342347893255e-07,5.054618948783155e-07
2018-10-22,0.0,0.0,0.0,0.0,1.8434149856692567e-08,1.0359022701523814e-07,6.497048508757847e-07
2018-10-23,0.0,0.0,0.0,0.0,2.2813408751157154e-08,1.1278774295879077e-07,9.351532664682278e-07
2018-10-24,0.0,0.0,0.0,0.0,9.034564616533984e-09,7.484914030095642e-08,6.659199106989737e-07
2018-10-25,0.0,0.0,0.0,0.0,1.5653171094042273e-08,8.271241380464417e-08,6.170966257076652e-07
2018-10-26,0.0,0.0,0.0,0.0,8.855668251030764e-09,1.0633513081481323e-07,6.474854130976945e-07
2018-10-27,0.0,0.0,0.0,0.0,1.315132931950619e-08,9.058282790836674e-08,4.0984432165463945e-07
2018-10-28,0.0,0.0,0.0,0.0,1.3020471406357662e-08,6.695999622824111e-08,5.192792705051155e-07
2018-10-29,0.0,0.0,0.0,0.0,1.2890915551200202e-08,8.273279025054554e-08,7.69780267904252e-07
2018-10-30,0.0,0.0,0.0,0.0,2.339818946362393e-08,9.064033242784912e-08,8.313282296339539e-07
2018-10-31,0.0,0.0,0.0,0.0,2.5271316641991715e-08,8.279261445614894e-08,4.855419565928663e-07
2018-11-01,0.0,0.0,0.0,0.0,1.4620331030987373e-08,8.688594543092457e-08,6.54064069183142e-07
2018-11-02,0.0,0.0,0.0,0.0,1.4474856306586854e-08,8.693903359179492e-08,5.132614078277777e-07
2018-11-03,0.0,0.0,0.0,0.0,1.842535167413067e-08,7.513706812913653e-08,6.068619162938754e-07
2018-11-04,0.0,0.0,0.0,0.0,1.6215125654882686e-08,9.894465684003022e-08,6.23601398688377e-07
2018-11-05,0.0,0.0,0.0,0.0,1.4047059651483666e-08,4.753662955218594e-08,9.457338703169695e-07
2018-11-06,0.0,0.0,0.0,0.0,1.390728907261605e-08,6.741148482527934e-08,9.361663718368236e-07
2018-11-07,0.0,0.0,0.0,0.0,1.7702883301172327e-08,4.558195742345809e-08,7.327815646389765e-07
2018-11-08,0.0,0.0,0.0,0.0,5.8422455564021935e-09,4.297943749433936e-08,6.822659441650017e-07
2018-11-09,0.0,0.0,0.0,0.0,0.0,4.0424195698608275e-08,7.337739047211851e-07
2018-11-10,0.0,0.0,0.0,0.0,0.0,3.7915548850279845e-08,6.518613739114903e-07
2018-11-11,0.0,0.0,0.0,0.0,0.0,2.7110982048025797e-08,6.031360874272406e-07
2018-11-12,0.0,0.0,1.396708572236316e-08,0.0,0.0,5.987657498563954e-08,5.878194560611768e-07
2018-11-13,0.0,0.0,2.8214914535103615e-08,0.0,0.0,4.2927470872760086e-08,6.091442194467041e-07
2018-11-14,0.0,0.0,5.699695828089385e-08,0.0,0.0,4.250033540084837e-08,9.339003086877637e-07
2018-11-15,0.0,0.0,2.8784893617453096e-08,0.0,0.0,3.406269761734262e-08,7.698739799227135e-07
2018-11-16,0.0,0.0,4.3611279911712766e-08,0.0,0.0,4.16587723750037e-08,9.238715289230222e-07
2018-11-17,0.0,0.0,0.0,0.0,0.0,3.7316235838917624e-08,6.732295831271121e-07
2018-11-18,0.0,0.0,5.932304827494838e-08,0.0,0.0,2.527811211316036e-08,6.914854213661949e-07
2018-11-19,0.0,0.0,4.493944111654034e-08,0.0,0.0,3.657732486210905e-08,8.932297735778504e-07
2018-11-20,0.0,0.0,6.052145334457428e-08,0.0,0.0,2.477757195701921e-08,7.569537975962315e-07
2018-11-21,0.0,0.0,0.0,0.0,0.0,3.7740047687315254e-08,6.707369083410678e-07
2018-11-22,0.0,0.0,6.174406780250145e-08,0.0,0.0,2.989162235080971e-08,9.973093610114114e-07
2018-11-23,0.0,0.0,3.1182303000186395e-08,0.0,0.0,3.8842381907322096e-08,8.768590759131151e-07
2018-11-24,0.0,0.0,3.149569035540742e-08,0.0,0.0,3.662466071406279e-08,7.049277924252246e-07
2018-11-25,0.0,0.0,3.181222730591049e-08,0.0,0.0,3.6260239251077554e-08,7.726882554156269e-07
2018-11-26,0.0,0.0,9.639583651696328e-08,0.0,0.0,5.205419357123986e-08,7.71752544712043e-07
2018-11-27,0.0,0.0,3.2454876926725634e-08,0.0,0.0,4.798202185038387e-08,5.567406635778457e-07
2018-11-28,0.0,0.0,6.556210772507068e-08,0.0,0.0,4.3985734033260643e-08,8.438359136650295e-07
2018-11-29,0.0,0.0,3.311050893104893e-08,0.0,0.0,4.0064223173607643e-08,8.60986348871702e-07
2018-11-30,0.0,0.0,1.6721637539023904e-08,0.0,0.0,3.1042625863554634e-08,7.953942288018707e-07
2018-12-01,0.0,0.0,0.0,0.0,0.0,4.2699137282941924e-08,5.449969527243786e-07
2018-12-02,0.0,0.0,8.53695175225272e-08,0.0,0.0,5.7493012324764986e-08,6.777950875311665e-07
2018-12-03,0.0,0.0,3.449099817500937e-08,0.0,0.0,5.8595092802515753e-08,1.0757349850377483e-06
2018-12-04,0.0,0.0,5.225645770435192e-08,0.0,0.0,2.983477468507601e-08,1.0107459349566675e-06
2018-12-05,0.0,0.0,5.278164383550742e-08,0.0,0.0,3.1178908923398024e-08,9.125104425779226e-07
2018-12-06,0.0,0.0,5.331210817503132e-08,0.0,0.0,2.7619339533344277e-08,6.977985648712307e-07
2018-12-07,0.0,0.0,3.589860251319975e-08,0.0,0.0,3.699553045910203e-08,8.818704753236164e-07
2018-12-08,0.0,0.0,5.4389084199818307e-08,0.0,0.0,3.662741878049625e-08,5.655326700039142e-07
2018-12-09,0.0,0.0,7.32476047781085e-08,0.0,0.0,4.2569573330689984e-08,9.788424372898298e-07
2018-12-10,0.0,0.0,3.69918777223218e-08,0.0,0.0,4.838985070235191e-08,1.0591644681155963e-06
2018-12-11,0.0,0.0,7.47273045483765e-08,0.0,0.0,5.409008798404421e-08,8.254997401155843e-07
2018-12-12,0.0,0.0,7.54783264448372e-08,0.0,0.0,3.519123714771026e-08,8.261377149204686e-07
2018-12-13,0.0,0.0,5.195828531638787e-08,0.0,0.0,3.787073748643271e-08,7.499488363483096e-07
2018-12-14,0.0,0.0,1.0496094953044889e-07,0.0,0.0,2.999513388192087e-08,6.770604192286208e-07
2018-12-15,0.0,0.0,0.0,0.0,0.0,2.8211843447425803e-08,5.662265061868177e-07
2018-12-16,0.0,0.0,8.031097602108347e-08,0.0,0.0,2.9401190436717344e-08,6.212081994983173e-07
2018-12-17,0.0,0.0,2.703937158292933e-08,0.0,0.0,3.0564075889094614e-08,7.29500427133811e-07
2018-12-18,0.0,0.0,5.462224357037735e-08,0.0,0.0,3.170090864568056e-08,8.611009001703457e-07
2018-12-19,0.0,0.0,2.7585603122385884e-08,0.0,0.0,4.279838091048219e-08,8.176734711746153e-07
2018-12-20,0.0,0.0,8.358852912865022e-08,0.0,0.0,3.389802392412517e-08,6.281936049086399e-07
2018-12-21,0.0,0.0,1.4071434635452168e-07,0.0,0.0,3.216236907756771e-08,6.724489827770244e-07
2018-12-22,0.0,0.0,2.8425709809304822e-08,0.0,0.0,3.7380147837916654e-08,6.14427263096789e-07
2018-12-23,0.0,0.0,5.742278588474882e-08,0.0,0.0,1.7818767369697526e-08,6.715298480718018e-07
2018-12-24,0.0,0.0,2.8999947238664475e-08,0.0,0.0,2.57836835205922e-08,7.430286505210526e-07
2018-12-25,0.0,0.0,1.7574840932307064e-07,0.0,0.0,2.4183598341792767e-08,9.430934973378136e-07
2018-12-26,0.0,0.0,8.875735510077214e-08,0.0,0.0,8.823203740915914e-08,1.0548881903740519e-06
2018-12-27,0.0,0.0,0.0,0.0,0.0,3.93540432682723e-08,1.0363219666345092e-06
2018-12-28,0.0,0.0,1.509172876850639e-07,0.0,0.0,5.7568325348253544e-08,9.167552679366477e-07
2018-12-29,0.0,0.0,3.048680632843766e-08,0.0,0.0,6.886986241966954e-08,9.409404785458807e-07
2018-12-30,0.0,0.0,1.5396601912950563e-07,0.0,0.0,6.029812054761033e-08,7.095236226242936e-07
2018-12-31,0.0,0.0,3.0650853324244706e-08,0.0,0.0,7.679215979501213e-08,8.899184729408777e-07
2019-01-01,0.0,0.0,0.0,0.0,0.0,8.4202492818292e-08,9.017394552422912e-07
2019-01-02,0.0,0.0,2.0958801420789284e-07,0.0,0.0,7.44176491975169e-08,9.386125176239188e-07
2019-01-03,0.0,0.0,5.961970433323971e-08,0.0,0.0,8.590349600681479e-08,1.0586804594880662e-06
2019-01-04,0.0,0.0,2.9681540456456172e-08,0.0,0.0,7.320952166748535e-08,7.895789938452034e-07
2019-01-05,0.0,0.0,5.911239385014566e-08,0.0,0.0,7.942271845109156e-08,8.265543175070802e-07
2019-01-06,0.0,0.0,2.943380903801224e-08,0.0,0.0,7.468845210788636e-08,9.732522257666771e-07
2019-01-07,0.0,0.0,1.1725745822553481e-07,0.0,0.0,9.922306087384463e-08,9.541800475221334e-07
2019-01-08,0.0,0.0,1.1679140614255813e-07,0.0,0.0,1.0022026921422935e-07,9.245206738850839e-07
2019-01-09,0.0,0.0,5.816851664876108e-08,0.0,0.0,8.490048359004416e-08,7.820286012109586e-07
2019-01-10,0.0,0.0,2.8973573563190957e-08,0.0,0.0,1.154377372018376e-07,9.728660414142618e-07
2019-01-11,0.0,0.0,2.8865786183502412e-08,0.0,0.0,1.0327243080584471e-07,7.974182742479807e-07
2019-01-12,0.0,0.0,5.7521770812974245e-08,0.0,0.0,1.1104003508680142e-07,5.10256602113245e-07
2019-01-13,0.0,0.0,1.7195316445187984e-07,0.0,0.0,7.816933750989333e-08,4.311882412682221e-07
2019-01-14,0.0,0.0,5.711940397485894e-08,0.0,0.0,9.955189652039426e-08,8.779883982033524e-07
2019-01-15,0.0,0.0,1.9924379458814283e-07,0.0,0.0,1.5002302647749493e-07,8.640693180804581e-07
2019-01-16,0.0,0.0,3.1206937112964687e-07,0.0,0.0,1.0367895676215062e-07,7.239028646078546e-07
2019-01-17,0.0,0.0,1.6967594070589763e-07,0.0,0.0,1.2083186261621822e-07,6.512842838866878e-07
2019-01-18,0.0,0.0,1.4095766013954626e-07,0.0,0.0,1.0577341062132215e-07,6.584680498897492e-07
2019-01-19,0.0,0.0,5.621311956306276e-08,0.0,0.0,1.3149101670292768e-07,6.201069829087563e-07
2019-01-20,0.0,0.0,1.9617078750187714e-07,0.0,0.0,1.1206056661103749e-07,4.3079379332131687e-07
2019-01-21,0.0,0.0,1.6767023466450944e-07,0.0,0.0,1.1318679402902496e-07,7.531669310488805e-07
2019-01-22,0.0,1.1789536746342685e-07,1.114738981365918e-07,0.0,0.0,1.1432434022073796e-07,7.034794708642617e-07
2019-01-23,0.0,3.5724070681465094e-07,1.1117878731288619e-07,0.0,0.0,1.796251627982679e-07,7.052658643184295e-07
2019-01-24,0.0,1.2027701186913484e-07,5.5447397230280595e-08,0.0,0.0,1.4255247733328756e-07,1.0591156834886908e-06
2019-01-25,0.0,1.2148581593480411e-07,1.6518992648236208e-07,0.0,0.0,1.2653240766405226e-07,7.241036034888303e-07
2019-01-26,0.0,1.227067686833054e-07,1.654765033554416e-07,0.0,0.0,1.3661815395109588e-07,7.094451843503267e-07
2019-01-27,0.0,2.4787998442186197e-07,1.488903368985859e-07,0.0,0.0,9.792923106292806e-08,5.498952370443239e-07
2019-01-28,0.0,1.2518560984106132e-07,2.489615033546555e-07,0.0,0.0,1.3937802373288964e-07,6.31880251898962e-07
2019-01-29,0.0,2.528874922729949e-07,4.496352148250496e-07,0.0,0.0,1.757665488984923e-07,6.4086412983525e-07
2019-01-30,0.0,4.1262287710840386e-07,3.007897916719327e-07,0.0,0.0,1.4202642566618383e-07,6.698767298933238e-07
2019-01-31,0.0,8.335396119321869e-07,5.030880878172086e-07,1.533439178647898e-08,0.0,2.0657200593413384e-07,5.890452673686409e-07
2019-02-01,0.0,7.995623975808663e-07,1.0049651167862021e-07,2.5810938062008697e-08,0.0,2.2239257342616164e-07,7.459419385529646e-07
2019-02-02,0.0,0.0,1.0042564039494626e-07,2.6070342302130995e-08,0.0,2.527061129407942e-07,6.638151234045615e-07
2019-02-03,0.0,8.157146294470056e-07,2.0072962351800028e-07,1.0532941439283547e-08,0.0,1.8169092647405594e-07,5.38990184103451e-07
2019-02-04,0.0,2.7463756592198275e-07,3.510990689075362e-07,3.1916397781908306e-08,0.0,1.6822387142256435e-07,6.437598476155919e-07
2019-02-05,0.0,0.0,3.00819777306897e-07,1.6118581456170632e-08,0.0,2.70318601378488e-07,8.95663048826808e-07
2019-02-06,0.0,1.6811136766517596e-06,2.50606314815505e-07,1.628057589296492e-08,0.0,2.7303534848830044e-07,6.816702492124229e-07
2019-02-07,0.0,5.660030499965299e-07,3.0066545125870014e-07,3.288839680183138e-08,0.0,2.836588107707917e-07,7.250862857980349e-07
2019-02-08,0.0,5.716914752191438e-07,3.0063339153447554e-07,3.321893068482021e-08,0.0,2.2284082272194907e-07,7.675729045679419e-07
2019-02-09,0.0,6.940607952626136e-07,5.010523256665549e-07,1.1184262162853352e-08,0.0,2.3741995834754868e-07,7.435092135171052e-07
2019-02-10,0.0,1.0515543333323601e-06,6.514288357534911e-07,4.5186663465212664e-08,0.0,2.3980606859805773e-07,7.407921842374673e-07
2019-02-11,0.0,2.1242452601608628e-06,4.009567948103971e-07,2.282039849150706e-08,0.0,3.3192584841647526e-07,8.123658503202552e-07
2019-02-12,0.0,1.4226683155673847e-06,2.7313194485926455e-07,1.7287310481955504e-08,0.0,3.443228872648479e-07,6.09464782027948e-07
2019-02-13,0.0,9.579775798961258e-07,6.40323915944951e-07,2.9101751401225076e-08,0.0,2.1965266725016596e-07,7.262899823325475e-07
2019-02-14,0.0,2.9028162439109066e-06,5.923988186238742e-07,2.3515383092199452e-08,0.0,3.1283588378258103e-07,8.069057465466331e-07
2019-02-15,0.0,1.6992424664822701e-06,1.9850172786202355e-07,4.750343324264855e-08,0.0,2.682742572005463e-07,7.627159107329749e-07
2019-02-16,0.0,2.2884268495825743e-06,1.1341507704649034e-06,1.799281900642829e-08,0.0,2.139354797164422e-07,8.357085313979286e-07
2019-02-17,0.0,2.311425921780776e-06,3.422692720653101e-07,3.634729968751619e-08,0.0,3.1717031972912656e-07,8.153538440760546e-07
2019-02-18,0.0,3.2676459400727327e-06,4.0569206224062643e-07,4.8950128163245404e-08,0.0,3.6434168604932174e-07,9.634800934463777e-07
2019-02-19,0.0,1.6502431638711834e-06,8.593327875277455e-07,3.0901303206298415e-08,0.0,2.9941070175501807e-07,9.315235921770038e-07
2019-02-20,0.0,1.6668283833975952e-06,1.0113422215654969e-06,6.242373293328051e-09,0.0,2.8116030035530855e-07,1.0196119029738208e-06
2019-02-21,0.0,2.5253704307270623e-06,1.16597789647265e-06,1.2610220375855492e-08,0.0,2.8165118407962426e-07,9.143555246004914e-07
2019-02-22,0.0,2.550750825505287e-06,2.9406317747936486e-07,3.821086559280306e-08,0.0,2.682179037837886e-07,1.1917562839106382e-06
2019-02-23,0.0,3.435181729988926e-06,4.44991931105053e-07,1.9297445588220707e-08,0.0,3.285990962755326e-07,1.147325999114578e-06
2019-02-24,0.0,8.67426470084949e-07,8.97867191109994e-07,1.9491388140679967e-08,0.0,3.593554585441286e-07,1.3752950064327253e-06
2019-02-25,0.0,1.7522885020850656e-06,1.0568136920567543e-06,3.281213308032696e-08,1.0379507309645413e-08,4.858786320895399e-07,1.4198692785317852e-06
2019-02-26,0.0,1.1181970975491894e-06,9.139040086300594e-07,6.628380100034441e-09,1.281356155732729e-08,5.073675974988564e-07,1.5724292280608277e-06
2019-02-27,0.0,3.388305495637772e-06,9.22059100945353e-07,2.008498928261148e-08,1.4118916354823675e-08,3.2153428616701815e-07,1.526503251458113e-06
2019-02-28,0.0,2.281572354667424e-06,1.0853574665956472e-06,4.05736935615709e-08,3.664437864154132e-08,3.532852941429781e-07,1.6760007661271557e-06
2019-03-01,0.0,5.706543559312554e-06,5.000897217032003e-07,2.0515781512637372e-08,4.1191422344609065e-08,2.6058566830806926e-07,1.216027670145228e-06
2019-03-02,0.0,1.1527790551113456e-06,1.4638531328943777e-06,0.0,5.8247564230249694e-08,3.0579759668659746e-07,1.1033345281912562e-06
2019-03-03,0.0,0.0,1.477410587717347e-06,4.8580962535197415e-08,2.941648099150476e-08,4.2019116993587687e-07,1.330233692904676e-06
2019-03-04,0.0,3.528200210338117e-06,1.2780992441402292e-06,8.180479414564353e-08,3.820129912349695e-08,3.803690373733057e-07,1.412205008296491e-06
2019-03-05,0.0,2.3757728079722743e-06,1.0749786391173367e-06,6.610155679607457e-08,1.7148990472231284e-08,4.771982668060239e-07,2.2182096081627823e-06
2019-03-06,0.0,2.3996497216464192e-06,1.8053908364137435e-06,6.676588848639876e-08,3.0312346210653525e-08,3.0084724797243296e-07,2.1859831479751864e-06
2019-03-07,0.0,5.771662704151008e-06,1.3017329081101724e-06,1.68592242053025e-08,5.248626917962926e-08,5.075246014438647e-07,2.401927649231763e-06
2019-03-08,0.0,0.0,6.074455668206898e-07,5.108598667642572e-08,5.301376495450915e-08,5.366501022446392e-07,2.1696810045741163e-06
2019-03-09,0.0,3.406193762261714e-06,1.7376824216181638e-06,5.159940937818339e-08,5.354656215006279e-08,4.5777066091107405e-07,2.003764310104279e-06
2019-03-10,0.0,5.160639868040242e-06,2.1052530230808526e-06,3.4745328042585676e-08,3.1549416527097996e-08,4.2985528546128616e-07,2.231371249465733e-06
2019-03-11,0.0,1.042501032195053e-05,1.7712480560638334e-06,3.509452439480789e-08,3.641884963954668e-08,5.356756389411052e-07,2.693025850747072e-06
2019-03-12,0.0,1.3093360632584049e-05,2.1459548630103293e-06,3.544723022871512e-08,3.678486516343732e-08,5.228527384096449e-07,2.524511733944182e-06
2019-03-13,0.0,9.427537430114856e-06,1.0833133280093306e-06,7.160696163036936e-08,6.96647985084346e-08,4.79965259380309e-07,3.0281214177332213e-06
2019-03-14,0.0,1.9007234339966554e-06,4.01044437474656e-06,3.6163311779572094e-08,5.629195309866342e-08,5.271237631224955e-07,2.99261862267974e-06
2019-03-15,0.0,0.0,2.2086223243118703e-06,1.0958027731582099e-07,5.211955524673254e-08,5.149597491590702e-07,3.0716822564365355e-06
2019-03-16,0.0,5.795181277023229e-06,2.96970507195323e-06,5.534078870598723e-08,6.221488648264468e-08,4.083920622694809e-07,2.8507903097316135e-06
2019-03-17,0.0,1.947517903103484e-06,2.2461580133544425e-06,1.8632324293017342e-08,7.250787286952055e-08,2.9544320686519745e-07,2.5719938382270806e-06
2019-03-18,0.0,3.927006934558277e-06,1.8863824027307603e-06,1.5055665812262855e-07,3.9059514190280986e-08,4.947894557720976e-07,3.741277081849908e-06
2019-03-19,0.0,5.939056150313339e-06,3.8023102016234965e-07,2.156725752260077e-08,4.931508604264968e-08,6.298158584272412e-07,3.288520052570771e-06
2019-03-20,0.0,5.988195809353522e-06,1.5328943327896953e-06,6.535203619275057e-08,6.973499525600781e-08,5.325177294746714e-07,3.6860903841533325e-06
2019-03-21,0.0,4.0202612062672156e-06,1.545017875640687e-06,8.801178010103775e-08,1.509339505927379e-08,4.5116785853226766e-07,3.019856083331821e-06
2019-03-22,0.0,1.417077865852695e-05,2.3359438823501428e-06,4.4114043934730064e-08,4.065356320396493e-08,5.518513491125905e-07,4.422210176806079e-06
2019-03-23,0.0,4.07396023958758e-06,1.5975475411370566e-06,4.422660926009656e-08,3.079660373004867e-08,4.351694857698462e-07,3.929930510686061e-06
2019-03-24,0.0,1.0248834940394557e-05,2.0136907832174825e-06,6.651539592486707e-08,5.18435245719343e-08,4.3559051682281036e-07,4.009399252000268e-06
2019-03-25,0.0,2.0627588347709867e-06,8.122594043080192e-07,8.893003940614854e-08,3.6655192459280085e-08,6.032034247129855e-07,4.754362896748475e-06
2019-03-26,0.0,8.30382783626204e-06,2.0478093048659023e-06,1.7836355464771388e-07,5.2890833239997405e-08,6.469028482922236e-07,4.517382789731063e-06
2019-03-27,0.0,6.26808804235773e-06,1.6521399052790061e-06,2.2360608373404027e-07,3.7395676465896174e-08,6.097555038171719e-07,5.34520100118615e-06
2019-03-28,0.0,6.3089320215465885e-06,2.082746977540757e-06,1.1214004247657531e-07,5.395929894657703e-08,6.107222441237053e-07,5.38665998006789e-06
2019-03-29,0.0,6.350406899195063e-06,1.3012329718713756e-06,4.499530287353139e-08,2.1800639566693882e-08,6.691016250226743e-07,4.219689424440546e-06
2019-03-30,0.0,6.392516822825482e-06,2.187397410452816e-06,9.027817664843247e-08,9.024493010391702e-08,5.170829448253896e-07,5.739177776308374e-06
2019-03-31,0.0,4.286406093861533e-06,8.825167770735555e-07,6.793108158202428e-08,1.1393988341245056e-07,6.131998533948744e-07,3.827624350839194e-06
2019-04-01,0.0,4.3053022718595745e-06,1.3339121882422112e-06,4.5422801881115034e-08,1.0355441994572087e-07,6.138109203857165e-07,4.424320557359244e-06
2019-04-02,0.0,6.496279698590752e-06,2.242505394421091e-06,6.837017070689156e-08,5.810842176026637e-08,7.102780851594897e-07,6.146887719273834e-06
2019-04-03,0.0,4.34930555047767e-06,9.021502943597616e-07,9.148396755487551e-08,1.1738484221590872e-07,8.261907526218018e-07,5.599657371960241e-06
2019-04-04,0.0,4.368192902740985e-06,3.17586026356311e-06,1.1477106996694325e-07,5.9282289746663656e-08,6.154461840535871e-07,4.514521188133974e-06
2019-04-05,0.0,1.0968792694836874e-05,9.122729170625528e-07,6.911919461575902e-08,1.4370740799299927e-07,5.746210409021344e-07,5.580824691109435e-06
2019-04-06,0.0,4.402258987577435e-06,1.3758726231670867e-06,9.251021230455096e-08,1.2095974287880135e-07,3.9583748657174434e-07,6.5328588881747316e-06
2019-04-07,0.0,8.83488225357488e-06,3.685703984426044e-06,9.287074955307907e-08,1.466104902062296e-07,3.425722382015494e-07,6.124557005006093e-06
2019-04-08,0.0,2.4472294073059514e-06,1.851391440271531e-06,1.165507174424438e-07,1.8510493766136748e-07,6.238250943278396e-07,5.485193607055467e-06
2019-04-09,0.0,2.680746917338191e-06,1.3930853242784856e-06,1.4042958373489073e-07,1.9576782018491957e-07,5.327642243156083e-07,5.9085669679430236e-06
2019-04-10,0.0,5.372262152796955e-06,2.3262744676041165e-06,9.400823307616498e-08,1.8125737619685793e-07,4.098948382890466e-07,5.726216229673479e-06
2019-04-11,0.0,5.38356770160971e-06,9.323890763184344e-07,0.0,2.3300969123456728e-07,6.364833340808458e-07,5.767352876330814e-06
2019-04-12,0.0,5.395411611678947e-06,3.2702656184794662e-06,6.807281764409284e-08,1.6428989138790101e-07,5.981130623893157e-07,4.629059538596627e-06
2019-04-13,0.0,0.0,1.4046413567706388e-06,1.71222329745238e-07,8.530047029100915e-08,5.589605844240767e-07,6.004255527406772e-06
2019-04-14,0.0,0.0,1.4487565133948263e-06,6.891189510236166e-08,1.7231550853958382e-07,6.858049974106059e-07,5.520910215320453e-06
2019-04-15,0.0,0.0,5.114330032593112e-07,1.0401262433034767e-07,2.828268758113501e-07,9.180060376840428e-07,6.654087513255445e-06
2019-04-16,0.0,5.448195362611913e-06,1.5390568932727432e-06,2.0933561471252673e-07,2.8517918710640256e-07,7.083783438339244e-07,7.341500482463841e-06
2019-04-17,0.0,5.447686863221589e-06,0.0,1.7555576208356358e-07,1.4426890804570494e-07,6.920258995575904e-07,7.2685473048874724e-06
2019-04-18,0.0,0.0,2.0653798298148526e-06,1.0600964057751613e-07,1.212475774149627e-07,6.053903175907717e-07,6.432638916427704e-06
2019-04-19,0.0,0.0,2.072341287681267e-06,1.7782737492882256e-07,2.679861697909408e-07,7.857566697103125e-07,4.140010137129641e-06
2019-04-20,0.0,0.0,2.0781755164139463e-06,1.7898979844746773e-07,1.9582143135219298e-07,6.037028693592932e-07,6.091101807539036e-06
2019-04-21,0.0,2.725550453295851e-06,1.0394398522361247e-06,1.0760109572439593e-07,2.2135883898991116e-07,1.0718792338511476e-06,5.364048297246154e-06
2019-04-22,0.0,8.179975281632691e-06,5.199479455583514e-07,2.5157783601895365e-07,1.9772507002397378e-07,9.120709264879672e-07,8.099760924242371e-06
2019-04-23,0.0,0.0,5.202279602264876e-07,1.0764704988567561e-07,1.7386818774871426e-07,9.110057691921035e-07,8.873312877618328e-06
2019-04-24,0.0,8.18907755235352e-06,1.5616799943725135e-06,1.074857919864944e-07,2.745982268701837e-07,7.198971021214739e-07,7.430577705928364e-06
2019-04-25,0.0,2.731618937187957e-06,3.1176577647960567e-06,2.1467056551216725e-07,2.2582020755540485e-07,6.123049313678417e-07,8.233133132517293e-06
2019-04-26,0.0,0.0,2.5935560910180195e-06,1.7865917857232467e-07,2.269917207895991e-07,6.603076821211942e-07,8.222117053359503e-06
2019-04-27,0.0,2.9519245736374013e-06,2.0661208620232816e-06,7.137763411383351e-08,2.0283194078669577e-07,9.210631181937195e-07,7.347874986230963e-06
2019-04-28,0.0,0.0,0.0,7.129873462163007e-08,1.0195687322842682e-07,6.616200732181864e-07,8.052212026508579e-06
2019-04-29,0.0,5.864436815305648e-06,1.0468321552117383e-06,0.0,2.306429366305343e-07,7.60157553501609e-07,7.5793384116035865e-06
2019-04-30,0.0,1.1691222585561157e-05,0.0,1.0674347738826205e-07,1.0306932132576635e-07,8.589149727165362e-07,7.36996340840171e-06
2019-05-01,0.0,2.8938827724683373e-06,1.0361650957135448e-06,1.0684260210756347e-07,1.557972208702676e-07,7.871460167854618e-07,7.579885740404005e-06
2019-05-02,0.0,5.537831276225967e-06,1.0299132799014147e-06,1.7794473444259847e-07,2.3500820612404447e-07,9.763888105551443e-07,8.297389616192968e-06
2019-05-03,0.0,2.7577967489256814e-06,1.5356466844133069e-06,3.556725199886464e-08,2.626045355101564e-07,1.2952299372439012e-06,7.900806234940733e-06
2019-05-04,0.0,0.0,5.088590049742145e-07,1.4219645545619582e-07,2.3770359239938702e-07,7.67472154293661e-07,7.2058542842746205e-06
2019-05-05,0.0,0.0,2.95502288248922e-06,1.4213812268097613e-07,1.8595645708652462e-07,4.357424737901594e-07,6.583570715614146e-06
2019-05-06,0.0,2.726090463393123e-06,1.9588609104945816e-06,3.552350095911834e-08,1.8705093810753222e-07,7.145320830995762e-07,8.188928251047112e-06
2019-05-07,0.0,2.7160683059538237e-06,2.4971285488312595e-06,2.48612165393841e-07,2.956864811657851e-07,8.013570217810624e-07,8.490797589626613e-06
2019-05-08,0.0,5.412635515217036e-06,1.491061548052e-06,3.542845661707859e-08,2.163384311064723e-07,8.311796128198832e-07,8.550655471116875e-06
2019-05-09,0.0,5.393675686588491e-06,1.4839950742026044e-06,3.5344432481651125e-08,2.720672283265269e-07,7.340708730275502e-07,8.625743003185737e-06
2019-05-10,0.0,2.6126667500316298e-06,1.477077001097296e-06,3.526394281892561e-08,1.6424317483171168e-07,5.518062888176879e-07,9.961840326057001e-06
2019-05-11,0.0,0.0,1.9604088492306654e-06,2.111510767406466e-07,3.3052487424372036e-07,6.295869711037674e-07,6.978227265946313e-06
2019-05-12,0.0,2.540315370157948e-06,2.9246922027535146e-06,9.042291039316755e-08,2.771637096557333e-07,7.413074004857822e-07,7.202642378428074e-06
2019-05-13,0.0,0.0,0.0,8.073703803871886e-08,3.3470128885236297e-07,5.783622249585349e-07,7.340118567008956e-06
2019-05-14,0.0,5.052673062960615e-06,2.5138373053993397e-06,0.0,1.6841979826282496e-07,8.690186181206138e-07,1.0008165672686991e-05
2019-05-15,0.0,0.0,5.004652339739062e-07,8.108733271844272e-08,2.5425869132946746e-07,6.522751631562771e-07,7.863441896580921e-06
2019-05-16,0.0,0.0,1.4946391614251922e-06,8.127463429985824e-08,1.4217395074761853e-07,9.520752365570451e-07,8.922797709057444e-06
2019-05-17,0.0,2.507261452201065e-06,2.1478812532018546e-06,1.2220509511864923e-07,3.4345749718180737e-07,5.173488657543783e-07,8.142853481196196e-06
2019-05-18,0.0,2.5014053715365462e-06,2.1391338916882666e-06,0.0,2.0167691751973733e-07,8.450088077813635e-07,8.685308545622568e-06
2019-05-19,0.0,0.0,2.1306004453464646e-06,1.2282807482710485e-07,2.3051579676453495e-07,6.549728511003146e-07,6.736901174458999e-06
2019-05-20,0.0,4.868444857477989e-06,2.1222800608247035e-06,2.0526328860864756e-07,2.305667395640009e-07,8.772524684254065e-07,9.673582488151023e-06
2019-05-21,0.0,0.0,0.0,1.646669165376277e-07,2.594708316332581e-07,9.586238420231554e-07,7.24219362055011e-06
2019-05-22,0.0,0.0,5.265687925707288e-07,2.47709503525821e-07,3.7494893013702954e-07,9.645769206719468e-07,7.084374712583324e-06
2019-05-23,0.0,4.61773178939698e-06,4.8449870277911e-07,1.2422170170098913e-07,1.7314345579915e-07,8.561759607785013e-07,7.538818588832833e-06
2019-05-24,0.0,0.0,9.660582523809818e-07,1.2460107391275632e-07,3.176266018149216e-07,6.366533411552855e-07,8.62863837001842e-06
2019-05-25,0.0,2.303693604989361e-06,0.0,2.91650114783415e-07,1.7337561686705777e-07,8.04615115245826e-07,9.697272527068724e-06
2019-05-26,0.0,0.0,2.84165936669822e-06,1.6719631753804935e-07,2.3135693029740323e-07,9.528003872077681e-07,9.795169684794389e-06
2019-05-27,0.0,2.225227831527364e-06,9.179357403460181e-07,8.387607319975873e-08,3.7630044940240575e-07,5.79074305328368e-07,9.284631982560515e-06
2019-05-28,0.0,2.2166958871370037e-06,1.3736672921263909e-06,8.416237530770973e-08,3.1873220705620133e-07,9.932153159794679e-07,1.0051603373763209e-05
2019-05-29,0.0,3.952025988610351e-06,8.735636645774489e-07,1.266856405849906e-07,3.4658483567147694e-07,1.1162250644524334e-06,8.147389533132623e-06
2019-05-30,0.0,1.9626704070130644e-06,2.0795999781658936e-06,8.476025791869786e-08,4.0307921251758296e-07,8.764537571396606e-07,7.569813999945539e-06
2019-05-31,0.0,1.949524088397219e-06,8.307515655765668e-07,8.44027677213281e-08,5.166639750114793e-07,9.077847403325375e-07,8.754889463507953e-06
2019-06-01,0.0,1.947881596694369e-06,1.2460616611851838e-06,4.207823137996315e-08,2.860732567140467e-07,9.399269532946898e-07,8.666057283660476e-06
2019-06-02,0.0,0.0,1.2446764960410925e-06,8.381540195740049e-08,1.7029955897092287e-07,6.780035095264684e-07,6.966950752048626e-06
2019-06-03,0.0,1.922410691229773e-06,2.4841540933873724e-06,1.6696544552983355e-07,2.5345829101684737e-07,9.25017489087906e-07,9.488683295857488e-06
2019-06-04,0.0,3.819928468888839e-06,1.2369243003057103e-06,1.2473758787141812e-07,3.353234528235042e-07,1.2032504125618671e-06,8.771892290816704e-06
2019-06-05,0.0,1.8977087756741533e-06,4.106317491261796e-07,8.284237697213103e-08,3.456974323515482e-07,1.1296882053954262e-06,8.383779527991193e-06
2019-06-06,0.0,0.0,8.179929233351253e-07,1.238019695050741e-07,1.8429259984539634e-07,8.846272452673347e-07,7.435344921198236e-06
2019-06-07,0.0,1.6498208283778646e-06,8.14804148391888e-07,8.223516923471387e-08,2.476269166882287e-07,1.1887087812810444e-06,7.843462418232306e-06
2019-06-08,0.0,0.0,1.2175452818137429e-06,8.19439157181647e-08,2.442956844772251e-07,8.218488870481607e-07,7.615933701474689e-06
2019-06-09,0.0,1.6310619638965631e-06,0.0,1.2249128499221122e-07,1.4529451707699307e-07,9.424318341013085e-07,7.222297012096346e-06
2019-06-10,0.0,0.0,1.0581565876096952e-06,3.566430242277544e-08,2.6404794724080295e-07,8.849960949145909e-07,7.062085195646545e-06
2019-06-11,0.0,1.6129555459486033e-06,7.03570922339403e-07,1.067428845000049e-07,2.6174901818854997e-07,9.727326323920168e-07,7.801861874845849e-06
2019-06-12,0.0,0.0,1.0526617159263311e-06,1.2591294055139523e-07,2.594762642562408e-07,8.286135426666231e-07,7.4896858271342395e-06
2019-06-13,0.0,0.0,3.5002410513079043e-07,0.0,1.6369147337873795e-07,7.561350407493944e-07,7.385637105495829e-06
2019-06-14,0.0,1.5870034832814718e-06,6.180017693204463e-07,0.0,2.3182579567010076e-07,7.000619137065191e-07,7.879727349343114e-06
2019-06-15,0.0,1.35247550987408e-06,1.5430381078206618e-06,3.137905344323321e-08,1.3789788728599906e-07,8.400825557482501e-07,5.278254190569023e-06
2019-06-16,0.0,1.3390181537006541e-06,1.3402506491296184e-06,3.135227283521875e-08,1.367140870735815e-07,9.591938913288201e-07,7.937367848904017e-06
2019-06-17,0.0,2.19899774764827e-06,0.0,6.26572549612296e-08,2.710879167676002e-07,8.994887591009016e-07,7.363091072496263e-06
2019-06-18,0.0,1.0885586772369822e-06,1.137629972818111e-06,6.261623002973235e-08,1.5678528156994586e-07,1.29301462307812e-06,6.99916907709615e-06
2019-06-19,0.0,0.0,6.8279274656567e-07,3.129073338670922e-08,1.9986637330834734e-07,7.590189859171732e-07,7.007332199592147e-06
2019-06-20,0.0,0.0,2.2769192976137532e-07,6.255296171593329e-08,1.541335110905063e-07,1.0403447711070566e-06,6.120724010250709e-06
2019-06-21,0.0,0.0,2.2780904671691403e-07,3.126535600337368e-08,1.5283081197629653e-07,5.613627648165966e-07,6.7161890860300855e-06
2019-06-22,0.0,0.0,4.832359457573352e-07,3.12573577104356e-08,2.164905658152054e-07,8.406497121821178e-07,7.604409675196045e-06
2019-06-23,0.0,9.257136792511011e-07,4.8383608405911e-07,9.37574555379494e-08,3.0054226926176943e-07,6.051190007565658e-07,5.8348051987724085e-06
2019-06-24,0.0,0.0,4.84484606372489e-07,3.125073792275907e-08,2.980278008596302e-07,6.966625686674361e-07,6.289171322784521e-06
2019-06-25,0.0,0.0,8.507936193306805e-07,1.5626057883018163e-07,1.266613437796861e-07,8.009918306050901e-07,5.946499605063372e-06
2019-06-26,0.0,0.0,0.0,9.37698565408011e-08,1.256091534308887e-07,7.184001021077097e-07,6.930464758440602e-06
2019-06-27,0.0,8.894159267032989e-07,5.677144752633888e-07,8.624972366257674e-08,2.076158735035151e-07,7.690149081893263e-07,5.3640004479812795e-06
2019-06-28,0.0,0.0,8.520884749183e-07,8.635704361643146e-08,1.4413274380113922e-07,6.343380364338713e-07,5.996951433765593e-06
2019-06-29,0.0,0.0,5.684602976660565e-07,8.647299934661225e-08,1.22527533895122e-07,5.617882779351953e-07,4.186445093364505e-06
2019-06-30,0.0,8.631297135361237e-07,5.689184585567316e-07,0.0,1.822874532242883e-07,5.600143580017249e-07,4.749905806979204e-06
2019-07-01,0.0,0.0,5.436132400353236e-07,1.1582787889818127e-07,3.420820666983815e-07,6.426766052032707e-07,4.708878526404053e-06
2019-07-02,0.0,8.46515368797159e-07,5.444533780362695e-07,2.8668843061665782e-08,1.796322936281626e-07,9.193560557333822e-07,4.797258959373736e-06
2019-07-03,0.0,0.0,0.0,2.8383583306983197e-08,1.1878685335357107e-07,6.666929684925494e-07,4.430089640205686e-06
2019-07-04,0.0,0.0,2.718073114510854e-07,2.8101161934284375e-08,9.81922692272432e-08,5.348956181490855e-07,4.041687895095014e-06
2019-07-05,0.0,0.0,8.149152117256362e-07,2.7821550701196692e-08,7.792425064154165e-08,5.592082412475294e-07,3.6112398443658957e-06
2019-07-06,0.0,0.0,8.10466495519756e-07,2.754472164636384e-08,2.445028865774318e-07,4.3126339169600785e-07,4.596712666949798e-06
2019-07-07,0.0,0.0,2.552771358029318e-07,2.7270647086649627e-08,1.7682551516001372e-07,7.08983801556066e-07,3.546046146808188e-06
2019-07-08,0.0,7.972181514671546e-07,7.619450165981037e-07,5.39985992287394e-08,1.3033717158645694e-07,7.582739223481916e-07,4.451361240304718e-06
2019-07-09,0.0,0.0,7.581348209240283e-07,8.019195628365211e-08,9.73728884204771e-08,7.569981710533017e-07,4.702938302151413e-06
2019-07-10,0.0,0.0,7.544004393638263e-07,5.292935532443354e-08,1.9400527104219577e-07,9.069577442476212e-07,3.4941289177387803e-06
2019-07-11,0.0,7.736567943550983e-07,5.004943323174866e-07,1.0480539887881213e-07,1.4496312444915992e-07,6.281725973432678e-07,4.532807905191238e-06
2019-07-12,0.0,0.0,7.471576323641011e-07,1.29703209669979e-07,9.629119469994725e-08,6.516392954563681e-07,4.006810403560076e-06
2019-07-13,0.0,0.0,0.0,7.704758470229773e-08,2.238831831448353e-07,8.000544666440836e-07,4.038014287557946e-06
2019-07-14,0.0,0.0,9.869515978394083e-07,7.62809484252848e-08,1.753001646743899e-07,6.734570723384412e-07,3.892579091559944e-06
2019-07-15,0.0,0.0,7.368529361079549e-07,5.034796020445472e-08,9.5296169554498e-08,6.958515190520514e-07,4.569055006878911e-06
2019-07-16,0.0,0.0,2.445219532480036e-07,4.9846989630030123e-08,1.5830599527464813e-07,8.419525606020474e-07,4.629146262405962e-06
2019-07-17,0.0,0.0,4.869014270515651e-07,9.870200759221564e-08,1.5780087202324916e-07,8.378482734473714e-07,4.507052698775124e-06
2019-07-18,0.0,0.0,2.424038190777904e-07,7.328992965553669e-08,9.550838300229727e-08,7.828861357915016e-07,3.4161351951538e-06
2019-07-19,0.0,0.0,0.0,1.2093447111825385e-07,8.350246625648961e-08,6.602772044541953e-07,4.147428379633209e-06
2019-07-20,0.0,2.6559284694681537e-07,4.807652993346046e-07,2.774526427408582e-08,1.1920492528882911e-07,5.626662444128132e-07,3.610624986099588e-06
2019-07-21,0.0,0.0,2.3940817258618114e-07,0.0,1.0491026482112322e-07,4.974620792212629e-07,3.6039166968066065e-06
2019-07-22,0.0,0.0,4.769152730436519e-07,2.7195871232004233e-08,5.3582733964440384e-08,4.5359062123247714e-07,2.900185823604261e-06
2019-07-23,0.0,0.0,2.2410847334316397e-07,1.3462633895954786e-08,9.23055906794321e-08,5.742796130301322e-07,3.167109246778822e-06
2019-07-24,0.0,0.0,7.859765848760916e-07,3.998603535154786e-08,6.184286441816108e-08,5.986919243203732e-07,2.860234584470197e-06
2019-07-25,0.0,2.526397309527254e-07,0.0,3.958816765208832e-08,1.1654034885252215e-07,5.607560501119522e-07,2.655295980306165e-06
2019-07-26,0.0,0.0,0.0,2.612950586825615e-08,4.73026364665244e-08,4.676525667425844e-07,2.891346206993468e-06
2019-07-27,0.0,0.0,5.853392980319015e-07,2.5869512940814912e-08,5.332396730129097e-08,5.066966741667694e-07,3.6145043159981283e-06
2019-07-28,0.0,2.4517309849996917e-07,1.9469183275342888e-07,2.5612106986225754e-08,4.1562734125818037e-08,5.29925875283744e-07,2.9653962514811796e-06
2019-07-29,0.0,0.0,5.828701065252293e-07,6.339315565919678e-08,8.331085553958283e-08,6.262985925696669e-07,3.046748189223861e-06
2019-07-30,0.0,0.0,1.939076674288503e-07,2.5104953288489165e-08,7.753996155518738e-08,3.903746993049517e-07,3.119578165344779e-06
2019-07-31,0.0,0.0,5.806340708328721e-07,1.2427577414774663e-08,1.793713777551895e-08,4.2828699765401584e-07,2.7548627103900584e-06
2019-08-01,0.0,2.3843085102800097e-07,3.871846734944841e-07,4.9260514336614544e-08,3.002353877037639e-08,7.757887889466262e-07,2.8454693973062896e-06
2019-08-02,0.0,0.0,5.798021331606803e-07,2.4385182014681875e-08,6.020366295294386e-08,4.7136895208375936e-07,2.2389006127071285e-06
2019-08-03,0.0,0.0,1.9296174559204017e-07,3.621381809936848e-08,3.018313439080006e-08,3.945842014597441e-07,2.4275375899834124e-06
2019-08-04,0.0,0.0,0.0,3.585348458870238e-08,7.869538467367193e-08,5.4307049122023e-07,2.2236317366827235e-06
2019-08-05,0.0,0.0,5.772250251237981e-07,0.0,3.035480366742721e-08,5.589174440528332e-07,2.644908351856293e-06
2019-08-06,0.0,0.0,3.5742171693578507e-07,2.342902535151351e-08,4.871229951487513e-08,4.240353344608621e-07,2.4701843585024014e-06
2019-08-07,0.0,0.0,3.5723214779471896e-07,2.3195902654171e-08,6.718495359456638e-08,3.868591845567178e-07,2.561500314164645e-06
2019-08-08,0.0,0.0,3.5707830216612693e-07,4.593019913284776e-08,4.901615556911023e-08,4.55068543995179e-07,1.826467283933717e-06
2019-08-09,0.0,0.0,1.7848008233265882e-07,1.1368296503885527e-08,4.9175428362212404e-08,5.923654931458047e-07,2.009682695289318e-06
2019-08-10,0.0,0.0,5.353165852176641e-07,3.3765540191049345e-08,4.933961873913044e-08,4.370099480111363e-07,1.8804098996497597e-06
2019-08-11,0.0,0.0,3.559350516714933e-07,3.342956745259926e-08,3.09429644493993e-08,2.798663914632559e-07,2.083276636040007e-06
2019-08-12,0.0,2.36058424420945e-07,7.100559473326492e-07,2.2064625132501664e-08,3.10517615090729e-08,2.1686451361578354e-07,2.286850914812616e-06
2019-08-13,0.0,0.0,1.7707819937719007e-07,1.0922539222085494e-08,1.8698198262464385e-08,4.5538342997949947e-07,2.39056866261952e-06
2019-08-14,0.0,0.0,1.753162418539891e-07,2.1627716281889023e-08,3.753441890978631e-08,3.735199465625091e-07,1.7061114822363512e-06
2019-08-15,0.0,0.0,1.5339733188616626e-07,4.28250338185168e-08,6.279365794635604e-08,3.4598485650633413e-07,2.012395778577602e-06
2019-08-16,0.0,0.0,1.5187100293146488e-07,2.1199458806162526e-08,4.412536132283375e-08,3.451643614071679e-07,1.6922367878476767e-06
2019-08-17,0.0,0.0,1.503598612036162e-07,4.19770413332271e-08,6.742201939037875e-08,2.6490644848598477e-07,1.376728790975598e-06
2019-08-18,0.0,0.0,0.0,4.155936279324344e-08,6.775688292262787e-08,3.7242909064048337e-07,1.491157151371517e-06
2019-08-19,0.0,0.0,0.0,1.0286460056043008e-08,4.5399014799755684e-08,4.1943345372629123e-07,1.7273403768941198e-06
2019-08-20,0.0,0.0,1.4591605573002298e-07,2.0368216136705675e-08,5.323653329991741e-08,4.41341521858168e-07,1.573398539341791e-06
2019-08-21,0.0,2.58289057453368e-07,0.0,0.0,8.409165762037402e-08,3.41149797651032e-07,1.4396467569252735e-06
2019-08-22,0.0,2.6088490563678666e-07,3.685567200774556e-07,0.0,6.9164439549781e-08,2.9062978496075407e-07,1.5050968059545008e-06
2019-08-23,0.0,0.0,0.0,0.0,9.271137370052487e-08,3.00910959239462e-07,1.3981192471149198e-06
2019-08-24,0.0,0.0,2.4083920537214075e-07,0.0,5.4374113431538955e-08,3.1107715651114855e-07,1.1705064201151663e-06
2019-08-25,0.0,0.0,3.15489756758703e-07,0.0,6.172306783103192e-08,2.9734425325782646e-07,1.454707894162428e-06
2019-08-26,0.0,0.0,3.9043822653564925e-07,0.0,9.962950416010179e-08,2.6013291981360414e-07,1.6105309434545365e-06
2019-08-27,0.0,2.742607607767403e-07,2.3193198076256375e-07,0.0,3.8064994664699075e-08,3.4091992717287885e-07,1.3015678701554715e-06
2019-08-28,0.0,0.0,0.0,0.0,9.075541391761906e-08,2.3377342166464423e-07,1.4600680363750275e-06
2019-08-29,0.0,0.0,3.0311922645449716e-07,0.0,3.756829844040912e-08,3.138115901119522e-07,1.201728786071969e-06
2019-08-30,0.0,2.826132444279329e-07,1.5005156987872566e-07,0.0,5.225583712014589e-08,2.2447899077027604e-07,1.2482917831486741e-06
2019-08-31,0.0,0.0,1.4855853181223402e-07,0.0,4.450395604369518e-08,2.0205386846620205e-07,1.1212033038076304e-06
2019-09-01,0.0,0.0,1.4716984163670357e-07,0.0,8.107742858584257e-08,2.6452665359589857e-07,9.534670793597474e-07
2019-09-02,0.0,0.0,7.285273862265487e-08,0.0,8.789229595342422e-08,2.2109057817201988e-07,7.299621255915262e-07
2019-09-03,0.0,5.945228338404952e-07,7.212784176153106e-08,0.0,5.095141175708461e-08,3.301965132034795e-07,1.2669782522401755e-06
2019-09-04,0.0,0.0,2.142304732340704e-07,0.0,5.7871328828541465e-08,2.630239276835575e-07,7.99686035003051e-07
2019-09-05,0.0,0.0,1.4139922960626467e-07,0.0,5.7518259972952514e-08,1.9117900305387784e-07,1.0683826122067197e-06
2019-09-06,0.0,3.063143748349158e-07,2.0998842564591418e-07,0.0,5.002457511738127e-08,2.816525835328677e-07,9.672245717803023e-07
2019-09-07,0.0,0.0,1.385993372666579e-07,0.0,6.393301104552189e-08,1.5871791616474597e-07,8.737047629992514e-07
2019-09-08,0.0,0.0,2.058303762278993e-07,0.0,2.824671314676511e-08,1.5116308763826324e-07,8.953120562127986e-07
2019-09-09,0.0,0.0,0.0,0.0,4.212236911889461e-08,1.939343480759252e-07,8.742618263752089e-07
2019-09-10,0.0,0.0,1.3450310780321145e-07,0.0,1.0469720197413882e-07,1.4335966555487038e-07,8.173184965239126e-07
2019-09-11,0.0,6.440388973368767e-07,1.9974716927897393e-07,0.0,1.0409895095848648e-07,1.645403837289689e-07,8.486905797222682e-07
2019-09-12,0.0,0.0,0.0,0.0,6.900740661645294e-09,1.6998592649310258e-07,7.309276954673001e-07
2019-09-13,0.0,3.2852467304621787e-07,1.3052794021602004e-07,0.0,3.431120669604145e-08,1.8933135554721881e-07,8.485416496381952e-07
2019-09-14,0.0,6.636528018032082e-07,2.58458331020984e-07,0.0,2.0473284739871284e-08,1.874474770830286e-07,7.202740595292219e-07
2019-09-15,0.0,0.0,6.397165691460316e-08,0.0,4.289976694734846e-08,2.2682286430558755e-07,8.726101603915532e-07
2019-09-16,0.0,0.0,1.2667025658592335e-07,0.0,5.3401962226453364e-08,1.9734582526640777e-07,8.663290692025273e-07
2019-09-17,0.0,0.0,1.8811479971078682e-07,0.0,2.127382240377823e-08,2.0885683608203725e-07,8.684855742331988e-07
2019-09-18,0.0,0.0,1.2416201745294833e-07,0.0,6.35669619508312e-08,1.7342727651130173e-07,6.720500095965117e-07
2019-09-19,0.0,3.4883950428233937e-07,1.2292658473725282e-07,0.0,3.693597450637234e-08,1.5188991786094084e-07,8.346320338668169e-07
2019-09-20,0.0,0.0,6.085172239123507e-08,0.0,3.6794914836323875e-08,2.288369816271293e-07,5.359295345270581e-07
2019-09-21,0.0,3.5588652972311187e-07,2.409849505471713e-07,0.0,2.6183953348872545e-08,1.0311884355529434e-07,6.027796667229819e-07
2019-09-22,0.0,0.0,5.964677755631961e-08,0.0,2.608844308895439e-08,9.074915014962279e-08,5.29034455997818e-07
2019-09-23,0.0,0.0,1.1810656440661567e-07,0.0,3.119465003410268e-08,2.070329781970998e-07,6.220888043571223e-07
2019-09-24,0.0,0.0,5.8465692227727624e-08,0.0,5.181047975409857e-08,1.901024087234367e-07,5.477506854562149e-07
2019-09-25,0.0,0.0,5.7883948870091766e-08,0.0,4.647155148825925e-08,1.1114178912172704e-07,6.587458130267094e-07
2019-09-26,0.0,3.741332222874743e-07,1.1461598791115941e-07,0.0,4.117183857040448e-08,1.2704020813814286e-07,5.005970455398966e-07
2019-09-27,0.0,0.0,2.2695107955288003e-07,0.0,8.207949718326885e-08,4.3923500143645435e-08,4.980361609972957e-07
2019-09-28,0.0,0.0,1.6851965893539233e-07,0.0,3.5797792294183013e-08,1.4736429289488146e-07,3.138729826241571e-07
2019-09-29,0.0,3.8552727520876683e-07,1.1122857354163443e-07,0.0,5.608331831103085e-08,1.68205436669209e-07,4.1893015152141334e-07
2019-09-30,0.0,0.0,4.160307570494477e-08,0.0,1.0167012980997153e-08,1.1328595918285744e-07,3.178505422623913e-07
2019-10-01,0.0,3.8118930841969664e-07,4.1307794249946944e-08,0.0,3.5507569127053084e-08,1.5560361795611195e-07,4.400394879726972e-07
2019-10-02,0.0,0.0,1.2269032448911442e-07,0.0,6.070246299385374e-08,1.3338236219917947e-07,2.928493959111636e-07
2019-10-03,0.0,0.0,0.0,0.0,3.5315512038959155e-08,1.0610961022685262e-07,2.1848058322212823e-07
2019-10-04,0.0,0.0,0.0,0.0,4.528901002989072e-08,8.441915339504744e-08,2.445149068838613e-07
2019-10-05,0.0,0.0,0.0,0.0,4.015723614464067e-08,1.311860321785966e-07,1.9480737012238887e-07
2019-10-06,0.0,0.0,0.0,0.0,4.472737308993103e-08,8.350736376958175e-08,1.8530766707310698e-07
2019-10-07,0.0,0.0,0.0,0.0,5.412284568988394e-08,9.671557434194906e-08,2.0361334001729101e-07
2019-10-08,0.0,3.554185553847476e-07,0.0,0.0,4.871301307027406e-08,6.544027192286194e-08,1.5255645581838332e-07
2019-10-09,0.0,0.0,0.0,0.0,2.8936986294987537e-08,7.212799537387757e-08,2.3342312665872693e-07
2019-10-10,0.0,0.0,0.0,0.0,4.2973587705831545e-08,7.878538505687021e-08,1.7219255008203874e-07
2019-10-11,0.0,0.0,0.0,0.0,2.836399557584254e-08,9.908079535160511e-08,1.659929106978423e-07
2019-10-12,0.0,0.0,0.0,0.0,2.808176910432505e-08,8.520121091652781e-08,1.7322456464750356e-07
2019-10-13,0.0,0.0,0.0,0.0,6.023842680509233e-08,5.779759502616008e-08,2.02283173482167e-07
2019-10-14,0.0,0.0,0.0,0.0,1.7360134735237808e-08,1.1209425097990252e-07,1.9591671744418066e-07
2019-10-15,0.0,3.313900645206386e-07,0.0,0.0,1.2031178955939741e-08,9.964230296149833e-08,1.9396731353429383e-07
2019-10-16,0.0,0.0,0.0,0.0,1.1911466725134632e-08,8.304603002664214e-08,1.1873093567932423e-07
2019-10-17,0.0,3.2482810159017007e-07,0.0,0.0,1.3477652172489477e-08,8.721836787045574e-08,1.1481583282484467e-07
2019-10-18,0.0,0.0,0.0,0.0,1.8347377527465684e-08,6.647400085516688e-08,1.0014084903334192e-07
2019-10-19,0.0,0.0,0.0,0.0,8.256735486727557e-09,9.975383903962938e-08,5.992405801231762e-08
2019-10-20,0.0,0.0,0.0,0.0,9.809495515134569e-09,6.237915766471306e-08,6.674377913175438e-08
2019-10-21,0.0,6.241828190954667e-07,0.0,0.0,4.855944701961095e-09,1.2067558086832024e-07,7.525739902112694e-08
2019-10-22,0.0,0.0,0.0,0.0,1.1217796904700717e-08,1.249277840450125e-07,7.632585771582887e-08
2019-10-23,0.0,0.0,0.0,0.0,6.3463874060176435e-09,1.0002500254217781e-07,8.276320300349228e-08
2019-10-24,0.0,0.0,0.0,0.0,1.413728954153006e-08,7.508833532396573e-08,6.590801584442995e-08
2019-10-25,0.0,0.0,0.0,0.0,1.3996621160255687e-08,6.68137134554705e-08,7.407008771458506e-08
2019-10-26,0.0,0.0,0.0,0.0,1.693676410893039e-08,9.197226690207686e-08,9.0793334700852e-08
2019-10-27,0.0,2.939166207483718e-07,0.0,0.0,7.621927495588823e-09,7.534217054144929e-08,5.185957264967949e-08
2019-10-28,0.0,0.0,0.0,0.0,1.2073740879769483e-08,7.544183880649338e-08,7.188098579216531e-08
2019-10-29,0.0,0.0,0.0,0.0,1.0459404506903022e-08,7.97462208359691e-08,5.252710711978682e-08
2019-10-30,0.0,0.0,0.0,0.0,1.479333099024948e-08,8.827445526453081e-08,6.374739482284671e-08
2019-10-31,0.0,0.0,0.0,0.0,8.78768093249575e-09,7.578615272298518e-08,7.30783235904549e-08
2019-11-01,0.0,2.8019954427288736e-07,0.0,0.0,1.0167690597761154e-08,6.704575174082367e-08,7.200132580276195e-08
2019-11-02,0.0,0.0,0.0,0.0,1.725689209015956e-08,5.517891112808361e-08,7.290501201894289e-08
2019-11-03,0.0,0.0,0.0,0.0,8.542591572444903e-09,5.573346840444331e-08,5.77436760230684e-08
2019-11-04,0.0,0.0,0.0,0.0,1.691518273217224e-08,6.908759886365365e-08,6.034517889374384e-08
2019-11-05,0.0,5.38425525985368e-07,0.0,0.0,1.1164582567882615e-08,7.495097342572754e-08,6.131696418213897e-08
2019-11-06,0.0,0.0,0.0,0.0,2.0725299591020708e-08,5.2209822918467e-08,6.537660790180195e-08
2019-11-07,0.0,5.277639862453495e-07,0.0,0.0,1.0943509021062266e-08,6.064472141656727e-08,7.859597830946289e-08
2019-11-08,0.0,0.0,0.0,0.0,1.0834619286935218e-08,5.592775786917864e-08,7.17108815128615e-08
2019-11-09,0.0,2.586567795683882e-07,0.0,0.0,1.206766465173646e-08,5.1109856306082317e-08,7.552909182959025e-08
2019-11-10,0.0,5.121662032195559e-07,0.0,0.0,1.0620079450837682e-08,4.075540965916285e-08,6.430870573583586e-08
2019-11-11,0.0,0.0,0.0,0.0,1.577161184205721e-08,4.6653676113930634e-08,1.3339671514173928e-07
2019-11-12,0.0,0.0,0.0,0.0,1.5614681682185147e-08,9.306322485439472e-08,1.238459911096327e-07
2019-11-13,0.0,4.970294043489155e-07,0.0,0.0,1.2882760836244654e-08,3.0032718902665645e-08,1.0063567982346869e-07
2019-11-14,0.0,4.920838791440918e-07,0.0,0.0,5.101830089661726e-09,5.174866031412915e-08,1.0721327555454172e-07
2019-11-15,0.0,2.435937813686269e-07,0.0,0.0,7.576599048129142e-09,6.521406221177842e-08,8.191154227265422e-08
2019-11-16,0.0,0.0,0.0,0.0,1.5002421255968724e-08,4.337861137751729e-08,1.0667755669785802e-07
2019-11-17,0.0,2.3877030132330395e-07,0.0,0.0,8.664334391012312e-09,3.516948433196439e-08,1.0869008901660933e-07
2019-11-18,0.0,2.363944971293758e-07,0.0,0.0,1.4705353411489612e-08,8.36937139092733e-08,7.907357148975309e-08
2019-11-19,0.0,0.0,0.0,0.0,8.492769075156361e-09,4.850135062414287e-08,1.10462604692448e-07
2019-11-20,0.0,0.0,0.0,0.0,1.3212987245744994e-08,7.79958244969983e-08,1.259808636020153e-07
2019-11-21,0.0,0.0,0.0,0.0,8.324600980168906e-09,7.51736118936461e-08,7.633689022386083e-08
2019-11-22,0.0,0.0,0.0,0.0,5.886978440317417e-09,6.432722391743987e-08,1.2773537839644858e-07
2019-11-23,0.0,0.0,0.0,0.0,1.1656804052242393e-08,4.0141472581631e-08,9.618947552140307e-08
2019-11-24,0.0,0.0,0.0,0.0,1.2694898605366132e-08,6.145974807320975e-08,9.156043090243087e-08
2019-11-25,0.0,0.0,0.0,0.0,0.0,8.005484897470771e-08,1.092514415450377e-07
2019-11-26,0.0,0.0,0.0,0.0,0.0,5.3301876473254893e-08,1.1131421172516383e-07
2019-11-27,0.0,0.0,0.0,0.0,0.0,6.388673498086504e-08,9.781947310361903e-08
2019-11-28,0.0,0.0,0.0,0.0,0.0,6.399561913441072e-08,3.690135629388553e-08
2019-11-29,0.0,0.0,0.0,0.0,0.0,6.41109029031997e-08,6.571681086968919e-08
2019-11-30,0.0,0.0,0.0,0.0,0.0,6.066412015927689e-08,3.566540192194115e-08
2019-12-01,0.0,0.0,0.0,0.0,0.0,9.292633231680525e-08,4.1840478356369746e-08
2019-12-02,0.0,0.0,0.0,0.0,0.0,9.312060676105634e-08,6.137904551044523e-08
2019-12-03,0.0,0.0,0.0,0.0,0.0,1.1050176474505207e-07,4.5734691521280947e-08
2019-12-04,0.0,0.0,0.0,0.0,0.0,7.450675626151702e-08,4.722087354178187e-08
2019-12-05,0.0,0.0,0.0,0.0,0.0,6.71016024997014e-08,5.7027169925881394e-08
2019-12-06,0.0,0.0,0.0,0.0,0.0,1.0547216921489973e-07,6.702580655938763e-08
2019-12-07,0.0,0.0,0.0,0.0,0.0,7.700365717064219e-08,6.029480227363834e-08
2019-12-08,0.0,0.0,2.0675619361169545e-08,0.0,0.0,3.8334378673455765e-08,5.6627036506528945e-08
2019-12-09,0.0,0.0,4.176682558063591e-08,0.0,0.0,9.369187093162606e-08,5.50378024892442e-08
2019-12-10,0.0,0.0,6.327988373444491e-08,0.0,0.0,5.874421538686444e-08,6.976118161594548e-08
2019-12-11,0.0,0.0,6.391585713904281e-08,0.0,0.0,1.032408127945314e-07,1.0924588274300381e-07
2019-12-12,0.0,0.0,0.0,0.0,0.0,8.911559566777288e-08,1.0260039600429661e-07
2019-12-13,0.0,0.0,8.694272413628023e-08,0.0,0.0,7.16945911344777e-08,1.0949748375687415e-07
2019-12-14,0.0,0.0,1.0977064130075321e-07,0.0,0.0,5.4413996702123e-08,8.689839067165668e-08
2019-12-15,0.0,0.0,2.217477091735241e-08,0.0,0.0,9.486572280690378e-08,1.0373023111129799e-07
2019-12-16,0.0,0.0,6.719289321037487e-08,0.0,0.0,7.763850267278017e-08,1.349956422461207e-07
2019-12-17,0.0,0.0,4.5245462009338526e-08,0.0,0.0,1.2108420641381128e-07,1.3431726099130893e-07
2019-12-18,0.0,0.0,4.570018646233275e-08,0.0,0.0,9.719783931100533e-08,1.0688928695668317e-07
2019-12-19,0.0,0.0,6.923922145808525e-08,0.0,0.0,1.1356626458237257e-07,9.9658654292405e-08
2019-12-20,0.0,0.0,4.6623391468344484e-08,0.0,0.0,7.656821657672474e-08,1.090485937877126e-07
2019-12-21,0.0,0.0,1.1772991085657979e-07,0.0,0.0,5.972858000858471e-08,1.1226271480587216e-07
2019-12-22,0.0,0.0,7.134786967889558e-08,0.0,0.0,6.284796864483281e-08,1.2622768786740784e-07
2019-12-23,0.0,0.0,9.608657025369057e-08,0.0,0.0,6.595303966883948e-08,1.2533534303093497e-07
2019-12-24,0.0,0.0,7.278919225446361e-08,0.0,0.0,8.21961477854523e-08,1.418736891559755e-07
2019-12-25,0.0,0.0,1.4704147159708524e-07,0.0,0.0,8.523758429485603e-08,1.344811099945733e-07
2019-12-26,0.0,0.0,7.425963147746893e-08,0.0,0.0,1.1442267135694597e-07,1.3137913753379187e-07
2019-12-27,0.0,0.0,1.0000793757523499e-07,0.0,0.0,8.803070985162631e-08,1.9567556312054397e-07
2019-12-28,0.0,0.0,2.525325851440229e-08,0.0,0.0,8.129750457746961e-08,1.544789102901747e-07
2019-12-29,0.0,0.0,1.0202823192756688e-07,0.0,0.0,8.758068023937042e-08,1.8356641076420138e-07
2019-12-30,0.0,0.0,1.8034385723504704e-07,0.0,0.0,9.707645964009083e-08,1.8077600176683707e-07
2019-12-31,0.0,0.0,5.2044669466532186e-08,0.0,0.0,9.039404273611526e-08,1.8051588774540627e-07
2020-01-01,0.0,0.0,1.8162629467564888e-07,0.0,0.0,6.622406367552147e-08,1.886791162105165e-07
2020-01-02,0.0,0.0,1.3103690663144108e-07,0.0,0.0,7.702902715502774e-08,2.3463237875044906e-07
2020-01-03,0.0,0.0,2.1176615909964732e-07,0.0,0.0,9.00204585100503e-08,2.377329655117008e-07
2020-01-04,0.0,0.0,1.0694722219068564e-07,0.0,0.0,6.441622913816898e-08,2.1792400725811686e-07
2020-01-05,0.0,0.0,8.101654473216725e-08,0.0,0.0,6.023600094936976e-08,2.325409919837686e-07
2020-01-06,0.0,0.0,8.183077454330751e-08,0.0,0.0,6.46673696643646e-08,2.1272179344899515e-07
2020-01-07,0.0,0.0,1.102042500001262e-07,0.0,0.0,6.912280925208738e-08,2.1014135369972557e-07
2020-01-08,0.0,0.0,5.565591056300645e-08,0.0,0.0,8.659250400089206e-08,1.9315874870026744e-07
2020-01-09,0.0,0.0,1.1243052352677236e-07,0.0,0.0,7.594138628933117e-08,2.223430759740252e-07
2020-01-10,0.0,0.0,1.419505863419711e-07,0.0,0.0,8.482157444034346e-08,2.313973753304441e-07
2020-01-11,0.0,0.0,8.602632807144214e-08,0.0,0.0,7.412978959695072e-08,1.9124498033147644e-07
2020-01-12,0.0,0.0,2.8963635680732533e-08,0.0,0.0,7.650586034409474e-08,2.0031562570332006e-07
2020-01-13,0.0,0.0,1.1701890023475545e-07,0.0,0.0,7.013421148498852e-08,2.2980224033486162e-07
2020-01-14,0.0,0.0,1.4774369966765042e-07,0.0,0.0,7.252494694275925e-08,2.215357529276033e-07
2020-01-15,0.0,0.0,1.4922854853494344e-07,0.0,0.0,8.1547148828181e-08,2.1325421479389488e-07
2020-01-16,0.0,0.0,1.20582656305158e-07,0.0,0.0,6.327936467734374e-08,2.2252262233555567e-07
2020-01-17,0.0,0.0,9.134589911135824e-08,0.0,0.0,6.697039513225075e-08,1.8196136118434932e-07
2020-01-18,0.0,0.0,1.845278813197619e-07,0.0,0.0,4.491563225492967e-08,1.5593053551645862e-07
2020-01-19,0.0,0.0,1.8638241735871304e-07,0.0,0.0,6.987940810200725e-08,2.0647232888170714e-07
2020-01-20,0.0,0.0,1.5687965982893272e-07,0.0,0.0,9.643843736965447e-08,2.2180640878243564e-07
2020-01-21,0.0,0.0,1.5845632662232092e-07,0.0,0.0,5.396631154361424e-08,2.1351806017663797e-07
2020-01-22,0.0,0.0,1.920586070165025e-07,0.0,0.0,5.16381408598939e-08,2.0222757991130502e-07
2020-01-23,0.0,0.0,6.466294270232364e-08,0.0,0.0,5.374609342850299e-08,2.0878471458635453e-07
2020-01-24,0.0,0.0,1.3062563216127196e-07,0.0,0.0,4.0232942360250155e-08,2.124064987367372e-07
2020-01-25,0.0,0.0,3.2984610397491964e-08,0.0,0.0,3.7262771579198705e-08,2.1606782697552118e-07
2020-01-26,0.0,0.0,1.665805562159647e-07,0.0,0.0,3.689200080701891e-08,1.9267477453313937e-07
2020-01-27,0.0,0.0,1.649230519874598e-07,0.0,0.0,3.9043879215019333e-08,2.3257432041520028e-07
2020-01-28,0.0,0.0,1.3062563216127196e-07,0.0,0.0,4.48901258234545e-08,2.151761595398839e-07
2020-01-29,0.0,0.0,2.909832421604564e-07,0.0,0.0,3.9505299207546996e-08,2.189633483944934e-07
2020-01-30,0.0,0.0,1.920586070165025e-07,0.0,0.0,3.0556417900502375e-08,1.784930584124641e-07
2020-01-31,0.0,0.0,1.2676506129785675e-07,0.0,0.0,3.146247152085698e-08,1.6252688157012597e-07
2020-02-01,0.0,0.0,3.1338137359382766e-07,0.0,0.0,2.264430174438631e-08,2.1216701871255258e-07
2020-02-02,0.0,0.0,6.205263536533101e-08,0.0,0.0,4.483797435479132e-08,1.9921448001656452e-07
2020-02-03,0.0,0.0,1.228704026542874e-07,0.0,0.0,3.6214386861156024e-08,2.2190477732614285e-07
2020-02-04,0.0,0.0,1.8247173258085586e-07,0.0,0.0,4.3950122976328774e-08,2.2377486787049838e-07
2020-02-05,0.0,0.0,2.4087481134079867e-07,0.0,0.0,3.206207196018826e-08,1.6996183068393132e-07
2020-02-06,0.0,0.0,1.1923903346115998e-07,0.0,0.0,3.627777030152944e-08,2.1583133529101955e-07
2020-02-07,0.0,0.0,2.3610517050926584e-07,0.0,0.0,3.030480038459789e-08,1.8290126027153006e-07
2020-02-08,0.0,0.0,1.46097428006261e-07,0.0,0.0,4.778297374261605e-08,2.2831314978960038e-07
2020-02-09,0.0,0.0,2.603587217558036e-07,0.0,0.0,3.300525014645434e-08,2.3017393123357727e-07
2020-02-10,0.0,0.0,2.004863071473727e-07,0.0,0.0,3.812298282373796e-08,2.0338632522266512e-07
2020-02-11,0.0,0.0,5.6711838588640286e-08,0.0,0.0,3.882204288685456e-08,1.9680901611479417e-07
2020-02-12,0.0,0.0,1.1229509273258595e-07,0.0,0.0,3.2029797588277856e-08,2.243835629891965e-07
2020-02-13,0.0,0.0,1.945610413088022e-07,0.0,0.0,2.4311840095925398e-08,1.7820028687807872e-07
2020-02-14,0.0,0.0,5.5035750457669904e-08,0.0,0.0,2.4069933245107295e-08,2.1410237845761234e-07
2020-02-15,0.0,0.0,8.173220338631517e-08,0.0,0.0,3.211927981034059e-08,1.7958264647151033e-07
2020-02-16,0.0,0.0,1.348649239576242e-07,0.0,0.0,3.077389126100392e-08,1.677061046283204e-07
2020-02-17,0.0,0.0,1.8693219375997605e-07,0.0,0.0,4.062358123569587e-08,2.0605330702577577e-07
2020-02-18,0.0,0.0,2.643888390777594e-07,0.0,0.0,3.217549587895721e-08,2.136122455331424e-07
2020-02-19,0.0,0.0,1.8323068832184985e-07,0.0,0.0,3.583726238897847e-08,1.788395850731155e-07
2020-02-20,0.0,0.0,1.036614357204532e-07,0.0,0.0,2.266820945598247e-08,1.3620007805339093e-07
2020-02-21,0.0,0.0,1.5394498080185213e-07,0.0,0.0,3.122456626544246e-08,1.3677121984243173e-07
2020-02-22,0.0,0.0,2.5402200441565428e-08,0.0,0.0,2.511752476999284e-08,1.335031358122103e-07
2020-02-23,0.0,0.0,1.2574722162017447e-07,0.0,0.0,2.5824047423595944e-08,1.1140443839337734e-07
2020-02-24,0.0,0.0,4.9798406343789415e-08,0.0,0.0,2.8407882064957558e-08,1.4768440188325984e-07
2020-02-25,0.0,0.0,1.2325725980410557e-07,0.0,0.0,1.7812638646532227e-08,1.462149175318667e-07
2020-02-26,0.0,0.0,1.2203082957743271e-07,0.0,0.0,2.691718936780862e-08,1.3926283752341198e-07
2020-02-27,0.0,0.0,9.665328202832827e-08,0.0,0.0,2.021675499617461e-08,1.0703620788305256e-07
2020-02-28,0.0,0.0,1.1961445725432232e-07,0.0,0.0,2.820379284591911e-08,1.1674790997091936e-07
2020-02-29,0.0,0.0,2.3684854703727754e-08,0.0,0.0,2.5220919087404812e-08,1.3336874868146717e-07
2020-03-01,0.0,0.0,1.4087883624194497e-07,0.0,0.0,2.946196263891092e-08,1.2120957881730367e-07
2020-03-02,0.0,0.0,1.162308903334282e-07,0.0,0.0,2.298148762203112e-08,1.1826434185895241e-07
2020-03-03,0.0,0.0,1.8411899784180543e-07,0.0,0.0,3.325411861465454e-08,1.2225322105455372e-07
2020-03-04,0.0,0.0,4.557174580083572e-08,0.0,0.0,1.9060820035002753e-08,1.329699849587067e-07
2020-03-05,0.0,0.0,6.767744903066513e-08,0.0,0.0,2.2302282017100425e-08,1.1308132141838196e-07
2020-03-06,0.0,0.0,6.700404716137781e-08,0.0,0.0,0.0,1.203110795502863e-07
2020-03-07,0.0,0.0,1.1056224292107252e-07,0.0,0.0,0.0,9.7607276307079e-08
2020-03-08,0.0,0.0,4.3784852089177194e-08,0.0,0.0,0.0,1.0318766548938235e-07
2020-03-09,0.0,0.0,4.3349185531621796e-08,0.0,0.0,0.0,1.0378253314308852e-07
2020-03-10,0.0,0.0,6.437678089311602e-08,0.0,0.0,0.0,1.332537502156833e-07
2020-03-11,0.0,0.0,6.373622122053612e-08,0.0,0.0,0.0,1.2398039220848498e-07
2020-03-12,0.0,0.0,1.2620407044638395e-07,0.0,0.0,0.0,9.599426626082307e-08
2020-03-13,0.0,0.0,6.247415948195537e-08,0.0,0.0,0.0,1.1373532519221792e-07
2020-03-14,0.0,0.0,1.030875520145482e-07,0.0,0.0,0.0,1.0026351488859709e-07
2020-03-15,0.0,0.0,6.123708824016731e-08,0.0,0.0,0.0,9.773870891969261e-08
2020-03-16,0.0,0.0,4.041851268764051e-08,0.0,0.0,0.0,1.01302107791025e-07
2020-03-17,0.0,0.0,0.0,0.0,0.0,0.0,8.083407893664191e-08
2020-03-18,0.0,0.0,0.0,0.0,0.0,0.0,9.336806081457102e-08
2020-03-19,0.0,0.0,0.0,0.0,0.0,0.0,7.776617069219456e-08
2020-03-20,0.0,0.0,0.0,0.0,0.0,0.0,4.5890671630653763e-08
2020-03-21,0.0,0.0,0.0,0.0,0.0,0.0,3.959253087046502e-08
2020-03-22,0.0,0.0,0.0,0.0,0.0,0.0,4.11263775538494e-08
2020-03-23,0.0,0.0,0.0,0.0,0.0,0.0,3.880854623208657e-08
2020-03-24,0.0,0.0,0.0,0.0,0.0,0.0,3.8422394745124214e-08
2020-03-25,0.0,0.0,0.0,0.0,0.0,0.0,3.492204573214243e-08
2020-03-26,0.0,0.0,0.0,0.0,0.0,0.0,3.64267744411789e-08
2020-03-27,0.0,0.0,0.0,0.0,0.0,0.0,3.6064321979507614e-08
2020-03-28,0.0,0.0,0.0,0.0,0.0,0.0,2.965370039024256e-08
2020-03-29,0.0,0.0,0.0,0.0,0.0,0.0,2.875948519974591e-08
2020-03-30,0.0,0.0,0.0,0.0,0.0,0.0,3.440526594503679e-08
2020-03-31,0.0,0.0,0.0,0.0,0.0,0.0,3.58248034063406e-08
2020-04-01,0.0,0.0,0.0,0.0,0.0,0.0,3.8863762055957326e-08
2020-04-02,0.0,0.0,0.0,0.0,0.0,0.0,2.354566429338924e-08
2020-04-03,0.0,0.0,0.0,0.0,0.0,0.0,2.6154232362986637e-08
2020-04-04,0.0,0.0,0.0,0.0,0.0,0.0,2.701981920293429e-08
2020-04-05,0.0,0.0,0.0,0.0,0.0,0.0,2.898021480228081e-08
2020-04-06,0.0,0.0,0.0,0.0,0.0,0.0,3.255422219180355e-08
2020-04-07,0.0,0.0,0.0,0.0,0.0,0.0,3.386913119775206e-08
2020-04-08,0.0,0.0,0.0,0.0,0.0,0.0,3.245044617248051e-08
2020-04-09,0.0,0.0,0.0,0.0,0.0,0.0,2.62375063844897e-08
2020-04-10,0.0,0.0,0.0,0.0,0.0,0.0,0.0
2020-04-11,0.0,0.0,0.0,0.0,0.0,0.0,0.0
2020-04-12,0.0,0.0,0.0,0.0,0.0,0.0,0.0
2020-04-13,0.0,0.0,0.0,0.0,0.0,0.0,0.0
2020-04-14,0.0,0.0,0.0,0.0,0.0,0.0,0.0
2020-04-15,0.0,0.0,0.0,0.0,0.0,0.0,0.0
2020-04-16,0.0,0.0,0.0,0.0,0.0,0.0,0.0
2020-04-17,0.0,0.0,0.0,0.0,0.0,0.0,0.0
2020-04-18,0.0,0.0,0.0,0.0,0.0,0.0,0.0
2020-04-19,0.0,0.0,0.0,0.0,0.0,0.0,0.0
2020-04-20,0.0,0.0,0.0,0.0,0.0,0.0,0.0
2020-04-21,0.0,0.0,0.0,0.0,0.0,0.0,0.0
2020-04-22,0.0,0.0,0.0,0.0,0.0,0.0,0.0
2020-04-23,0.0,0.0,0.0,0.0,0.0,0.0,0.0
2020-04-24,0.0,0.0,0.0,0.0,0.0,0.0,0.0
2020-04-25,0.0,0.0,0.0,0.0,0.0,0.0,0.0
2020-04-26,0.0,0.0,0.0,0.0,0.0,0.0,0.0
2020-04-27,0.0,0.0,0.0,0.0,0.0,0.0,0.0
2020-04-28,0.0,0.0,0.0,0.0,0.0,0.0,0.0
2020-04-29,0.0,0.0,0.0,0.0,0.0,0.0,0.0
2020-04-30,0.0,0.0,0.0,0.0,0.0,0.0,0.0
2020-05-01,0.0,0.0,0.0,0.0,0.0,0.0,0.0
2020-05-02,0.0,0.0,0.0,0.0,0.0,0.0,0.0
2020-05-03,0.0,0.0,0.0,0.0,0.0,0.0,0.0
2020-05-04,0.0,0.0,0.0,0.0,0.0,0.0,0.0
2020-05-05,0.0,0.0,0.0,0.0,0.0,0.0,0.0
2020-05-06,0.0,0.0,0.0,0.0,0.0,0.0,0.0
2020-05-07,0.0,0.0,0.0,0.0,0.0,0.0,0.0
2020-05-08,0.0,0.0,0.0,0.0,0.0,0.0,0.0
2020-05-09,0.0,0.0,0.0,0.0,0.0,0.0,0.0
2020-05-10,0.0,0.0,0.0,0.0,0.0,0.0,0.0
2020-05-11,0.0,0.0,0.0,0.0,0.0,0.0,0.0
2020-05-12,0.0,0.0,0.0,0.0,0.0,0.0,0.0
2020-05-13,0.0,0.0,0.0,0.0,0.0,0.0,0.0
2020-05-14,0.0,0.0,0.0,0.0,0.0,0.0,0.0
2020-05-15,0.0,0.0,0.0,0.0,0.0,0.0,0.0
2020-05-16,0.0,0.0,0.0,0.0,0.0,0.0,0.0
2020-05-17,0.0,0.0,0.0,0.0,0.0,0.0,0.0
2020-05-18,0.0,0.0,0.0,0.0,0.0,0.0,0.0
2020-05-19,0.0,0.0,0.0,0.0,0.0,0.0,0.0
2020-05-20,0.0,0.0,0.0,0.0,0.0,0.0,0.0
2020-05-21,0.0,0.0,0.0,0.0,0.0,0.0,0.0
2020-05-22,0.0,0.0,0.0,0.0,0.0,0.0,0.0
2020-05-23,0.0,0.0,0.0,0.0,0.0,0.0,0.0
2020-05-24,0.0,0.0,0.0,0.0,0.0,0.0,0.0
2020-05-25,0.0,0.0,0.0,0.0,0.0,0.0,0.0
2020-05-26,0.0,0.0,0.0,0.0,0.0,0.0,0.0
2020-05-27,0.0,0.0,0.0,0.0,0.0,0.0,0.0
2020-05-28,0.0,0.0,0.0,0.0,0.0,0.0,0.0
2020-05-29,0.0,0.0,0.0,0.0,0.0,0.0,0.0
2020-05-30,0.0,0.0,0.0,0.0,0.0,0.0,0.0
2020-05-31,0.0,0.0,0.0,0.0,0.0,0.0,0.0
2020-06-01,0.0,0.0,0.0,0.0,0.0,0.0,0.0
2020-06-02,0.0,0.0,0.0,0.0,0.0,0.0,0.0
2020-06-03,0.0,0.0,0.0,0.0,0.0,0.0,0.0
2020-06-04,0.0,0.0,0.0,0.0,0.0,0.0,0.0
2020-06-05,0.0,0.0,0.0,0.0,0.0,0.0,0.0
2020-06-06,0.0,0.0,0.0,0.0,0.0,0.0,0.0
2020-06-07,0.0,0.0,0.0,0.0,0.0,0.0,0.0
2020-06-08,0.0,0.0,0.0,0.0,0.0,0.0,0.0
2020-06-09,0.0,0.0,0.0,0.0,0.0,0.0,0.0
2020-06-10,0.0,0.0,0.0,0.0,0.0,0.0,0.0
2020-06-11,0.0,0.0,0.0,0.0,0.0,0.0,0.0
2020-06-12,0.0,0.0,0.0,0.0,0.0,0.0,0.0
2020-06-13,0.0,0.0,0.0,0.0,0.0,0.0,0.0
2020-06-14,0.0,0.0,0.0,0.0,0.0,0.0,0.0
2020-06-15,0.0,0.0,0.0,0.0,0.0,0.0,0.0
2020-06-16,0.0,0.0,0.0,0.0,0.0,0.0,0.0
2020-06-17,0.0,0.0,0.0,0.0,0.0,0.0,0.0
2020-06-18,0.0,0.0,0.0,0.0,0.0,0.0,0.0
2020-06-19,0.0,0.0,0.0,0.0,0.0,0.0,0.0
2020-06-20,0.0,0.0,0.0,0.0,0.0,0.0,0.0
2020-06-21,0.0,0.0,0.0,0.0,0.0,0.0,0.0
2020-06-22,0.0,0.0,0.0,0.0,0.0,0.0,0.0
2020-06-23,0.0,0.0,0.0,0.0,0.0,0.0,0.0
2020-06-24,0.0,0.0,0.0,0.0,0.0,0.0,0.0
2020-06-25,0.0,0.0,0.0,0.0,0.0,0.0,0.0
2020-06-26,0.0,0.0,0.0,0.0,0.0,0.0,0.0
2020-06-27,0.0,0.0,0.0,0.0,0.0,0.0,0.0
2020-06-28,0.0,0.0,0.0,0.0,0.0,0.0,0.0
2020-06-29,0.0,0.0,0.0,0.0,0.0,0.0,0.0
2020-06-30,0.0,0.0,0.0,0.0,0.0,0.0,0.0
2020-07-01,0.0,0.0,0.0,0.0,0.0,0.0,0.0
2020-07-02,0.0,0.0,0.0,0.0,0.0,0.0,0.0
2020-07-03,0.0,0.0,0.0,0.0,0.0,0.0,0.0
2020-07-04,0.0,0.0,0.0,0.0,0.0,0.0,0.0
2020-07-05,0.0,0.0,0.0,0.0,0.0,0.0,0.0
2020-07-06,0.0,0.0,0.0,0.0,0.0,0.0,0.0
2020-07-07,0.0,0.0,0.0,0.0,0.0,0.0,0.0
2020-07-08,0.0,0.0,0.0,0.0,0.0,0.0,0.0
2020-07-09,0.0,0.0,0.0,0.0,0.0,0.0,0.0
2020-07-10,0.0,0.0,0.0,0.0,0.0,0.0,0.0
2020-07-11,0.0,0.0,0.0,0.0,0.0,0.0,0.0
2020-07-12,0.0,0.0,0.0,0.0,0.0,0.0,0.0
2020-07-13,0.0,0.0,0.0,0.0,0.0,0.0,0.0
2020-07-14,0.0,0.0,0.0,0.0,0.0,0.0,0.0
2020-07-15,0.0,0.0,0.0,0.0,0.0,0.0,0.0
2020-07-16,0.0,0.0,0.0,0.0,0.0,0.0,0.0
2020-07-17,0.0,0.0,0.0,0.0,0.0,0.0,0.0
2020-07-18,0.0,0.0,0.0,0.0,0.0,0.0,0.0
2020-07-19,0.0,0.0,0.0,0.0,0.0,0.0,0.0
2020-07-20,0.0,0.0,0.0,0.0,0.0,0.0,0.0
2020-07-21,0.0,0.0,0.0,0.0,0.0,0.0,0.0
2020-07-22,0.0,0.0,0.0,0.0,0.0,0.0,0.0
2020-07-23,0.0,0.0,0.0,0.0,0.0,0.0,0.0
2020-07-24,0.0,0.0,0.0,0.0,0.0,0.0,0.0
2020-07-25,0.0,0.0,0.0,0.0,0.0,0.0,0.0
2020-07-26,0.0,0.0,0.0,0.0,0.0,0.0,0.0
2020-07-27,0.0,0.0,0.0,0.0,0.0,0.0,0.0
2020-07-28,0.0,0.0,0.0,0.0,0.0,0.0,0.0
2020-07-29,0.0,0.0,0.0,0.0,0.0,0.0,0.0
2020-07-30,0.0,0.0,0.0,0.0,0.0,0.0,0.0
2020-07-31,0.0,0.0,0.0,0.0,0.0,0.0,0.0
2020-08-01,0.0,0.0,0.0,0.0,0.0,0.0,0.0
2020-08-02,0.0,0.0,0.0,0.0,0.0,0.0,0.0
2020-08-03,0.0,0.0,0.0,0.0,0.0,0.0,0.0
2020-08-04,0.0,0.0,0.0,0.0,0.0,0.0,0.0
2020-08-05,0.0,0.0,0.0,0.0,0.0,0.0,0.0
2020-08-06,0.0,0.0,0.0,0.0,0.0,0.0,0.0
2020-08-07,0.0,0.0,0.0,0.0,0.0,0.0,0.0
2020-08-08,0.0,0.0,0.0,0.0,0.0,0.0,0.0
2020-08-09,0.0,0.0,0.0,0.0,0.0,0.0,0.0
2020-08-10,0.0,0.0,0.0,0.0,0.0,0.0,0.0
2020-08-11,0.0,0.0,0.0,0.0,0.0,0.0,0.0
2020-08-12,0.0,0.0,0.0,0.0,0.0,0.0,0.0
2020-08-13,0.0,0.0,0.0,0.0,0.0,0.0,0.0
2020-08-14,0.0,0.0,0.0,0.0,0.0,0.0,0.0
2020-08-15,0.0,0.0,0.0,0.0,0.0,0.0,0.0
2020-08-16,0.0,0.0,0.0,0.0,0.0,0.0,0.0
2020-08-17,0.0,0.0,0.0,0.0,0.0,0.0,0.0
2020-08-18,0.0,0.0,0.0,0.0,0.0,0.0,0.0
2020-08-19,0.0,0.0,0.0,0.0,0.0,0.0,0.0
2020-08-20,0.0,0.0,0.0,0.0,0.0,0.0,0.0
2020-08-21,0.0,0.0,0.0,0.0,0.0,0.0,0.0
2020-08-22,0.0,0.0,0.0,0.0,0.0,0.0,0.0
2020-08-23,0.0,0.0,0.0,0.0,0.0,0.0,0.0
2020-08-24,0.0,0.0,0.0,0.0,0.0,0.0,0.0
2020-08-25,0.0,0.0,0.0,0.0,0.0,0.0,0.0
2020-08-26,0.0,0.0,0.0,0.0,0.0,0.0,0.0
2020-08-27,0.0,0.0,0.0,0.0,0.0,0.0,0.0
2020-08-28,0.0,0.0,0.0,0.0,0.0,0.0,0.0
2020-08-29,0.0,0.0,0.0,0.0,0.0,0.0,0.0
2020-08-30,0.0,0.0,0.0,0.0,0.0,0.0,0.0
2020-08-31,0.0,0.0,0.0,0.0,0.0,0.0,0.0
2020-09-01,0.0,0.0,0.0,0.0,0.0,0.0,0.0
2020-09-02,0.0,0.0,0.0,0.0,0.0,0.0,0.0
2020-09-03,0.0,0.0,0.0,0.0,0.0,0.0,0.0
2020-09-04,0.0,0.0,0.0,0.0,0.0,0.0,0.0
2020-09-05,0.0,0.0,0.0,0.0,0.0,0.0,0.0
2020-09-06,0.0,0.0,0.0,0.0,0.0,0.0,0.0
2020-09-07,0.0,0.0,0.0,0.0,0.0,0.0,0.0
2020-09-08,0.0,0.0,0.0,0.0,0.0,0.0,0.0
2020-09-09,0.0,0.0,0.0,0.0,0.0,0.0,0.0
2020-09-10,0.0,0.0,0.0,0.0,0.0,0.0,0.0
2020-09-11,0.0,0.0,0.0,0.0,0.0,0.0,0.0
2020-09-12,0.0,0.0,0.0,0.0,0.0,0.0,0.0
2020-09-13,0.0,0.0,0.0,0.0,0.0,0.0,0.0
2020-09-14,0.0,0.0,0.0,0.0,0.0,0.0,0.0
2020-09-15,0.0,0.0,0.0,0.0,0.0,0.0,0.0
2020-09-16,0.0,0.0,0.0,0.0,0.0,0.0,0.0
2020-09-17,0.0,0.0,0.0,0.0,0.0,0.0,0.0
2020-09-18,0.0,0.0,0.0,0.0,0.0,0.0,0.0
2020-09-19,0.0,0.0,0.0,0.0,0.0,0.0,0.0
2020-09-20,0.0,0.0,0.0,0.0,0.0,0.0,0.0
2020-09-21,0.0,0.0,0.0,0.0,0.0,0.0,0.0
2020-09-22,0.0,0.0,0.0,0.0,0.0,0.0,0.0
2020-09-23,0.0,0.0,0.0,0.0,0.0,0.0,0.0
2020-09-24,0.0,0.0,0.0,0.0,0.0,0.0,0.0
2020-09-25,0.0,0.0,0.0,0.0,0.0,0.0,0.0
2020-09-26,0.0,0.0,0.0,0.0,0.0,0.0,0.0
2020-09-27,0.0,0.0,0.0,0.0,0.0,0.0,0.0
2020-09-28,0.0,0.0,0.0,0.0,0.0,0.0,0.0
2020-09-29,0.0,0.0,0.0,0.0,0.0,0.0,0.0
2020-09-30,0.0,0.0,0.0,0.0,0.0,0.0,0.0
2020-10-01,0.0,0.0,0.0,0.0,0.0,0.0,0.0
2020-10-02,0.0,0.0,0.0,0.0,0.0,0.0,0.0
2020-10-03,0.0,0.0,0.0,0.0,0.0,0.0,0.0
2020-10-04,0.0,0.0,0.0,0.0,0.0,0.0,0.0
2020-10-05,0.0,0.0,0.0,0.0,0.0,0.0,0.0
2020-10-06,0.0,0.0,0.0,0.0,0.0,0.0,0.0
2020-10-07,0.0,0.0,0.0,0.0,0.0,0.0,0.0
2020-10-08,0.0,0.0,0.0,0.0,0.0,0.0,0.0
2020-10-09,0.0,0.0,0.0,0.0,0.0,0.0,0.0
2020-10-10,0.0,0.0,0.0,0.0,0.0,0.0,0.0
2020-10-11,0.0,0.0,0.0,0.0,0.0,0.0,0.0
2020-10-12,0.0,0.0,0.0,0.0,0.0,0.0,0.0
2020-10-13,0.0,0.0,0.0,0.0,0.0,0.0,0.0
2020-10-14,0.0,0.0,0.0,0.0,0.0,0.0,0.0
2020-10-15,0.0,0.0,0.0,0.0,0.0,0.0,0.0
2020-10-16,0.0,0.0,0.0,0.0,0.0,0.0,0.0
2020-10-17,0.0,0.0,0.0,0.0,0.0,0.0,0.0
2020-10-18,0.0,0.0,0.0,0.0,0.0,0.0,0.0
2020-10-19,0.0,0.0,0.0,0.0,0.0,0.0,0.0
2020-10-20,0.0,0.0,0.0,0.0,0.0,0.0,0.0
2020-10-21,0.0,0.0,0.0,0.0,0.0,0.0,0.0
2020-10-22,0.0,0.0,0.0,0.0,0.0,0.0,0.0
2020-10-23,0.0,0.0,0.0,0.0,0.0,0.0,0.0
2020-10-24,0.0,0.0,0.0,0.0,0.0,0.0,0.0
2020-10-25,0.0,0.0,0.0,0.0,0.0,0.0,0.0
2020-10-26,0.0,0.0,0.0,0.0,0.0,0.0,0.0
2020-10-27,0.0,0.0,0.0,0.0,0.0,0.0,0.0
2020-10-28,0.0,0.0,0.0,0.0,0.0,0.0,0.0
2020-10-29,0.0,0.0,0.0,0.0,0.0,0.0,0.0
2020-10-30,0.0,0.0,0.0,0.0,0.0,0.0,0.0
2020-10-31,0.0,0.0,0.0,0.0,0.0,0.0,0.0
2020-11-01,0.0,0.0,0.0,0.0,0.0,0.0,0.0
2020-11-02,0.0,0.0,0.0,0.0,0.0,0.0,0.0
2020-11-03,0.0,0.0,0.0,0.0,0.0,0.0,0.0
2020-11-04,0.0,0.0,0.0,0.0,0.0,0.0,0.0
2020-11-05,0.0,0.0,0.0,0.0,0.0,0.0,0.0
2020-11-06,0.0,0.0,0.0,0.0,0.0,0.0,0.0
2020-11-07,0.0,0.0,0.0,0.0,0.0,0.0,0.0
2020-11-08,0.0,0.0,0.0,0.0,0.0,0.0,0.0
2020-11-09,0.0,0.0,0.0,0.0,0.0,0.0,0.0
2020-11-10,0.0,0.0,0.0,0.0,0.0,0.0,0.0
2020-11-11,0.0,0.0,0.0,0.0,0.0,0.0,0.0
2020-11-12,0.0,0.0,0.0,0.0,0.0,0.0,0.0
2020-11-13,0.0,0.0,0.0,0.0,0.0,0.0,0.0
2020-11-14,0.0,0.0,0.0,0.0,0.0,0.0,0.0
2020-11-15,0.0,0.0,0.0,0.0,0.0,0.0,0.0
2020-11-16,0.0,0.0,0.0,0.0,0.0,0.0,0.0
2020-11-17,0.0,0.0,0.0,0.0,0.0,0.0,0.0
2020-11-18,0.0,0.0,0.0,0.0,0.0,0.0,0.0
2020-11-19,0.0,0.0,0.0,0.0,0.0,0.0,0.0
2020-11-20,0.0,0.0,0.0,0.0,0.0,0.0,0.0
2020-11-21,0.0,0.0,0.0,0.0,0.0,0.0,0.0
2020-11-22,0.0,0.0,0.0,0.0,0.0,0.0,0.0
2020-11-23,0.0,0.0,0.0,0.0,0.0,0.0,0.0
2020-11-24,0.0,0.0,0.0,0.0,0.0,0.0,0.0
2020-11-25,0.0,0.0,0.0,0.0,0.0,0.0,0.0
2020-11-26,0.0,0.0,0.0,0.0,0.0,0.0,0.0
2020-11-27,0.0,0.0,0.0,0.0,0.0,0.0,0.0
2020-11-28,0.0,0.0,0.0,0.0,0.0,0.0,0.0
2020-11-29,0.0,0.0,0.0,0.0,0.0,0.0,0.0
2020-11-30,0.0,0.0,0.0,0.0,0.0,0.0,0.0
2020-12-01,0.0,0.0,0.0,0.0,0.0,0.0,0.0
2020-12-02,0.0,0.0,0.0,0.0,0.0,0.0,0.0
2020-12-03,0.0,0.0,0.0,0.0,0.0,0.0,0.0
2020-12-04,0.0,0.0,0.0,0.0,0.0,0.0,0.0
2020-12-05,0.0,0.0,0.0,0.0,0.0,0.0,0.0
2020-12-06,0.0,0.0,0.0,0.0,0.0,0.0,0.0
2020-12-07,0.0,0.0,0.0,0.0,0.0,0.0,0.0
2020-12-08,0.0,0.0,0.0,0.0,0.0,0.0,0.0
2020-12-09,0.0,0.0,0.0,0.0,0.0,0.0,0.0
2020-12-10,0.0,0.0,0.0,0.0,0.0,0.0,0.0
2020-12-11,0.0,0.0,0.0,0.0,0.0,0.0,0.0
2020-12-12,0.0,0.0,0.0,0.0,0.0,0.0,0.0
2020-12-13,0.0,0.0,0.0,0.0,0.0,0.0,0.0
2020-12-14,0.0,0.0,0.0,0.0,0.0,0.0,0.0
2020-12-15,0.0,0.0,0.0,0.0,0.0,0.0,0.0
2020-12-16,0.0,0.0,0.0,0.0,0.0,0.0,0.0
2020-12-17,0.0,0.0,0.0,0.0,0.0,0.0,0.0
2020-12-18,0.0,0.0,0.0,0.0,0.0,0.0,0.0
2020-12-19,0.0,0.0,0.0,0.0,0.0,0.0,0.0
2020-12-20,0.0,0.0,0.0,0.0,0.0,0.0,0.0
2020-12-21,0.0,0.0,0.0,0.0,0.0,0.0,0.0
2020-12-22,0.0,0.0,0.0,0.0,0.0,0.0,0.0
2020-12-23,0.0,0.0,0.0,0.0,0.0,0.0,0.0
2020-12-24,0.0,0.0,0.0,0.0,0.0,0.0,0.0
2020-12-25,0.0,0.0,0.0,0.0,0.0,0.0,0.0
2020-12-26,0.0,0.0,0.0,0.0,0.0,0.0,0.0
2020-12-27,0.0,0.0,0.0,0.0,0.0,0.0,0.0
2020-12-28,0.0,0.0,0.0,0.0,0.0,0.0,0.0
2020-12-29,0.0,0.0,0.0,0.0,0.0,0.0,0.0
2020-12-30,0.0,0.0,0.0,0.0,0.0,0.0,0.0
2020-12-31,0.0,0.0,0.0,0.0,0.0,0.0,0.0
2021-01-01,0.0,0.0,0.0,0.0,0.0,0.0,0.0
2021-01-02,0.0,0.0,0.0,0.0,0.0,0.0,0.0
2021-01-03,0.0,0.0,0.0,0.0,0.0,0.0,0.0
2021-01-04,0.0,0.0,0.0,0.0,0.0,0.0,0.0
2021-01-05,0.0,0.0,0.0,0.0,0.0,0.0,0.0
2021-01-06,0.0,0.0,0.0,0.0,0.0,0.0,0.0
2021-01-07,0.0,0.0,0.0,0.0,0.0,0.0,0.0
2021-01-08,0.0,0.0,0.0,0.0,0.0,0.0,0.0
2021-01-09,0.0,0.0,0.0,0.0,0.0,0.0,0.0
2021-01-10,0.0,0.0,0.0,0.0,0.0,0.0,0.0
2021-01-11,0.0,0.0,0.0,0.0,0.0,0.0,0.0
2021-01-12,0.0,0.0,0.0,0.0,0.0,0.0,0.0
2021-01-13,0.0,0.0,0.0,0.0,0.0,0.0,0.0
2021-01-14,0.0,0.0,0.0,0.0,0.0,0.0,0.0
2021-01-15,0.0,0.0,0.0,0.0,0.0,0.0,0.0
2021-01-16,0.0,0.0,0.0,0.0,0.0,0.0,0.0
2021-01-17,0.0,0.0,0.0,0.0,0.0,0.0,0.0
2021-01-18,0.0,0.0,0.0,0.0,0.0,0.0,0.0
2021-01-19,0.0,0.0,0.0,0.0,0.0,0.0,0.0
2021-01-20,0.0,0.0,0.0,0.0,0.0,0.0,0.0
2021-01-21,0.0,0.0,0.0,0.0,0.0,0.0,0.0
2021-01-22,0.0,0.0,0.0,0.0,0.0,0.0,0.0
2021-01-23,0.0,0.0,0.0,0.0,0.0,0.0,0.0
2021-01-24,0.0,0.0,0.0,0.0,0.0,0.0,0.0
2021-01-25,0.0,0.0,0.0,0.0,0.0,0.0,0.0
2021-01-26,0.0,0.0,0.0,0.0,0.0,0.0,0.0
2021-01-27,0.0,0.0,0.0,0.0,0.0,0.0,0.0
2021-01-28,0.0,0.0,0.0,0.0,0.0,0.0,0.0
2021-01-29,0.0,0.0,0.0,0.0,0.0,0.0,0.0
2021-01-30,0.0,0.0,0.0,0.0,0.0,0.0,0.0
2021-01-31,0.0,0.0,0.0,0.0,0.0,0.0,0.0
2021-02-01,0.0,0.0,0.0,0.0,0.0,0.0,0.0
2021-02-02,0.0,0.0,0.0,0.0,0.0,0.0,0.0
2021-02-03,0.0,0.0,0.0,0.0,0.0,0.0,0.0
2021-02-04,0.0,0.0,0.0,0.0,0.0,0.0,0.0
2021-02-05,0.0,0.0,0.0,0.0,0.0,0.0,0.0
2021-02-06,0.0,0.0,0.0,0.0,0.0,0.0,0.0
2021-02-07,0.0,0.0,0.0,0.0,0.0,0.0,0.0
2021-02-08,0.0,0.0,0.0,0.0,0.0,0.0,0.0
2021-02-09,0.0,0.0,0.0,0.0,0.0,0.0,0.0
2021-02-10,0.0,0.0,0.0,0.0,0.0,0.0,0.0
2021-02-11,0.0,0.0,0.0,0.0,0.0,0.0,0.0
2021-02-12,0.0,0.0,0.0,0.0,0.0,0.0,0.0
2021-02-13,0.0,0.0,0.0,0.0,0.0,0.0,0.0
2021-02-14,0.0,0.0,0.0,0.0,0.0,0.0,0.0
2021-02-15,0.0,0.0,0.0,0.0,0.0,0.0,0.0
2021-02-16,0.0,0.0,0.0,0.0,0.0,0.0,0.0
2021-02-17,0.0,0.0,0.0,0.0,0.0,0.0,0.0
2021-02-18,0.0,0.0,0.0,0.0,0.0,0.0,0.0
2021-02-19,0.0,0.0,0.0,0.0,0.0,0.0,0.0
2021-02-20,0.0,0.0,0.0,0.0,0.0,0.0,0.0
2021-02-21,0.0,0.0,0.0,0.0,0.0,0.0,0.0
2021-02-22,0.0,0.0,0.0,0.0,0.0,0.0,0.0
2021-02-23,0.0,0.0,0.0,0.0,0.0,0.0,0.0
2021-02-24,0.0,0.0,0.0,0.0,0.0,0.0,0.0
2021-02-25,0.0,0.0,0.0,0.0,0.0,0.0,0.0
2021-02-26,0.0,0.0,0.0,0.0,0.0,0.0,0.0
2021-02-27,0.0,0.0,0.0,0.0,0.0,0.0,0.0
2021-02-28,0.0,0.0,0.0,0.0,0.0,0.0,0.0
2021-03-01,0.0,0.0,0.0,0.0,0.0,0.0,0.0
2021-03-02,0.0,0.0,0.0,0.0,0.0,0.0,0.0
2021-03-03,0.0,0.0,0.0,0.0,0.0,0.0,0.0
2021-03-04,0.0,0.0,0.0,0.0,0.0,0.0,0.0
2021-03-05,0.0,0.0,0.0,0.0,0.0,0.0,0.0
2021-03-06,0.0,0.0,0.0,0.0,0.0,0.0,0.0
2021-03-07,0.0,0.0,0.0,0.0,0.0,0.0,0.0
2021-03-08,0.0,0.0,0.0,0.0,0.0,0.0,0.0
2021-03-09,0.0,0.0,0.0,0.0,0.0,0.0,0.0
2021-03-10,0.0,0.0,0.0,0.0,0.0,0.0,0.0
2021-03-11,0.0,0.0,0.0,0.0,0.0,0.0,0.0
2021-03-12,0.0,0.0,0.0,0.0,2.271429019606957e-08,0.0,0.0
2021-03-13,0.0,0.0,0.0,0.0,1.4339107879836463e-08,0.0,0.0
2021-03-14,0.0,0.0,0.0,0.0,2.0276505633813424e-08,0.0,0.0
2021-03-15,0.0,0.0,0.0,0.0,3.51090649771137e-08,0.0,0.0
2021-03-16,0.0,0.0,0.0,0.0,1.4775798727626085e-08,0.0,0.0
2021-03-17,0.0,0.0,0.0,0.0,2.387887675782523e-08,0.0,0.0
2021-03-18,0.0,0.0,0.0,0.0,2.1104005526645673e-08,0.0,0.0
2021-03-19,0.0,0.0,0.0,0.0,1.5225788791666905e-08,0.0,0.0
2021-03-20,0.0,0.0,0.0,0.0,1.230304841040913e-08,0.0,1.2630971980440724e-07
2021-03-21,0.0,0.0,0.0,0.0,1.5533370128222937e-08,0.0,1.4100853818151133e-07
2021-03-22,0.0,0.0,0.0,0.0,9.413689856035079e-09,0.0,1.6729367648792394e-07
2021-03-23,0.0,0.0,0.0,0.0,9.50829901196677e-09,0.0,1.2330608537827872e-07
2021-03-24,0.0,0.0,0.0,0.0,2.8811577017169806e-08,0.0,1.4069009741608022e-07
2021-03-25,0.0,0.0,0.0,0.0,2.2634218584561683e-08,0.0,1.5841107926802594e-07
2021-03-26,0.0,0.0,0.0,0.0,3.592552269924532e-08,0.0,1.62356124392692e-07
2021-03-27,0.0,0.0,0.0,0.0,1.6493900093163092e-08,0.0,1.6161119534432466e-07
2021-03-28,0.0,0.0,0.0,0.0,1.9991599853962745e-08,0.0,1.3202864437222643e-07
2021-03-29,0.0,0.0,0.0,0.0,4.7115877136474776e-08,0.0,1.7942383670539458e-07
2021-03-30,0.0,0.0,0.0,0.0,3.399242826715248e-08,0.0,1.787780616993397e-07
2021-03-31,0.0,0.0,0.0,0.0,4.806768099116755e-08,0.0,1.6325941824611665e-07
2021-04-01,0.0,0.0,0.0,0.0,1.0400846651235301e-08,0.0,1.5198142133965238e-07
2021-04-02,0.0,0.0,0.0,0.0,1.4007169197196033e-08,0.0,2.1642232723821716e-07
2021-04-03,0.0,0.0,0.0,0.0,1.061095769100305e-08,0.0,1.575934800329972e-07
2021-04-04,0.0,0.0,0.0,0.0,2.500773237368156e-08,0.0,1.7201420155150303e-07
2021-04-05,0.0,0.0,0.0,0.0,3.247593976598557e-08,0.0,2.1523383224611146e-07
2021-04-06,0.0,0.0,0.0,0.0,1.457881261637738e-08,0.0,1.807276000884602e-07
2021-04-07,0.0,0.0,0.0,0.0,2.208799817859112e-08,0.0,1.6667055634728126e-07
2021-04-08,0.0,0.0,0.0,0.0,3.7183310418067937e-08,0.0,1.8437853979006673e-07
2021-04-09,0.0,0.0,0.0,0.0,3.0045607120409605e-08,0.0,1.6733851659630284e-07
2021-04-10,0.0,0.0,0.0,0.0,2.276067786908624e-08,0.0,1.881032333660026e-07
2021-04-11,0.0,0.0,0.0,0.0,2.6820997565389398e-08,0.0,1.652119150351332e-07
2021-04-12,0.0,2.3798926674039318e-07,0.0,0.0,3.8700790103265184e-08,0.0,1.9190317074336144e-07
2021-04-13,0.0,2.403810986353727e-07,0.0,0.0,2.7362817657064623e-08,0.0,1.9945014357688814e-07
2021-04-14,0.0,0.0,0.0,0.0,1.5793039169378138e-08,0.0,1.9577987194776065e-07
2021-04-15,0.0,0.0,0.0,0.0,2.3927642777695802e-08,0.0,2.034793037456701e-07
2021-04-16,0.0,2.477017929655474e-07,0.0,0.0,1.2084059792770968e-08,0.0,2.055243047464843e-07
2021-04-17,0.0,5.003824747437983e-07,0.0,0.0,2.441101322548678e-08,0.0,1.7542804930905124e-07
2021-04-18,0.0,0.0,0.0,0.0,5.342208730537632e-08,0.0,1.9195705805884494e-07
2021-04-19,0.0,2.552454356297636e-07,0.0,0.0,4.980829680810495e-08,0.0,1.9985198959810079e-07
2021-04-20,0.0,0.0,0.0,0.0,4.1924065427670194e-08,0.0,1.928220040460085e-07
2021-04-21,0.0,0.0,0.0,0.0,3.811086836105929e-08,0.0,2.0693239099193596e-07
2021-04-22,0.0,2.6301881641563047e-07,0.0,0.0,6.415648159301778e-08,0.0,2.5204399823405243e-07
2021-04-23,0.0,0.0,0.0,0.0,4.320084330170665e-08,0.0,2.111127025849136e-07
2021-04-24,0.0,2.683321489594775e-07,0.0,0.0,3.927151709555918e-08,0.0,1.756048168983972e-07
2021-04-25,0.0,5.420578637811482e-07,0.0,0.0,2.6444134936012208e-08,0.0,1.8053699026774313e-07
2021-04-26,0.0,0.0,0.0,0.0,2.6709902910515414e-08,0.0,2.4633437058298465e-07
2021-04-27,0.0,0.0,0.0,0.0,3.597112253009067e-08,0.0,4.974605866519266e-07
2021-04-28,0.0,2.79282991699221e-07,0.0,0.0,1.816631916086158e-08,0.0,4.2981530789464127e-07
2021-04-29,0.0,0.0,0.0,0.0,5.963390453713084e-08,0.0,4.585933347404743e-07
2021-04-30,0.0,5.698497647564532e-07,0.0,0.0,1.8533303151264717e-08,0.0,5.12610516978654e-07
2021-05-01,0.0,0.0,0.0,0.0,5.0517151947746243e-08,6.213916354289752e-08,5.471562210212933e-07
2021-05-02,0.0,5.839679354446065e-07,0.0,0.0,4.0920952816920785e-08,4.707275438923056e-08,6.251346072130367e-07
2021-05-03,0.0,2.9491845538381075e-07,0.0,0.0,4.951684531841663e-08,6.339445791460578e-08,5.39907558745968e-07
2021-05-04,0.0,5.957648702732456e-07,0.0,0.0,8.913480813687574e-09,7.737149589403653e-08,6.562490527867336e-07
2021-05-05,0.0,0.0,0.0,0.0,3.9711555889730024e-08,9.162307379589665e-08,5.228069022999968e-07
2021-05-06,0.0,0.0,0.0,0.0,2.6210946204365338e-08,7.34907449088348e-08,6.977951558490042e-07
2021-05-07,0.0,3.069543058716474e-07,0.0,0.0,2.595014293204029e-08,7.972780874277587e-08,5.905149061197325e-07
2021-05-08,0.0,0.0,0.0,0.0,5.994784762314515e-08,5.8314166116544906e-08,6.541706163266304e-07
2021-05-09,0.0,3.131551941772373e-07,0.0,0.0,3.815444351115985e-08,9.255750936047018e-08,6.26921308826997e-07
2021-05-10,0.0,6.326049124039873e-07,2.0848375765511353e-08,0.0,4.197200050557314e-08,1.0198661213938621e-07,6.479365519587424e-07
2021-05-11,0.0,0.0,1.257188435726988e-07,0.0,2.9088060485863884e-08,1.0587302781595014e-07,5.624499815804602e-07
2021-05-12,0.0,0.0,1.6930978527497714e-07,0.0,5.7597258896230565e-08,9.826649623775798e-08,6.80757132658732e-07
2021-05-13,0.0,0.0,0.0,0.0,2.8512078297310426e-08,8.757713906799109e-08,7.648729729592976e-07
2021-05-14,0.0,0.0,8.636503490858697e-08,0.0,8.06525096517013e-09,7.961157355354003e-08,7.796833580053796e-07
2021-05-15,0.0,0.0,1.3084952690947242e-07,0.0,2.3955001131636013e-08,5.956420975524938e-08,6.544333245597092e-07
2021-05-16,0.0,0.0,2.2027431086299493e-07,5.037297525750066e-09,1.9763870739864472e-08,6.918726601785496e-08,7.394135067959376e-07
2021-05-17,0.0,0.0,4.449762089830361e-08,1.017584641507304e-08,3.913443388048573e-08,7.29209839319282e-08,8.487582462046426e-07
2021-05-18,0.0,0.0,3.1461380596225666e-07,5.139057685883679e-09,3.874503975724271e-08,1.0127404650603076e-07,1.0064913291642467e-06
2021-05-19,0.0,3.4609001344901507e-07,4.5396532468451905e-08,5.1907060742819875e-09,1.9179760085131526e-08,1.8204433208842693e-07,7.255964678894133e-07
2021-05-20,0.0,0.0,6.670115097031307e-08,1.0485747075226655e-08,7.595567313453358e-09,1.206672521529834e-07,1.0277140334012957e-06
2021-05-21,0.0,3.530814954905631e-07,6.737150868227103e-08,1.0591130585335011e-08,2.2559970467745336e-08,8.705712728479166e-08,9.135534491453265e-07
2021-05-22,0.0,3.566300235145712e-07,2.0414581080372096e-07,1.069757321732787e-08,1.4890330007318274e-08,1.524155809971106e-07,8.628972767165081e-07
2021-05-23,0.0,3.6021421483812344e-07,1.3746500687455423e-07,2.7012714038892838e-08,4.422650624464712e-08,1.6578948944100538e-07,9.516646837086309e-07
2021-05-24,0.0,0.0,1.3884655316186981e-07,1.0913678531352226e-08,3.283983386611457e-08,1.79416823047164e-07,1.0836856232610119e-06
2021-05-25,0.0,7.349820493490784e-07,1.1181774364112643e-07,1.1023362824095212e-08,2.5287944935164356e-08,2.6578932174153126e-07,1.0615512782884874e-06
2021-05-26,0.0,0.0,2.258830612953888e-07,4.692500934796056e-08,2.5036325678917588e-08,1.6473715496645404e-07,1.081906378092743e-06
2021-05-27,0.0,0.0,1.1407661190144542e-07,1.5798871177444568e-08,4.603339014133299e-08,1.4174200706197256e-07,1.2743578034597004e-06
2021-05-28,0.0,0.0,3.4566930273435216e-07,5.206449504803854e-08,1.752898086782205e-08,1.3694190583249546e-07,8.929906901078424e-07
2021-05-29,0.0,0.0,1.1638111232756679e-07,7.888162788363623e-08,2.0825477512775478e-08,1.8861572027309514e-07,8.403599472758024e-07
2021-05-30,0.0,0.0,2.351015239038003e-07,5.3116267615825305e-08,3.8857986657189364e-08,1.651098278063351e-07,1.057049809511992e-06
2021-05-31,0.0,3.902154005268283e-07,0.0,5.365009498025174e-08,5.8048029705926156e-08,1.346982074009064e-07,1.1147068058091269e-06
2021-06-01,0.0,0.0,2.8227512858927957e-07,0.0,2.8897245709614057e-08,1.7465417383160018e-07,1.4576911833775238e-06
2021-06-02,0.0,0.0,0.0,3.7430079488930545e-08,3.837813848310376e-08,2.286789522636825e-07,1.2285982244410506e-06
2021-06-03,0.0,1.2501815949389371e-06,1.439887322215039e-07,7.561251608353597e-08,4.7788067332357056e-08,1.7818242218426442e-07,1.2884653032153461e-06
2021-06-04,0.0,8.656104235383155e-07,1.4543584303856757e-07,3.8186217251914926e-08,3.332576828517382e-08,1.3331347059161337e-07,9.513310670663392e-07
2021-06-05,0.0,0.0,2.93794995122264e-07,0.0,3.3203222042297776e-08,1.6158395189475532e-07,9.578827123409095e-07
2021-06-06,0.0,0.0,4.4512152586760264e-07,3.895763001095642e-08,3.781028131348048e-08,1.4960723947529964e-07,1.1223623525061266e-06
2021-06-07,0.0,0.0,5.122086135785571e-07,3.9349160701769743e-08,3.767780420968923e-08,1.991915318018999e-07,1.448081288318004e-06
2021-06-08,0.0,1.7411568467821577e-06,0.0,1.1923387902433293e-07,4.224273178243188e-08,2.2200655445877007e-07,1.0136828712672793e-06
2021-06-09,0.0,0.0,5.225559139460906e-07,8.028813295374729e-08,1.8712070283264002e-08,2.6628233694202264e-07,9.492337388304637e-07
2021-06-10,0.0,0.0,3.5187179212804605e-07,1.2164256315721255e-07,3.730292866058233e-08,1.769463940262189e-07,1.1905094577874452e-06
2021-06-11,0.0,0.0,3.554081624311386e-07,8.191006082765932e-08,3.2537266193765015e-08,1.715757454570785e-07,1.338377939843572e-06
2021-06-12,0.0,0.0,5.38470110769973e-07,8.273327062485168e-08,1.853584203614534e-08,2.2384597589007908e-07,1.285349844116819e-06
2021-06-13,0.0,8.787486295136649e-07,9.064697089217362e-07,4.178237690902556e-08,4.158183179845483e-08,1.385747626331925e-07,1.2739541806974819e-06
2021-06-14,0.0,0.0,7.324639047625096e-07,2.1101148389067475e-07,2.303454290745229e-08,1.5470087921986343e-07,1.433528898656871e-06
2021-06-15,0.0,1.124531913362675e-06,5.54868967041371e-07,8.525287382418171e-08,4.594074324516521e-08,2.0834086520545434e-07,1.6817952338852296e-06
2021-06-16,0.0,0.0,3.7363032857997105e-07,8.610967945052024e-08,3.2071896351624106e-08,1.2776394061038923e-07,1.3849319568791952e-06
2021-06-17,0.0,0.0,6.286916057180938e-07,8.697509611656211e-08,2.284891403428171e-08,2.429138627027865e-07,1.3900678572280035e-06
2021-06-18,0.0,1.1383844328374977e-06,4.233400409333164e-07,1.0799223059336825e-07,3.6466584935984726e-08,2.3002048838438457e-07,1.2645293812533413e-06
2021-06-19,0.0,0.0,0.0,5.45387852773118e-08,3.183123484275109e-08,1.5488815515028637e-07,1.2256625580965453e-06
2021-06-20,0.0,0.0,2.4043558853791064e-07,3.3052145509149815e-07,8.761398963389029e-09,1.6249471678503104e-07,1.6631859331436599e-06
2021-06-21,0.0,2.3065231502902576e-06,2.4285200637569697e-07,2.78202709116725e-07,2.3008576465841577e-08,2.0103338700015082e-07,1.7725560397704619e-06
2021-06-22,0.0,1.1584506041462787e-06,7.358781288494945e-07,3.371984313919396e-07,1.608910373332533e-08,2.7044626866835416e-07,1.5757184678203306e-06
2021-06-23,0.0,0.0,8.685009110044674e-07,5.6764555327991327e-08,1.625080191407976e-08,3.0118888251031557e-07,1.8824314729159645e-06
2021-06-24,0.0,1.1691767307178823e-06,2.924098300909381e-07,1.1467009718699229e-07,1.4590333500949316e-08,1.5438639512864132e-07,1.4450492949185261e-06
2021-06-25,0.0,2.349429801819863e-06,2.9534859774040526e-07,2.316451016465587e-07,2.0263332086865436e-08,1.311825330645729e-07,1.7522259202400476e-06
2021-06-26,0.0,0.0,8.949507014873133e-07,1.1698658681116786e-07,1.6745712512743977e-08,1.4657913082447649e-07,1.5558337934206792e-06
2021-06-27,0.0,0.0,0.0,1.1816232155522664e-07,5.638003240480167e-09,1.619842155866547e-07,1.3374659535993749e-06
2021-06-28,0.0,0.0,9.13029904915242e-07,5.967493631495492e-08,1.708399834520422e-08,1.4654981988348795e-07,1.3970294296770534e-06
2021-06-29,0.0,2.396096042270803e-06,9.514686429415434e-07,1.8082403818697192e-07,2.6842192818060934e-08,1.619842155866547e-07,1.7852920248489576e-06
2021-06-30,0.0,1.2041793276912552e-06,3.294233000429078e-07,2.4352179997811327e-07,2.7111961340787903e-08,1.8515258630460186e-07,1.5186751710191353e-06
2021-07-01,0.0,1.2159853957717198e-06,6.647900153221023e-07,2.4624557875425195e-07,1.7631982759721843e-08,2.0047819200851584e-07,1.67617500108818e-06
2021-07-02,0.0,2.4447748166075424e-06,1.003207443336508e-06,2.487203879644698e-07,1.3851589991930614e-08,2.1597513799594157e-07,1.631803315153751e-06
2021-07-03,0.0,1.2289116605953127e-06,3.3644339509006834e-07,1.2561003471037592e-07,1.1992114959197921e-08,1.9292168061774673e-07,1.6102177152175725e-06
2021-07-04,0.0,1.2355588050770102e-06,6.770359073756937e-07,2.537448730933267e-07,1.0093864765192009e-08,1.930277089250903e-07,1.2994325011609069e-06
2021-07-05,0.0,0.0,1.0218790930892802e-06,1.917275295881242e-07,8.156247834085747e-09,1.467963105247793e-07,1.4699187508347763e-06
2021-07-06,0.0,0.0,0.0,6.438852575632852e-08,1.235732923139729e-08,1.778338719187938e-07,1.7617018672471567e-06
2021-07-07,0.0,1.256244300709591e-06,1.034836766170827e-06,2.5949725555806094e-07,1.664202993984921e-08,2.4763092928268e-07,1.32941540546344e-06
2021-07-08,0.0,0.0,1.0414705030047408e-06,1.9609976852445908e-07,2.311276704187608e-08,2.1452109032153567e-07,1.912739565050989e-06
2021-07-09,0.0,0.0,1.3948774162175757e-06,1.9759620552064187e-07,1.2733665934049667e-08,1.4411945808435735e-07,1.6250862379082275e-06
2021-07-10,0.0,0.0,3.5031674599988007e-07,0.0,1.0718034503567368e-08,1.4268544551643822e-07,1.551428190829753e-06
2021-07-11,0.0,1.2855871997180824e-06,1.0558475097356932e-06,2.006485104895975e-07,4.5093249179399655e-08,2.0818103395449037e-07,1.7202970995895062e-06
2021-07-12,0.0,3.879727374646855e-06,1.060850367102596e-06,2.3245315976383818e-07,4.554644386802064e-08,3.8834842758600526e-07,1.5985484275207438e-06
2021-07-13,0.0,0.0,7.106395402601693e-07,7.811118528168487e-08,4.600419323898393e-08,5.833541925294102e-07,1.5981072946965446e-06
2021-07-14,0.0,0.0,2.489839798389805e-06,1.5749159031808945e-07,4.646654306760807e-08,2.418315898223278e-07,1.7430828806548103e-06
2021-07-15,0.0,0.0,7.121971976924944e-07,2.3717732102387646e-07,5.73632150535415e-08,4.693935439555077e-07,1.7913655809903784e-06
2021-07-16,0.0,0.0,3.565414080791567e-07,1.5876064966691298e-07,4.2137981781319754e-08,3.4137908047165484e-07,1.5251180051296748e-06
2021-07-17,0.0,0.0,3.5701987174999295e-07,1.5876061616800923e-07,3.192110665410873e-08,3.6986644094736645e-07,1.6436569035903408e-06
2021-07-18,0.0,0.0,1.430136150822087e-06,7.938822943151162e-08,4.298922547932543e-08,2.9879973711761227e-07,1.429838946233114e-06
2021-07-19,0.0,1.3504948859929327e-06,7.161679147255342e-07,1.588081793362377e-07,1.6143647071652815e-08,3.415898002642488e-07,1.778190798390061e-06
2021-07-20,0.0,1.3592072782962152e-06,1.0739587315487907e-06,1.5885578075972638e-07,4.850384690015652e-08,3.7020570810652384e-07,1.5607318932899683e-06
2021-07-21,0.0,1.129856241390591e-06,1.0737729877774038e-06,3.1783853578734256e-07,7.017342657067111e-08,3.7039282013942785e-07,1.693361077589153e-06
2021-07-22,0.0,1.1412114853976564e-06,7.157964147997388e-07,2.3751045260950795e-07,3.784994680565666e-08,4.276349674188549e-07,1.7453157702370105e-06
2021-07-23,0.0,1.1447472936402986e-06,7.158157513191874e-07,2.366657546216959e-07,3.250113206329222e-08,3.280845486165415e-07,1.529079808910957e-06
2021-07-24,0.0,0.0,3.579533350051416e-07,1.5722981560437874e-07,7.05525225582004e-08,4.711086183055435e-07,1.9030551660759418e-06
2021-07-25,0.0,0.0,7.160691799649709e-07,2.35047276860319e-07,3.806545128452991e-08,4.1437866534949205e-07,1.4998987695255756e-06
2021-07-26,0.0,0.0,1.0744549461515718e-06,1.5618222349175284e-07,3.269561940589594e-08,3.8618772723752774e-07,1.980750431422694e-06
2021-07-27,0.0,0.0,1.0728632431520165e-06,1.556818807624611e-07,6.007279433562864e-08,4.295702746774796e-07,1.8459270234511902e-06
2021-07-28,0.0,1.1244672849876454e-06,0.0,1.55197106350981e-07,4.926242216449836e-08,4.300860320320391e-07,2.166013602387333e-06
2021-07-29,0.0,0.0,1.8890597739653333e-06,1.5472785177946727e-07,4.3892713350647333e-08,3.0145135884374566e-07,1.5237197762307333e-06
2021-07-30,0.0,2.2342903498503397e-06,7.719495777949394e-07,2.3141110518310784e-07,4.9501120845859654e-08,3.8812196655277534e-07,1.523360131436293e-06
2021-07-31,0.0,1.1136518733189617e-06,7.996840832849799e-07,1.5383571600025083e-07,3.3085259550384474e-08,2.591349514081699e-07,1.7913684802827662e-06
2021-08-01,0.0,0.0,0.0,0.0,5.5361831962621166e-08,2.7385412140404573e-07,1.8679320255042855e-06
2021-08-02,0.0,1.1176751216319765e-06,1.2026171688849347e-06,2.2985243109185486e-07,3.885975137533389e-08,3.24882198103338e-07,2.0971336143159987e-06
2021-08-03,0.0,1.114484437301634e-06,1.203127759719779e-06,1.5284203634247584e-07,2.7835790274538384e-08,3.5665582264301697e-07,2.1221236013688464e-06
2021-08-04,0.0,1.103395131866518e-06,0.0,1.5246440295471814e-07,7.816871687297444e-08,4.818801083251936e-07,2.118198946795884e-06
2021-08-05,0.0,0.0,8.030066305441341e-07,1.5210201613431004e-07,2.8001799255024826e-08,3.89595470354509e-07,1.3937130533192303e-06
2021-08-06,0.0,1.0815464443886931e-06,8.861253202577023e-07,1.5175483964226741e-07,7.303139955827275e-08,4.2186626279555446e-07,1.9969050505016152e-06
2021-08-07,0.0,0.0,2.215650815472451e-06,7.538175223814611e-08,2.817900932857557e-08,3.1334192932301875e-07,1.7066587026022415e-06
2021-08-08,0.0,0.0,2.213927141463811e-06,1.4978724578640125e-07,5.088930615263103e-08,3.927770813792273e-07,1.653128483666265e-06
2021-08-09,0.0,0.0,4.421425590381375e-07,2.9765193189182425e-07,3.971448793421604e-08,2.909649606772393e-07,2.0966188462133057e-06
2021-08-10,0.0,0.0,0.0,0.0,5.1238769012067416e-08,4.3883390438358575e-07,1.8387070000245452e-06
2021-08-11,0.0,1.0287988018666502e-06,1.3229682136079938e-06,2.2042193967942459e-07,3.9994249133133526e-08,3.610343875970021e-07,1.910885219086807e-06
2021-08-12,0.0,0.0,8.782187010264248e-07,1.460310456649622e-07,6.307733429836829e-08,3.227190730357676e-07,1.6055849619981001e-06
2021-08-13,0.0,0.0,4.372732077914039e-07,7.25643673849504e-08,3.453429305568689e-08,4.462575735832399e-07,1.7489361833032966e-06
2021-08-14,0.0,0.0,1.3064423782643104e-06,7.212046843462868e-08,4.044392433813333e-08,3.2641530754293817e-07,1.301265096057197e-06
2021-08-15,0.0,0.0,1.7349277046412546e-06,7.168378159125103e-08,5.2202422976703185e-08,4.103903678533147e-07,1.4685830864269917e-06
2021-08-16,0.0,0.0,8.640528662398356e-07,7.125426318576919e-08,2.9117074970733608e-08,3.1648202450349695e-07,1.6364489375289988e-06
2021-08-17,0.0,0.0,2.582184858497142e-06,7.083187026598466e-08,3.508285869007221e-08,4.429399403394396e-07,1.7053317778962796e-06
2021-08-18,0.0,9.592456447871088e-07,1.6313641919298683e-06,1.40833121184507e-07,6.45860155056763e-08,4.456013583415135e-07,1.6515789367780216e-06
2021-08-19,0.0,0.0,7.704459395073152e-07,1.4001658526652445e-07,4.717084756479467e-08,3.6424971119124025e-07,2.0105328451065894e-06
2021-08-20,0.0,0.0,7.668229768120654e-07,0.0,3.553107345987234e-08,3.946758781588671e-07,1.6479219823384e-06
2021-08-21,0.0,0.0,7.632766970535182e-07,6.921271925104943e-08,4.163549178028799e-08,3.829393650439625e-07,1.5564042691851681e-06
2021-08-22,0.0,9.216330850643147e-07,1.5196134912014843e-06,2.0647600280948015e-07,4.1822228107932646e-08,4.85238824107429e-07,1.3406541407249484e-06
2021-08-23,0.0,0.0,7.564127754557009e-07,6.844483187938562e-08,6.001878099034295e-08,4.164964914329345e-07,1.7920326852616703e-06
2021-08-24,0.0,0.0,3.765472236092755e-07,1.2624432995820026e-07,6.632727613007238e-08,4.047008573118468e-07,1.502529534924028e-06
2021-08-25,0.0,8.943947109711966e-07,7.498514290537039e-07,1.2560911553167736e-07,6.058229632150313e-08,3.636675371376681e-07,1.7245134315565876e-06
2021-08-26,0.0,0.0,0.0,1.2498646212138222e-07,4.8698501734810056e-08,4.099551569801132e-07,1.7767739646092084e-06
2021-08-27,0.0,8.766845091065459e-07,1.1153850498322211e-06,1.2437630746145498e-07,4.281903176527664e-08,2.4412625460596924e-07,1.8026599296464798e-06
2021-08-28,0.0,0.0,3.497240862330912e-07,1.2377859053592112e-07,4.917846451594704e-08,2.8356672889255004e-07,1.431164499709064e-06
2021-08-29,0.0,0.0,1.0453686084560762e-06,1.2319325157259003e-07,6.178226327019319e-08,4.1094558793979263e-07,1.6562161744179946e-06
2021-08-30,0.0,0.0,1.041669495944868e-06,1.2262023203707761e-07,2.4467007791720844e-08,3.396073579863457e-07,1.607839437936918e-06
2021-08-31,0.0,0.0,6.920497008342098e-07,2.4280028068518617e-07,4.239122474393243e-08,2.256456150230642e-07,1.6338175874593046e-06
2021-09-01,0.0,8.404441990511267e-07,1.0376983161335437e-06,1.8008918398420755e-07,2.9945115669586296e-08,4.346811665083379e-07,1.7031461572579528e-06
2021-09-02,0.0,0.0,1.2140805775712404e-06,2.9716211110598e-07,5.929431358054705e-08,3.6971181277899503e-07,1.729487359487597e-06
2021-09-03,0.0,0.0,3.2387236036485376e-07,9.79079447890247e-08,5.283389277242248e-08,2.0789681935612204e-07,2.201247469264546e-06
2021-09-04,0.0,8.156053191659192e-07,1.2937054460524289e-06,1.4540061669164497e-07,2.9060103753143474e-08,3.3980646492909335e-07,1.5104665254194602e-06
2021-09-05,0.0,8.074899106451556e-07,1.2920508222681393e-06,1.1429259434791025e-07,3.4525141067439925e-08,2.2883370648533502e-07,1.3587357596655079e-06
2021-09-06,0.0,1.846182583884995e-06,6.452627023213947e-07,0.0,3.987854520298304e-08,3.3468449838124306e-07,1.2817634549010113e-06
2021-09-07,0.0,0.0,6.445645203166726e-07,2.2405889869721755e-07,2.971851813369263e-08,2.2540368081228453e-07,1.5503955554914988e-06
2021-09-08,0.0,9.097586310119211e-07,9.04026189831375e-07,1.8485789617100163e-07,2.9422813937534022e-08,3.650210254626144e-07,1.2791143614723296e-06
2021-09-09,0.0,0.0,1.8075756190984911e-06,3.660370587426422e-08,1.0838439689670044e-07,3.5062708360576013e-07,1.5913903747723049e-06
2021-09-10,0.0,0.0,3.012132696004099e-07,1.054096222821025e-07,1.0855814701466787e-07,2.9003589711547766e-07,1.6344361616993195e-06
2021-09-11,0.0,0.0,9.035821727871299e-07,1.3045097376994772e-07,9.885704821618381e-08,2.1881278691041548e-07,1.4986133179929196e-06
2021-09-12,0.0,0.0,3.0120496524776554e-07,1.291529648933538e-07,8.913128189470328e-08,2.9724865843824695e-07,1.296150719805142e-06
2021-09-13,0.0,0.0,6.024919872947016e-07,1.0229429713670168e-07,6.945565946457206e-08,2.9509901779684563e-07,1.5630806949239255e-06
2021-09-14,0.0,3.9913465252387197e-07,1.5065857344866999e-06,2.531911296841987e-08,7.95359247890554e-08,3.1551572478799767e-07,1.695883396255672e-06
2021-09-15,0.0,9.605318685136532e-07,1.4039754886984092e-06,2.50671835850605e-08,7.970190670593036e-08,2.4613604648965197e-07,1.650275306743694e-06
2021-09-16,0.0,0.0,1.1217793682586232e-06,2.4817760940949023e-08,4.9922411799933995e-08,1.7773926869501104e-07,1.4711406747745508e-06
2021-09-17,0.0,0.0,1.6807357866452463e-06,4.914164018722635e-08,7.005057386802114e-08,2.3164086442133723e-07,1.5596862266028788e-06
2021-09-18,0.0,0.0,1.677322063263777e-06,7.297900904628733e-08,4.01238721896555e-08,2.7383583685708247e-07,1.2696568475016628e-06
2021-09-19,0.0,0.0,1.114219012748645e-06,9.63371410312744e-08,8.044571489362342e-08,2.719361236911227e-07,1.1518395392749504e-06
2021-09-20,0.0,4.786225006039817e-07,5.55167369742283e-07,4.7689285230941686e-08,1.411405275813112e-07,3.780890461098047e-07,1.3231775371993725e-06
2021-09-21,0.0,4.784375093318635e-07,5.532807503098588e-07,7.082215337176571e-08,6.064935782963873e-08,3.1015665485881195e-07,1.4159246584718178e-06
2021-09-22,0.0,4.783003622093778e-07,5.514494594135344e-07,1.168624352857912e-07,8.10879774810054e-08,3.3883646298390607e-07,1.2955054903713307e-06
2021-09-23,0.0,0.0,5.496733139226941e-07,4.62798538504882e-08,6.098869004086061e-08,2.935318608647008e-07,1.368703287452455e-06
2021-09-24,0.0,0.0,5.479521362213085e-07,4.581936161061163e-08,8.15566611877271e-08,1.8682146646018773e-07,1.4800206272828815e-06
2021-09-25,0.0,0.0,7.534372966197953e-07,0.0,4.090161236086147e-08,3.1854663422779026e-07,1.5141539143540896e-06
2021-09-26,0.0,0.0,4.983423601695465e-07,1.2568951386348885e-08,1.025724608079507e-07,2.1364251249774828e-07,1.2615160832276442e-06
2021-09-27,0.0,2.454599008350979e-07,2.3347262237297623e-06,0.0,4.116045921812233e-08,2.9209453740115984e-07,1.44880063551316e-06
2021-09-28,0.0,4.958536277019079e-07,6.641184394532221e-07,2.464013894751256e-08,8.259210038657338e-08,2.6924413797284753e-07,1.5211487037689773e-06
2021-09-29,0.0,0.0,1.3182626553589534e-06,2.439496546854121e-08,1.243073124236516e-07,3.159290240449846e-07,1.3087542424546194e-06
2021-09-30,0.0,2.529352677193073e-07,8.722801727837026e-07,1.2076115753222958e-08,1.0394908758522941e-07,1.9549092358267118e-07,1.1921139431691672e-06
2021-10-01,0.0,2.5784420505587097e-07,8.796661654002621e-07,1.196811682021329e-08,1.1486138846532867e-07,2.421471074758152e-07,1.0530384587410463e-06
2021-10-02,0.0,0.0,3.4948352833399225e-07,4.7396128272571157e-08,8.384023796259574e-08,2.109691790793601e-07,6.567117581230638e-07
2021-10-03,0.0,5.261060070322662e-07,6.942710783039004e-07,1.1731132229153329e-08,1.0519163096417885e-07,2.753286372517204e-07,7.864081815072567e-07
2021-10-04,0.0,7.809564180662698e-07,5.172333957196561e-07,0.0,9.503413535328249e-08,2.2559095575513167e-07,9.156477105303851e-07
2021-10-05,0.0,3.9440258027664464e-07,1.1989021484579721e-06,5.749420123701106e-08,1.484082542934984e-07,2.6057066961413134e-07,8.949528380432395e-07
2021-10-06,0.0,7.967327842137038e-07,9.035659104989229e-07,3.415327462574641e-08,1.0642890879991639e-07,2.3955095183628156e-07,8.317679458553156e-07
2021-10-07,0.0,0.0,3.668890187056782e-07,5.635573977534986e-08,6.411753879328583e-08,1.8243644618458887e-07,9.013955091074031e-07
2021-10-08,0.0,4.0641392704903437e-07,3.447068788702815e-07,3.34769944772379e-08,6.438414411393262e-08,1.8062117321484123e-07,5.931984730292859e-07
2021-10-09,0.0,0.0,6.869528399184815e-07,2.209592854440747e-08,6.465718790264444e-08,2.5929474564375324e-07,4.1228213027134566e-07
2021-10-10,0.0,4.1462403298096104e-07,1.711401544882136e-07,2.187607038192411e-08,5.411391455335642e-08,1.1507901233159308e-07,6.078078430309616e-07
2021-10-11,0.0,8.375821475790625e-07,3.411184263097459e-07,1.0829199922354531e-08,8.69636009990286e-08,1.4899055918903902e-07,8.736641300185035e-07
2021-10-12,0.0,8.459999881089484e-07,6.799813115399238e-07,5.3607237913818045e-08,8.735363514525674e-08,2.2560059042575857e-07,9.053321031711497e-07
2021-10-13,0.0,4.272512146713238e-07,5.083453268686221e-07,1.0614767396865531e-08,1.425976576826658e-07,1.9758400084726684e-07,7.229420319675753e-07
2021-10-14,0.0,0.0,3.378370033590738e-07,1.0509148696552807e-08,3.305998110897449e-08,1.6159748420070906e-07,8.809478090108419e-07
2021-10-15,0.0,1.7435290469429745e-06,1.0104327183628014e-06,4.161832367946957e-08,8.857631058849888e-08,1.599895623671958e-07,9.8812846541723e-07
2021-10-16,0.0,0.0,6.716369805081653e-07,4.1204214439777916e-08,4.450076462896923e-08,1.6673435749815195e-07,4.986482117367756e-07
2021-10-17,0.0,0.0,5.022894847741599e-07,0.0,1.3415347223170802e-07,1.1555272604492377e-07,5.431035432233378e-07
2021-10-18,0.0,4.491568528755106e-07,6.678686180456655e-07,1.0097079082129342e-08,8.987871069035099e-08,1.9611935521721136e-07,6.504009760419759e-07
2021-10-19,0.0,9.073419085878171e-07,8.326058880968518e-07,4.9983057333071784e-08,3.3996676497588267e-08,2.427099187847426e-07,9.610446063895928e-07
2021-10-20,0.0,0.0,3.321837059677088e-07,0.0,6.867669755339086e-08,7.083033310507352e-08,8.136854066603839e-07
2021-10-21,0.0,2.3141785775093128e-06,6.627165506881888e-07,0.0,6.936690983859133e-08,3.707128327358975e-08,9.169973368715057e-07
2021-10-22,0.0,9.349745835503536e-07,8.264149520603678e-07,0.0,4.379003679536349e-08,2.0798036777068648e-08,7.256054321953816e-07
2021-10-23,0.0,9.443712343344851e-07,3.2842725422786195e-07,0.0,1.0615232155626902e-07,1.6957370585190737e-08,5.827696344771574e-07
2021-10-24,0.0,9.538623230290286e-07,1.631606853153449e-07,0.0,6.254451590583107e-08,2.878052902061335e-08,6.246434538404019e-07
2021-10-25,0.0,2.408621996876908e-06,1.7833646569338388e-06,0.0,8.122255552399255e-08,3.086867113641064e-08,5.869066719481772e-07
2021-10-26,0.0,9.649841710890034e-07,3.222072933364943e-07,0.0,7.29234273582327e-08,3.0561522726661094e-08,7.325398402819848e-07
2021-10-27,0.0,1.9332320852970174e-06,1.1206954087990962e-06,0.0,6.444927998909149e-08,6.148516119082425e-08,5.432118822683757e-07
2021-10-28,0.0,0.0,7.955552581394702e-07,0.0,5.5797433732659586e-08,4.389384854952234e-08,5.156236797793237e-07
2021-10-29,0.0,4.850849729258496e-07,7.906933518969362e-07,0.0,7.365631998753313e-08,3.832284303228324e-08,5.616145358802361e-07
2021-10-30,8.260432941970455e-07,0.0,3.14364206259402e-07,0.0,6.608689739613558e-08,4.1953129130662386e-08,6.071244965009887e-07
2021-10-31,5.562301115483217e-07,4.870559649845012e-07,6.249650168852533e-07,0.0,1.0942868685953254e-07,1.0525928938949748e-07,5.313960286615632e-07
2021-11-01,2.8218486695536033e-07,9.741366406977873e-07,6.229513712228071e-07,0.0,1.4149986352733002e-07,9.161440649295152e-08,4.785275678112657e-07
2021-11-02,5.70041744033771e-07,0.0,3.0965135861272026e-07,0.0,1.0815093943578942e-07,1.0256983283008908e-07,4.998231846449622e-07
2021-11-03,0.0,1.957308097490579e-06,1.3853609865357386e-06,0.0,5.373332259423579e-08,6.035857220844131e-08,6.866680842318732e-07
2021-11-04,2.9077867556722104e-07,4.8781972266729e-07,1.3774293965673605e-06,0.0,1.1747240746475128e-07,8.198287350874566e-08,5.653844018927444e-07
2021-11-05,0.0,9.727224066814401e-07,2.628328102120565e-07,0.0,1.1674325256082428e-07,8.58911454045787e-08,5.977075766873589e-07
2021-11-06,5.933055889297683e-07,4.849513205397864e-07,7.846335536614571e-07,0.0,1.6876475938827595e-07,8.265005315339198e-08,6.180776838005916e-07
2021-11-07,0.0,1.4507697998251026e-06,9.746804881342781e-07,0.0,1.1531989427195158e-07,1.0464716031939186e-07,4.990191266905295e-07
2021-11-08,9.079367353072696e-07,1.4468307162198075e-06,3.223683158502609e-07,0.0,1.2504605296362642e-07,1.799691921976322e-07,5.296819620093958e-07
2021-11-09,1.5284360853316032e-06,3.848096845044881e-06,4.2828229489706314e-07,0.0,9.322581720960552e-08,1.3744606200757002e-07,4.11169568754299e-07
2021-11-10,6.17518849346663e-07,1.4393862223980768e-06,6.401744958702567e-07,0.0,9.267641735590065e-08,1.0555147641327806e-07,7.426383346554302e-07
2021-11-11,3.1186250848011006e-07,9.572533784840372e-07,5.316579728149887e-07,0.0,1.2284838029488268e-07,1.332653579840152e-07,6.047690549965851e-07
2021-11-12,3.14996778797623e-07,9.550116681715853e-07,3.179342191870568e-07,0.0,7.124861861578683e-08,1.561414486340118e-07,6.037620512363734e-07
2021-11-13,0.0,0.0,7.394460462012987e-07,0.0,7.08428069807944e-08,1.196425971791051e-07,4.472501534271518e-07
2021-11-14,0.0,9.508145388120464e-07,6.377214395922495e-08,0.0,8.05075196406125e-08,1.318309366594243e-07,4.077584084749026e-07
2021-11-15,3.245898588927636e-07,1.4232880500727894e-06,1.277271023021293e-07,0.0,1.0007485265278515e-07,1.1096321633309489e-07,3.2963708931783377e-07
2021-11-16,9.835561236253873e-07,4.7349887397286444e-07,4.477294132586747e-07,0.0,6.966771932642617e-08,1.40098018996799e-07,3.8731412050038705e-07
2021-11-17,3.3114700900149305e-07,1.4178472446103402e-06,5.765898108527126e-07,0.0,8.908715394757542e-08,1.4150602749587775e-07,4.352159614068732e-07
2021-11-18,1.0034252753141415e-06,1.4153396532080918e-06,1.283522618679667e-07,0.0,7.876483083881404e-08,9.147403949800206e-08,4.7339124225048886e-07
2021-11-19,3.3783662232917536e-07,9.419823979670784e-07,2.571725799814005e-07,0.0,8.81425765570678e-08,1.2704088220837855e-07,4.536248157286304e-07
2021-11-20,0.0,9.404992261535469e-07,2.576663536991768e-07,0.0,2.9227844250525974e-08,1.166524220919026e-07,3.8572412220152736e-07
2021-11-21,0.0,0.0,1.2909294713352288e-07,0.0,4.84629207624628e-08,8.836859881852435e-08,3.757875655717719e-07
2021-11-22,0.0,9.378148957323177e-07,1.9404844022962277e-07,0.0,6.750465974911557e-08,8.925671800164433e-08,5.488540100206627e-07
2021-11-23,1.0548719893109115e-06,9.284834816072745e-07,3.157953132692576e-07,0.0,8.635883265387284e-08,1.2621526810332345e-07,6.351457031510754e-07
2021-11-24,1.4206315054078597e-06,9.192449166041309e-07,4.754403581954556e-07,0.0,4.7741442150698324e-08,1.1534244286144588e-07,3.3419775233635526e-07
2021-11-25,3.5872727235056045e-07,0.0,3.9596703149217844e-07,0.0,6.651474092654273e-08,1.4102831761759416e-07,3.019459763436062e-07
2021-11-26,3.6233254137533146e-07,0.0,4.7216156298761073e-07,0.0,7.565498785329096e-08,1.424456757732501e-07,2.998133519868762e-07
2021-11-27,3.659740439561848e-07,1.3381156853334745e-06,2.3460495236718768e-07,0.0,4.70629340595135e-08,1.0634407549818281e-07,2.9044947240506354e-07
2021-11-28,3.6965214424641313e-07,8.83200807867707e-07,1.5543505595420768e-07,0.0,7.495393126935255e-08,1.0109444821209499e-07,2.956378377625188e-07
2021-11-29,1.1201016301773317e-06,0.0,3.0896470793083056e-07,0.0,1.0259516231122437e-07,1.7231140851959527e-07,4.296505322048624e-07
2021-11-30,0.0,4.3285613006769044e-07,3.8386275085188784e-07,0.0,1.0213892872881632e-07,1.6115108052381996e-07,3.98256405523141e-07
2021-12-01,1.1904685299336397e-06,1.6952168110308447e-06,2.292867118410124e-07,0.0,7.393308176393791e-08,1.496322998556912e-07,3.869089261813388e-07
2021-12-02,4.008109791893056e-07,1.2587618414474118e-06,5.318242219769256e-07,0.0,1.1042431294815063e-07,1.4456499340649752e-07,3.4935988855491666e-07
2021-12-03,8.096783929986543e-07,0.0,2.265854139386606e-07,0.0,3.665334859123659e-08,1.1283201034821937e-07,1.682284796349896e-07
2021-12-04,4.089078980663657e-07,4.1127889566530714e-07,3.003584267279966e-07,0.0,1.0950677469547999e-07,1.0726210908674029e-07,1.8462355320515407e-07
2021-12-05,4.1301749076396864e-07,4.0718660227797873e-07,1.4931650214870895e-07,0.0,8.179834078948175e-08,1.760526807079012e-07,2.1797505112779834e-07
2021-12-06,0.0,4.031350278902015e-07,1.4846872270806534e-07,0.0,6.336927369079844e-08,2.0517927642072845e-07,2.169997786990336e-07
2021-12-07,0.0,1.995618836705801e-06,4.4290737079025064e-07,0.0,8.115936767565605e-08,1.6579308994477233e-07,2.7958920831984675e-07
2021-12-08,4.255957459598363e-07,7.903048390029146e-07,2.9363524304165e-07,0.0,8.983563432901635e-08,1.2559450365008834e-07,2.6572935400890954e-07
2021-12-09,1.2896191629511311e-06,7.824411744659987e-07,3.650353366568341e-07,0.0,4.4751588550577746e-08,1.268567493966249e-07,2.394042281631814e-07
2021-12-10,4.3419335033791175e-07,0.0,1.452252493397874e-07,0.0,1.0701560431870917e-07,1.210132542058257e-07,1.8821889510349873e-07
2021-12-11,0.0,0.0,2.8890177332559314e-07,0.0,6.220555702995876e-08,1.4379936191763898e-07,1.916189025460108e-07
2021-12-12,1.3288939135363325e-06,7.593165430249773e-07,3.062894531432597e-07,0.0,8.855937925934996e-08,2.251290827738374e-07,2.2819670969299383e-07
2021-12-13,0.0,0.0,3.0529442450644546e-07,0.0,9.708878636496152e-08,1.3203387155103094e-07,2.190409843331465e-07
2021-12-14,4.519131171143887e-07,3.721405340464773e-07,4.057732340886596e-07,0.0,5.2784707911372096e-08,1.4817870446765378e-07,2.3055646459991715e-07
2021-12-15,0.0,4.954810162767326e-07,4.5509378980906466e-07,0.0,4.384764541840764e-08,2.3946868032939077e-07,2.2969645442227054e-07
2021-12-16,4.610423676557677e-07,4.90550897790648e-07,3.024921340177428e-07,0.0,7.868235428115638e-08,2.2574746301673438e-07,2.3294618933293548e-07
2021-12-17,1.3970277614507655e-06,4.856698348031361e-07,3.518884338996311e-07,0.0,6.101418953013686e-08,2.1188123894848405e-07,1.9953960238871346e-07
2021-12-18,9.220847353115354e-07,7.212560088057462e-07,3.007753433558802e-07,0.0,1.8613716702335886e-08,1.3622584932472085e-07,1.785566438701382e-07
2021-12-19,4.564549194489155e-07,2.380264638695725e-07,4.9993684478081287e-08,0.0,2.457134283546901e-08,1.1354662787703504e-07,2.0626338589045757e-07
2021-12-20,0.0,0.0,3.989051557890019e-07,0.0,2.1285997153093663e-08,1.060108647803765e-07,1.934908382340994e-07
2021-12-21,0.0,2.333132240968533e-07,1.4921277247550788e-07,0.0,4.2148395885211295e-08,1.8180939094344176e-07,2.1697962769046822e-07
2021-12-22,8.859292756908883e-07,2.30991718728572e-07,1.4885103293173198e-07,0.0,1.7883862430977526e-08,2.5011807139744174e-07,1.8826438414860279e-07
2021-12-23,0.0,6.860799381739718e-07,1.4850417861529223e-07,0.0,1.1803943351054862e-08,9.859248937642128e-08,1.5574687836366963e-07
2021-12-24,0.0,1.4595299909214335e-07,1.4817217484046787e-07,0.0,1.1686492152296464e-08,1.6696896044119514e-07,2.1103505883434043e-07
2021-12-25,0.0,1.4450074248636896e-07,1.9713998454213973e-07,0.0,2.0247866821861127e-08,1.6710578974209355e-07,2.144056827707682e-07
2021-12-26,4.255957459598363e-07,1.4306293607526094e-07,1.4755258759479528e-07,0.0,1.14550841032908e-08,2.2047820741251921e-07,1.7422040687433793e-07
2021-12-27,8.42721995063778e-07,4.249183082309399e-07,2.454415702745103e-07,0.0,1.7011656168068694e-08,1.7504003202783186e-07,3.3171849944374914e-07
2021-12-28,4.171683855548304e-07,4.206903004210197e-07,2.449867055859245e-07,0.0,5.614129120331472e-09,2.185066210282398e-07,2.4631338391935556e-07
2021-12-29,1.2390524722919059e-06,0.0,1.4673380386323213e-07,0.0,2.2233070408922153e-08,1.5665452828496992e-07,2.3225002361862181e-07
2021-12-30,0.0,0.0,1.9532034383676599e-07,0.0,1.6508885746565194e-08,1.772523310681015e-07,2.5676532528690687e-07
2021-12-31,4.0483919649932715e-07,1.360856743502529e-07,4.8753787013260065e-08,0.0,2.7241032647951468e-08,1.6086458749682417e-07,1.9350349027247037e-07
2022-01-01,7.68583675915658e-07,0.0,1.9399663300051897e-07,0.0,1.8665423956719834e-08,1.6553389264178978e-07,1.6895946566085007e-07
2022-01-02,3.804680702813108e-07,2.6138252048870965e-07,4.843285346630996e-08,0.0,2.1119657011666525e-08,1.4963577655160817e-07,2.044512444185113e-07
2022-01-03,7.533646994577572e-07,1.2939086047739274e-07,0.0,0.0,2.0909512913239894e-08,2.1869300698253657e-07,1.619335364370861e-07
2022-01-04,7.458685954506444e-07,2.56206799808609e-07,1.4494430318878738e-07,0.0,3.622755462117617e-08,1.5365720821011774e-07,2.6963291002882827e-07
2022-01-05,3.69223539462318e-07,1.2682874977795987e-07,9.652594993605866e-08,0.0,1.537160761278616e-08,1.7978798315965903e-07,2.2726825835247013e-07
2022-01-06,1.4621988154437891e-06,1.2556678263228397e-07,2.8929605126507377e-07,0.0,7.609328780748191e-09,1.5746070943301263e-07,2.3214997763319352e-07
2022-01-07,0.0,0.0,1.4452159128408942e-07,0.0,2.260084408296752e-08,1.4233795361390367e-07,1.8387203740849304e-07
2022-01-08,3.583113347521778e-07,0.0,4.8136536405068474e-08,0.0,1.4917307951288574e-08,1.6105333407044815e-07,1.6803921236990708e-07
2022-01-09,3.5474607740183617e-07,0.0,9.620804548505646e-08,0.0,2.215331738573759e-08,1.5280704217864655e-07,1.9409505998186227e-07
2022-01-10,0.0,1.2064323866143383e-07,4.8076319522349064e-08,0.0,7.310962731580685e-09,1.9075265280154187e-07,2.0245827018085847e-07
2022-01-11,3.477216344300554e-07,1.1944281837971375e-07,2.8832054384511515e-07,0.0,2.4127391456492744e-08,1.758301748007325e-07,2.208278896218763e-07
2022-01-12,0.0,0.0,9.5150568833442e-08,0.0,7.16619597009052e-09,1.5473834251515762e-07,2.3881190298337843e-07
2022-01-13,0.0,0.0,1.8840760970937602e-07,0.0,1.1824818548003465e-08,1.9149833785219206e-07,8.238362984340738e-08
2022-01-14,0.0,0.0,0.0,0.0,2.1072887347616836e-08,1.2007550178407634e-07,6.330332462039045e-08
2022-01-15,0.0,0.0,2.2100161515924494e-08,0.0,1.3908805743415327e-08,1.4390825280576173e-07,1.605160493166036e-07
2022-01-16,0.0,0.0,6.564078370401243e-08,0.0,1.1475342344931518e-08,1.3008709465543607e-07,1.293696448824808e-07
2022-01-17,3.274719028661737e-07,0.0,4.33250979955484e-08,0.0,9.08892862465139e-09,2.0238853868597066e-07,1.2219324468905063e-07
2022-01-18,6.48427005980358e-07,0.0,8.578801213531823e-08,0.0,8.998492273794162e-09,1.578710065469194e-07,1.1263067689261298e-07
2022-01-19,6.419750494693242e-07,0.0,2.123360178806085e-08,0.0,8.908955779663084e-09,1.6231170854657565e-07,1.2225150987021525e-07
2022-01-20,0.0,0.0,2.1022323920165688e-08,0.0,1.543554282993472e-08,1.6069668006208064e-07,1.5826926639493664e-07
2022-01-21,0.0,0.0,0.0,0.0,2.401450324837934e-08,1.4142019678178327e-07,1.3435462603883747e-07
2022-01-22,0.0,0.0,4.121210803274255e-08,0.0,6.484242258716406e-09,1.1667753526048263e-07,1.248312121970879e-07
2022-01-23,0.0,0.0,4.080204070626951e-08,0.0,1.0699538283719176e-08,1.3284406054493907e-07,9.368778043751892e-08
2022-01-24,3.053327784252613e-07,0.0,4.039605361786891e-08,0.0,6.355845659393418e-09,2.115792557440004e-07,1.3463192699146118e-07
2022-01-25,0.0,0.0,0.0,0.0,1.6780277169114202e-08,1.585208701425775e-07,1.5159518278049226e-07
2022-01-26,2.992867843295067e-07,0.0,3.9596158163063666e-08,0.0,1.868997444923978e-08,1.4012817958074316e-07,1.5656189646210956e-07
2022-01-27,0.0,0.0,3.920216980644695e-08,0.0,1.028000338680336e-08,1.2763517042568927e-07,1.446754347496124e-07
2022-01-28,2.933605089380274e-07,0.0,3.8812101699479457e-08,0.0,1.424880190166377e-08,1.868006997763919e-07,1.0139266445415179e-07
2022-01-29,0.0,0.0,0.0,0.0,8.061156545066883e-09,1.196683540786056e-07,1.5953561475423706e-07
2022-01-30,0.0,0.0,1.9021785297038312e-08,0.0,9.976183371586859e-09,1.0770694005505463e-07,1.065039022309147e-07
2022-01-31,0.0,0.0,1.8832515370945147e-08,0.0,9.876918688490785e-09,1.759481428569784e-07,1.7938504555478683e-07
2022-02-01,0.0,0.0,5.619385320439018e-08,0.0,9.78923638615173e-09,2.006490221166066e-07,1.8679303793011333e-07
2022-02-02,0.0,0.0,7.956021063678226e-08,0.0,9.691831856640826e-09,1.4637554914940596e-07,1.3607688508066066e-07
2022-02-03,0.0,0.0,7.96179954832986e-08,0.0,2.3028951644141142e-08,1.242163612288393e-07,1.5092338467140376e-07
2022-02-04,2.821830833820864e-07,0.0,0.0,0.0,9.499920727791485e-09,9.471989787006058e-08,1.390113338171174e-07
2022-02-05,0.0,0.0,0.0,0.0,1.881078987436047e-08,1.1824109369698949e-07,1.6127670252894621e-07
2022-02-06,0.0,0.0,0.0,0.0,1.6761257449021006e-08,4.446882390715091e-08,1.6650628474322005e-07
2022-02-07,0.0,0.0,7.992882326058383e-08,0.0,0.0,8.254940946805461e-08,2.258905131317509e-07
2022-02-08,0.0,0.0,2.800927190464112e-07,0.0,0.0,7.355522620794553e-08,2.6358304808928863e-07
2022-02-09,0.0,0.0,8.013216176745573e-08,0.0,0.0,5.664037514999027e-08,2.1336587909362413e-07
2022-02-10,0.0,0.0,8.024584566174774e-08,0.0,0.0,6.675808809611711e-08,2.0702843358628778e-07
2022-02-11,0.0,0.0,1.607351084149554e-07,0.0,0.0,5.023131385593952e-08,2.1550017574442212e-07
2022-02-12,0.0,0.0,0.0,0.0,0.0,4.4496608781330447e-08,2.3153749860760802e-07
2022-02-13,0.0,0.0,1.209526421111465e-07,0.0,0.0,3.8871053052668805e-08,2.1021306584444738e-07
2022-02-14,0.0,0.0,3.231238139303892e-07,0.0,0.0,1.231496947598395e-07,2.0754300017295756e-07
2022-02-15,0.0,0.0,2.428046711612886e-07,0.0,0.0,1.4881332152420044e-07,2.352026292862354e-07
2022-02-16,0.0,0.0,4.0548460424039895e-08,0.0,0.0,6.805363695968186e-08,1.9107381051519626e-07
2022-02-17,0.0,0.0,1.2190059160309376e-07,0.0,0.0,5.287506721677844e-08,1.8111757212943445e-07
2022-02-18,0.0,0.0,8.14453280632082e-08,0.0,0.0,4.539549990535963e-08,2.852847483556645e-07
2022-02-19,0.0,0.0,4.1643135225405134e-07,0.0,0.0,7.282333947855893e-08,2.2869199027238392e-07
2022-02-20,0.0,0.0,4.1905196245881886e-07,0.0,0.0,6.801000316788492e-08,2.3099038298543227e-07
2022-02-21,0.0,0.0,5.07253185053746e-07,0.0,0.0,7.953985954676701e-08,3.359690998981515e-07
2022-02-22,0.0,0.0,5.11124273582842e-07,0.0,0.0,8.033924842506329e-08,3.204931096268429e-07
2022-02-23,0.0,0.0,6.438080937065432e-07,0.0,0.0,1.3278546211933907e-07,2.8563010493639763e-07
2022-02-24,0.0,0.0,6.487752267804132e-07,0.0,0.0,8.196220889999198e-08,3.798593013667813e-07
2022-02-25,0.0,0.0,3.9228434275056536e-07,0.0,0.0,6.397095579538249e-08,2.7683020501769095e-07
2022-02-26,0.0,0.0,3.9534277819406256e-07,0.0,0.0,1.0642285226532238e-07,2.5999047238770795e-07
2022-02-27,0.0,0.0,3.9844074824483273e-07,0.0,0.0,8.445832977384204e-08,3.3197036122751407e-07
2022-02-28,0.0,0.0,2.677190418016415e-07,0.0,0.0,1.5201920083225944e-07,4.303936987900959e-07
2022-03-01,0.0,0.0,5.415306964639974e-07,0.0,0.0,1.3879906091067543e-07,4.086137896533776e-07
2022-03-02,0.0,0.0,5.458367139856349e-07,0.0,0.0,1.0013858190282383e-07,4.307257791643064e-07
2022-03-03,0.0,0.0,4.945005882462843e-07,0.0,0.0,1.4666023750465233e-07,4.227995847838488e-07
2022-03-04,0.0,0.0,2.4973520089068936e-07,0.0,0.0,1.3791804585161387e-07,4.332379041707687e-07
2022-03-05,0.0,0.0,1.474307441615619e-07,0.0,0.0,9.286943017089637e-08,3.3131967038898035e-07
2022-03-06,0.0,0.0,1.489124477737288e-07,0.0,0.0,1.459154409395283e-07,3.6397243920690384e-07
2022-03-07,0.0,0.0,1.5040904275476724e-07,0.0,0.0,1.5264555534045672e-07,3.843052932159496e-07
2022-03-08,0.0,0.0,1.063444751357957e-06,0.0,0.0,1.4886312837710176e-07,4.997079176499872e-07
2022-03-09,0.0,0.0,4.6034252091166547e-07,0.0,0.0,1.557292001074623e-07,4.509479183105617e-07
2022-03-10,0.0,0.0,6.19958720217033e-07,0.0,0.0,1.5729430458842614e-07,3.9543455703441484e-07
2022-03-11,0.0,0.0,6.261894089405013e-07,0.0,0.0,1.0409060806853891e-07,4.035283638482894e-07
2022-03-12,0.0,0.0,3.1624135856334487e-07,0.0,0.0,1.162037609211541e-07,4.63182339552528e-07
2022-03-13,0.0,0.0,9.582589111674924e-07,0.0,0.0,1.844411299252035e-07,3.81234830007999e-07
2022-03-14,0.0,0.0,1.0196566791289388e-06,0.0,0.0,1.637136069347331e-07,4.673356339186937e-07
2022-03-15,0.0,0.0,2.0598087982453452e-07,0.0,0.0,1.6535895603837897e-07,5.086058001209279e-07
2022-03-16,0.0,0.0,4.161020441658301e-07,0.0,0.0,1.7853951987718196e-07,5.240842986329463e-07
2022-03-17,0.0,0.0,4.202839392337606e-07,0.0,0.0,1.6288220686213207e-07,4.5417010229768634e-07
2022-03-18,0.0,0.0,4.2450786304585223e-07,5.021115185106803e-09,0.0,1.8214625742643464e-07,4.100652274437112e-07
2022-03-19,0.0,0.0,6.431613569970092e-07,2.5357891158329894e-09,0.0,1.4243369632051062e-07,4.386621734960193e-07
2022-03-20,0.0,0.0,6.496252360969094e-07,2.5612742201373256e-09,0.0,1.678427085614386e-07,6.120820063961208e-07
2022-03-21,0.0,0.0,7.200786886668024e-07,5.174030907996156e-09,0.0,1.5742030183874467e-07,5.220897744653004e-07
2022-03-22,0.0,0.0,7.273155998016525e-07,2.6130153915600834e-09,0.0,1.5900240217466421e-07,5.878256349976385e-07
2022-03-23,0.0,0.0,4.897501620683873e-07,5.278553265677531e-09,0.0,1.4824652573843418e-07,6.22816198423783e-07
2022-03-24,0.0,0.0,0.0,2.6658018039801352e-09,3.676525096953547e-08,2.2460464213762927e-07,7.771999703626153e-07
2022-03-25,0.0,0.0,7.452915720346221e-07,8.077780672570237e-09,3.9991266952722254e-08,2.503235137174717e-07,5.584787323932567e-07
2022-03-26,0.0,0.0,2.2522087879733565e-06,1.0878618290665108e-08,4.039318586750468e-08,2.437131803932311e-07,5.618704771518567e-07
2022-03-27,0.0,0.0,7.562560275328303e-07,8.240962666598384e-09,2.3313796648305694e-08,2.3669474863153564e-07,5.733943867039186e-07
2022-03-28,0.0,2.393217515742395e-07,2.539504728802813e-07,5.549190478888059e-09,4.120918234997809e-08,2.8688828448387325e-07,6.663353667009237e-07
2022-03-29,0.0,2.417269751644363e-07,5.116819970170666e-07,5.604960770382759e-09,3.865024569528324e-08,3.423484964202492e-07,6.103622279753836e-07
2022-03-30,0.0,0.0,1.2887855422491883e-06,8.49193734393797e-09,7.580393809190045e-08,4.075372195835518e-07,7.179310403774072e-07
2022-03-31,0.0,3.6024555235032163e-07,7.790969829503561e-07,3.1520837717910986e-08,5.300707869371213e-08,5.090300307534091e-07,6.48550637213977e-07
2022-04-01,0.0,0.0,7.852670739129966e-07,1.5937744854748575e-08,5.359830765960411e-08,5.699630651152138e-07,8.367490921541499e-07
2022-04-02,0.0,0.0,1.0891062656308151e-06,8.048960926741818e-09,4.8121759650677136e-08,3.3699002291790814e-07,7.629950057466779e-07
2022-04-03,0.0,0.0,1.6462999862857751e-06,1.625970865781903e-08,3.037836960971913e-08,4.1128866831933297e-07,6.601448374325295e-07
2022-04-04,0.0,0.0,8.295526027479388e-07,3.284624289314001e-08,6.750409006009114e-08,4.297470911956213e-07,7.294595624003412e-07
2022-04-05,0.0,3.7635684377165967e-07,1.393396947174268e-06,4.147044140287905e-08,4.338887473712895e-08,4.747053163974696e-07,7.896557042148279e-07
2022-04-06,0.0,3.80139292934835e-07,5.617382255831428e-07,2.5132335760819304e-08,6.886776313659178e-08,5.489690766504672e-07,9.179570786156949e-07
2022-04-07,0.0,3.8395975634408757e-07,1.4154346164681335e-06,0.0,3.1618134392194296e-08,5.368531419525004e-07,8.145001912041499e-07
2022-04-08,0.0,0.0,1.141332170895672e-06,8.54668087373007e-09,1.0219488616232168e-07,3.352016566565e-07,7.201032689299792e-07
2022-04-09,0.0,3.917162579385848e-07,5.752153913925198e-07,1.726515288905224e-08,5.161098092170027e-08,3.806369626176289e-07,7.773681225646575e-07
2022-04-10,0.0,0.0,5.770386901469085e-07,3.487734112064185e-08,7.167830986709411e-08,4.5592460379464363e-07,7.180996649651978e-07
2022-04-11,0.0,7.992589025184211e-07,8.683795398767684e-07,2.6420898169766866e-08,5.2653591896413944e-08,5.161843546845082e-07,8.528931782003272e-07
2022-04-12,0.0,4.0364579401612e-07,8.671125893976404e-07,1.7790955073924545e-08,3.323923080784657e-08,6.21200091966244e-07,8.325535769992236e-07
2022-04-13,0.0,4.0770250168880375e-07,1.154576467866731e-06,2.695463571750662e-08,6.043192313618636e-08,5.340352104325231e-07,7.543154776975451e-07
2022-04-14,0.0,0.0,1.65455222412658e-06,1.815035620677363e-08,1.0173212343487107e-07,4.4638883595480674e-07,7.825842570574964e-07
2022-04-15,0.0,8.318772771103565e-07,6.620063445385354e-07,5.766167419631662e-08,4.110181930928749e-08,4.030136722242886e-07,9.610849382920936e-07
2022-04-16,0.0,4.2011889136941916e-07,3.5244443832574807e-07,1.9413727885447486e-08,4.403303714704483e-08,4.6421661139118136e-07,6.710074642470186e-07
2022-04-17,0.0,0.0,1.764088016261519e-06,0.0,1.5095601954710634e-07,4.056621474666618e-07,8.842175780919009e-07
2022-04-18,0.0,0.0,1.0596781506996013e-06,7.92236448145933e-08,4.356375793311877e-08,3.9197134666810745e-07,9.1863916744849e-07
2022-04-19,0.0,1.298740249233429e-06,1.4999410325317643e-06,8.001985568199674e-08,1.1000395244790216e-07,4.981376801737102e-07,9.53217717022875e-07
2022-04-20,0.0,8.74528537158106e-07,1.5709238776763761e-06,1.1778704059505553e-07,8.888760843993796e-08,4.383596769634716e-07,1.0665514084446751e-06
2022-04-21,0.0,8.833176950764179e-07,7.872665548709925e-07,0.0,8.978094375647145e-08,3.4817704151664594e-07,7.780454763680342e-07
2022-04-22,0.0,4.460975927501691e-07,0.0,4.806659866114461e-08,9.068325724219828e-08,5.591740087444575e-07,1.1132402173964284e-06
2022-04-23,0.0,0.0,1.251257221009807e-06,2.4274838004428383e-08,2.0608793804074268e-07,4.6820047909793995e-07,1.0155644498472027e-06
2022-04-24,0.0,4.551093619064326e-07,1.6705076806619188e-06,7.355641254694198e-08,1.1564397569560213e-07,5.042877220960513e-07,1.3352345684093477e-06
2022-04-25,0.0,1.379049861105484e-06,2.509259178206383e-06,1.2382611130525126e-07,8.176435188153429e-08,5.755016534979678e-07,1.2553931735242532e-06
2022-04-26,0.0,4.6430318087566424e-07,2.094173136190638e-06,1.2507058441325183e-07,1.2977815286774233e-07,3.4982800506615636e-07,1.3107930560731307e-06
2022-04-27,0.0,7.02091231010952e-07,1.2585038257608354e-06,7.579653881035173e-08,1.6683220271192093e-07,3.8599232354813295e-07,1.3826859981778773e-06
2022-04-28,0.0,1.4182947303818825e-06,2.5212592424772413e-06,7.655830668979739e-08,7.221809752465522e-08,5.632180961127416e-07,1.2378041886937799e-06
2022-04-29,0.0,7.162744146984079e-07,2.6536555895749052e-06,3.0802996607467506e-08,7.294390147127876e-08,4.4144463656099177e-07,1.5285245008096883e-06
2022-04-30,0.0,7.234730922442415e-07,1.3298486146190713e-06,3.111257187006561e-08,2.087514996283692e-07,5.13786365223901e-07,1.3539287775042522e-06
2022-05-01,0.0,0.0,8.900622697395048e-07,3.149085995745886e-08,8.697834787880318e-08,4.801288862280817e-07,1.2301166915339126e-06
2022-05-02,0.0,0.0,4.461285560033152e-07,9.542204508496637e-08,1.1295320760988718e-07,6.245786477556679e-07,1.4541352198590019e-06
2022-05-03,0.0,0.0,1.7835065703987946e-06,6.425403505438885e-08,8.873542705926835e-08,5.372832488008004e-07,1.6804027087795404e-06
2022-05-04,0.0,3.0022846265039617e-06,4.4566931723190714e-07,1.2979959768503494e-07,1.0243112334571314e-07,5.392670997265031e-07,1.5969398065885088e-06
2022-05-05,0.0,2.6228988872483333e-06,1.7820262366689245e-06,1.6388013166153417e-07,2.0499582111782946e-07,6.676093493009352e-07,1.580351441266735e-06
2022-05-06,0.0,1.7661729728733718e-06,1.8384837391873724e-06,1.9863258523980962e-07,1.1149172643087222e-07,5.170671492524029e-07,1.5398179193549347e-06
2022-05-07,0.0,2.6758849595254364e-06,9.763109442675692e-07,1.0006774610255083e-07,1.1261223691000486e-07,5.195012777084199e-07,1.5057605414832342e-06
2022-05-08,0.0,9.009260168222264e-07,1.4656706796538229e-06,6.721947096213146e-08,1.6249144100953188e-07,6.649267242038413e-07,1.8175517530830818e-06
2022-05-09,0.0,0.0,1.956028681594204e-06,7.780899460471319e-08,1.6412450714142492e-07,7.797533456119983e-07,1.8906533772259673e-06
2022-05-10,0.0,0.0,2.444046874107155e-06,1.5686277466056393e-07,1.326191886886424e-07,6.277992577432011e-07,2.008171247377304e-06
2022-05-11,0.0,0.0,1.4659813817674067e-06,1.5812324651988694e-07,1.6744004211691259e-07,8.182769878208456e-07,1.5129237721923017e-06
2022-05-12,0.0,0.0,2.4428020640505865e-06,1.5939953083563173e-07,2.0294741102012117e-07,6.58257561113838e-07,2.0163140575761096e-06
2022-05-13,0.0,0.0,9.636313323491564e-07,4.0172938809323377e-08,1.5290692192382602e-07,5.673937356648519e-07,1.864979496297079e-06
2022-05-14,0.0,1.913272340790759e-06,4.821645845588699e-07,8.100002447419463e-08,1.5361857640217634e-07,5.696168267350194e-07,1.5965578227028379e-06
2022-05-15,0.0,1.9249148876767208e-06,1.930246879213691e-06,4.0831135699845074e-08,6.859804127385905e-08,7.806248893810258e-07,1.999922602668888e-06
2022-05-16,0.0,1.936749927655551e-06,4.83007111622092e-07,1.2349902693056665e-07,1.550880440180977e-07,1.015179769761479e-06,1.9164757550622603e-06
2022-05-17,0.0,9.743893221205554e-07,1.4505024136632921e-06,8.301133117813821e-08,6.92648907127355e-08,1.1058433259112702e-06,1.8535749768133433e-06
2022-05-18,0.0,9.805011201575412e-07,2.633702979857436e-06,2.0924569734548211e-07,1.392173768173284e-07,9.608335887528484e-07,1.7990422111093242e-06
2022-05-19,0.0,9.79124809307127e-07,5.277601635768988e-07,1.6878719319178012e-07,1.217808495065083e-07,9.031574161359317e-07,1.832018822819492e-06
2022-05-20,0.0,0.0,1.586497522915408e-06,1.2715264682063438e-07,8.697048034592086e-08,7.278255516962017e-07,2.256230561085842e-06
2022-05-21,0.0,2.4227427459578533e-06,3.7097041477404954e-06,0.0,1.391413387780394e-07,9.019402031911477e-07,1.918312390995777e-06
2022-05-22,0.0,0.0,1.6566181314223863e-06,1.7108713904449425e-07,2.0871573487865207e-07,1.1050239628366408e-06,1.777488179100258e-06
2022-05-23,0.0,0.0,1.149443996267107e-06,8.594395072734862e-08,1.7395027778138609e-07,8.1388212238396e-07,2.0127556113960045e-06
2022-05-24,0.0,1.2155629664759251e-06,2.8807948799164894e-06,1.597548738358292e-07,1.5658935450296934e-07,8.426752166054508e-07,2.1493407253172563e-06
2022-05-25,0.0,2.6667763748452073e-06,2.310614280843098e-06,3.749318103001452e-07,1.218304251644924e-07,1.1229541198431919e-06,2.084096129999681e-06
2022-05-26,0.0,1.3363177025048116e-06,2.3168237211066075e-06,5.387710597288046e-08,1.218813133040508e-07,9.596702985685973e-07,2.069371237400492e-06
2022-05-27,0.0,1.339380850470872e-06,1.1616324228364606e-06,1.6259373754656276e-07,1.0452376257986368e-07,6.862979959778088e-07,1.772081076762872e-06
2022-05-28,0.0,0.0,1.7474537239948965e-06,5.4524138894578015e-08,3.4862760168443674e-08,5.772361036136329e-07,2.1244722743587915e-06
2022-05-29,0.0,1.3459092837179782e-06,1.7526335605637177e-06,5.4855817732961494e-08,2.0932651469201212e-07,6.606167025111994e-07,1.680640690497887e-06
2022-05-30,0.0,1.3493752218477893e-06,4.35315155764485e-06,1.6557894659649478e-07,1.0474870059963534e-07,8.545680398546784e-07,1.9033259956003048e-06
2022-05-31,0.0,0.0,0.0,3.332139960534954e-07,1.7474103135102583e-07,6.425029361293301e-07,2.182249541433956e-06
2022-06-01,0.0,1.3654752488411216e-06,3.548026241657316e-06,1.677087668934863e-07,2.0997167823255048e-07,9.386392727090651e-07,2.270177937086891e-06
2022-06-02,0.0,2.738744209786203e-06,2.038587529617313e-06,1.6877060572383134e-07,3.1530832754120313e-07,7.525228901266896e-07,2.7966068286718088e-06
2022-06-03,0.0,1.3734058992967184e-06,1.022179811564706e-06,2.8308220292565223e-07,1.403069639240411e-07,7.542096150022444e-07,2.1389734971822795e-06
2022-06-04,0.0,0.0,2.562920192884328e-06,1.6995791962647654e-07,1.9317502077313073e-07,8.909667188727755e-07,2.0138420534562035e-06
2022-06-05,0.0,4.145657791273069e-06,4.620892175688874e-06,2.8347252238526073e-07,2.4534110350021576e-07,6.906507488896316e-07,1.8054478958603975e-06
2022-06-06,0.0,0.0,2.1427234913866824e-06,3.971942700341378e-07,1.5684627440766858e-07,9.813306287016552e-07,2.144937291529406e-06
2022-06-07,0.0,0.0,1.0736932659172063e-06,2.839762346335074e-07,1.9065316447456436e-07,1.071190805584557e-06,1.9905027036205118e-06
2022-06-08,0.0,0.0,2.686845559721225e-06,1.7056240454735925e-07,2.0686297349524063e-07,7.289174731492817e-07,2.3903966885618305e-06
2022-06-09,0.0,0.0,1.612163265897967e-06,1.1361806019053818e-07,1.8861458286396799e-07,1.0974422715057113e-06,2.1519597587800964e-06
2022-06-10,0.0,1.405512354015084e-06,1.0749202757555081e-06,5.676960629176899e-08,2.046803290611976e-07,5.366857305167843e-07,1.7094372520847938e-06
2022-06-11,0.0,0.0,1.0737786013617968e-06,1.7020757848861865e-07,1.0180988160077008e-07,7.361791708118141e-07,1.9861308645559108e-06
2022-06-12,0.0,1.4159433851390972e-06,1.0727443057230402e-06,5.670778633387311e-08,1.012897797439433e-07,6.80578256755835e-07,1.8279838033177734e-06
2022-06-13,0.0,0.0,1.0299654685549802e-06,0.0,2.5194951737374834e-07,5.680621400651718e-07,1.9386194839392956e-06
2022-06-14,0.0,0.0,1.0295620633980726e-06,3.400119014797481e-07,2.1727314314275642e-07,7.397423013775698e-07,2.3775699014892758e-06
2022-06-15,0.0,2.8653065811790792e-06,1.0292616153054757e-06,5.665758340806801e-08,1.829484168687212e-07,1.2690502216289264e-06,2.156492646385485e-06
2022-06-16,0.0,2.861747753099304e-06,1.543596141348196e-06,1.6995654712520093e-07,1.4896523699624314e-07,1.0600417713706792e-06,2.1542581597217396e-06
2022-06-17,0.0,0.0,1.543454220638647e-06,1.1330489321502748e-07,1.4826030229318845e-07,7.89395431644432e-07,2.0705085019095988e-06
2022-06-18,0.0,1.4277441505761285e-06,1.5413757479264977e-06,0.0,1.3117350555014558e-07,7.914102019002128e-07,2.2699830041218318e-06
2022-06-19,0.0,0.0,0.0,1.1268184135544705e-07,9.792989489132604e-08,1.0257318127460888e-06,1.8935818837934047e-06
2022-06-20,0.0,1.425185541299678e-06,5.125603422150135e-07,5.61936165683326e-08,1.6248242281856757e-07,1.029123313330234e-06,2.8936677977895824e-06
2022-06-21,0.0,0.0,1.0240429390670165e-06,5.605193186742669e-08,9.705876151756563e-08,1.2324792226717023e-06,3.0167079453523985e-06
2022-06-22,0.0,1.4231970252424745e-06,9.393639651436212e-07,2.2366340962567045e-07,1.6106295883504176e-07,1.3036258302217928e-06,2.836849362288296e-06
2022-06-23,0.0,2.8448325893992352e-06,9.39323797611524e-07,1.6735609373173763e-07,1.4433967941381952e-07,6.617712744040416e-07,2.3622732292288437e-06
2022-06-24,0.0,1.4179602276437286e-06,1.878755126483921e-06,1.6698136599305947e-07,1.1114714769438017e-07,1.0140060688076742e-06,2.3285002816319805e-06
2022-06-25,0.0,0.0,1.8771919581911828e-06,1.6662333653013224e-07,1.4148156226694825e-07,8.405045142730627e-07,2.202470188846281e-06
2022-06-26,0.0,0.0,1.8720993573948086e-06,1.0591513595236288e-07,1.7120130769006795e-07,8.769954619201545e-07,1.6386041230361045e-06
2022-06-27,0.0,1.4054410981168462e-06,9.762942636839642e-07,2.1149558493103167e-07,1.2327114633904867e-07,8.424046314267734e-07,1.9536015936655023e-06
2022-06-28,0.0,1.4015496878001333e-06,1.002828897395708e-06,5.263099471732074e-08,1.5255572242380566e-07,1.4049631009589125e-06,2.1015213673819896e-06
2022-06-29,0.0,1.3977984336201625e-06,9.59430374908393e-07,1.0478671269042919e-07,6.04151070492692e-08,1.2742760730313137e-06,2.1509089757440584e-06
2022-06-30,0.0,2.788373920896779e-06,9.584002308640858e-07,1.043219147048085e-07,1.1962793338013434e-07,1.0198650437651212e-06,2.9968841604496866e-06
2022-07-01,0.0,0.0,1.919965357951906e-06,5.2055895876774255e-08,1.0387846641389237e-07,1.09414326192372e-06,2.2330486334437315e-06
2022-07-02,0.0,0.0,9.582101879534908e-07,2.073335377582383e-07,4.7617744915687146e-08,9.853544832833572e-07,1.4844461935158548e-06
2022-07-03,0.0,0.0,9.565335187483349e-07,2.0646422553593398e-07,1.1785985109321584e-07,6.699688791078321e-07,1.7764100927107392e-06
2022-07-04,0.0,1.260189461447637e-06,1.909905007384336e-06,2.5701944988529657e-07,1.1668712598054006e-07,9.367903004731364e-07,2.0374117550458814e-06
2022-07-05,0.0,0.0,1.4302004770232496e-06,1.0239372800393917e-07,1.1552606967770193e-07,1.16732628753193e-06,2.3244024047455503e-06
2022-07-06,0.0,1.2567786113981256e-06,9.520768131651917e-07,0.0,1.3725187929372432e-07,1.0972796368983122e-06,2.4301099294613964e-06
2022-07-07,0.0,0.0,1.421979985680375e-06,1.0159630209638081e-07,1.2456235025346992e-07,7.964612430557037e-07,2.6047650090291054e-06
2022-07-08,0.0,1.025774709927421e-06,9.439913005310118e-07,0.0,1.3477583092173152e-07,9.169066864056331e-07,2.2134635134371035e-06
2022-07-09,0.0,1.0191813471540227e-06,9.400903438584891e-07,0.0,6.671739449873315e-08,7.016912548074123e-07,2.3225259182480125e-06
2022-07-10,0.0,1.0126899033646601e-06,1.4044250955056451e-06,4.533627282564906e-08,8.256693166456049e-08,7.880276566921913e-07,2.150971873475828e-06
2022-07-11,0.0,1.006299729409545e-06,1.3715816281712427e-06,4.520844686546894e-08,5.7221763877373934e-08,6.119022428932033e-07,2.143332357357873e-06
2022-07-12,0.0,0.0,4.540696851307129e-07,9.017028357529836e-08,1.0521159593959524e-07,5.527690600262644e-07,2.5061310868138097e-06
2022-07-13,0.0,2.9814619349230206e-06,1.8039636062050024e-06,2.231826856570987e-07,8.012671005267762e-08,8.190796797405911e-07,2.1570781954987303e-06
2022-07-14,0.0,0.0,0.0,0.0,1.0312826675647765e-07,1.090150128952464e-06,2.517746952871531e-06
2022-07-15,0.0,9.74141677708712e-07,4.44968329419333e-07,0.0,8.639410437907664e-08,1.0580723943340477e-06,2.594289998159588e-06
2022-07-16,0.0,9.644488060636459e-07,8.840478772092915e-07,1.299519842767753e-07,3.887930394427868e-08,7.847412232127011e-07,2.3051132302507117e-06
2022-07-17,0.0,9.548523801028963e-07,8.782475011043467e-07,8.577262695239724e-08,7.698489681263296e-08,8.137013733110806e-07,1.957819430333369e-06
2022-07-18,0.0,0.0,1.7450699009627757e-06,1.2737876258167545e-07,5.335321900338089e-08,9.329398786690283e-07,2.5881302906013877e-06
2022-07-19,0.0,0.0,1.300364481120888e-06,4.203710757238751e-08,6.791444434836026e-08,1.0218901007897492e-06,2.243104640372072e-06
2022-07-20,0.0,0.0,8.613710493676313e-07,1.6647532545335258e-07,8.965157911501493e-08,6.904451233191307e-07,2.232255598037524e-06
2022-07-21,0.0,0.0,1.2838778737161287e-06,1.236141512163228e-07,6.656964824862818e-08,9.89541865495031e-07,1.8924994448825543e-06
2022-07-22,0.0,0.0,1.7011034163174442e-06,4.0794723286921634e-08,3.661514954516385e-08,1.1982351888535983e-06,2.3750206614113467e-06
2022-07-23,0.0,0.0,0.0,4.0388809008060075e-08,6.525148089580271e-08,7.48215947985058e-07,1.8749630729782927e-06
2022-07-24,0.0,0.0,0.0,9.025404744373377e-08,4.3068145208517656e-08,7.177053361487335e-07,1.7644938331472907e-06
2022-07-25,0.0,0.0,1.776839089906866e-06,2.978533488895271e-08,5.248144067192498e-08,8.351610373491763e-07,1.8845426874455654e-06
2022-07-26,0.0,0.0,0.0,8.846689756491279e-08,1.3349866244580493e-08,1.1937845560776433e-06,1.623280541073165e-06
2022-07-27,0.0,0.0,0.0,0.0,1.982554928403082e-08,1.282983300124745e-06,1.6926384355392871e-06
2022-07-28,0.0,8.553893562653101e-07,6.678242046355055e-07,5.781009041646141e-08,1.6356901477200545e-08,8.231662043577468e-07,1.8622313383933641e-06
2022-07-29,0.0,0.0,1.259671850974619e-06,0.0,1.94329771057847e-08,6.390531368435528e-07,1.9303771434032715e-06
2022-07-30,0.0,0.0,1.251634940917068e-06,7.519433877775089e-08,2.8859423629250304e-08,8.201954550422565e-07,1.4300348839098835e-06
2022-07-31,0.0,0.0,8.698496565969563e-07,4.963076173719391e-08,3.1746963962484525e-09,7.848156545705898e-07,1.56807526420833e-06
2022-08-01,0.0,0.0,8.662741310946064e-07,4.9250061808566856e-08,2.5191922944379032e-08,8.465900972163544e-07,1.690287097743887e-06
2022-08-02,0.0,0.0,8.611366384716547e-07,4.876001550570786e-08,1.870594434217824e-08,7.612926043658476e-07,1.5333385722798535e-06
2022-08-03,0.0,0.0,0.0,2.4137422622516464e-08,2.7779725629142132e-08,7.607302511318255e-07,1.2686373301848051e-06
2022-08-04,0.0,8.065769001288923e-07,8.511194912281073e-07,7.169175376366751e-08,2.750331274072967e-08,7.587318439107756e-07,1.7830666869135352e-06
2022-08-05,0.0,5.678767124713758e-07,5.641592232562935e-07,2.3659469631635103e-08,2.7229650206510786e-08,6.881586182511178e-07,1.4324581187952436e-06
2022-08-06,0.0,0.0,2.8048093437648754e-07,2.3424053975393824e-08,8.986236886668004e-09,4.005587477624311e-07,9.725182562262653e-07
2022-08-07,0.0,1.1132640003324884e-06,5.157792555060314e-07,7.291382214434921e-08,4.4484111678381477e-08,7.994633821739063e-07,1.0789168885162522e-06
2022-08-08,0.0,0.0,1.2827802466465516e-06,1.8047079373007335e-08,2.6424892422996603e-08,8.52361089928728e-07,1.4176536037246214e-06
2022-08-09,0.0,0.0,5.104962534486708e-07,5.3602523798711865e-08,1.4534422416793022e-08,8.482395072047097e-07,1.5580993637295443e-06
2022-08-10,0.0,0.0,7.618971874342209e-07,1.7689723258483502e-08,2.0145723496340556e-08,9.849032073279938e-07,1.1774965926532857e-06
2022-08-11,0.0,5.348061472539617e-07,7.581261850490955e-07,7.005483028452152e-08,1.7095945884264584e-08,8.402504120502696e-07,1.3330733205491988e-06
2022-08-12,0.0,0.0,1.0059079945523321e-06,1.7339443269129177e-08,2.8209730634168207e-08,7.794471947098082e-07,1.5761492257869116e-06
2022-08-13,0.0,0.0,1.7518929178512731e-06,3.433382585180895e-08,0.0,6.087231989732488e-07,1.1630778555580473e-06
2022-08-14,0.0,0.0,4.70150154302591e-07,3.3992198576556336e-08,0.0,8.74355560998505e-07,9.946718298584384e-07
2022-08-15,0.0,4.800158570128537e-07,6.180909027591433e-07,3.3653970549488314e-08,0.0,7.453211443926982e-07,1.066581461957442e-06
2022-08-16,0.0,0.0,8.184610290444326e-07,8.329776986880075e-08,0.0,6.56539718913015e-07,1.197414576064406e-06
2022-08-17,0.0,0.0,8.110157074396228e-07,1.1531263434073634e-08,0.0,8.52497926921675e-07,1.1655374721072779e-06
2022-08-18,0.0,4.705839516268446e-07,2.0091287202035145e-07,2.283305089164493e-08,0.0,6.776418693740342e-07,1.163342714870235e-06
2022-08-19,0.0,0.0,5.972757259062814e-07,1.1302929119629677e-08,0.0,5.80709389289435e-07,1.243623146263586e-06
2022-08-20,0.0,0.0,1.1837451276436615e-06,2.2380926191535984e-08,0.0,5.773028246792819e-07,1.066887030726496e-06
2022-08-21,0.0,4.6157560356266945e-07,1.814957446963402e-07,1.5510762578557822e-07,0.0,7.346611082658353e-07,8.972376040856796e-07
2022-08-22,0.0,0.0,3.597468210516834e-07,3.290663124047998e-08,0.0,6.391420592070818e-07,9.72888401693004e-07
2022-08-23,0.0,4.558013283332793e-07,5.348071915388721e-07,7.601814450739221e-08,0.0,6.354944150432617e-07,1.223958698871629e-06
2022-08-24,0.0,0.0,8.834127211084127e-07,3.225503628491311e-08,0.0,4.042413571829477e-07,1.2024219546297295e-06
2022-08-25,0.0,4.502093797126545e-07,1.4580970734745935e-06,4.257879108193547e-08,0.0,7.175228496857545e-07,9.473945784776565e-07
2022-08-26,0.0,4.474810760394676e-07,6.937064105346926e-07,3.1616343773933074e-08,0.0,5.053874517106787e-07,1.145856050595222e-06
2022-08-27,0.0,0.0,5.507927292701869e-07,5.2169593161898307e-08,0.0,4.512428033098524e-07,8.945174590985392e-07
2022-08-28,0.0,2.114838323697028e-07,6.833442623056774e-07,1.0964226121658905e-07,0.0,5.185670077929097e-07,7.88549374476374e-07
2022-08-29,0.0,2.1118422426606423e-07,8.782551082934949e-07,8.181850560679343e-08,0.0,4.993037296799459e-07,1.1512497216210415e-06
2022-08-30,0.0,0.0,1.0528742558883726e-06,8.141349721988809e-08,0.0,6.002813180995307e-07,1.010509702756918e-06
2022-08-31,0.0,0.0,6.599389316607226e-07,9.451940195897443e-08,0.0,3.758949638509243e-07,9.924879363903593e-07
2022-09-01,0.0,4.2538909302945596e-07,3.290102918111666e-07,1.7585914921342312e-08,0.0,5.101716735723236e-07,1.0671340367652226e-06
2022-09-02,0.0,0.0,5.465217366304019e-07,3.552531260925954e-09,0.0,4.0150611815107653e-07,9.77573375368079e-07
2022-09-03,0.0,0.0,3.268485837227752e-07,1.4352939174679958e-08,3.993525814229264e-08,6.706058454162147e-07,8.89063136574892e-07
2022-09-04,0.0,9.782551056352225e-08,3.258168105980564e-07,2.537008007018518e-08,5.186136106179264e-08,3.4924920039533467e-07,9.194569181599406e-07
2022-09-05,0.0,9.88086732897797e-08,3.2481761942591226e-07,1.0982165834498258e-08,9.312458027675738e-08,5.840342320756734e-07,8.108430386080179e-07
2022-09-06,0.0,0.0,6.47701820572786e-07,7.013136969843271e-08,5.878781116761363e-08,4.237928850533707e-07,7.472648876523161e-07
2022-09-07,0.0,0.0,5.381943108462984e-07,8.854525210217939e-09,6.531650234159674e-08,6.087481218331026e-07,7.041533025197388e-07
2022-09-08,0.0,0.0,6.440291093138277e-07,8.943514668031608e-09,5.997540373043932e-08,4.191312742444081e-07,7.799483745212346e-07
2022-09-09,0.0,0.0,6.422894490597216e-07,4.5166992423825165e-08,3.028908327943533e-08,4.168634545426007e-07,8.256245428517063e-07
2022-09-10,0.0,1.0387470230080706e-07,3.2030700914288217e-07,5.474511389324875e-08,5.5068288528995885e-08,3.378526323607395e-07,6.75230265089353e-07
2022-09-11,0.0,3.1475598124424515e-07,5.325022078729019e-07,6.451119667407067e-08,3.708115601983431e-08,3.819006042614396e-07,7.697765323877142e-07
2022-09-12,0.0,0.0,3.187275907033246e-07,3.723402570253984e-08,8.114996030593346e-08,4.710957817659793e-07,6.598068570950537e-07
2022-09-13,0.0,1.8713091188284908e-07,4.4850261371446697e-07,3.760823388206657e-08,4.413528590470552e-08,4.970887112271231e-07,6.900374418726033e-07
2022-09-14,0.0,3.780232176277689e-07,1.0001090869797066e-06,2.8489652187241352e-08,5.731566801731401e-08,4.804987697989469e-07,9.527858533412742e-07
2022-09-15,0.0,0.0,4.5365449895129995e-07,2.877597795189296e-08,7.718893340990497e-08,4.5086994708792555e-07,9.607886450631384e-07
2022-09-16,0.0,1.9282989659253788e-07,3.622074593554492e-07,6.781875645607958e-08,3.898234754386162e-08,3.162215914216099e-07,6.107852571887775e-07
2022-09-17,0.0,1.9476786927211578e-07,1.9506806074857867e-07,4.725330846324545e-08,3.2811772208342116e-08,3.011214300556176e-07,7.5632376245803e-07
2022-09-18,0.0,1.9672531890092793e-07,5.846698152191363e-07,2.38641060542904e-08,5.302645760218178e-08,4.163162166624463e-07,8.855158402399006e-07
2022-09-19,0.0,5.559965178846996e-07,7.789252208817132e-07,7.231183292235096e-08,7.364415074632722e-08,5.688684518460632e-07,9.523383103787252e-07
2022-09-20,0.0,2.8079218789382814e-07,7.783685813091059e-07,4.8692385950255364e-08,5.409766310261781e-08,3.34075768650299e-07,6.586159603070507e-07
2022-09-21,0.0,0.0,5.834173344324545e-07,4.9181752564782223e-08,4.098101524174661e-08,4.46970738077017e-07,1.109492969487353e-06
2022-09-22,0.0,0.0,3.887443834018034e-07,3.7257028046662876e-08,6.898813548700834e-08,3.934952164134971e-07,9.263707065074862e-07
2022-09-23,0.0,0.0,4.85728439930332e-07,5.017528987145516e-08,6.27133299979302e-08,5.466761636694777e-07,1.0602833525721875e-06
2022-09-24,0.0,6.54540841700593e-07,3.884599790857421e-07,5.067955991815985e-08,9.149632475073128e-08,3.0392821735953e-07,8.055518305286208e-07
2022-09-25,0.0,6.611190865230959e-07,3.88376052548845e-07,2.5594448981544735e-08,6.398022330142853e-08,3.5563177902115614e-07,9.621027957803271e-07
2022-09-26,0.0,3.3388172190259277e-07,3.1270465863028007e-07,6.462919367559118e-08,5.026251629442577e-08,4.0659770641210534e-07,1.0735476737723456e-06
2022-09-27,0.0,3.3723728899406355e-07,8.34441621340929e-07,6.527872787054592e-08,4.351513969821897e-08,2.348511679904229e-07,1.1106573146737304e-06
2022-09-28,0.0,6.812531601909317e-07,4.1754379892930767e-07,3.9560873995612104e-08,5.127788647668982e-08,2.8975683197790686e-07,9.022892165324015e-07
2022-09-29,0.0,0.0,4.46517122815521e-07,7.991693477852745e-08,8.878840766314894e-08,1.9200217261789864e-07,9.676381808885512e-07
2022-09-30,0.0,1.0425230803863758e-06,2.236055890113712e-07,0.0,3.736697749804201e-08,2.7037412608381385e-07,5.215294165751055e-07
2022-10-01,0.0,3.543132629263623e-07,6.725848706013008e-07,6.806707674464701e-08,6.803800599187863e-08,1.7278988901295854e-07,6.158014549387874e-07
2022-10-02,0.0,1.4314966816756362e-06,3.368806915459933e-07,5.500092979108929e-08,6.872179932017064e-08,2.3803158224462136e-07,5.846183432348567e-07
2022-10-03,0.0,0.0,5.625043935687094e-07,1.5546490054884525e-07,3.084998439362801e-08,1.3388986191996594e-07,4.68276394596655e-07
2022-10-04,0.0,4.1991026929813773e-07,9.017555500835343e-07,8.723741598615817e-08,1.0906011161964783e-07,1.8536264588801243e-07,5.963648911185452e-07
2022-10-05,0.0,2.529413923144213e-06,8.270734920648199e-07,7.049133327424811e-08,3.934149427272976e-08,2.0695996903632386e-07,7.080341254451246e-07
2022-10-06,0.0,4.2326986233329426e-07,7.831284248372328e-07,8.89997286895501e-08,7.152638915432074e-08,1.8338545300522572e-07,5.932897434652336e-07
2022-10-07,0.0,8.500261296296916e-07,4.3751667545735705e-07,1.25851867166656e-07,4.8163494210832606e-08,1.2634630750062147e-07,4.6640443727207084e-07
2022-10-08,0.0,1.7071950758282303e-06,5.291823376848501e-07,5.447858548265803e-08,4.864754537500884e-08,1.0754129877507983e-07,3.8562230284221753e-07
2022-10-09,8.211884920195149e-07,2.14313576665916e-06,9.749060098958884e-07,9.17101739487798e-08,5.732587155663936e-08,2.2771378838366616e-07,4.748220574582957e-07
2022-10-10,1.2441623603578603e-06,1.7219936031165193e-06,2.9486511904461214e-07,1.1115825182433979e-07,6.617372130746188e-08,1.811903298434907e-07,3.7989524050848923e-07
2022-10-11,4.1888879998642995e-07,1.7296507937010223e-06,4.2502057497183774e-07,1.1227541082795844e-07,6.683877826318305e-08,1.2873410583144664e-07,5.973446492412926e-07
2022-10-12,8.461974048319605e-07,1.1088733266429974e-06,1.0714460521993528e-06,3.780126582207434e-08,7.59493340464834e-08,2.0489507361093332e-07,5.241426872971912e-07
2022-10-13,4.273509150683555e-07,3.3458659657334265e-06,1.1884925937139277e-06,9.545293714894808e-08,8.523626393731318e-08,1.991354574133993e-07,5.249452724795291e-07
2022-10-14,1.294937589505094e-06,1.1218155136408883e-06,7.610542615698555e-07,1.1569470613916353e-07,6.026503184205939e-08,1.680702225920902e-07,5.162256292336268e-07
2022-10-15,1.7439359048575865e-06,5.642272772617573e-07,5.470508289093124e-07,1.5580994302215449e-07,2.6087445206316348e-08,1.2193310483676025e-07,5.570413449485015e-07
2022-10-16,0.0,1.295295009295215e-06,3.94760233965452e-07,1.377038766100391e-07,3.513283785258521e-08,1.976739601325639e-07,4.608905263064894e-07
2022-10-17,8.895828735282413e-07,3.2594233375385913e-06,1.3251267775046024e-06,3.951832927050742e-08,7.097185748628934e-08,1.2895571815093417e-07,5.609192315798413e-07
2022-10-18,8.985233300424145e-07,3.280935096889094e-06,1.0648102040972268e-06,7.939329132229696e-08,8.960642064037539e-08,1.4381432324857103e-07,5.790956499492486e-07
2022-10-19,9.075536396383637e-07,2.6422199619867262e-06,6.673472951888482e-07,5.981839762415446e-08,8.145628212566287e-08,1.5862300145938658e-07,5.28602572987216e-07
2022-10-20,9.166747053545741e-07,2.6599560706602326e-06,1.3013076986632062e-06,1.2019561729239489e-07,1.1884173342294222e-07,1.5830919228689527e-07,5.095751191769098e-07
2022-10-21,0.0,6.694895442893606e-07,8.705555182075522e-07,8.05109726655823e-08,1.5004514087551871e-07,1.0643176471903511e-07,6.109635276351953e-07
2022-10-22,1.8703855255427362e-06,7.541013041726218e-07,1.3104894403753794e-06,1.8202406617633634e-07,1.6670843157263373e-07,1.0641708604653845e-07,5.51210721322936e-07
2022-10-23,4.722958031465626e-07,1.5190812899976155e-06,1.2550448404925516e-06,1.6259257458970433e-07,1.5121095613698973e-07,1.4397059593767857e-07,4.5335170542845463e-07
2022-10-24,1.4311273646440107e-06,6.885503464702018e-06,6.301402328553667e-07,1.8382751846757076e-07,1.20707131107294e-07,2.2094621120676495e-07,6.836372343479027e-07
2022-10-25,9.63673622518272e-07,7.70647742277686e-07,1.5820526500321547e-06,2.052853038075123e-07,1.6562915616320778e-07,1.4515329856357443e-07,8.145958812992688e-07
2022-10-26,2.4333967585979656e-06,1.552633218898724e-06,2.701151971665771e-06,8.187218852367187e-08,1.5027506373411576e-07,1.3840491568907357e-07,7.166569380909686e-07
2022-10-27,9.83141121041579e-07,2.3461893267867468e-06,1.850026341906739e-06,6.122883210856367e-08,2.1427317976157615e-07,2.7861627209989046e-07,7.720865853601094e-07
2022-10-28,4.965109267876816e-07,3.151551261484333e-06,1.0139305805214095e-06,6.10596457586085e-08,1.4286497987276073e-07,1.0374518679914912e-07,7.971257429894874e-07
2022-10-29,5.01500944561013e-07,3.1751652450054546e-06,1.3584763700561867e-06,2.36843083988128e-08,1.4289545985484583e-07,1.6002262197017892e-07,6.743152895079626e-07
2022-10-30,0.0,3.9988709346213204e-06,1.3651811481862338e-06,1.1833001280318468e-07,1.786752868774955e-07,2.1661190997062704e-07,7.79494623584386e-07
2022-10-31,2.558159678329146e-06,4.029185203411689e-06,2.5725420854414147e-06,1.1825031671219435e-07,2.681236749210271e-07,2.4134993517002223e-07,9.586157423791916e-07
2022-11-01,2.117120476038955e-06,3.2493966523028468e-06,1.7254649088104727e-06,7.099282479155094e-08,1.8899014784531639e-07,2.502791884939143e-07,8.658315944654397e-07
2022-11-02,2.1383978905604596e-06,4.07986823877288e-06,1.385891128603681e-06,4.7306102456975386e-08,1.8953780246401755e-07,1.7004716455878454e-07,1.1027317257358402e-06
2022-11-03,5.399722866632562e-07,4.098398652390981e-06,2.435210610746825e-06,2.364419285129219e-07,1.9010441102091377e-07,1.9653999193805575e-07,1.0355907531855096e-06
2022-11-04,1.0907981967300844e-06,1.6469355637158659e-06,1.3411507857455036e-06,1.4182619347851229e-07,1.4301752263299977e-07,1.9745722949331485e-07,9.7561091604344e-07
2022-11-05,2.7544022521558273e-06,5.791367264914566e-06,2.1899257571513577e-06,1.4180141258680815e-07,1.4347103887175917e-07,1.763504114987302e-07,7.680215659227299e-07
2022-11-06,2.2256675640056016e-06,2.4938739421612493e-06,1.3524055648929428e-06,1.178270468403945e-07,2.8787780466793057e-07,2.2888452277514726e-07,1.001816476770724e-06
2022-11-07,2.2480358948976714e-06,5.011965463377415e-06,2.714599503367864e-06,1.4099763919358694e-07,1.6849135310741337e-07,1.9290824632882895e-07,8.898604206667788e-07
2022-11-08,3.4059435468789e-06,3.3472982043668097e-06,2.7246593391623537e-06,1.4061692206011827e-07,2.415297658584589e-07,2.9080217907003215e-07,1.0417818808379805e-06
2022-11-09,2.2934492324028516e-06,7.545646872956707e-06,1.709369776975823e-06,2.337504445600613e-07,2.9085810226102633e-07,2.398121592673345e-07,1.2259501916352055e-06
2022-11-10,2.8956234754844465e-06,1.0067347673280221e-05,3.0887971296792336e-06,1.8653018207400597e-07,2.9190957154451074e-07,1.506508648690084e-07,8.916321143282832e-07
2022-11-11,2.3397799801807236e-06,4.19784983018402e-06,1.5502298036191743e-06,1.6281882896441105e-07,2.9299023202840824e-07,2.4229471265273987e-07,1.168624639949527e-06
2022-11-12,4.1357665298630295e-06,7.562504252968532e-06,3.115072699267403e-06,2.0885146795625938e-07,1.7155844520480635e-07,1.7506756991655078e-07,1.1241444672798017e-06
2022-11-13,1.1935233355740752e-06,3.6856389875500306e-06,2.347497975871715e-06,1.3892355123369572e-07,2.460329681626584e-07,2.03582055226924e-07,1.1262188442756602e-06
2022-11-14,2.411036889030896e-06,1.846187179366007e-06,2.35892617904672e-06,1.3862668296744527e-07,3.4580986534841296e-07,2.4737341823443017e-07,1.1092803213132027e-06
2022-11-15,1.2176341063058749e-06,1.8497394852134295e-06,1.3812066302586956e-06,1.1528639790417848e-07,4.464104869849047e-07,2.3483657393793902e-07,1.3537243283208677e-06
2022-11-16,1.2298715325216306e-06,7.3307301121912905e-06,2.052393032045097e-06,2.531365952236336e-07,2.4902940631729443e-07,2.077971601338134e-07,1.2356277800596324e-06
2022-11-17,3.7266958407466036e-06,3.1512588224812826e-06,1.648711328405193e-06,1.6078900022725581e-07,3.0009346761602505e-07,2.525353376531889e-07,1.5245053399996746e-06
2022-11-18,1.8820748783089907e-06,2.107394197878308e-06,1.653801448963603e-06,1.8343674886320486e-07,3.0138165724813713e-07,1.889132165343592e-07,1.5735329544048696e-06
2022-11-19,2.9494500556280784e-06,2.1141599219450493e-06,2.6959675454482587e-06,1.6024136113263458e-07,5.0449997549521056e-08,1.8293042802720027e-07,1.4932621639552378e-06
2022-11-20,1.0426823825227422e-05,2.1211370637657913e-06,2.7047773353318544e-06,9.142376644549323e-08,4.30735493428936e-07,2.652938289488388e-07,1.6162094650511898e-06
2022-11-21,4.513549348640632e-06,2.1283263210605295e-06,1.975569374673295e-06,2.2822545817006634e-07,3.5633218484313336e-07,2.59772305277414e-07,1.7359754931911395e-06
2022-11-22,6.0785483649828115e-06,4.94557922532307e-06,1.5423457012169843e-06,1.3608466753401385e-07,3.324068945525561e-07,3.053484737920543e-07,1.9474849125348385e-06
2022-11-23,0.0,1.98348024087361e-06,2.8753988346759973e-06,1.3524766874614553e-07,3.3396714414580755e-07,2.7652787663586237e-07,2.0461406303017534e-06
2022-11-24,0.0,3.97785428258997e-06,3.108784979323179e-06,1.344241948378586e-07,2.3231131666046333e-07,2.1751961615012033e-07,1.9936732514011655e-06
2022-11-25,3.1318338612761375e-06,2.9918594041319015e-06,2.9782005751684336e-06,1.3361416346107604e-07,4.1500060760179846e-07,2.466341623122989e-07,1.7571188158103681e-06
2022-11-26,7.908273287154545e-06,2.000418189836642e-06,1.8383150589468698e-06,6.640874680599252e-08,4.431101205327318e-07,1.8979669995162628e-07,1.9901495465169948e-06
2022-11-27,6.390202204030168e-06,1.003231743535677e-06,2.3050939193041274e-06,1.1002842135244741e-07,3.6673939389283047e-07,2.0570284540831532e-07,2.2006620993559154e-06
2022-11-28,4.799631557831909e-06,6.038128296980495e-06,2.5406887485774303e-06,1.312639211544798e-07,5.002445469504158e-07,2.2125611580107037e-07,2.23708873471191e-06
2022-11-29,8.011819049661136e-06,1.0095783251014028e-06,2.7774853711771926e-06,8.700457545835009e-08,3.7049995678156825e-07,3.1839844729831846e-07,2.821724628702072e-06
2022-11-30,4.815032014910355e-06,5.064514463566089e-06,2.5490488449582808e-06,8.650857067709688e-08,5.054484754412806e-07,2.9739066858154935e-07,2.808120071161006e-06
2022-12-01,8.47395725934698e-06,2.018415092217755e-06,1.6247358531857006e-06,1.2906562565665924e-07,4.813612484302365e-07,2.3132327902091647e-07,2.523718154461552e-06
2022-12-02,3.3958403165552465e-06,7.061611848484918e-06,1.3945572116044707e-06,1.0695609171009028e-07,2.6885888555665096e-07,2.235471691911696e-07,2.4102176748374024e-06
2022-12-03,0.0,0.0,1.1824839236712435e-06,1.276418292855191e-07,3.5141826386073106e-07,1.860462129361425e-07,1.865788227970357e-06
2022-12-04,1.704687281239109e-06,4.0331703929466296e-06,1.4222542213465735e-06,1.2694911280822694e-07,2.718116297054242e-07,2.0068746082845445e-07,1.7979185236416236e-06
2022-12-05,1.7083263745103024e-06,6.0334484408902885e-06,2.8429147300320795e-06,1.2626909134800692e-07,4.0999304905349667e-07,2.0046508059919787e-07,2.085651146882941e-06
2022-12-06,0.0,1.0029574403721017e-06,1.894403540808745e-06,8.805214056223354e-08,1.9241117149119809e-07,2.6701699606007483e-07,1.8139994166501079e-06
2022-12-07,3.432234888463561e-06,4.001761748702641e-06,1.5832249435766722e-06,5.260306607196909e-08,2.211559939446743e-07,2.8900507990250715e-07,1.7951644015055884e-06
2022-12-08,0.0,1.9960469577132784e-06,1.9727228286908837e-06,1.0476021631408259e-07,3.892623384454244e-07,2.7396189696797077e-07,1.9565203225861316e-06
2022-12-09,1.7245949838128226e-06,3.982825294868772e-06,1.8378316637474356e-06,1.7387462765526478e-08,2.2224366973068673e-07,2.0717493907658053e-07,2.0934243907379375e-06
2022-12-10,1.7290922287656636e-06,3.9739549601595044e-06,1.60750465440155e-06,6.926651295788806e-08,3.053516703115124e-07,1.8486435642437926e-07,1.7371246058494377e-06
2022-12-11,1.7337623843822962e-06,9.887559398219325e-07,1.836648405519001e-06,1.0348515234403237e-07,2.774080274225657e-07,1.1086174515776209e-07,1.636406444979988e-06
2022-12-12,1.7386059176821738e-06,1.9682440320438735e-06,2.750285855546312e-06,8.590073654392085e-08,2.2118763313432744e-07,2.1443084166606987e-07,2.212105919269103e-06
2022-12-13,1.7436233130226627e-06,0.0,1.1441142223714956e-06,1.711448725594399e-07,1.9945488859968262e-07,2.634437835454643e-07,2.085402946912554e-06
2022-12-14,6.995260288589912e-06,2.925446861796624e-06,1.8278246676923149e-06,1.3640430932873223e-07,2.442743759298864e-07,2.465615902858809e-07,2.0350953772734844e-06
2022-12-15,1.754181714236859e-06,3.883235673315153e-06,2.281561704475248e-06,6.001756543723997e-08,8.90163572085595e-08,2.2155236087614754e-07,2.2362762346510266e-06
2022-12-16,3.519447551918973e-06,9.66565964426211e-07,1.8206098681233712e-06,3.597770345859704e-08,1.776822286637552e-07,2.1215247630027695e-07,2.1864712247120756e-06
2022-12-17,1.7654418115261515e-06,3.2476472624186365e-06,1.5891333807742192e-06,3.594846545517747e-08,2.438555780118244e-07,2.1097945014424364e-07,2.3592810358394456e-06
2022-12-18,1.7713363927451753e-06,3.2391190634376156e-06,1.5853920416028483e-06,4.745436299658156e-08,2.655517934967274e-07,1.694760755496104e-07,2.420773382647809e-06
2022-12-19,3.554816218159185e-06,1.0769715930207381e-06,9.038909959753158e-07,8.221882234201692e-08,2.871980317614506e-07,2.16723368424019e-07,2.1363335147592727e-06
2022-12-20,1.7836575677060957e-06,3.2230335888571564e-06,3.6077362892645284e-06,6.977205547779962e-08,2.6468646825595856e-07,2.075865017243873e-07,2.7945762959691556e-06
2022-12-21,3.580170787151512e-06,9.933244364553511e-07,2.0251515213355368e-06,8.05907805804888e-08,1.9653959541934965e-07,3.25630176773546e-07,2.179192155215777e-06
2022-12-22,1.7966922294765166e-06,9.91693084463879e-07,1.529848535726645e-06,7.978888891542861e-08,2.3782488127451273e-07,1.8172522808809357e-07,2.3133272837511555e-06
2022-12-23,1.8034787360974733e-06,1.9803218052145337e-06,1.3091279776119775e-06,5.642498300410781e-08,1.9264785068229296e-07,1.33633335302541e-07,1.7274608711935517e-06
2022-12-24,0.0,1.9774554753321048e-06,2.2860095574873163e-06,2.234541801700663e-08,1.0596165141118817e-07,2.0335270983873894e-07,1.940281124502657e-06
2022-12-25,0.0,9.873934463225472e-07,7.066783719708205e-07,1.1061538696396538e-08,2.5177755687224194e-07,1.5565027688410058e-07,1.8203840514877286e-06
2022-12-26,1.8249231570898053e-06,2.958473685439514e-06,1.1420877277862913e-06,4.478780862315389e-08,2.2849963429620696e-07,2.0135824476453922e-07,2.102077627298533e-06
2022-12-27,0.0,0.0,2.1845971515387017e-06,3.547372998507445e-08,2.262260249467054e-07,1.8497655283571375e-07,2.349990413841154e-06
2022-12-28,1.840130715680136e-06,1.8109641276473908e-06,1.7001472101585364e-06,8.78019011854646e-09,3.461432411454321e-07,2.7615368170115683e-07,2.5369374843896418e-06
2022-12-29,3.696020264219054e-06,1.8106462478547528e-06,2.187428552474721e-06,4.346412883576505e-08,2.015876813820196e-07,2.3669374005995286e-07,2.4722339642333565e-06
2022-12-30,5.568223053276426e-06,2.2237409994334295e-06,1.459448195806289e-06,2.5818992116740965e-08,2.195400354819636e-07,2.3306191736185768e-07,2.183116289846412e-06
2022-12-31,3.7286483581132018e-06,3.3439260437843656e-06,1.9420587201594537e-06,1.1911017173687853e-08,1.580767822765124e-07,3.2711007389814643e-07,1.9508156603572654e-06
2023-01-01,3.614221853265008e-06,5.3786798434473584e-06,1.0077977111879523e-06,3.521046236235327e-08,2.7065149360193536e-07,2.727705390324314e-07,2.300048098748548e-06
2023-01-02,5.446296505405307e-06,2.6948755529126772e-06,1.035043327815018e-06,5.843906699696912e-08,2.870983566906001e-07,2.8057236099910317e-07,2.1546126928047507e-06
2023-01-03,1.8239349550340798e-06,6.751701684756763e-06,2.5853170045346335e-06,8.14798236169146e-08,2.2739334424895038e-07,3.13802786677701e-07,2.2782319342974187e-06
2023-01-04,2.260360076414354e-06,8.120267595632092e-06,2.513323223565317e-06,3.477990063785752e-08,1.6884805700200548e-07,2.284461402807956e-07,2.328948099725818e-06
2023-01-05,4.547054758799712e-06,4.058000688549686e-06,1.2549573744982483e-06,1.1547784962504354e-08,2.414648755475747e-07,3.169517081529273e-07,2.075219277813191e-06
2023-01-06,2.286922037017911e-06,3.180058953263676e-06,1.3145566103690588e-06,2.300684900101794e-08,1.8389404607087683e-07,2.970284239169214e-07,2.7049216019244484e-06
2023-01-07,2.3005453887454417e-06,4.775940715289368e-06,1.022990046199637e-06,2.2920428781099708e-08,2.7309640460990026e-07,2.672498920773506e-07,1.8920447232357468e-06
2023-01-08,2.286470057789143e-06,0.0,1.5768787111374168e-06,2.2836300623160015e-08,1.4420215999014785e-07,2.6720092784138873e-07,2.6274608311388183e-06
2023-01-09,6.817870127232061e-06,3.1927191421501155e-06,1.3141929753543637e-06,0.0,1.0707549339338763e-07,2.86969697544648e-07,2.7889119043326545e-06
2023-01-10,4.518007915860663e-06,4.796365739577868e-06,2.100326668488845e-06,5.668721767509854e-08,1.943518031266782e-07,2.869745031352196e-07,2.327484887126285e-06
2023-01-11,8.98244176957978e-06,1.6013774688338347e-06,8.082202707906273e-07,4.806123088540833e-08,1.74925427613108e-07,3.4428928152279594e-07,2.2601298074445017e-06
2023-01-12,0.0,0.0,1.3461660462181224e-06,1.0521672383329073e-08,1.9050337957954568e-07,2.26767834315486e-07,2.4915300676496845e-06
2023-01-13,0.0,8.936238679806009e-06,2.1526926808186077e-06,2.1085925878954013e-08,2.0575400648878237e-07,2.8154477677959116e-07,2.4866097380075975e-06
2023-01-14,2.206772027982156e-06,1.7932835918901329e-06,8.063014287262852e-07,4.2261231202818884e-08,1.8673115992432386e-07,2.81185218886647e-07,2.0604790739405642e-06
2023-01-15,0.0,3.598997555345322e-06,1.040317030699625e-06,4.2354836806067825e-08,1.5125985314089047e-07,2.3555478301605623e-07,1.7710021519867374e-06
2023-01-16,2.181985304424377e-06,1.8058939148325433e-06,5.197941498612336e-07,1.0613169482073302e-08,3.3278842767791605e-08,2.4435037122840006e-07,2.271856415489442e-06
2023-01-17,0.0,1.812469642888826e-06,1.0396419152956891e-06,4.2554764353688755e-08,1.1531699462365873e-07,2.375355021012456e-07,2.3913695056593126e-06
2023-01-18,0.0,3.6384532388395883e-06,2.5994987398170294e-06,3.1995829718236564e-08,1.6309938765086718e-07,2.629104963070768e-07,2.6100436047457064e-06
2023-01-19,3.470941485767527e-06,3.6523310402574617e-06,1.518114986168266e-06,2.1385857187227783e-08,1.6147652162833216e-07,2.628615494136409e-07,2.8442182038664722e-06
2023-01-20,0.0,5.150020835627346e-06,2.2786215194180357e-06,5.360824958126213e-08,2.5579168542803874e-07,3.00919957291231e-07,2.8306826340486203e-06
2023-01-21,0.0,0.0,2.02693193211953e-06,3.225433023845197e-08,1.1079535058919655e-07,2.2037291862272206e-07,1.8623766237718877e-06
2023-01-22,3.4280041568911776e-06,1.0402658827156497e-05,2.0258290314373618e-06,7.547618443878146e-08,2.1938583686202963e-07,2.6827394914268533e-07,2.6310171481041082e-06
2023-01-23,0.0,3.4851750752023494e-06,8.021728517153294e-07,5.407129476370186e-08,2.637463923076405e-07,2.29423297974706e-07,2.7558004264148344e-06
2023-01-24,5.101643508814951e-06,1.673830579525049e-06,1.478753326041613e-06,2.169457455540973e-08,1.2288097499111641e-07,2.538456724659016e-07,2.769324974720901e-06
2023-01-25,1.6940761315766259e-06,1.743249200806327e-06,7.402521202117238e-07,4.352560136174624e-08,1.824874332913357e-07,2.7842498591010424e-07,2.864495616866503e-06
2023-01-26,1.6877738359064938e-06,3.7458372345130063e-06,2.2236048096946227e-06,4.3666406209080666e-08,1.0539179757831628e-07,2.1540917079610033e-07,2.487565063467838e-06
2023-01-27,3.3632806380528713e-06,3.769979831335001e-06,1.237042011715585e-06,5.4764472166780984e-08,1.343217445888764e-07,3.2008132378983204e-07,2.805040602088068e-06
2023-01-28,0.0,5.691749143922685e-06,1.6585147078219366e-06,2.1980565226026004e-08,1.7792936958033302e-07,2.0869547302699827e-07,2.335430368875976e-06
2023-01-29,0.0,1.9890120231847616e-06,2.3707625394739374e-06,1.3234523796107653e-07,9.943194948615314e-08,1.9968185403871788e-07,1.9038634887418024e-06
2023-01-30,0.0,4.08735303356763e-06,2.60970097488931e-06,2.2136719866680202e-08,8.781206387660252e-08,2.87358042683901e-07,2.4922451885889145e-06
2023-01-31,1.6587820241649522e-06,4.118567151834118e-06,9.077776286997809e-07,8.887245505445992e-08,1.1996731165920442e-07,4.31682518472392e-07,1.8394730091953207e-06
2023-02-01,1.6906404697328954e-06,6.2275737862526164e-06,2.0503756266552107e-06,3.350957959570353e-08,5.4267780776005684e-08,2.514917938178185e-07,2.703210364284141e-06
2023-02-02,3.3707839604273017e-06,0.0,1.8253140448565477e-06,5.6064279711101104e-08,1.5099330935732526e-07,3.601743624669818e-07,2.5768078710598834e-06
2023-02-03,1.6803120312969259e-06,6.3243596283561245e-06,1.8282545100562717e-06,4.502789325657692e-08,1.0717995142757034e-07,2.0763868211367556e-07,2.6059720718054577e-06
2023-02-04,0.0,4.249132517267998e-06,9.392643882855541e-07,1.0692213188161889e-07,1.181613523758427e-07,2.1729774936954974e-07,2.5392564654334224e-06
2023-02-05,1.6706557400779341e-06,4.27467940699891e-06,1.412741723145821e-06,1.2919276548558086e-07,7.055932513534966e-08,3.306121180723982e-07,2.1668102927506163e-06
2023-02-06,0.0,6.629499889744696e-06,2.597334921890343e-06,1.8387792399615025e-07,9.363852644867581e-08,2.3848186216963723e-07,2.6168719546598272e-06
2023-02-07,0.0,2.223633561066705e-06,1.1840468577287828e-06,7.429037114216059e-08,6.9905487485672e-08,2.652991363889641e-07,2.5245725368172113e-06
2023-02-08,0.0,2.2376561907609853e-06,3.08777387997681e-06,7.503700178488416e-08,1.0051754662710289e-07,2.493918731273829e-07,2.735220689053212e-06
2023-02-09,1.6533444160326644e-06,4.503805175878122e-06,1.191282580699975e-06,1.199444451967548e-07,2.5787164014392467e-08,2.5926788542381926e-07,2.2707528919235702e-06
2023-02-10,0.0,4.532748354505046e-06,1.6731105330773958e-06,1.2114990691180002e-07,2.8216856764810964e-08,2.605701049618422e-07,2.6237131360081317e-06
2023-02-11,0.0,2.281072405872361e-06,9.935390363245197e-07,1.2236748371849504e-07,2.1923416069144114e-08,1.9205881326683605e-07,1.971458234232073e-06
2023-02-12,1.6420985215053555e-06,2.295998743633687e-06,2.0429975487070813e-06,4.943891895021403e-08,1.1071875031847373e-08,2.193773737913228e-07,1.7704814368961789e-06
2023-02-13,0.0,4.622309366365429e-06,1.4631130849215674e-06,1.997431533844973e-07,2.012966860653444e-08,2.822758836009643e-07,2.9328795892255834e-06
2023-02-14,0.0,4.653083480252058e-06,8.802531114052149e-07,1.7653177976868886e-07,2.7109300185838725e-08,2.926449864655209e-07,2.670118706349197e-06
2023-02-15,3.2646612529847545e-06,1.4529020018814344e-05,2.4646769720429892e-06,2.8019507002304675e-07,4.563625530373546e-09,2.05063980373682e-07,2.733406349048489e-06
2023-02-16,1.629401548097222e-06,0.0,6.172301541883245e-07,1.02913119015614e-07,2.074270828258519e-08,2.868643892587318e-07,2.627418474397825e-06
2023-02-17,1.6266354112147157e-06,2.455049814641641e-06,1.8550583666870424e-06,6.205591651198018e-08,1.8623267525869622e-08,2.8845105771901666e-07,2.6043982067052325e-06
2023-02-18,0.0,0.0,1.8586117781916673e-06,1.2535917768297353e-07,9.405217238078888e-09,2.2577850514720808e-07,2.412575752109766e-06
2023-02-19,0.0,2.474035984204126e-06,1.1574095434802585e-06,1.2618018825276125e-07,1.8999482485568954e-08,2.8957081534732603e-07,2.9472329657505724e-06
2023-02-20,3.2386239295804942e-06,7.428386713691567e-06,3.2829654251285186e-06,9.526036270989353e-08,3.118444949597518e-08,2.62970279420095e-07,2.694484493770997e-06
2023-02-21,1.6171949903361029e-06,9.602794524568001e-06,2.24217560207097e-06,2.237552574736991e-07,2.4229121864490406e-08,3.271572058081163e-07,2.756663478220242e-06
2023-02-22,4.845719210185977e-06,0.0,3.851415880843779e-06,9.653944757279601e-08,1.9578102870024963e-08,3.0968452664053337e-07,3.130454322409658e-06
2023-02-23,1.5991678328132593e-06,5.296162640482262e-06,2.894615477201199e-06,2.267846905914988e-07,7.415574778147404e-09,3.469380066835776e-07,2.5160025010808758e-06
2023-02-24,1.5832558470137844e-06,5.075369479831334e-06,3.153155710142428e-06,9.785714950193738e-08,1.997360678318114e-08,3.277680484101801e-07,2.7099840704769684e-06
2023-02-25,1.5675021881183956e-06,0.0,2.8414974588033376e-06,1.6421774329240804e-07,1.5130758651469187e-08,2.5424837068040193e-07,2.1896151724876167e-06
2023-02-26,0.0,2.6579774771274663e-06,3.7939185741230566e-06,1.3228532746087856e-07,1.2735687753355562e-08,1.9925043449984936e-07,2.3209802530981857e-06
2023-02-27,0.0,5.319216327328716e-06,1.5819792801883863e-06,9.990726669811121e-08,2.0581893669133725e-08,3.884741518899448e-07,2.943434270346984e-06
2023-02-28,1.3446455301715024e-06,2.6615048132339635e-06,9.929193750613264e-07,1.6768421435081608e-07,1.8190151996989964e-08,3.51492597618277e-07,2.4299451300006203e-06
2023-03-01,7.019947946451556e-07,5.277634520666097e-06,2.653249333543112e-06,1.0150566133501782e-07,5.258967771493255e-08,3.106916406456934e-07,3.2541896128756022e-06
2023-03-02,0.0,7.923671306797928e-06,1.6605569656907362e-06,2.0446082996111808e-07,1.5935463828861052e-08,3.404334349181595e-07,2.478883918074031e-06
2023-03-03,0.0,7.931683206330473e-06,2.660798647995837e-06,1.3695744580771402e-07,3.2191235805809646e-08,3.50146526318339e-07,3.093541093348539e-06
2023-03-04,6.812477130376933e-07,2.639131131475496e-06,1.9987291747264766e-06,2.0643205125009254e-07,3.251476310430388e-08,3.8986838567163884e-07,2.420915392594711e-06
2023-03-05,1.3489383700699386e-06,1.0538527104613065e-05,3.0455810793928994e-06,2.420233400267274e-07,1.91575661119525e-08,2.874465719040678e-07,2.5298656851865248e-06
2023-03-06,0.0,0.0,2.0349237842697314e-06,1.7373820676002588e-07,3.317160488966334e-08,3.338657183121794e-07,3.116668524180016e-06
2023-03-07,0.0,1.313211519017864e-05,2.039663676351732e-06,1.3969597854456387e-07,3.908914923813021e-08,3.896152181404431e-07,3.5761448363869077e-06
2023-03-08,0.0,5.245425668719537e-06,2.458545101810407e-06,1.4041536139537517e-07,5.181595487287384e-08,3.9079592356088723e-07,3.349952509960718e-06
2023-03-09,0.0,1.5715589424917072e-05,2.8152504149774077e-06,2.1172317884900884e-07,8.088401235532025e-08,4.630241132666072e-07,2.950687476989946e-06
2023-03-10,0.0,2.616078902619066e-06,2.115762395026424e-06,1.418963253995176e-07,3.844560479714312e-08,3.809188114754551e-07,3.686169579572924e-06
2023-03-11,0.0,2.6131545111556216e-06,2.4736816496261754e-06,1.4265805465048326e-07,2.426999346812894e-08,5.123574719885536e-07,2.6821692017733808e-06
2023-03-12,1.2577417996872137e-06,5.456787893856281e-06,2.5167871583923202e-06,9.191762675216703e-08,3.9222257532184486e-08,3.339856456388749e-07,3.3030346023745486e-06
2023-03-13,6.226135298398527e-07,1.3635884321668958e-05,1.8568369974880274e-06,2.775474465772935e-07,6.437672763242697e-08,4.1797071103220474e-07,3.709398090071186e-06
2023-03-14,6.164184217079288e-07,1.3631162508492657e-05,1.8606868863775716e-06,2.3280813989502833e-07,5.0018249616511404e-08,4.5437269064396323e-07,3.5978954610231514e-06
2023-03-15,0.0,1.3627803822926544e-05,2.237667414607597e-06,2.8122002638037085e-07,4.041675310593197e-08,3.831528816486852e-07,3.7303784640328794e-06
2023-03-16,0.0,1.3616185059779715e-05,2.6165233898630142e-06,2.8309840712369644e-07,3.0617211170734625e-08,4.6577574100929215e-07,4.077750276402348e-06
2023-03-17,1.1964010082869605e-06,1.3586682187846626e-05,3.3720382935470515e-06,9.500169931455021e-08,8.24664513564047e-08,3.84585663267201e-07,4.231436857427273e-06
2023-03-18,5.922483096759212e-07,1.0846830396363675e-05,2.629131783040818e-06,1.434701447554521e-07,4.1153901789035116e-08,4.54492221165988e-07,3.0322541336294447e-06
2023-03-19,0.0,8.119049800896555e-06,2.5621858426469556e-06,1.9260278356415102e-07,8.729222331422635e-08,3.959621051605894e-07,3.909922512374826e-06
2023-03-20,5.805210074125063e-07,5.3973936138738015e-06,5.139760895273447e-06,2.4241412653319813e-07,4.100759276321331e-08,5.284956277828557e-07,4.6336194295414294e-06
2023-03-21,5.747447268766514e-07,1.0749857617773649e-05,3.289553875468479e-06,2.4409901522587324e-07,5.117574124441779e-08,4.257740483461761e-07,3.937499052610358e-06
2023-03-22,0.0,1.0706003002519715e-05,4.953581784238358e-06,2.458083140234875e-07,6.131653098190798e-08,3.877319299506064e-07,3.4107662193480907e-06
2023-03-23,0.0,1.0663218996487732e-05,4.144440097983685e-06,2.47542193857345e-07,5.10235868122584e-08,5.060965114485103e-07,5.053328508981514e-06
2023-03-24,1.115516906256007e-06,7.966125990931083e-06,3.329047858585798e-06,4.986016562337484e-08,4.076413349930227e-08,6.411117143962952e-07,4.244537894252208e-06
2023-03-25,1.104417327583146e-06,2.6452114512446403e-06,2.9250169780516325e-06,1.5065063560017982e-07,3.562428974660323e-08,3.8832167305133735e-07,3.767860568623521e-06
2023-03-26,1.0934281915633945e-06,2.6353120955283948e-06,4.1916273652124303e-07,1.658970613107691e-07,3.050016440569598e-08,4.339216851980238e-07,4.561710812327156e-06
2023-03-27,0.0,1.0040433558885102e-05,1.7392746375317078e-06,2.215471666617152e-07,5.078045559360155e-08,5.092795849096916e-07,4.79727282503305e-06
2023-03-28,5.358884313633219e-07,2.499960483016213e-06,3.927146595117459e-06,2.2192040647702766e-07,4.058590554580241e-08,7.048262788065509e-07,4.9308960038016e-06
2023-03-29,5.305562523793593e-07,0.0,3.5033937544184167e-06,2.7789479814740273e-07,2.5344690775687422e-08,4.054129901314248e-07,5.5991846205276696e-06
2023-03-30,1.575831388388299e-06,0.0,3.0767982679822843e-06,2.2273350232793225e-07,3.545601510562516e-08,4.5107368797894595e-07,4.672791351355145e-06
2023-03-31,0.0,4.942025634790596e-06,1.8220631710361645e-06,1.1125697664088671e-07,5.061858393763611e-08,4.818491794973658e-07,4.8839754121644535e-06
2023-04-01,0.0,2.4646212553165974e-06,3.657395755586707e-06,5.5660767824503174e-08,6.078443436934202e-08,4.3756393211522775e-07,5.368149513867094e-06
2023-04-02,0.0,0.0,2.2939474965773543e-06,5.5616937161028796e-08,1.0126184365771892e-07,4.0806273030070524e-07,4.091598177666872e-06
2023-04-03,0.0,4.8940634164902175e-06,2.8199427392787145e-06,2.7789334118809066e-07,5.061321148430939e-08,5.298989085233984e-07,5.038401594677719e-06
2023-04-04,0.0,2.4386044261273806e-06,2.3180286964304897e-06,2.2218382890938777e-07,8.602095625524542e-08,6.415414097740352e-07,4.778811618318075e-06
2023-04-05,0.0,7.2912630194533276e-06,2.364657709352177e-06,1.1103760171817386e-07,5.565227098230722e-08,7.992317979108166e-07,4.557129277064627e-06
2023-04-06,4.97248327058768e-07,4.839823306669785e-06,1.377955614036087e-06,3.884803749202506e-07,6.070853289239522e-08,6.480588775843573e-07,4.3249709811611656e-06
2023-04-07,4.923006235365854e-07,0.0,1.925484947542958e-06,2.774057087057995e-07,4.5533676258251364e-08,7.808247399470025e-07,4.239091239904067e-06
2023-04-08,4.87402150487008e-07,2.39961789983704e-06,1.4466849389736536e-06,5.530552155552579e-08,6.072067500370265e-08,5.268817691529682e-07,4.851687706535153e-06
2023-04-09,0.0,4.316872740265208e-06,1.932534449319415e-06,2.2054172787254122e-07,5.5674532632740325e-08,7.971057999653762e-07,5.01458166067236e-06
2023-04-10,0.0,8.604765380979401e-06,5.809046705188023e-06,1.5499773027270003e-07,5.5694014011745416e-08,7.820639006007058e-07,5.923907321136632e-06
2023-04-11,0.0,1.9127663413204143e-06,3.3200499640128956e-06,5.153971598500481e-08,6.584980390012051e-08,8.668214325646568e-07,6.1945780535054405e-06
2023-04-12,0.0,1.9082532750050547e-06,2.804738892911042e-06,1.0283735178731603e-07,6.588599445798876e-08,5.674583959971418e-07,6.176917720416885e-06
2023-04-13,4.6363126710816703e-07,3.7924482054191214e-06,2.8064886706237414e-06,1.0260555542549924e-07,4.057155302782029e-08,6.316600690172743e-07,4.385125038865941e-06
2023-04-14,0.0,5.653153663213587e-06,4.752389378015438e-07,0.0,4.180794776562418e-08,6.556137235755944e-07,5.462438886506481e-06
2023-04-15,0.0,3.7454668922505267e-06,9.513920693825131e-07,2.554318061781285e-07,6.292187214092149e-08,5.941432156885677e-07,5.22662061518667e-06
2023-04-16,0.0,0.0,1.856728791817456e-06,5.0985821297582106e-08,4.910742267904346e-08,7.332519477305193e-07,4.8419264987028785e-06
2023-04-17,0.0,0.0,3.2539784999408653e-06,2.0356151993662633e-07,4.928052225389442e-08,5.828468165477164e-07,5.468153944536137e-06
2023-04-18,0.0,0.0,1.8342465475931451e-06,1.0160005550227657e-07,9.891709984407605e-08,8.607409090623751e-07,6.747152134412771e-06
2023-04-19,0.0,3.176032660626809e-06,3.6714344323497413e-06,2.535737778161429e-07,8.509975454809616e-08,7.485360005119493e-07,5.522072191210153e-06
2023-04-20,0.0,3.151334741203836e-06,1.8359704330792462e-06,2.025382195725506e-07,9.254042802542114e-08,9.307330870452597e-07,5.317623544949491e-06
2023-04-21,0.0,1.563475978940552e-06,2.2604550917855447e-06,4.550347594865847e-07,1.071908185503745e-07,4.977331943810497e-07,5.3240713203779365e-06
2023-04-22,0.0,7.150042108954998e-06,3.1662112394780515e-06,2.8806376273793816e-07,4.304597572780842e-08,7.206413349813058e-07,4.379369299049725e-06
2023-04-23,0.0,7.130710639172783e-06,4.073273966852752e-06,4.7970258480926e-08,3.6016607224092997e-08,7.648755422761529e-07,4.829135438372318e-06
2023-04-24,0.0,0.0,4.5255110402454145e-07,1.438040607140572e-07,9.402944121761311e-08,6.679465806675685e-07,6.310866361838774e-06
2023-04-25,0.0,1.7735462671930368e-06,4.978176139416038e-06,3.353273618595716e-07,7.263469744235723e-08,6.920812642970765e-07,6.620023445369542e-06
2023-04-26,0.0,5.307740486674687e-06,2.263085434692981e-06,2.3938960600140674e-07,6.565168711514146e-08,5.936848877498322e-07,5.289386509790493e-06
2023-04-27,0.0,1.7651243167473545e-06,3.1076833198089153e-06,2.3928360697749726e-07,2.9058924762422493e-08,6.972315467461544e-07,4.899668542399445e-06
2023-04-28,0.0,0.0,1.8611663864140025e-06,1.9136122921095138e-07,7.235556958701886e-08,6.574009092452105e-07,4.583581711450273e-06
2023-04-29,0.0,1.7574084395636753e-06,4.6543120248863925e-07,1.4348603184172073e-07,7.207106288523668e-08,8.027292399504539e-07,4.56407767603997e-06
2023-04-30,0.0,3.5076286058601116e-06,5.121790870700759e-06,9.564366033198943e-08,1.0051126868972344e-07,6.198664195936852e-07,5.333964139777785e-06
2023-05-01,0.0,0.0,1.3977799294001431e-06,1.9022270835013777e-07,6.446431385126186e-08,5.415543383690675e-07,4.328359348952276e-06
2023-05-02,0.0,1.7408170276194201e-06,1.8613198384169467e-06,1.8891071070563215e-07,6.42273008862393e-08,5.630519591039341e-07,4.616181020834201e-06
2023-05-03,0.0,0.0,1.3522519287266764e-06,1.4071320321721744e-07,3.555372816934906e-08,8.46822476124269e-07,4.3379259631668645e-06
2023-05-04,0.0,1.7271322544394333e-06,2.251932818356403e-06,2.7951488968558767e-07,4.960084908163665e-08,7.278443113250889e-07,5.151401735037786e-06
2023-05-05,0.0,3.325309714086858e-06,1.8002700938614388e-06,1.3881566232931948e-07,4.23698047306517e-08,5.863668972671872e-07,4.315752535576503e-06
2023-05-06,0.0,1.5410311545283676e-06,2.2489674519342144e-06,4.5962587165919385e-08,4.926697180829553e-08,6.471430655396512e-07,5.028286102092056e-06
2023-05-07,0.0,3.3092840514545167e-06,8.991288740643877e-07,1.3697364955725344e-07,3.61017691970984e-08,6.877831356201429e-07,5.51871473862123e-06
2023-05-08,0.0,6.605863296505072e-06,2.6962820429753184e-06,9.071549006389968e-08,8.246068154838153e-08,6.06261576658526e-07,4.638200909526531e-06
2023-05-09,0.0,4.7137866290898e-06,2.2462059118405664e-06,1.802485707618e-07,4.6356344797650515e-08,7.482076710719021e-07,5.733928833893546e-06
2023-05-10,0.0,0.0,4.4774516651849916e-07,3.133973262053977e-07,5.6629456763545836e-08,6.365314087064797e-07,6.544550732169778e-06
2023-05-11,0.0,0.0,4.4629392555865916e-07,1.334532829591848e-07,2.573037353057975e-08,6.178203653263827e-07,5.1748830669966465e-06
2023-05-12,0.0,4.356006972831206e-06,2.2244365718164394e-06,1.7680902874075162e-07,4.115625272753039e-08,5.632789851899293e-07,5.1673153788264375e-06
2023-05-13,0.0,0.0,1.3305755768102812e-06,4.392450697986804e-08,2.571751466606433e-08,6.984482468926337e-07,4.970668277999644e-06
2023-05-14,0.0,2.902380456613874e-06,8.844148461314638e-07,1.309534477855502e-07,4.62868976705762e-08,6.326249321274319e-07,5.018800434907954e-06
2023-05-15,0.0,2.9020037546876194e-06,2.5614282505334837e-06,1.6644083469695298e-07,4.62868976705762e-08,6.32380563970416e-07,5.046648443739084e-06
2023-05-16,0.0,2.9019172555551786e-06,1.2760427576550793e-06,1.3182777657663284e-07,7.7152543998193e-08,6.602214410219767e-07,5.8040136517855615e-06
2023-05-17,0.0,1.393166054692795e-06,2.9668309892259606e-06,9.788705121241336e-08,5.1445315909412986e-08,6.402161835498605e-07,5.138067512377014e-06
2023-05-18,0.0,0.0,1.6894431787588725e-06,9.691305877904615e-08,4.11685976489276e-08,6.202728567335012e-07,5.51169177297105e-06
2023-05-19,0.0,1.3949514825059408e-06,2.1046541367501116e-06,9.594875773231798e-08,5.1481324330496216e-08,7.604882552036927e-07,4.845898731798408e-06
2023-05-20,0.0,1.3960533927574865e-06,2.5144541562341364e-06,2.6700360815308115e-08,8.75619846177843e-08,6.606236047536253e-07,5.052768112280975e-06
2023-05-21,0.0,2.7945898190233797e-06,2.5035747958791476e-06,5.286937557247721e-08,5.153792596773845e-08,5.407275774438848e-07,4.8254743219323556e-06
2023-05-22,0.0,1.3986761569212605e-06,1.2212203977551462e-06,2.6171658247976692e-08,4.125916479668389e-08,8.014800089258871e-07,5.528390655832292e-06
2023-05-23,0.0,4.200591819336273e-06,7.252777599927639e-07,7.773373769204809e-08,5.161514346254929e-08,5.81422648658055e-07,5.420471092754949e-06
2023-05-24,0.0,1.4018584101970675e-06,2.164506265908169e-06,5.13068493858091e-08,5.166149248660274e-08,8.408923658792292e-07,4.843476011253272e-06
2023-05-25,0.0,0.0,1.7930946380092181e-06,7.619450655692086e-08,2.0685203081182495e-08,5.79382017746564e-07,4.829698214258895e-06
2023-05-26,0.0,1.3284088647413305e-06,2.054961039163995e-06,5.02909056995196e-08,4.659272483685692e-08,5.383295535583755e-07,4.298510553356865e-06
2023-05-27,0.0,1.331259196105748e-06,0.0,9.958100565380893e-08,6.738102518674844e-08,3.578153578672247e-07,3.98765343999677e-06
2023-05-28,0.0,1.334242654499162e-06,3.3728369291545146e-07,1.9683216457900033e-08,4.670874414695072e-08,6.127239732838288e-07,4.446912036104732e-06
2023-05-29,0.0,0.0,6.694590169635734e-07,1.169241910907569e-07,6.236500953983455e-08,7.065363628402506e-07,4.983609829740669e-06
2023-05-30,0.0,1.3406101591089325e-06,3.322087972779124e-07,3.8586925316886605e-08,5.7253102594715937e-08,7.399338977307468e-07,5.172592841474087e-06
2023-05-31,0.0,0.0,6.426076146012906e-07,1.1460893698462544e-07,5.213091375989766e-08,4.636758356651609e-07,4.0106838858449606e-06
2023-06-01,0.0,1.3690778047711078e-06,8.93771408292689e-07,1.894722578711386e-08,6.798360694124531e-08,5.560734790103783e-07,4.419358502201166e-06
2023-06-02,0.0,0.0,2.0705585344320625e-06,3.7517395481080046e-08,5.76271212182546e-08,4.7566593225792935e-07,4.41043322232151e-06
2023-06-03,0.0,0.0,2.347682177216237e-06,7.428818231749018e-08,4.1493615841146274e-08,5.286464318278346e-07,4.547547245991304e-06
2023-06-04,0.0,1.1500023252247401e-06,1.1646232569135518e-06,5.516175191471928e-08,5.135093433147338e-08,7.306926964217839e-07,4.159992812512732e-06
2023-06-05,0.0,1.0387806182900329e-06,0.0,5.461288331248067e-08,5.592398239751364e-08,5.391988620266324e-07,5.48388951273471e-06
2023-06-06,0.0,0.0,5.732680366343183e-07,5.406947604408421e-08,6.54343530162043e-08,7.380911029153498e-07,4.479211909996671e-06
2023-06-07,0.0,1.0542978044980796e-06,8.532486844386377e-07,7.137530102446693e-08,5.481661335207321e-08,6.592801025191254e-07,5.1977096426371994e-06
2023-06-08,0.0,3.1866424591245156e-06,1.3409804407535736e-06,5.299882868480273e-08,5.920492247554093e-08,6.179916886977516e-07,3.794785865955692e-06
2023-06-09,0.0,0.0,1.533908866256254e-06,8.745246921381597e-08,4.396186774053127e-08,3.4069847576712455e-07,3.947100659742128e-06
2023-06-10,0.0,3.2350989578807504e-06,5.075225704853996e-07,1.7316460521218546e-08,5.3196537591774954e-08,4.39697581902958e-07,3.979291635235452e-06
2023-06-11,0.0,1.0787673090227607e-06,7.986321047821725e-07,1.542974297414081e-07,4.7879293817061976e-08,4.869000902909441e-07,4.006859464701058e-06
2023-06-12,0.0,0.0,2.6451493575228626e-07,3.394714325853445e-08,5.6883464260331734e-08,4.334083024388829e-07,5.022065733902323e-06
2023-06-13,0.0,0.0,1.513935167167409e-06,3.3609363539371225e-08,4.693122027834848e-08,6.123910282126614e-07,3.975708370572141e-06
2023-06-14,0.0,0.0,5.015684100941753e-07,3.3274944784569827e-08,5.1110671517646945e-08,4.7659536039094226e-07,3.654236924627929e-06
2023-06-15,0.0,2.100193994527532e-06,2.492709608624327e-07,8.235963387994027e-08,3.6801535882803415e-08,5.385329439455778e-07,3.841710798055769e-06
2023-06-16,0.0,1.0431937110816544e-06,4.7451910043661055e-07,1.630802836609544e-08,3.5018778504199663e-08,3.559567579618899e-07,4.3475415940725486e-06
2023-06-17,0.0,0.0,2.3519974604252632e-07,8.072880386314753e-08,2.400254019427972e-08,5.985662897285068e-07,3.1172248052117265e-06
2023-06-18,0.0,2.059398839072977e-06,6.994903861120561e-07,6.394043107478274e-08,1.8482886278036723e-08,4.3258478324143966e-07,4.008494823318464e-06
2023-06-19,0.0,1.0231070647330344e-06,2.311504945726851e-07,6.330421315543878e-08,1.5684838702950035e-08,5.776672236095285e-07,3.4813416051012934e-06
2023-06-20,0.0,8.989752446708635e-07,2.2389909546845884e-07,1.144228078708547e-08,2.5881286583730327e-08,4.939985405083396e-07,3.559735762858172e-06
2023-06-21,0.0,8.937574192131875e-07,2.0093832524071648e-07,1.6992642286447902e-08,2.3061387131493108e-08,5.042538240229033e-07,2.8678871779145737e-06
2023-06-22,0.0,8.886289702422332e-07,3.985107084812891e-07,1.1215708447104552e-08,1.5221281663706637e-08,3.4293194098146683e-07,3.4487309002465823e-06
2023-06-23,0.0,8.8358938490883e-07,1.9759230894204338e-07,0.0,2.0093103174136018e-08,3.933258474361721e-07,2.1624090686717138e-06
2023-06-24,0.0,1.7572763185004886e-06,1.9594902303899725e-07,2.748405635011813e-08,2.983976018558737e-08,3.1798650745829177e-07,2.750675179698281e-06
2023-06-25,0.0,1.7475495962795693e-06,7.773013288061854e-07,1.0884234168074887e-08,2.708094547661783e-08,4.06696688765149e-07,2.5611843474023002e-06
2023-06-26,0.0,8.650805936325067e-07,7.708842962370157e-07,5.387967114294779e-09,2.6811485566895772e-08,3.371618768621429e-07,3.3791641610498382e-06
2023-06-27,0.0,0.0,3.822721763699379e-07,5.334355945753531e-09,2.6544706828073378e-08,4.240675295054087e-07,2.837939744676082e-06
2023-06-28,0.0,8.479508501820034e-07,5.687106482363488e-07,2.1125112869008673e-08,1.4334863226575157e-08,3.0885879408956674e-07,2.6808598705265004e-06
2023-06-29,0.0,8.395135982501581e-07,2.918618521980795e-07,5.228728620973612e-09,1.6557600446669094e-08,3.3820067604804304e-07,2.72515106152794e-06
2023-06-30,0.0,0.0,2.896432795778207e-07,5.176701901914442e-09,2.1076520875084144e-08,2.856767869853352e-07,2.524769348971258e-06
2023-07-01,0.0,8.284845316197664e-07,4.325716276750027e-07,5.144315461720159e-09,1.396316924686184e-08,2.56186437227215e-07,2.6144521313732326e-06
2023-07-02,0.0,8.20240972793907e-07,0.0,5.093128667629319e-09,2.6131338853778608e-08,3.000270092503218e-07,2.5550283416190226e-06
2023-07-03,0.0,8.120794387488635e-07,1.4203701929180593e-07,5.0424511906495285e-09,4.84183000850223e-08,2.700379005714012e-07,2.7528114508091447e-06
2023-07-04,0.0,0.0,7.04908084348701e-07,0.0,4.087922616506155e-08,2.40615880710021e-07,2.6850375606873046e-06
2023-07-05,0.0,0.0,1.2586425341094035e-07,0.0,2.595931510176646e-08,2.823368446748041e-07,2.1773352836533695e-06
2023-07-06,0.0,0.0,4.99908010185146e-07,0.0,4.811332155044231e-08,3.0573325358138776e-07,2.1390601907282978e-06
2023-07-07,0.0,7.802373485026539e-07,2.4820449897207023e-07,0.0,3.324551390000859e-08,2.0755965043189386e-07,2.2133264590743246e-06
2023-07-08,0.0,0.0,2.4647981350830244e-07,0.0,1.4748946563229856e-08,2.226189305200596e-07,1.8436302358728485e-06
2023-07-09,0.0,0.0,0.0,0.0,3.680896019461874e-08,2.6278918806441855e-07,2.0487997342925824e-06
2023-07-10,0.0,0.0,5.380805419119099e-07,0.0,5.144892887099914e-08,2.0142533570652108e-07,2.1729146818188367e-06
2023-07-11,0.0,0.0,2.1385829933109142e-07,0.0,3.6693184575209575e-08,2.991316801936673e-07,1.9794585172306175e-06
2023-07-12,0.0,0.0,8.513879497892466e-08,0.0,3.2976723232438115e-08,2.467960585373747e-07,2.2296569457502895e-06
2023-07-13,0.0,7.347998625976127e-07,8.468324333862728e-08,0.0,2.9273669375103586e-08,1.721052795985184e-07,2.2374455720566315e-06
2023-07-14,0.0,7.27488481803678e-07,7.579052450368966e-08,0.0,2.9237623268261177e-08,1.7672269035117983e-07,1.8747255222177369e-06
2023-07-15,0.0,0.0,2.26307701268136e-07,0.0,3.285506356662415e-08,1.4372065052298214e-07,2.066441248431356e-06
2023-07-16,0.0,7.130832447099108e-07,1.6192419306234245e-07,0.0,4.0114661265788324e-08,1.5392643958897512e-07,1.8294353893015274e-06
2023-07-17,0.0,7.059879478743646e-07,1.0769049646561467e-07,0.0,3.279039154975676e-08,1.452754967970371e-07,2.1939675583760487e-06
2023-07-18,0.0,0.0,5.372115001452834e-08,0.0,3.640330630644829e-08,1.2595052957254835e-07,2.135416724750178e-06
2023-07-19,0.0,0.0,2.1440969582407423e-07,0.0,2.5463539209671364e-08,1.08636363694401e-07,2.194825755294595e-06
2023-07-20,0.0,0.0,5.348905818457321e-08,0.0,2.5447310379969572e-08,7.209231002181044e-08,1.6146454460981384e-06
2023-07-21,0.0,0.0,1.067620827270414e-07,0.0,2.1800251116438804e-08,1.3374868462465523e-07,1.9806718950879705e-06
2023-07-22,0.0,6.715565093609718e-07,0.0,0.0,2.9054269267290653e-08,8.11932278866087e-08,1.531358927439495e-06
2023-07-23,0.0,0.0,1.384289467241156e-07,0.0,1.410350143081732e-08,5.497153943765626e-08,1.5067395720512068e-06
2023-07-24,0.0,0.0,1.3836293748087131e-07,0.0,1.0683932982501628e-08,8.049585457672372e-08,1.8149246135869286e-06
2023-07-25,0.0,1.3034180300695643e-06,1.3831076464667801e-07,1.2732821669073298e-08,1.4388411058789099e-08,1.0581022271550893e-07,1.7626877253472476e-06
2023-07-26,0.0,1.2904488039760402e-06,4.6090807668069577e-08,2.5721577308600796e-09,1.998289836675773e-08,9.579681681835415e-08,1.4155958495823274e-06
2023-07-27,0.0,6.388043119191457e-07,4.608263623975575e-08,7.794025037466175e-09,2.5688383425306755e-08,1.1767492560102327e-07,1.405514278631628e-06
2023-07-28,0.0,0.0,9.215814622693644e-08,5.248237527567265e-09,1.111995255893711e-08,1.108764161734543e-07,1.416145759070373e-06
2023-07-29,0.0,1.8784654171373438e-06,9.216023586578282e-08,5.3009831916167174e-09,1.123170994012245e-08,9.151554962300543e-08,1.4063438357292751e-06
2023-07-30,0.0,6.19924791313463e-07,1.3825731240752427e-07,1.0708517916805667e-08,1.701688575249239e-08,6.602053886220202e-08,1.3301738551844835e-06
2023-07-31,0.0,0.0,4.56272097212254e-08,5.408070155546685e-09,1.9097675886174597e-08,7.204235136437525e-08,1.5740289135182394e-06
2023-08-01,0.0,1.3903711269782146e-07,4.522000745761198e-08,2.737640087131187e-09,2.513674105721721e-08,1.2811020648066156e-07,1.6281202141985583e-06
2023-08-02,0.0,1.3765367031144246e-07,0.0,8.295461482269515e-09,2.148331265790237e-08,9.652447797959639e-08,1.4291190401422338e-06
2023-08-03,0.0,0.0,4.432459131687285e-08,5.5858881708044025e-09,2.367188022505714e-08,1.0860702529342369e-07,1.0295380219275572e-06
2023-08-04,0.0,2.698558900301628e-07,8.776710852853957e-08,1.1284054560468929e-08,1.9924822147096146e-08,8.041106323571696e-08,1.1321916098215458e-06
2023-08-05,0.0,0.0,8.689381120732579e-08,8.548095895641383e-09,2.0125069938796796e-08,7.706794532796225e-08,8.551481093499363e-07
2023-08-06,0.0,2.6451238539157926e-07,4.375728016700711e-08,0.0,2.4392796305114727e-08,8.604429957797808e-08,1.2623087925160316e-06
2023-08-07,0.0,0.0,4.332188795466115e-08,1.4534631479017582e-08,1.6425298655754136e-08,7.96538831124215e-08,1.2006807255469832e-06
2023-08-08,0.0,2.592746892340312e-07,2.1445413983606184e-08,5.872282781555408e-09,1.8664172608108305e-08,9.77445581538235e-08,1.4913647641357437e-06
2023-08-09,0.0,0.0,6.369608564745416e-08,2.9656501023377613e-09,2.0946389623675053e-08,1.096462601987167e-07,1.499573882134474e-06
2023-08-10,0.0,0.0,2.1020766335244922e-08,5.9909107627588715e-09,1.269414260352184e-08,6.378216669520147e-08,1.25015482385071e-06
2023-08-11,0.0,0.0,4.1623212430978685e-08,3.02556020845547e-09,3.2054302144193735e-08,1.1510452104842741e-07,1.2061260608793713e-06
2023-08-12,0.0,0.0,4.120905454739675e-08,1.8335805564441944e-08,2.1584302157672857e-08,8.459330775876608e-08,1.1654069415254433e-06
2023-08-13,0.0,0.0,6.119852640541583e-08,6.173361157995802e-09,1.3080736800451585e-08,9.342206201533327e-08,9.423863531009229e-07
2023-08-14,0.0,0.0,6.058959089337602e-08,9.35310670365686e-09,1.9818300586320222e-08,1.0221561469340323e-07,1.0702521628377203e-06
2023-08-15,0.0,0.0,1.999557146363901e-08,6.298071325856442e-09,1.1120821010298336e-08,8.398233060573279e-08,1.304723091534449e-06
2023-08-16,0.0,0.0,3.959322440659082e-08,3.1806839974946534e-09,2.246517423912992e-08,9.277358316640892e-08,1.1677449741529773e-06
2023-08-17,0.0,0.0,3.9199265241338746e-08,1.606325201555707e-08,2.9498238891950565e-08,8.361703795931524e-08,9.614577042993875e-07
2023-08-18,0.0,0.0,3.880922603527696e-08,1.2979752305782816e-08,2.0627100776425408e-08,6.854570335864669e-08,1.092701226917273e-06
2023-08-19,0.0,0.0,3.842306778415984e-08,9.832650738875287e-09,1.3889604390460307e-08,9.815754917923833e-08,9.088023096464146e-07
2023-08-20,0.0,0.0,0.0,6.620980347787501e-09,3.2734793549074e-08,6.968462641427391e-08,7.487735137898732e-07
2023-08-21,0.0,0.0,1.1298672019922703e-07,1.6718805766359395e-08,2.3149340650767178e-08,6.524663056738343e-08,8.798058213760954e-07
2023-08-22,0.0,0.0,7.457498903273898e-08,1.0132099534655436e-08,1.833520069015592e-08,3.4791693795045926e-08,8.973759052468686e-07
2023-08-23,0.0,0.0,0.0,1.0233928827892146e-08,3.8574620089473815e-08,4.769184046326569e-08,9.669260294732514e-07
2023-08-24,0.0,0.0,3.65491526558783e-08,2.067356304507989e-08,2.6958209086955905e-08,4.690348954877633e-08,7.618277124778039e-07
2023-08-25,0.0,0.0,9.046370627656318e-08,1.392089053860535e-08,1.3344985212358004e-08,3.9692464895209036e-08,6.155828213288872e-07
2023-08-26,0.0,0.0,5.373814641566697e-08,1.4060797814478749e-08,1.9818300586320222e-08,2.4572136618979957e-08,7.004011467726552e-07
2023-08-27,0.0,0.0,1.0640688584963906e-07,2.130316677277645e-08,2.616147360090317e-08,4.963818139523143e-08,8.614395353408981e-07
2023-08-28,0.0,0.0,1.0534811964520186e-07,2.8689689544353e-08,1.942587194190557e-08,5.0137053412007746e-08,8.021598220615745e-07
2023-08-29,0.0,0.0,8.691657361709963e-08,1.0866759644199997e-08,1.7095627810236658e-08,5.4638908058214676e-08,1.0195439306359698e-06
2023-08-30,0.0,0.0,1.2047243496351955e-07,1.829328732381283e-08,2.3272594773123376e-08,5.5188038213496226e-08,8.272244543299608e-07
2023-08-31,0.0,0.0,6.815640811827999e-08,1.1086282750761508e-08,2.7230306510777568e-08,5.302353174451178e-08,8.157339452473818e-07
2023-09-01,0.0,0.0,8.438192458401423e-08,3.74403876784437e-09,1.6639901800148688e-08,3.577499603308961e-08,6.273346389071698e-07
2023-09-02,0.0,0.0,6.683384832467051e-08,1.8908334915154037e-08,1.853362351219465e-08,2.5016220498916813e-08,6.501374501474883e-07
2023-09-03,0.0,0.0,2.9842764933417043e-07,1.1459020104200848e-08,1.6310409668460435e-08,3.369018359299375e-08,6.427685467866358e-07
2023-09-04,0.0,0.0,2.3981811879316794e-07,1.1574185170868907e-08,1.4129603583060066e-08,3.474475069294002e-08,5.999127193444031e-07
2023-09-05,0.0,0.0,2.4091810013072795e-07,1.948417944283207e-08,7.993720959057295e-09,3.3023073261313487e-08,5.266991346701609e-07
2023-09-06,0.0,0.0,1.2102108673953335e-07,1.967999870173044e-08,1.780690973974181e-08,4.767946194703127e-08,6.223973811853126e-07
2023-09-07,0.0,0.0,1.8239283843484192e-07,1.1926671586139425e-08,2.3506304036557095e-08,4.3158896799001695e-08,6.981856408826879e-07
2023-09-08,0.0,0.0,1.8327228619622189e-07,1.2046536628338126e-08,1.7454309302588063e-08,3.8723571856838276e-08,6.45286708217219e-07
2023-09-09,0.0,0.0,1.8417006133894883e-07,4.055868778079492e-09,7.68028267699283e-09,4.230429338376463e-08,4.6636507236678917e-07
2023-09-10,0.0,0.0,2.4678167152171366e-07,8.193261873941301e-09,2.28115877625101e-08,3.795679375977169e-08,4.4405954814911107e-07
2023-09-11,0.0,0.0,1.2401396981548325e-07,3.310242209895503e-08,2.0702557949175374e-08,6.090408674210793e-08,5.392007752269769e-07
2023-09-12,0.0,0.0,6.232475268521826e-08,1.671755348597009e-08,1.676991604562476e-08,3.848813677893759e-08,4.6970461295196157e-07
2023-09-13,0.0,0.0,3.758925179394052e-07,2.482681657421627e-08,1.291348535007868e-08,2.7943793840821756e-08,4.4537046874372513e-07
2023-09-14,0.0,0.0,6.297901822208997e-08,1.2289892810911953e-08,1.4611421741677387e-08,3.898355462905568e-08,5.051242593281825e-07
2023-09-15,0.0,0.0,4.432090698600877e-07,1.2167606334238475e-08,1.0849526749640008e-08,1.9920341563586158e-08,3.781471695844796e-07
2023-09-16,0.0,0.0,3.182923810299097e-07,8.031024418892084e-09,1.2531834180527948e-08,4.930532713313779e-08,3.5735621518730953e-07
2023-09-17,0.0,0.0,1.2801547380809894e-07,1.1926671586139425e-08,7.089794484002192e-09,3.783141647161135e-08,4.371674588816149e-07
2023-09-18,0.0,0.0,3.218169921457366e-07,3.935999740346088e-09,1.4038499700404278e-08,3.1413860557857204e-08,4.164228695874265e-07
2023-09-19,0.0,0.0,1.0125830950081709e-07,1.169050766569924e-08,1.5636166081282127e-08,3.349369414755115e-08,3.441656799996828e-07
2023-09-20,0.0,0.0,1.5341395864494106e-07,3.4722555512606724e-08,1.7200648476941942e-08,2.9607523502168307e-08,4.859989147514668e-07
2023-09-21,0.0,0.0,1.0330386304157757e-07,3.8196733680669494e-09,1.0217699498984551e-08,4.103809320946484e-08,4.043364825979899e-07
2023-09-22,0.0,0.0,1.0434208412558544e-07,1.512666793212323e-08,2.3604073943960093e-08,3.946890714914457e-08,4.1677080380308236e-07
2023-09-23,0.0,0.0,1.5808610925743685e-07,2.620827137491059e-08,1.5023063239727634e-08,3.103108805748065e-08,3.364391328958884e-07
2023-09-24,0.0,0.0,3.7257476916137364e-07,1.4827139838619032e-08,2.1484061824182505e-08,3.413591508040502e-08,3.8907234348634356e-07
2023-09-25,0.0,0.0,2.150395473387376e-07,1.4679607332200438e-08,1.472558665658451e-08,3.154317324688199e-08,4.5991142874097403e-07
2023-09-26,0.0,0.0,1.0860036535959789e-07,1.0900157099061086e-08,2.2678544966327388e-08,4.126730703117423e-08,4.142323154539403e-07
2023-09-27,0.0,0.0,4.387672687074542e-07,1.0791698723765241e-08,9.622667002965197e-09,4.527362997527262e-08,5.877220569282165e-07
2023-09-28,0.0,0.0,1.1079423826725705e-07,2.136863905466977e-08,7.939099888757748e-09,3.6077169375559034e-08,4.64331004281103e-07
2023-09-29,0.0,0.0,1.119077388738061e-07,1.0578008771760894e-08,1.8864250859958355e-08,3.030634773295632e-08,4.0943220317060226e-07
2023-09-30,0.0,0.0,0.0,6.981837217252743e-09,6.225516142568123e-09,1.1787597852862023e-08,1.973082752178146e-07
2023-10-01,0.0,0.0,1.7202198045288375e-07,1.73574187111737e-08,2.7849468924550094e-08,4.147265063234581e-08,3.7357091341778365e-07
2023-10-02,0.0,0.0,2.3166777346477963e-07,2.4058593313037106e-08,9.190787359584482e-09,4.8429732813584614e-08,4.68799809984651e-07
2023-10-03,0.0,0.0,1.754970549720884e-07,2.041646255126677e-08,1.8198674994761146e-08,3.3355025336073796e-08,4.291012837628171e-07
2023-10-04,0.0,0.0,5.9086943232445776e-08,1.3475543569751854e-08,9.008797576509205e-09,3.4055110328950365e-08,4.816206909201384e-07
2023-10-05,0.0,0.0,2.9840388442212303e-07,1.3341459670912494e-08,1.932484350962283e-08,5.1083380158918406e-08,4.104174453990897e-07
2023-10-06,0.0,0.0,3.0140289331913014e-07,1.981306489373722e-08,5.886940955055624e-09,4.457501539299427e-08,4.806018774210561e-07
2023-10-07,0.0,0.0,1.8265922565398346e-07,6.538640534702004e-09,1.4570912284609971e-08,4.921973040193667e-08,4.192644149274489e-07
2023-10-08,0.0,0.0,3.074916356521179e-07,6.47357997432729e-09,2.019630099893254e-08,4.434249166836196e-08,3.810473398625501e-07
2023-10-09,0.0,0.0,1.8634918678044346e-07,6.409166777344677e-09,1.571062777926818e-08,6.792907636787775e-08,4.903853394931367e-07
2023-10-10,0.0,0.0,4.391847302350335e-07,6.345394502380788e-09,0.0,5.2007652948002034e-08,3.6799153979071195e-07
2023-10-11,0.0,0.0,3.802273801326093e-07,2.1987898702542446e-08,0.0,5.3461280561961204e-08,5.0711099719826e-07
2023-10-12,0.0,0.0,3.8404872883291745e-07,9.329620909262442e-09,0.0,5.4913213831880145e-08,3.991377982079781e-07
2023-10-13,0.0,0.0,1.2930282757538356e-07,2.155250913703543e-08,0.0,5.636391208887075e-08,4.5375585555998535e-07
2023-10-14,0.0,0.0,2.6120468519394305e-07,2.1338058087999356e-08,0.0,2.968818495919133e-08,3.1250741775050575e-07
2023-10-15,0.0,0.0,1.978723769424823e-07,1.508981490182418e-08,0.0,3.2750846754860235e-08,3.627253201476032e-07
2023-10-16,0.0,0.0,2.664813698561276e-07,1.1951734987885397e-08,0.0,5.137268959668934e-08,4.831358834716507e-07
2023-10-17,0.0,0.0,2.691595521479997e-07,8.874609928327541e-09,0.0,4.506854863958807e-08,4.0944592358373375e-07
2023-10-18,0.0,0.0,4.7576313858392706e-07,2.0501380862968593e-08,0.0,6.982123539304334e-08,4.7535095781208205e-07
2023-10-19,0.0,0.0,2.0594770183679307e-07,5.7992539185744095e-09,0.0,6.661703159636539e-08,4.4035974280772895e-07
2023-10-20,0.0,0.0,2.0801751065085323e-07,1.4353875944884512e-08,0.0,5.569338606348562e-08,5.344630722617771e-07
2023-10-21,0.0,0.0,7.003604046310902e-08,1.1368841994311274e-08,0.0,5.252994613473937e-08,4.5676240251188017e-07
2023-10-22,0.0,0.0,2.1221974311503043e-07,2.8139300315971095e-09,0.0,4.7836497755446135e-08,4.032712347099096e-07
2023-10-23,0.0,0.0,3.501802023155451e-07,1.6715585759787057e-08,0.0,4.778282831297521e-08,5.109769096796629e-07
2023-10-24,0.0,0.0,1.3867834043390216e-07,8.274631451248568e-09,0.0,2.4321372640887137e-08,3.9164720532182134e-07
2023-10-25,0.0,0.0,0.0,2.730765830881428e-09,0.0,2.8075207428164995e-08,4.32996734242234e-07
2023-10-26,0.0,0.0,4.7576313858392706e-07,2.7035942568720667e-09,0.0,1.985015756761851e-08,4.788698150261323e-07
2023-10-27,0.0,0.0,1.3457977607399985e-07,2.6766930445413945e-09,0.0,2.506206870977517e-08,4.355736336459329e-07
2023-10-28,0.0,0.0,3.242642214113739e-07,1.5900357022474575e-08,0.0,1.8804646110924746e-08,3.2709888201664513e-07
2023-10-29,0.0,0.0,3.2219341479128595e-07,7.871072913326684e-09,0.0,2.5568356081555262e-08,3.317806607842022e-07
2023-10-30,0.0,0.0,8.003870694529311e-08,5.1951696195111085e-09,0.0,3.320398585574022e-08,3.03182004430114e-07
2023-10-31,0.0,0.0,1.5907412826031684e-07,2.5717384090478512e-09,0.0,2.6830153169160604e-08,2.467626424073301e-07
2023-11-01,0.0,0.0,1.587930470809255e-07,1.022794096074799e-08,0.0,2.8672052007028458e-08,3.0278776064493454e-07
2023-11-02,0.0,0.0,4.7345141113347236e-07,0.0,0.0,1.981488115602556e-08,2.7987086169768847e-07
2023-11-03,0.0,0.0,1.5685700885327522e-07,0.0,0.0,2.540241510534947e-08,2.602537936823455e-07
2023-11-04,0.0,0.0,2.3386884974048938e-07,0.0,0.0,2.0215168307848192e-08,3.5268658905023385e-07
2023-11-05,0.0,0.0,5.424430043221732e-07,0.0,0.0,3.0627501190464965e-08,3.13799074594133e-07
2023-11-06,0.0,0.0,4.6221108914486353e-07,0.0,0.0,2.4589607526635655e-08,2.964537616268233e-07
2023-11-07,0.0,0.0,6.126896709626078e-07,0.0,0.0,3.204740282685478e-08,3.732776824058663e-07
2023-11-08,0.0,0.0,4.5686936940730286e-07,0.0,0.0,2.9132536121890484e-08,2.977880719400279e-07
2023-11-09,0.0,0.0,3.0284478194021087e-07,0.0,0.0,2.4521102481250872e-08,2.784319754051793e-07
2023-11-10,0.0,0.0,5.269954707607076e-07,0.0,0.0,2.6418713235493815e-08,2.7693868424606925e-07
2023-11-11,0.0,0.0,1.4973293517493902e-07,0.0,0.0,2.5850343663982394e-08,3.208423893027329e-07
2023-11-12,0.0,0.0,2.9782141853022824e-07,0.0,0.0,2.3583355814054207e-08,2.982854989609835e-07
2023-11-13,0.0,0.0,3.7025843637577095e-07,0.0,0.0,2.807401042331777e-08,3.1976266629163454e-07
2023-11-14,0.0,0.0,4.4193255088913273e-07,0.0,0.0,4.2104599606695296e-08,2.7747085846396833e-07
2023-11-15,0.0,0.0,3.663326431255896e-07,0.0,0.0,3.211279675728407e-08,2.3287264728275155e-07
2023-11-16,0.0,0.0,2.9153983526386083e-07,0.0,0.0,4.383180504085771e-08,2.457942755838009e-07
2023-11-17,0.0,0.0,2.175320326902953e-07,0.0,0.0,2.6563393203071408e-08,2.515747140827638e-07
2023-11-18,0.0,0.0,3.6071823719540216e-07,0.0,0.0,2.861905039262371e-08,2.598462227783806e-07
2023-11-19,0.0,0.0,3.589191586979646e-07,0.0,0.0,2.981001027557417e-08,2.182588658990072e-07
2023-11-20,0.0,0.0,6.428807503478948e-07,0.0,0.0,3.5584079652283455e-08,2.3735307568875066e-07
2023-11-21,0.0,0.0,4.265142024334825e-07,0.0,0.0,5.6907779966221734e-08,2.515847369592898e-07
2023-11-22,0.0,0.0,2.82989259829361e-07,0.0,0.0,4.840396855854428e-08,2.5855905525897e-07
2023-11-23,0.0,0.0,2.816640171982086e-07,0.0,0.0,4.583478424696357e-08,2.5105986612901843e-07
2023-11-24,0.0,0.0,2.8036694120349663e-07,0.0,0.0,6.097506993440789e-08,3.0159777349824344e-07
2023-11-25,0.0,0.0,1.3954895106827248e-07,0.0,0.0,5.171671299940328e-08,2.3760072381468808e-07
2023-11-26,0.0,0.0,6.251777394578759e-07,0.0,0.0,5.919946301439208e-08,2.910956433324918e-07
2023-11-27,0.0,0.0,4.149651449356365e-07,0.0,0.0,6.514250164984974e-08,2.7519544873625203e-07
2023-11-28,0.0,0.0,4.820510649418194e-07,0.0,0.0,8.165341857777079e-08,3.1811864164787537e-07
2023-11-29,0.0,0.0,8.228988565147443e-07,0.0,0.0,6.943286002421264e-08,3.183248391180833e-07
2023-11-30,0.0,0.0,2.7316891647163847e-07,0.0,0.0,6.931604756678015e-08,3.025008759255011e-07
2023-12-01,0.0,0.0,3.401827308946604e-07,0.0,0.0,7.22244607890572e-08,2.6171084641447e-07
2023-12-02,0.0,0.0,3.0590461852132716e-07,0.0,0.0,5.10828822679423e-08,2.7532378394665436e-07
2023-12-03,0.0,0.0,6.867119814674927e-07,0.0,0.0,4.951153040165436e-08,2.3279819815263123e-07
2023-12-04,0.0,0.0,2.2840241434413612e-07,0.0,0.0,6.593008992457242e-08,3.134317512027898e-07
2023-12-05,0.0,0.0,3.0389823373006e-07,0.0,0.0,7.034126716085723e-08,3.367155766384263e-07
2023-12-06,0.0,0.0,6.824031864252617e-07,0.0,0.0,8.072913275830866e-08,2.977482256150282e-07
2023-12-07,0.0,0.0,2.270345292817342e-07,0.0,0.0,8.363570174551341e-08,3.068029019221383e-07
2023-12-08,0.0,0.0,6.798721001915159e-07,0.0,0.0,4.92411070403128e-08,2.578873325026572e-07
2023-12-09,0.0,0.0,3.0164826680640466e-07,0.0,0.0,7.007531083349066e-08,2.6446015088789116e-07
2023-12-10,0.0,0.0,6.77612971862929e-07,0.0,0.0,5.959689837700867e-08,2.7619287094033873e-07
2023-12-11,0.0,0.0,3.758806140407294e-07,0.0,0.0,7.296246275049639e-08,3.2153565429453307e-07
2023-12-12,0.0,0.0,2.2671593890426724e-07,0.0,0.0,4.6136870615985053e-08,3.845280433662783e-07
2023-12-13,0.0,0.0,2.9442146396258457e-07,0.0,0.0,4.4630738268290215e-08,3.056727832776825e-07
2023-12-14,0.0,0.0,2.9738044886857397e-07,0.0,0.0,7.584950380687947e-08,2.86371618277695e-07
2023-12-15,0.0,0.0,2.3362046716343072e-07,0.0,0.0,7.732128536676923e-08,3.130787557516952e-07
2023-12-16,0.0,0.0,1.3483908108154549e-07,6.2010332312819345e-09,0.0,5.3524768117116714e-08,2.686121158289703e-07
2023-12-17,0.0,0.0,1.2685031148334952e-07,6.263354651350795e-09,0.0,5.649836634584541e-08,2.977199944941657e-07
2023-12-18,0.0,0.0,4.646317823844406e-07,2.108767470701424e-08,0.0,7.880823316228402e-08,3.2659605476607344e-07
2023-12-19,0.0,0.0,3.797936341871177e-07,1.7039687488989055e-08,0.0,6.990052311614384e-08,3.1685205984179043e-07
2023-12-20,0.0,0.0,8.432710479061987e-08,1.0756836997072126e-08,0.0,6.992148995365467e-08,3.34274041635045e-07
2023-12-21,0.0,0.0,1.2639608548061484e-07,8.69195600495189e-09,0.0,5.738438203631658e-08,3.96276500802785e-07
2023-12-22,0.0,0.0,2.1052358914863057e-07,2.194827903772474e-08,0.0,5.031797958394285e-08,3.2127336959083233e-07
2023-12-23,0.0,0.0,2.9457132370949015e-07,8.867545163705524e-09,0.0,7.024130758264129e-08,3.1484986652490355e-07
2023-12-24,0.0,0.0,3.3650180570142323e-07,4.4783327371135855e-09,0.0,7.401433756806591e-08,3.3126688215613003e-07
2023-12-25,0.0,0.0,2.9433628042136615e-07,6.785011094070115e-09,0.0,5.7906459091789155e-08,3.4756829852541613e-07
2023-12-26,0.0,0.0,2.5222535548055156e-07,9.137602118977938e-09,0.0,6.530784864720789e-08,3.696263730443629e-07
2023-12-27,0.0,0.0,5.464066689156155e-07,4.614718273511157e-09,0.0,1.036726476211151e-07,4.1782949605929967e-07
2023-12-28,0.0,0.0,1.2608762509513874e-07,1.1652742408015771e-08,0.0,7.841960461026104e-08,3.8418847148074876e-07
2023-12-29,0.0,0.0,1.681253498467014e-07,9.41588353296408e-09,0.0,8.229543586290758e-08,3.131399426200396e-07
2023-12-30,0.0,0.0,3.7833902754369155e-07,7.132886051786577e-09,0.0,8.803421147464047e-08,3.5241640407139716e-07
2023-12-31,0.0,0.0,2.9433744056137787e-07,1.4409145496798727e-08,0.0,7.725849966626963e-08,3.079634468523422e-07
2024-01-01,0.0,0.0,2.5209425880513003e-07,7.24699310701497e-09,0.0,8.651748338374396e-08,3.350465472242891e-07
2024-01-02,0.0,0.0,3.3627708620589974e-07,9.759768798131047e-09,0.0,8.125015376393926e-08,2.7938377180943874e-07
2024-01-03,0.0,0.0,8.411553049845297e-08,9.857856105255113e-09,0.0,1.1856486077618741e-07,2.859491535847353e-07
2024-01-04,0.0,5.169405959258276e-07,2.5251060320573196e-07,9.956929206204614e-09,0.0,9.293713773343727e-08,2.830012820232211e-07
2024-01-05,0.0,0.0,0.0,5.028499004186102e-09,0.0,6.341324480815555e-08,2.611017499855846e-07
2024-01-06,0.0,7.910752330166386e-07,1.6860959957678296e-07,7.618554389041116e-09,0.0,8.235192360986943e-08,3.1512752385236047e-07
2024-01-07,0.0,5.326837808564019e-07,2.5315422419419616e-07,2.565040711196934e-09,0.0,8.640460528619636e-08,3.2503508027036963e-07
2024-01-08,0.0,0.0,8.447312155219998e-08,7.77245939676647e-09,0.0,6.221408091134876e-08,3.1926117653193907e-07
2024-01-09,0.0,8.151670605603302e-07,1.268549236333264e-07,1.3084289853931474e-08,0.0,8.741625490512844e-08,3.527526712923592e-07
2024-01-10,0.0,8.233596257204715e-07,1.2701285053642897e-07,7.929473491884703e-09,0.0,8.481083540657477e-08,3.182392473310369e-07
2024-01-11,8.710827911318117e-07,8.316345275293202e-07,1.1378549546078835e-07,1.06788880338235e-08,0.0,7.987780418248454e-08,3.441110491848322e-07
2024-01-12,8.798373187268297e-07,1.1199901246452708e-06,1.1419914639210987e-07,2.6965531607091376e-09,0.0,8.903676492864073e-08,3.45283134271329e-07
2024-01-13,8.886798307869209e-07,1.131246212530574e-06,3.438726519997107e-07,1.0894615882102423e-08,0.0,6.562671917772166e-08,3.8808820830576866e-07
2024-01-14,0.0,5.713077129899192e-07,1.4405726036545302e-07,8.253081444026537e-09,0.0,8.158072441141187e-08,3.824213010214093e-07
2024-01-15,9.066323542235672e-07,2.885247254809709e-07,2.1719507964130805e-07,1.1114701721997669e-08,0.0,8.974775347629063e-08,3.8611588530343507e-07
2024-01-16,2.7472324826022807e-06,1.1656977887198738e-06,5.094273063212602e-07,1.1226406331394435e-08,0.0,7.87000640257437e-08,3.867399652272887e-07
2024-01-17,9.249475426904957e-07,0.0,2.1947872998626764e-07,1.9843658783864495e-08,0.0,7.887871383171929e-08,3.811542885107567e-07
2024-01-18,9.342434200386257e-07,2.973116115295603e-07,2.942045594733817e-07,1.4316493478716824e-08,0.0,7.906525157481053e-08,3.6932497813122963e-07
2024-01-19,0.0,3.0029964290149566e-07,5.17650407749169e-07,5.784150652094932e-09,0.0,6.11431939869021e-08,3.512144050616557e-07
2024-01-20,1.9062327780691706e-06,6.066354089759434e-07,4.461382301932043e-07,8.763423498882729e-09,0.0,7.492137677708329e-08,3.2678117633704383e-07
2024-01-21,9.626953679950417e-07,2.144562686683635e-06,3.724306363820974e-07,2.360399298473553e-08,0.0,1.0243592089887686e-07,4.4704023986316737e-07
2024-01-22,0.0,9.283353857174046e-07,6.745949959640336e-07,1.7880912793564242e-08,0.0,6.391253349492695e-08,3.736806632653904e-07
2024-01-23,9.821431044660925e-07,3.125551038180034e-07,2.9020183554418386e-07,2.4080825273009333e-08,0.0,8.469505080347311e-08,4.6054862721816337e-07
2024-01-24,9.920138067665401e-07,6.313926696687676e-07,2.913205503863148e-07,2.0395394348362203e-08,0.0,8.035122479056323e-08,2.923949335243057e-07
2024-01-25,1.4375251068402516e-06,9.566074072419865e-07,4.874473292104207e-07,2.5750464336638426e-08,0.0,8.519889023969569e-08,3.1342326111313833e-07
2024-01-26,1.4519724743516823e-06,3.220738238395738e-07,3.9152732233288933e-07,4.1614817289146486e-08,0.0,7.391444505028384e-08,3.3684451346697356e-07
2024-01-27,1.4665650403205296e-06,3.2531071958259843e-07,2.9485195076696197e-07,1.5762394933529827e-08,2.8833961707196026e-08,6.719912163979516e-08,3.543308372603321e-07
2024-01-28,2.9626085280311016e-06,3.285801466686745e-07,3.947838603000594e-07,2.2096289801082195e-08,3.494849740806221e-08,8.136896240457553e-08,3.667748743782948e-07
2024-01-29,0.0,3.318824320432351e-07,5.499575366499249e-07,3.719726867587212e-08,4.412466955794232e-08,8.39763499754464e-08,3.620025970316594e-07
2024-01-30,1.5112285951360122e-06,1.005653717812709e-06,7.737278693988713e-07,3.005688595291146e-08,3.565450388762667e-08,7.958579065657608e-08,5.172225747443084e-07
2024-01-31,2.3974994861513135e-06,6.771738038036943e-07,4.4433860623975034e-07,3.794870334846e-08,3.938667131650484e-08,1.1980281413926025e-07,4.4884402304853337e-07
2024-02-01,4.8076846250090135e-06,3.3855018853633276e-07,6.70385305483047e-07,6.897546915698079e-08,4.473425463423833e-08,9.17458834854563e-08,5.127796938302948e-07
2024-02-02,7.284003988167511e-06,6.83905348994999e-07,4.492227343849237e-07,3.096385962076326e-08,3.514298773043189e-08,1.2986744123631496e-07,5.171192619230385e-07
2024-02-03,2.452403148430113e-06,3.4538935601107754e-07,5.64458568036177e-07,6.25501031670453e-08,5.070882946994227e-08,1.0547608912466987e-07,4.7228031395321495e-07
2024-02-04,0.0,3.4886057674808207e-07,1.0214012959530957e-06,0.0,2.048738467150311e-08,9.239587162897003e-08,4.3220130450433955e-07
2024-02-05,2.5019449783142365e-06,7.047333676669591e-07,8.963258252211054e-07,3.921167684551988e-08,6.725318050935038e-08,1.4112308080403738e-07,5.017597053886635e-07
2024-02-06,5.05417988676338e-06,1.0677240836427006e-06,5.003455598811891e-07,3.9276486784657444e-08,5.74784575626555e-08,2.0315819071567e-07,6.390934827883154e-07
2024-02-07,2.5524876195493964e-06,7.189699260554001e-07,9.050082533024748e-07,1.5738089762081595e-08,7.388961448260058e-08,1.6972048090410895e-07,6.878594754552633e-07
2024-02-08,2.5781405466061383e-06,0.0,4.042155557325847e-07,6.514208970389393e-08,6.930134477865437e-08,1.6649832595708958e-07,6.083611135799768e-07
2024-02-09,5.208102579731997e-06,3.6674704100032826e-07,4.0624564300093454e-07,1.3095447228233189e-08,2.1537795345488425e-08,1.144465218308095e-07,6.656669533094223e-07
2024-02-10,2.630222440424895e-06,7.408658200800117e-07,0.0,9.214650249926327e-08,9.78941420430084e-08,1.3267451674081894e-07,5.487549540875978e-07
2024-02-11,0.0,0.0,2.052139496595474e-07,5.293376521596181e-08,8.156039003384353e-08,1.1997775980749249e-07,5.579019743003317e-07
2024-02-12,2.6833564582899223e-06,3.779161512128246e-07,5.157256082475276e-07,9.313093924271117e-08,9.73582829595215e-08,1.9737579594950274e-07,7.602933112193608e-07
2024-02-13,8.13097391712635e-06,1.1451428150289578e-06,3.110807492020707e-07,6.688364466358772e-08,5.2950557676311296e-08,1.9348438583342346e-07,7.357492297976591e-07
2024-02-14,2.737563854516828e-06,0.0,5.212620696496329e-07,2.6900751315319592e-08,6.11231081464664e-08,2.197071915403979e-07,7.168241095645828e-07
2024-02-15,8.295230485974905e-06,1.168276234414554e-06,1.0482167012076657e-06,1.217283068823884e-07,1.1575763549257884e-07,2.1537410704852747e-07,5.545525804585202e-07
2024-02-16,8.378598938360635e-06,3.9333920192362766e-07,3.1620422569791106e-07,0.0,1.4809995748936017e-07,2.1765242163131892e-07,7.142727537908133e-07
2024-02-17,5.641870171748262e-06,3.9729232662371345e-07,3.1797506171959644e-07,5.471766502939451e-08,9.447687587828615e-08,1.9403478447776725e-07,6.090442678778777e-07
2024-02-18,0.0,8.025703617750792e-07,5.329628258540565e-07,4.1275466143845094e-08,7.952198688871094e-08,2.394136229221739e-07,6.842579545237719e-07
2024-02-19,8.63376526421184e-06,1.9835666764991724e-06,8.576328195768132e-07,6.919468516109174e-08,1.1244967460133054e-07,2.980815407245086e-07,8.026322458950622e-07
2024-02-20,2.9068453492275515e-06,6.67833951006859e-07,4.3130544089189514e-07,6.960384627528685e-08,8.112843758545302e-08,2.644060772300711e-07,8.312249833569261e-07
2024-02-21,8.808178892025377e-06,1.3490915875979163e-06,4.3383760289889514e-07,1.1489299314603356e-07,1.2291568790769648e-07,2.7326881305984197e-07,8.816449664740201e-07
2024-02-22,2.9655675205324914e-06,1.362650183465121e-06,7.637230107985058e-07,7.714065360478248e-08,7.449060666506059e-08,2.328622334370491e-07,9.223183810787316e-07
2024-02-23,8.986115908839676e-06,0.0,6.585485052526826e-07,5.8270269431390354e-08,1.1703883287949296e-07,2.7716034992101505e-07,8.836481153664969e-07
2024-02-24,0.0,6.783811802003025e-07,1.1042385706051769e-07,1.956362524489857e-08,1.266590278985013e-07,2.4335944159723204e-07,8.312391993138228e-07
2024-02-25,0.0,6.770110543580082e-07,4.444026895599248e-07,7.882313489931169e-08,9.381677968050634e-08,2.6674415181677067e-07,8.762395541818576e-07
2024-02-26,0.0,1.351417260370655e-06,7.825201851548754e-07,9.924956399775649e-08,1.4945518237297336e-07,2.7594433786998196e-07,1.2960524272064838e-06
2024-02-27,3.117615418687319e-06,1.348947554877516e-06,1.2336947947726796e-07,1.1997616129257766e-07,1.0450885287282683e-07,3.072220611008479e-07,1.2429809108502781e-06
2024-02-28,3.1489479745493053e-06,0.0,3.725675893861813e-07,1.0072070291996439e-07,9.38303860497542e-08,2.6472033582336674e-07,1.2734220623388578e-06
2024-02-29,3.1805954278328783e-06,1.3444125980471735e-06,5.871395471261053e-07,1.8264841845061247e-07,1.4216009566068932e-07,3.073728085654295e-07,1.1906812322148075e-06
2024-03-01,3.2010422785222324e-06,1.3092551204055172e-06,5.897324222340638e-07,4.094557219721313e-08,7.190194767441993e-08,3.049560454799105e-07,1.1838494815152538e-06
2024-03-02,3.2051178576893695e-06,9.032485909056384e-07,9.57910844980186e-07,6.188156140313595e-08,1.2104095710370826e-07,3.057552504828925e-07,1.306809572663961e-06
2024-03-03,3.2095139513132157e-06,9.048801823807281e-07,8.866754660295042e-07,1.4548555634237483e-07,1.4670892673595378e-07,2.2882743023368364e-07,1.0622529208665184e-06
2024-03-04,0.0,0.0,8.902524846021124e-07,1.4659535142097183e-07,1.481833759623891e-07,3.990206624084815e-07,1.5215921920666317e-06
2024-03-05,3.219269472478814e-06,0.0,1.5643574260388557e-06,8.441131780392802e-08,1.496726436499072e-07,3.0323770741195347e-07,1.4903575141066181e-06
2024-03-06,0.0,1.0351000662235278e-06,1.1220924579073244e-06,1.0632788071178014e-07,1.6377495195372774e-07,3.51045407360865e-07,1.5420736527290558e-06
2024-03-07,3.2303127443575693e-06,2.0766975140783586e-06,2.253797929078388e-07,7.974576248456635e-08,8.327536829030665e-08,3.5321396071297277e-07,1.7260814474505155e-06
2024-03-08,6.472637294201396e-06,1.1664827624755005e-06,9.054545296052826e-07,1.6080426183713755e-07,1.5420588270196973e-07,2.689648486798361e-07,1.4898982674766897e-06
2024-03-09,3.242648184405478e-06,2.3423870694806927e-06,9.443159496356727e-07,1.0808871951022007e-07,1.1327685642798993e-07,2.9965877943814054e-07,1.5216715258785819e-06
2024-03-10,3.2493019892309146e-06,0.0,1.1859786317164188e-06,1.0898540675770705e-07,2.8104473420443606e-07,3.793882433760164e-07,1.6505836039087343e-06
2024-03-11,3.256280726963035e-06,1.1809669230517365e-06,6.893992603295169e-07,2.472592334325553e-07,4.460802983077828e-07,3.2308214106796496e-07,1.9186564471107644e-06
2024-03-12,0.0,3.55809154933577e-06,1.369412928119949e-06,1.9392024383640463e-07,1.6384126539590238e-07,3.547372028739326e-07,1.948923379910742e-06
2024-03-13,3.271215825229033e-06,3.5736381416363498e-06,5.497633708961534e-07,2.234824488509531e-07,2.689178334186707e-07,4.2648431398280896e-07,2.049079759057278e-06
2024-03-14,9.837521037855547e-06,3.589542100729135e-06,1.3795413683488861e-06,2.24825936207869e-07,1.880449633221513e-07,3.993464144575724e-07,1.7659640297497173e-06
2024-03-15,3.2732705562683726e-06,2.4038700113488583e-06,8.308873588463072e-07,1.413699414661007e-07,2.7435033401081975e-07,3.2160253558941386e-07,1.93668755911972e-06
2024-03-16,3.2676947630349243e-06,0.0,8.341329861115756e-07,5.6895123965695464e-08,1.918437235665409e-07,3.642301126511233e-07,1.648840648700919e-06
2024-03-17,3.2624457420008682e-06,1.2131380874983589e-06,5.583080182470456e-07,2.2899184361903984e-07,3.001035503108147e-07,4.2780942875877175e-07,2.12468087161363e-06
2024-03-18,3.2575229682597253e-06,2.4378426350835115e-06,1.1211664207069143e-06,1.4367994789897655e-07,2.3713921096984697e-07,3.486833631257382e-07,2.0668343861585246e-06
2024-03-19,0.0,1.2248264407326779e-06,2.248814668728977e-06,2.885087233011536e-08,3.25236121889488e-07,3.6140554919345243e-07,2.4584499933855737e-06
2024-03-20,3.248654226106048e-06,3.6925621427650966e-06,1.6916410345387623e-06,1.4484320095855445e-07,3.053242419170323e-07,3.847032535460997e-07,1.5626451732750671e-06
2024-03-21,3.2163295764648256e-06,1.237004740874527e-06,2.8280670550732524e-06,1.7453582964879723e-07,2.1874701319138004e-07,3.873876828764914e-07,2.117358490053235e-06
2024-03-22,3.1843265624615323e-06,3.7298374069968504e-06,1.1348060779909888e-06,2.629159078136115e-07,2.8525530415189256e-07,4.322849973842646e-07,1.8887844878982344e-06
2024-03-23,6.3052839675362e-06,4.9987114376253695e-06,1.7077482232592258e-06,8.801812098796864e-08,3.522067900592243e-07,2.973093208549245e-07,1.8036424248209883e-06
2024-03-24,3.1212726719002547e-06,1.2562015519744103e-06,1.1423054038516148e-06,1.4734401320585706e-07,2.208533436419334e-07,2.6650463415598364e-07,1.9027350752131176e-06
2024-03-25,3.090215489900669e-06,0.0,1.7193393355340838e-06,1.3790696172133642e-07,1.994395761137348e-07,4.067233757159011e-07,2.1325191671883036e-06
2024-03-26,3.059467332025261e-06,0.0,1.3951449258570284e-06,2.2189460462726986e-07,3.113150243366195e-07,4.084003801912159e-07,2.0105267227985274e-06
2024-03-27,0.0,1.2765290292672193e-06,1.4007577086010598e-06,1.3947516259111057e-07,4.0168522261766243e-07,4.736373342217673e-07,2.1680623915240166e-06
2024-03-28,0.0,5.134236987390288e-06,1.4065105682832535e-06,1.402801449226663e-07,2.0157421997262157e-07,3.7739337190540063e-07,1.720107672201108e-06
2024-03-29,0.0,3.872153464266737e-06,1.694884896233246e-06,5.610330333416813e-08,2.0232598622638833e-07,3.780675130588089e-07,1.6705834140321558e-06
2024-03-30,0.0,0.0,8.510633002143098e-07,0.0,1.5796509963685365e-07,4.209800045897998e-07,2.0827522646030555e-06
2024-03-31,8.730766048563372e-06,1.3054229179156414e-06,1.7095385187024796e-06,5.610262488120194e-08,2.718537256482024e-07,3.3756437093032745e-07,2.072745427645178e-06
2024-04-01,2.8520008090573452e-06,3.9123238786524926e-06,8.579512330623201e-07,1.4028048880128015e-07,4.08323929774938e-07,4.22858947899063e-07,2.1676517172601582e-06
2024-04-02,2.823622926859717e-06,5.246941650568022e-06,1.1491010323515073e-06,1.9644059090607165e-07,2.72572968262183e-07,5.185494690083131e-07,2.362914408917018e-06
2024-04-03,2.7955274093078024e-06,2.6389880807351217e-06,8.657864987605578e-07,1.4036295836653048e-07,1.5922505717127628e-07,4.5557936806999853e-07,2.2423408029356865e-06
2024-04-04,2.7677114468264327e-06,0.0,1.1597784035051366e-06,5.61700981423264e-08,2.0502660706459405e-07,3.387867522816204e-07,2.1020820891211993e-06
2024-04-05,2.7401722577961785e-06,4.0062238091817785e-06,8.739680906022737e-07,2.5290283497598535e-07,1.8253847672174833e-07,3.0683048959409094e-07,2.1680816231689343e-06
2024-04-06,2.7129070882751893e-06,1.343564796097601e-06,1.7563795522261292e-06,2.8118390978416945e-08,1.371370008727342e-07,3.8008224024618316e-07,2.0075406337025157e-06
2024-04-07,0.0,4.0555680402015785e-06,1.1766657084443918e-06,1.1255711528812841e-07,2.976650257068055e-07,4.109185897570527e-07,1.616288621724252e-06
2024-04-08,0.0,4.080847252294025e-06,1.1825293829561e-06,1.4081490308489467e-07,2.752889073292116e-07,3.049628931286068e-07,2.1193407001633677e-06
2024-04-09,1.3163642833743729e-05,1.360752399516946e-06,1.4856391392394353e-06,1.4094749366728346e-07,3.4479703467689146e-07,2.624150293163424e-07,2.4699890157049636e-06
2024-04-10,2.606532479816281e-06,0.0,1.7919181379228477e-06,1.1287534329319653e-07,3.4551741518306783e-07,3.3470598095305774e-07,2.321058140174182e-06
2024-04-11,0.0,5.448402613665011e-06,1.8012485020654352e-06,1.1233124372276854e-07,1.846785854499705e-07,2.084713720363844e-07,2.2089389351548753e-06
2024-04-12,0.0,1.3629790600564687e-06,1.2071726617061831e-06,8.384878302774187e-08,2.7764952622212367e-07,3.22047147596459e-07,1.8274153887368642e-06
2024-04-13,0.0,2.242047506544929e-06,9.102252802306706e-07,1.112766909487791e-07,2.551165278321819e-07,3.3135057911706355e-07,2.0022837864044245e-06
2024-04-14,0.0,0.0,1.2202161166243338e-06,1.661491984335922e-07,1.162484099209688e-07,3.406203573169076e-07,1.8489870701692616e-06
2024-04-15,0.0,2.2565472197626903e-06,1.8403808233544295e-06,8.269998775115865e-08,2.097834960136796e-07,4.115993845320319e-07,2.3688977524234743e-06
2024-04-16,0.0,1.132067596578161e-06,2.467495348517799e-06,1.0977819513761756e-07,3.25877467041488e-07,3.5907092284121384e-07,2.3178118140486654e-06
2024-04-17,2.430314775564826e-06,1.1359747909780275e-06,1.239277596415879e-06,8.197553838851462e-08,1.3948184546284265e-07,3.6825767136865093e-07,2.1697833610904767e-06
2024-04-18,0.0,1.1399955838036401e-06,6.224657236826174e-07,5.4417085363978734e-08,1.6253517891013407e-07,3.896218855531048e-07,2.1842438143410334e-06
2024-04-19,2.382191318726447e-06,2.288260754275266e-06,6.239343172538675e-07,8.128388033424775e-08,2.5513367277664474e-07,4.3728202915114367e-07,1.807530884507493e-06
2024-04-20,0.0,1.1483795844627849e-06,1.1940614636732533e-06,1.0793368143773018e-07,2.780513837798619e-07,2.609424500278911e-07,1.7932456119326273e-06
2024-04-21,0.0,3.433953538148526e-06,8.940990557253556e-07,2.6874912305304707e-08,2.546526857423496e-07,3.7379807370266483e-07,1.6443679739858386e-06
2024-04-22,1.4851271212819474e-06,1.1410372403747163e-06,5.932668442382598e-07,8.03072752944097e-08,2.544504018339446e-07,3.897277657879303e-07,1.8135590390006688e-06
2024-04-23,0.0,0.0,8.431386083474009e-07,7.999784446735766e-08,2.0804200623635377e-07,2.545423676274272e-07,2.018325611922302e-06
2024-04-24,2.911439267944892e-06,3.4024539791904923e-06,5.596945217497553e-07,1.328273558190291e-07,1.6171409678441817e-07,3.289415286357924e-07,1.5280766600842555e-06
2024-04-25,1.4412349815998196e-06,6.760994623018025e-06,2.7867630392658267e-07,2.1174120592864083e-07,3.2326783163667033e-07,3.8728146628429177e-07,1.9091327141488702e-06
2024-04-26,0.0,5.5981311606262904e-06,2.7753321484091126e-07,2.0963434572749922e-07,2.765246084834551e-07,3.398565932056133e-07,1.475618260566175e-06
2024-04-27,0.0,2.2169715299536385e-06,1.3820893965400122e-06,1.037742245678131e-07,2.2999179735563726e-07,1.725512633855262e-07,1.6396395022791057e-06
2024-04-28,1.3986400506874113e-06,0.0,8.251382099834087e-07,1.5411248067121828e-07,1.1478471017322902e-07,2.9896011184908595e-07,1.6600586955343463e-06
2024-04-29,1.3847233496579997e-06,3.2596088286291053e-06,1.0948070620685678e-06,1.5257903586721155e-07,1.363710998687422e-07,3.467257648681894e-07,1.8147430058951027e-06
2024-04-30,0.0,1.0757250596238555e-06,1.0895393257778064e-06,5.035361636464705e-08,2.25023641255399e-07,2.511774042909542e-07,1.8217715056881604e-06
2024-05-01,0.0,0.0,7.46305666903109e-07,4.99457118336495e-08,2.231774210164765e-08,9.954592680649218e-08,3.2725384673096847e-07
2024-05-02,0.0,0.0,0.0,0.0,0.0,0.0,0.0
2024-05-03,0.0,0.0,0.0,0.0,0.0,0.0,0.0
2024-05-04,0.0,0.0,0.0,0.0,0.0,0.0,0.0
2024-05-05,0.0,0.0,0.0,0.0,0.0,0.0,0.0
2024-05-06,0.0,0.0,0.0,0.0,0.0,0.0,0.0
2024-05-07,0.0,0.0,0.0,0.0,0.0,0.0,0.0
2024-05-08,0.0,0.0,0.0,0.0,0.0,0.0,0.0
2024-05-09,0.0,0.0,0.0,0.0,0.0,0.0,0.0
2024-05-10,0.0,0.0,0.0,0.0,0.0,0.0,0.0
2024-05-11,0.0,0.0,0.0,0.0,0.0,0.0,0.0
2024-05-12,0.0,0.0,0.0,0.0,0.0,0.0,0.0
2024-05-13,0.0,0.0,0.0,0.0,0.0,0.0,0.0
2024-05-14,0.0,0.0,0.0,0.0,0.0,0.0,0.0
2024-05-15,0.0,0.0,0.0,0.0,0.0,0.0,0.0
2024-05-16,0.0,0.0,0.0,0.0,0.0,0.0,0.0
2024-05-17,0.0,0.0,0.0,0.0,0.0,0.0,0.0
2024-05-18,0.0,0.0,0.0,0.0,0.0,0.0,0.0
2024-05-19,0.0,0.0,0.0,0.0,0.0,0.0,0.0
2024-05-20,0.0,0.0,0.0,0.0,0.0,0.0,0.0
2024-05-21,0.0,0.0,0.0,0.0,0.0,0.0,0.0
2024-05-22,0.0,0.0,0.0,0.0,0.0,0.0,0.0
2024-05-23,0.0,0.0,0.0,0.0,0.0,0.0,0.0
2024-05-24,0.0,0.0,0.0,0.0,0.0,0.0,0.0
2024-05-25,0.0,0.0,0.0,0.0,0.0,0.0,0.0
2024-05-26,0.0,0.0,0.0,0.0,0.0,0.0,0.0
2024-05-27,0.0,0.0,0.0,0.0,0.0,0.0,0.0
2024-05-28,0.0,0.0,0.0,0.0,0.0,0.0,0.0
2024-05-29,0.0,0.0,0.0,0.0,0.0,0.0,0.0
2024-05-30,0.0,0.0,0.0,0.0,0.0,0.0,0.0
2024-05-31,0.0,0.0,0.0,0.0,0.0,0.0,0.0
2024-06-01,0.0,0.0,0.0,0.0,0.0,0.0,0.0
2024-06-02,0.0,0.0,0.0,0.0,0.0,0.0,0.0
2024-06-03,0.0,0.0,0.0,0.0,0.0,0.0,0.0
2024-06-04,0.0,0.0,0.0,0.0,0.0,0.0,0.0
2024-06-05,0.0,0.0,0.0,0.0,0.0,0.0,0.0
2024-06-06,0.0,0.0,0.0,0.0,0.0,0.0,0.0
2024-06-07,0.0,0.0,0.0,0.0,0.0,0.0,0.0
2024-06-08,0.0,0.0,0.0,0.0,0.0,0.0,0.0
2024-06-09,0.0,0.0,0.0,0.0,0.0,0.0,0.0
2024-06-10,0.0,0.0,0.0,0.0,0.0,0.0,0.0
2024-06-11,0.0,0.0,0.0,0.0,0.0,0.0,0.0
2024-06-12,0.0,0.0,0.0,0.0,0.0,0.0,0.0
2024-06-13,0.0,0.0,0.0,0.0,0.0,0.0,0.0
2024-06-14,0.0,0.0,0.0,0.0,0.0,0.0,0.0
2024-06-15,0.0,0.0,0.0,0.0,0.0,0.0,0.0
2024-06-16,0.0,0.0,0.0,0.0,0.0,0.0,0.0
2024-06-17,0.0,0.0,0.0,0.0,0.0,0.0,0.0
2024-06-18,0.0,0.0,0.0,0.0,0.0,0.0,0.0
2024-06-19,0.0,0.0,0.0,0.0,0.0,0.0,0.0
2024-06-20,0.0,0.0,0.0,0.0,0.0,0.0,0.0
2024-06-21,0.0,0.0,0.0,0.0,0.0,0.0,0.0
2024-06-22,0.0,0.0,0.0,0.0,0.0,0.0,0.0
2024-06-23,0.0,0.0,0.0,0.0,0.0,0.0,0.0
2024-06-24,0.0,0.0,0.0,0.0,0.0,0.0,0.0
2024-06-25,0.0,0.0,0.0,0.0,0.0,0.0,0.0
2024-06-26,0.0,0.0,0.0,0.0,0.0,0.0,0.0
2024-06-27,0.0,0.0,0.0,0.0,0.0,0.0,0.0
2024-06-28,0.0,0.0,0.0,0.0,0.0,0.0,0.0
2024-06-29,0.0,0.0,0.0,0.0,0.0,0.0,0.0
2024-06-30,0.0,0.0,0.0,0.0,0.0,0.0,0.0
2024-07-01,0.0,0.0,0.0,0.0,0.0,0.0,0.0
2024-07-02,0.0,0.0,0.0,0.0,0.0,0.0,0.0
2024-07-03,0.0,0.0,0.0,0.0,0.0,0.0,0.0
2024-07-04,0.0,0.0,0.0,0.0,0.0,0.0,0.0
2024-07-05,0.0,0.0,0.0,0.0,0.0,0.0,0.0
2024-07-06,0.0,0.0,0.0,0.0,0.0,0.0,0.0
2024-07-07,0.0,0.0,0.0,0.0,0.0,0.0,0.0
2024-07-08,0.0,0.0,0.0,0.0,0.0,0.0,0.0
2024-07-09,0.0,0.0,0.0,0.0,0.0,0.0,0.0
2024-07-10,0.0,0.0,0.0,0.0,0.0,0.0,0.0
2024-07-11,0.0,0.0,0.0,0.0,0.0,0.0,0.0
2024-07-12,0.0,0.0,0.0,0.0,0.0,0.0,0.0
2024-07-13,0.0,0.0,0.0,0.0,0.0,0.0,0.0
2024-07-14,0.0,0.0,0.0,0.0,0.0,0.0,0.0
2024-07-15,0.0,0.0,0.0,0.0,0.0,0.0,0.0
2024-07-16,0.0,0.0,0.0,0.0,0.0,0.0,0.0
2024-07-17,0.0,0.0,0.0,0.0,0.0,0.0,0.0
2024-07-18,0.0,0.0,0.0,0.0,0.0,0.0,0.0
2024-07-19,0.0,0.0,0.0,0.0,0.0,0.0,0.0
2024-07-20,0.0,0.0,0.0,0.0,0.0,0.0,0.0
2024-07-21,0.0,0.0,0.0,0.0,0.0,0.0,0.0
2024-07-22,0.0,0.0,0.0,0.0,0.0,0.0,0.0
2024-07-23,0.0,0.0,0.0,0.0,0.0,0.0,0.0
2024-07-24,0.0,0.0,0.0,0.0,0.0,0.0,0.0
2024-07-25,0.0,0.0,0.0,0.0,0.0,0.0,0.0
2024-07-26,0.0,0.0,0.0,0.0,0.0,0.0,0.0
2024-07-27,0.0,0.0,0.0,0.0,0.0,0.0,0.0
2024-07-28,0.0,0.0,0.0,0.0,0.0,0.0,0.0
2024-07-29,0.0,0.0,0.0,0.0,0.0,0.0,0.0
2024-07-30,0.0,0.0,0.0,0.0,0.0,0.0,0.0
2024-07-31,0.0,0.0,0.0,0.0,0.0,0.0,0.0
2024-08-01,0.0,0.0,0.0,0.0,0.0,0.0,0.0
2024-08-02,0.0,0.0,0.0,0.0,0.0,0.0,0.0
2024-08-03,0.0,0.0,0.0,0.0,0.0,0.0,0.0
2024-08-04,0.0,0.0,0.0,0.0,0.0,0.0,0.0
2024-08-05,0.0,0.0,0.0,0.0,0.0,0.0,0.0
2024-08-06,0.0,0.0,0.0,0.0,0.0,0.0,0.0
2024-08-07,0.0,0.0,0.0,0.0,0.0,0.0,0.0
2024-08-08,0.0,0.0,0.0,0.0,0.0,0.0,0.0
2024-08-09,0.0,0.0,0.0,0.0,0.0,0.0,0.0
2024-08-10,0.0,0.0,0.0,0.0,0.0,0.0,0.0
2024-08-11,0.0,0.0,0.0,0.0,0.0,0.0,0.0
2024-08-12,0.0,0.0,0.0,0.0,0.0,0.0,0.0
2024-08-13,0.0,0.0,0.0,0.0,0.0,0.0,0.0
2024-08-14,0.0,0.0,0.0,0.0,0.0,0.0,0.0
2024-08-15,0.0,0.0,0.0,0.0,0.0,0.0,0.0
2024-08-16,0.0,0.0,0.0,0.0,0.0,0.0,0.0
2024-08-17,0.0,0.0,0.0,0.0,0.0,0.0,0.0
2024-08-18,0.0,0.0,0.0,0.0,0.0,0.0,0.0
2024-08-19,0.0,0.0,0.0,0.0,0.0,0.0,0.0
2024-08-20,0.0,0.0,0.0,0.0,0.0,0.0,0.0
2024-08-21,0.0,0.0,0.0,0.0,0.0,0.0,0.0
2024-08-22,0.0,0.0,0.0,0.0,0.0,0.0,0.0
2024-08-23,0.0,0.0,0.0,0.0,0.0,0.0,0.0
2024-08-24,0.0,0.0,0.0,0.0,0.0,0.0,0.0
2024-08-25,0.0,0.0,0.0,0.0,0.0,0.0,0.0
2024-08-26,0.0,0.0,0.0,0.0,0.0,0.0,0.0
2024-08-27,0.0,0.0,0.0,0.0,0.0,0.0,0.0
2024-08-28,0.0,0.0,0.0,0.0,0.0,0.0,0.0
2024-08-29,0.0,0.0,0.0,0.0,0.0,0.0,0.0
2024-08-30,0.0,0.0,0.0,0.0,0.0,0.0,0.0
2024-08-31,0.0,0.0,0.0,0.0,0.0,0.0,0.0
2024-09-01,0.0,0.0,0.0,0.0,0.0,0.0,0.0
2024-09-02,0.0,0.0,0.0,0.0,0.0,0.0,0.0
2024-09-03,0.0,0.0,0.0,0.0,0.0,0.0,0.0
2024-09-04,0.0,0.0,0.0,0.0,0.0,0.0,0.0
2024-09-05,0.0,0.0,0.0,0.0,0.0,0.0,0.0
2024-09-06,0.0,0.0,0.0,0.0,0.0,0.0,0.0
2024-09-07,0.0,0.0,0.0,0.0,0.0,0.0,0.0
2024-09-08,0.0,0.0,0.0,0.0,0.0,0.0,0.0
2024-09-09,0.0,0.0,0.0,0.0,0.0,0.0,0.0
2024-09-10,0.0,0.0,0.0,0.0,0.0,0.0,0.0
2024-09-11,0.0,0.0,0.0,0.0,0.0,0.0,0.0
2024-09-12,0.0,0.0,0.0,0.0,0.0,0.0,0.0
2024-09-13,0.0,0.0,0.0,0.0,0.0,0.0,0.0
2024-09-14,0.0,0.0,0.0,0.0,0.0,0.0,0.0
2024-09-15,0.0,0.0,0.0,0.0,0.0,0.0,0.0
2024-09-16,0.0,0.0,0.0,0.0,0.0,0.0,0.0
2024-09-17,0.0,0.0,0.0,0.0,0.0,0.0,0.0
2024-09-18,0.0,0.0,0.0,0.0,0.0,0.0,0.0
2024-09-19,0.0,0.0,0.0,0.0,0.0,0.0,0.0
2024-09-20,0.0,0.0,0.0,0.0,0.0,0.0,0.0
2024-09-21,0.0,0.0,0.0,0.0,0.0,0.0,0.0
2024-09-22,0.0,0.0,0.0,0.0,0.0,0.0,0.0
2024-09-23,0.0,0.0,0.0,0.0,0.0,0.0,0.0
2024-09-24,0.0,0.0,0.0,0.0,0.0,0.0,0.0
2024-09-25,0.0,0.0,0.0,0.0,0.0,0.0,0.0
2024-09-26,0.0,0.0,0.0,0.0,0.0,0.0,0.0
2024-09-27,0.0,0.0,0.0,0.0,0.0,0.0,0.0
2024-09-28,0.0,0.0,0.0,0.0,0.0,0.0,0.0
2024-09-29,0.0,0.0,0.0,0.0,0.0,0.0,0.0
2024-09-30,0.0,0.0,0.0,0.0,0.0,0.0,0.0
2024-10-01,0.0,0.0,3.699147139603425e-08,0.0,0.0,2.5861486902980958e-08,3.957613854598889e-07
2024-10-02,0.0,0.0,3.736324186425362e-08,0.0,0.0,2.6121399167400935e-08,4.132893231197047e-07
2024-10-03,0.0,0.0,1.2579582895931848e-08,0.0,0.0,2.2426335054479732e-08,3.934913052064218e-07
2024-10-04,0.0,0.0,7.623605883531065e-08,0.0,0.0,2.331795062971169e-08,3.663414922470509e-07
2024-10-05,0.0,0.0,3.850112198222199e-08,0.0,0.0,1.5477225668023303e-08,3.2115228548837497e-07
2024-10-06,0.0,0.0,2.5925376460714163e-08,0.0,0.0,1.7671831898767136e-08,2.99698838776572e-07
2024-10-07,0.0,0.0,7.855779247759293e-08,0.0,0.0,2.2655054351811208e-08,3.632530346174492e-07
2024-10-08,0.0,0.0,2.6449103805918706e-08,0.0,0.0,2.4269574247490108e-08,3.8016757643672123e-07
2024-10-09,0.0,0.0,2.6714921718394698e-08,0.0,0.0,1.7509633945527865e-08,3.467546429765639e-07
2024-10-10,0.0,0.0,2.698341114530503e-08,0.0,0.0,2.9004398255311388e-08,3.674308994593306e-07
2024-10-11,0.0,0.0,1.3627299467908077e-08,0.0,0.0,1.8910404661170097e-08,3.664195660229776e-07
2024-10-12,0.0,0.0,1.3764256104466546e-08,0.0,0.0,1.386832814142292e-08,3.247928680006512e-07
2024-10-13,0.0,0.0,1.3902589178105714e-08,0.0,0.0,2.2655054351811208e-08,3.037272765156984e-07
2024-10-14,0.0,0.0,5.6169250088992886e-08,0.0,0.0,2.514837616363015e-08,3.2157861534173793e-07
2024-10-15,0.0,0.0,5.67337604373797e-08,0.0,0.0,1.884183994368054e-08,4.004479089358503e-07
2024-10-16,0.0,0.0,8.59559163136328e-08,0.0,0.0,2.065304198631607e-08,4.016902468551272e-07
2024-10-17,0.0,0.0,4.255032032803478e-08,0.0,0.0,1.8468746515453896e-08,3.7025899864457826e-07
2024-10-18,0.0,0.0,4.212693756674467e-08,0.0,0.0,1.7631944437995632e-08,3.7890445432963774e-07
2024-10-19,0.0,0.0,4.1707767534317145e-08,0.0,0.0,2.133572669495929e-08,3.37234248013204e-07
2024-10-20,0.0,0.0,2.7528512208933092e-08,0.0,0.0,1.600260050550161e-08,3.031900426561727e-07
2024-10-21,0.0,0.0,4.0881898403724234e-08,0.0,0.0,3.230637400316865e-08,3.688507337462406e-07
2024-10-22,0.0,0.0,2.698341114530503e-08,0.0,0.0,2.9970720940426576e-08,3.738298109893866e-07
2024-10-23,0.0,0.0,4.007238257759205e-08,0.0,0.0,4.722200722428254e-08,4.2435954311556505e-07
2024-10-24,0.0,0.0,3.967365570887806e-08,0.0,0.0,5.409266133331636e-08,3.55761894157296e-07
2024-10-25,0.0,0.0,3.9278896238796465e-08,0.0,0.0,3.450522581552102e-08,3.8158653959955513e-07
2024-10-26,0.0,0.0,7.77761293821425e-08,0.0,0.0,3.218756010781828e-08,2.760337820759042e-07
2024-10-27,0.0,0.0,2.566741465481466e-08,0.0,0.0,3.217346157065077e-08,2.8144212652528673e-07
2024-10-28,0.0,0.0,1.2706009805885107e-08,0.0,0.0,5.6284515711290364e-08,3.2777885370141666e-07
2024-10-29,0.0,0.0,3.773874868779555e-08,0.0,0.0,3.904525456861582e-08,3.260972642634567e-07
2024-10-30,0.0,0.0,4.981765581900482e-08,0.0,0.0,4.822569924913154e-08,4.0556035602958973e-07
2024-10-31,0.0,0.0,1.2330490465344748e-08,0.0,0.0,2.755648446727608e-08,3.631857192930867e-07
2024-11-01,0.0,0.0,3.6681502292012475e-08,0.0,0.0,2.872390163193417e-08,2.870329465015104e-07
2024-11-02,0.0,0.0,1.2105505081958892e-08,0.0,0.0,3.33251105415696e-08,3.0557492999738277e-07
2024-11-03,0.0,0.0,8.389537305690177e-08,0.0,0.0,3.103494305796068e-08,3.1403893586100907e-07
2024-11-04,0.0,0.0,2.373160004208858e-08,0.0,0.0,4.024502556685539e-08,3.9153498497532206e-07
2024-11-05,0.0,0.0,4.699093335254309e-08,0.0,0.0,4.1413982325947195e-08,3.3078266895282667e-07
2024-11-06,0.0,0.0,8.141589006845619e-08,0.0,0.0,4.834342641851874e-08,3.4462713498334375e-07
2024-11-07,0.0,0.0,4.60604505296089e-08,0.0,0.0,5.874152618629501e-08,2.9371596487802984e-07
2024-11-08,0.0,0.0,4.560214138925107e-08,0.0,0.0,4.149613729025661e-08,3.012154153502064e-07
2024-11-09,0.0,0.0,2.257419625051704e-08,0.0,0.0,3.1148863131813615e-08,3.117880881313794e-07
2024-11-10,0.0,0.0,7.822352735695921e-08,0.0,0.0,3.810734669891773e-08,2.7482613120107453e-07
2024-11-11,0.0,0.0,2.2127197215723135e-08,0.0,0.0,4.739559179853396e-08,4.0462744854326353e-07
2024-11-12,0.0,0.0,3.286054188714261e-08,0.0,0.0,4.5135776630712025e-08,3.4261550343669136e-07
2024-11-13,0.0,0.0,2.1689049354848742e-08,0.0,0.0,3.9398550657451115e-08,3.3714107366362907e-07
2024-11-14,0.0,0.0,3.220985956191825e-08,0.0,0.0,4.293295283122546e-08,3.563169282766663e-07
2024-11-15,0.0,0.0,5.314894350726869e-08,0.0,0.0,3.834716448169494e-08,2.989651812092039e-07
2024-11-16,0.0,0.0,2.1048041073326114e-08,0.0,0.0,3.840661118664709e-08,3.332931404281009e-07
2024-11-17,0.0,0.0,1.0419304782696091e-08,0.0,0.0,4.663018010269519e-08,3.2803693470381e-07
2024-11-18,0.0,0.0,6.189378580734106e-08,0.0,0.0,3.853703300471679e-08,3.1687530167138215e-07
2024-11-19,0.0,0.0,3.0638966174332314e-08,0.0,0.0,4.445772133590131e-08,3.403591421696367e-07
2024-11-20,0.0,0.0,1.0111367789048031e-08,0.0,2.0506849334375412e-08,4.454391108161359e-08,3.3404231636249254e-07
2024-11-21,0.0,0.0,3.0032273995571085e-08,0.0,4.7343877934984555e-08,4.1110774577484026e-08,2.784998229725244e-07
2024-11-22,0.0,0.0,2.9733447876424622e-08,0.0,3.287603812531748e-08,4.708385570759549e-08,3.824487371988656e-07
2024-11-23,0.0,0.0,1.962506341789583e-08,0.0,2.1131375873708797e-08,3.185235728936841e-08,3.6381580247670475e-07
2024-11-24,0.0,0.0,2.9144686161306972e-08,0.0,3.354017815021961e-08,3.902102995802306e-08,3.448908870423818e-07
2024-11-25,0.0,0.0,4.809115281445608e-08,0.0,5.2355769387205036e-08,4.148592757520008e-08,3.3269831792517014e-07
2024-11-26,0.0,0.0,6.665769298826131e-08,0.0,4.666054730944112e-08,4.6343212960377716e-08,4.040564106940358e-07
2024-11-27,0.0,0.0,8.48499915357401e-08,0.0,1.8851797442455896e-08,3.574144910748748e-08,3.095415988787085e-07
2024-11-28,0.0,0.0,3.733587556159014e-08,0.0,2.8561891734884203e-08,3.703244193671809e-08,3.1597730455579905e-07
2024-11-29,0.0,0.0,4.620547174078993e-08,0.0,5.769788703811941e-08,2.5156480144703818e-08,3.534304397297631e-07
2024-11-30,0.0,0.0,4.5745719615270947e-08,0.0,4.208949365346264e-08,2.5618446025542627e-08,3.257891782838408e-07
2024-12-01,0.0,0.0,6.334989060829858e-08,0.0,2.2880383274966218e-08,3.36989462170823e-08,2.644102682838446e-07
2024-12-02,0.0,0.0,3.5839742094156565e-08,0.0,5.282362274246729e-08,2.6913471924237878e-08,2.9629353798632813e-07
2024-12-03,0.0,0.0,2.6612348026449572e-08,0.0,4.335053854382886e-08,3.517923822974199e-08,1.9592629304713543e-07
2024-12-04,0.0,0.0,8.782516913087135e-09,0.0,4.8322441239249173e-08,3.14949777868623e-08,1.4300654356542609e-07
2024-12-05,0.0,0.0,8.695129409701174e-09,0.0,7.809294375618962e-08,3.2627187257366595e-08,1.4889945200373593e-07
2024-12-06,0.0,0.0,0.0,0.0,4.4368757375081545e-08,2.7187954151151392e-08,1.3620711014545895e-07
2024-12-07,0.0,0.0,0.0,0.0,4.4814670800018035e-08,3.245414265723755e-08,1.2110722113009747e-07
2024-12-08,0.0,0.0,0.0,0.0,6.035342097250693e-08,3.278031221351623e-08,1.3321293106208217e-07
2024-12-09,0.0,0.0,0.0,0.0,7.111998009361205e-08,3.226079162760676e-08,1.5390518829980492e-07
2024-12-10,0.0,0.0,0.0,0.0,4.104842730090032e-08,2.6896666431603056e-08,1.873558585757961e-07
2024-12-11,0.0,0.0,0.0,0.0,3.627834949708961e-08,3.078982764917409e-08,1.4193086846646324e-07
2024-12-12,0.0,0.0,0.0,0.0,8.375532107673876e-08,3.7898360331908e-08,1.7316640184230553e-07
2024-12-13,0.0,0.0,0.0,0.0,5.287317252984258e-08,3.3442866938800756e-08,1.7461408766903242e-07
2024-12-14,0.0,0.0,0.0,0.0,9.078774647166382e-08,2.261177892390114e-08,1.7323983962814945e-07
2024-12-15,0.0,0.0,0.0,0.0,9.709430663954024e-08,2.3985844247551355e-08,1.7330254244461287e-07
2024-12-16,0.0,0.0,0.0,0.0,4.3586720286306263e-08,3.166290814616221e-08,2.0038478006576504e-07
2024-12-17,0.0,0.0,0.0,0.0,9.355264497914839e-08,3.840112475900077e-08,2.1943003022517344e-07
2024-12-18,0.0,0.0,0.0,0.0,8.337605708148941e-08,2.3276955418426394e-08,2.2640892540645336e-07
2024-12-19,0.0,0.0,0.0,0.0,5.614266692398502e-08,4.071344432121972e-08,2.137089891064242e-07
2024-12-20,0.0,0.0,0.0,0.0,9.640174718210716e-08,2.6618714289722375e-08,2.223923320170935e-07
2024-12-21,0.0,2.4921143813128245e-07,0.0,0.0,6.87321888342304e-08,2.6353853657156243e-08,2.212273871915159e-07
2024-12-22,0.0,1.0068642188951504e-06,0.0,0.0,9.834919165610628e-08,2.609162843191744e-08,2.0849418957436622e-07
2024-12-23,0.0,2.542458431315293e-07,0.0,0.0,7.59640604142917e-08,3.321258736019777e-08,2.08038104855014e-07
2024-12-24,0.0,0.0,0.0,0.0,9.443386081704267e-08,2.411355216918525e-08,2.0873329793348704e-07
2024-12-25,0.0,5.187638997180371e-07,0.0,0.0,8.346006978457489e-08,2.8214276191877155e-08,2.3775333269349553e-07
2024-12-26,0.0,1.3099439089685949e-06,0.0,0.0,1.0838424526812795e-07,3.724471927082812e-08,2.30309336645638e-07
2024-12-27,0.0,5.29243625649847e-07,0.0,0.0,8.514607503294985e-08,3.049206748559742e-08,2.3982006950513696e-07
2024-12-28,0.0,5.345626125158588e-07,0.0,0.0,1.2900271097038817e-07,3.3698976384875315e-08,2.2483405592845052e-07
2024-12-29,0.0,1.0798701121771851e-06,0.0,0.0,5.584251847283622e-08,3.544889509032313e-08,2.8101854618247385e-07
2024-12-30,0.0,1.0907229872337653e-06,0.0,0.0,1.1907457301821007e-07,3.096721119773481e-08,3.0424517158444823e-07
2024-12-31,0.0,5.508424677490037e-07,0.0,0.0,8.862095227448772e-08,3.8153524637502056e-08,3.020880705869906e-07
2025-01-01,0.0,1.0918552841765753e-06,0.0,0.0,8.820824938275507e-08,3.807273374583256e-08,2.994386808215123e-07
2025-01-02,0.0,8.271214591607114e-07,0.0,0.0,1.1455040189218338e-07,3.174223470773715e-08,3.4464398377663185e-07
2025-01-03,0.0,8.354341680241773e-07,0.0,0.0,1.0284591339622969e-07,2.5533945283618065e-08,2.7985485509274735e-07
2025-01-04,0.0,5.625536140004289e-07,2.9102686967287424e-08,0.0,8.440211975795086e-08,2.9169090326545876e-08,3.70590259698283e-07
2025-01-05,0.0,8.523110577224037e-07,2.9395173833906903e-08,0.0,9.180809633022056e-08,4.334430350083774e-08,3.0705815103784883e-07
2025-01-06,0.0,1.4347948771003295e-06,2.9690600242405834e-08,0.0,9.273078303801868e-08,5.303679901278904e-08,3.8116266671082294e-07
2025-01-07,0.0,8.695288832080179e-07,3.748624466958906e-08,0.0,1.0035293882292481e-07,3.819372568589276e-08,3.715980739037094e-07
2025-01-08,0.0,0.0,6.815337784537759e-08,0.0,1.0811893613384801e-07,6.363014176629194e-08,3.262876260972445e-07
2025-01-09,0.0,2.956981772802627e-07,5.354092386227984e-08,0.0,1.3462287903425532e-07,5.73957183421624e-08,4.0055050506622236e-07
2025-01-10,0.0,5.432003019607303e-07,2.3176722468401342e-08,0.0,8.717185769583859e-08,3.868616947053462e-08,3.5080333117586496e-07
2025-01-11,0.0,1.0973191115112122e-06,5.462252227056838e-08,0.0,1.1356988782484716e-07,4.74344001828178e-08,4.357978467312969e-07
2025-01-12,0.0,0.0,3.1526564426255025e-08,0.0,9.318825351048874e-08,4.2456862696852156e-08,3.57522338554386e-07
2025-01-13,0.0,1.1194864280007078e-06,5.5725970416075186e-08,0.0,9.949037465293464e-08,5.247117526241679e-08,3.826493437427937e-07
2025-01-14,0.0,2.2614749073011465e-06,4.020430409263153e-08,0.0,7.270717013528978e-08,4.8750821732707365e-08,3.1387586933135034e-07
2025-01-15,0.0,5.710507769940442e-07,5.685170969277125e-08,0.0,6.587454815396716e-08,1.0420444603429568e-07,3.7587110905700435e-07
2025-01-16,0.0,2.307159730865513e-06,1.640659396405835e-08,0.0,6.565825642192737e-08,8.178831250000067e-08,4.6227460875780434e-07
2025-01-17,0.0,1.1651735358252878e-06,4.9714448924037707e-08,0.0,1.112625019694168e-07,7.256751599565523e-08,2.787679913360116e-07
2025-01-18,0.0,0.0,4.1845072868518036e-08,0.0,7.829441955139273e-08,8.82040862932012e-08,4.243014858795835e-07
2025-01-19,0.0,1.188711602612672e-06,4.226562284249582e-08,0.0,9.390380151895529e-08,1.0590143023125355e-07,4.3308474509177826e-07
2025-01-20,0.0,6.003291764169091e-07,7.68427189451628e-08,0.0,1.6920656774434582e-07,8.121428751110333e-08,4.9066218719067e-07
2025-01-21,0.0,1.8190877548362006e-06,8.62388901219594e-08,0.0,1.9763708247774465e-07,9.516093233844406e-08,5.044018742478005e-07
2025-01-22,0.0,0.0,9.581616591452212e-08,0.0,1.5077048873145272e-07,9.61807508273583e-08,6.070832579301214e-07
2025-01-23,0.0,1.2372238434067695e-06,2.6394309379452937e-08,0.0,1.3144407257527663e-07,8.99365127360353e-08,5.467391000322971e-07
2025-01-24,0.0,1.2496581497535243e-06,5.331915319757533e-08,0.0,1.216216040253748e-07,7.006895381709207e-08,4.460378205851016e-07
2025-01-25,0.0,6.311087114783197e-07,7.180669279466308e-08,0.0,7.458471388555857e-08,9.771280775334733e-08,4.345271924766678e-07
2025-01-26,0.0,0.0,6.34623167981346e-08,0.0,1.30082439005828e-07,6.854160492425056e-08,4.77547764881567e-07
2025-01-27,0.0,6.438579531527409e-07,8.24144447385055e-08,0.0,1.7595986458717126e-07,1.0337750658985068e-07,5.615268570384298e-07
2025-01-28,0.0,2.6013153326415856e-06,7.399353215846792e-08,0.0,1.4770262936501399e-07,1.0857307445813858e-07,6.355717481322356e-07
2025-01-29,0.0,3.284323732966552e-06,5.605288463985621e-08,0.0,1.3804059472747787e-07,7.454881093795667e-08,5.460274765063799e-07
2025-01-30,0.0,1.9903990411448188e-06,7.548830066138181e-08,0.0,1.834983714663494e-07,7.89711140142389e-08,5.563856868908721e-07
2025-01-31,0.0,2.6805371787633228e-06,3.812348534796431e-08,0.0,1.0977657997167447e-07,8.903976212640546e-08,5.761360300841195e-07
2025-02-01,0.0,6.678281105849648e-07,6.73016928428854e-08,0.0,1.5467637805690822e-07,9.89580022532467e-08,5.666229313229713e-07
2025-02-02,0.0,1.349079789359696e-06,1.16533861887435e-07,0.0,1.361044759214969e-07,7.920767852506994e-08,5.268740838235278e-07
2025-02-03,0.0,2.0439573999789524e-06,5.885252333518355e-08,0.0,9.954516388297803e-08,9.143283306125252e-08,6.388247519445929e-07
2025-02-04,0.0,1.376333008907775e-06,6.935133453269822e-08,0.0,1.0831672729767405e-07,8.465576928462222e-08,7.054492967739645e-07
2025-02-05,0.0,2.0852480784161313e-06,5.003451930875847e-08,0.0,1.1705369229922993e-07,6.024326798244807e-08,7.314364201730068e-07
2025-02-06,0.0,3.5103419500269225e-06,7.075232442290254e-08,3.6041130932031684e-08,1.2575873565886394e-07,6.084872289136799e-08,6.41606330180227e-07
2025-02-07,0.0,7.091242946294515e-07,7.146339710494597e-08,4.16038289369154e-08,1.0754762127428509e-07,9.71468668851916e-08,7.423872608806877e-07
2025-02-08,0.0,1.4325022245478407e-06,6.186995673107395e-08,3.676921007293848e-08,9.837006245642493e-08,8.410560782493533e-08,6.31434733489838e-07
2025-02-09,0.0,1.4311460802198917e-06,1.1456822691180438e-07,4.774981728564564e-08,8.924058409058437e-08,9.708672369861877e-08,6.6831843421479e-07
2025-02-10,0.0,7.149665258462951e-07,7.363978155851221e-08,3.7511997388137126e-08,1.6921924933539832e-07,8.58046538067638e-08,7.625419079043344e-07
2025-02-11,0.0,0.0,6.375417742904306e-08,5.953985593214809e-08,1.6000892617702386e-07,8.95476909665517e-08,7.664180240698348e-07
2025-02-12,0.0,7.139679355620225e-07,1.361660340929917e-07,3.2802677144963706e-08,7.986044016270943e-08,8.246698432075812e-08,6.814818462137616e-07
2025-02-13,0.0,7.135757596815401e-07,9.823894677629625e-08,4.9698524296617916e-08,8.858267038608195e-08,1.0210451835806936e-07,8.536311179996286e-07
2025-02-14,0.0,7.132549419716742e-07,3.969050584222829e-08,2.7887779316464175e-08,1.3266056506501678e-07,7.870499707897047e-08,6.756948383621015e-07
2025-02-15,0.0,7.130054503503866e-07,1.0022350514399458e-07,2.8168056158201047e-08,1.0269734132846756e-07,9.868468400686312e-08,7.952331100807662e-07
2025-02-16,0.0,1.4256545197366144e-06,2.024615362329054e-07,1.1380459931610877e-08,1.4380428803583264e-07,1.2736439311694168e-07,6.974208879629145e-07
2025-02-17,0.0,4.276322116237436e-06,1.4314741595011445e-07,2.8737088638545617e-08,1.232971532232442e-07,1.286444265483406e-07,8.493969034882464e-07
2025-02-18,0.0,7.126847181733776e-07,1.4458607139807998e-07,2.902590118087555e-08,1.0278818162344231e-07,1.1863842674441591e-07,9.604586250903764e-07
2025-02-19,0.0,2.138161058118718e-06,1.6690192636991328e-07,1.1727046535004758e-08,9.255511301820049e-08,1.0556519576106203e-07,8.997663775944512e-07
2025-02-20,0.0,2.851309039473229e-06,8.428965930830021e-08,1.7767357968128057e-08,2.0580026258607613e-07,1.420124947626938e-07,8.241493406149422e-07
2025-02-21,0.0,7.130054503503866e-07,1.2770517670172439e-07,1.7945922884351967e-08,9.267438439825974e-08,1.8482454572311068e-07,7.842260467748841e-07
2025-02-22,0.0,0.0,1.7198484675345316e-07,3.021047067969884e-08,9.274791814845396e-08,1.912352843447098e-07,9.24279883384585e-07
2025-02-23,0.0,7.135757596815401e-07,4.295387362452904e-08,3.0514090957721175e-08,1.5471787794625534e-07,2.1275328352945644e-07,9.774237446043151e-07
2025-02-24,0.0,1.427935871124045e-06,3.23918304286735e-07,2.4656610136214212e-08,1.0324757615232048e-07,2.0421175215004453e-07,1.018400908064659e-06
2025-02-25,0.0,0.0,1.4448042535312125e-07,5.603492967257781e-08,1.033602251841259e-07,2.315494697124629e-07,9.558078005100205e-07
2025-02-26,0.0,1.917310627386747e-06,2.5377031413137974e-07,5.0309413402966065e-08,1.4487649445441695e-07,2.1782494850298513e-07,1.077996532711319e-06
2025-02-27,0.0,9.617109409914257e-07,2.1833593811801693e-07,2.5407515706786178e-08,1.0361654387230992e-07,1.5656318560565903e-07,1.056346648810028e-06
2025-02-28,0.0,2.8945882205550165e-06,2.1917629789918164e-07,2.5662865484833006e-08,4.5329585627666e-08,1.944787920275017e-07,9.898669701724103e-07
2025-03-01,0.0,0.0,1.831459784718237e-07,3.892019882325504e-08,7.235598473814331e-08,1.6614617155441996e-07,9.351402748461937e-07
2025-03-02,0.0,0.0,1.4710559816979886e-07,3.275946110364816e-08,1.274454133384112e-07,2.210508764063084e-07,8.700817538415066e-07
2025-03-03,0.0,4.742805624057613e-06,2.9541824848908834e-07,6.617739832265426e-08,1.0079189845419386e-07,2.8168216950348935e-07,9.397826441038304e-07
2025-03-04,0.0,1.8884639231186864e-06,2.5957298737090924e-07,3.342124611649624e-08,1.1990513868683407e-07,2.6798240847478425e-07,1.0315356672902035e-06
2025-03-05,0.0,1.8799944445803647e-06,2.6068096482891484e-07,5.4011416358605004e-08,8.356470217914454e-08,3.109835517866596e-07,1.0092965246926583e-06
2025-03-06,0.0,0.0,1.4960857748607894e-07,6.819280014682694e-09,9.347390115336513e-08,2.3944528806939984e-07,1.2690585885738802e-06
2025-03-07,1.6064521057253408e-06,1.8636186623824436e-06,2.0833400540872872e-07,3.4439074591119914e-08,1.2233972489284308e-07,2.581248910253811e-07,1.3673265614676921e-06
2025-03-08,1.6225972178005938e-06,9.278553605654886e-07,2.966892182367493e-07,3.47851930449848e-08,1.0422551815140462e-07,3.5585722792047564e-07,1.051426072882194e-06
2025-03-09,0.0,0.0,4.4827055319676456e-07,1.4053916018856776e-08,8.58626428794518e-08,3.967285652190592e-07,1.181818044365169e-06
2025-03-10,8.276879279619258e-07,0.0,3.0103473764485663e-07,4.968306078061603e-08,8.561214511317518e-08,4.946939841091971e-07,1.3344300371479408e-06
2025-03-11,8.360063299314921e-07,1.8330972625948398e-06,3.79065679437289e-07,5.01823838427141e-08,1.0434136610669883e-07,5.361544674734385e-07,1.5142360151338729e-06
2025-03-12,2.533224999692177e-06,1.8259270522031465e-06,3.8187584370234006e-07,2.1722882222149386e-08,1.0405610018752341e-07,5.163700030420006e-07,1.52124456895604e-06
2025-03-13,0.0,3.6664214752768314e-06,6.203883541581141e-07,5.8968934151948515e-08,1.2361286603209225e-07,5.355152385489127e-07,1.3901143968934336e-06
2025-03-14,1.7503220178990498e-06,9.204703529162129e-07,5.512818729645303e-07,4.502802441584477e-08,6.500900145054192e-08,3.7416250756634354e-07,1.4079237004814056e-06
2025-03-15,0.0,0.0,4.799663858120939e-07,8.405925572085708e-08,2.4548843267394193e-08,3.1834696560343923e-07,1.3620304541564756e-06
2025-03-16,1.8151182004089587e-06,9.288969711893969e-07,4.063467021613695e-07,5.4477433358837773e-08,4.9453239752978375e-08,4.224019885006082e-07,1.3280166408160951e-06
2025-03-17,0.0,9.334731454093445e-07,2.477421297968399e-07,5.548922308856364e-08,7.473585330624657e-08,4.2868462205775117e-07,1.3855239133825128e-06
2025-03-18,0.0,1.8766031775897185e-06,2.517897113740767e-07,4.845313973341519e-08,1.589989407817703e-07,3.967586315482222e-07,1.538311945513159e-06
2025-03-19,9.595265499643417e-07,9.433906090678483e-07,3.41273574511889e-07,2.46843634928996e-08,5.061265476406704e-08,5.197873171977193e-07,1.8717571965173988e-06
2025-03-20,0.0,9.487489788509583e-07,7.807295696068832e-07,5.030994164339304e-08,7.65478008681825e-08,5.014725848773317e-07,1.6407349243267318e-06
2025-03-21,9.96631640090831e-07,2.8631579005830087e-06,3.528781900808255e-07,5.1277825868270166e-08,1.0293687520178932e-07,5.495965283191552e-07,1.664817710079538e-06
2025-03-22,0.0,9.603113716729029e-07,4.4867785532980966e-07,6.969797198147983e-08,1.1249985165526046e-07,4.902973511382948e-07,1.5070837899652441e-06
2025-03-23,1.0358967742583565e-06,1.9330711166087562e-06,7.303809727774427e-07,1.7766020487128577e-08,1.1352522806306958e-07,4.429005465798474e-07,1.7259965614663365e-06
2025-03-24,2.1127931421398754e-06,9.730694978998444e-07,1.8581524631765503e-07,7.247039894529139e-08,1.057778161754727e-07,6.049620355499426e-07,2.037279095921666e-06
2025-03-25,2.155015306314313e-06,9.799248108238619e-07,7.565408816299593e-07,2.771949413791716e-08,8.010257396669222e-08,5.721756699260333e-07,1.7599897476745316e-06
2025-03-26,0.0,0.0,2.8883920680214133e-07,2.827899996523974e-08,1.8877420950768673e-07,4.800666511074177e-07,1.4594338142711403e-06
2025-03-27,2.2433437005337933e-06,9.946495694557949e-07,9.8046279350223e-08,5.7711286202075974e-08,1.3622769871847766e-07,4.7355075507551954e-07,1.7339832774961828e-06
2025-03-28,1.1447830953026824e-06,3.0076378343604392e-06,4.993482904099561e-07,9.622346688756069e-09,9.17823252990484e-08,4.667887284131837e-07,1.5339572752423469e-06
2025-03-29,1.1686221309506945e-06,2.021635337786743e-06,4.0700974166913396e-07,1.9256440194629876e-08,1.1134279492576289e-07,4.750924742479051e-07,1.4637296753542665e-06
2025-03-30,1.193222635468869e-06,2.0389608013370127e-06,3.1109199986790226e-07,3.8544950119039366e-08,3.7532072343309354e-08,6.397001312779955e-07,1.4682853697629668e-06
2025-03-31,0.0,7.471209307754525e-07,3.1712173297978864e-07,4.82323664236686e-08,7.59341539129461e-08,5.719951449816075e-07,1.5196909960779173e-06
2025-04-01,2.5062567170522527e-06,2.260718935826757e-06,4.310180196586404e-07,6.767639510326568e-08,9.615671903361001e-08,6.316884146064854e-07,1.833119442930399e-06
2025-04-02,0.0,0.0,7.693228136000354e-07,5.809791825031596e-08,8.760369394125331e-08,6.592463367454261e-07,1.9068812992507708e-06
2025-04-03,1.3086317109962775e-06,0.0,3.3532696667968717e-07,4.850195942838608e-08,6.899716520034695e-08,5.200404456058069e-07,1.8073843034542025e-06
2025-04-04,0.0,7.831784007694703e-07,1.023462507658941e-06,2.916111064311241e-08,9.984888433992823e-08,4.782586529187547e-07,1.848755362036393e-06
2025-04-05,0.0,0.0,8.101376804029272e-07,5.8458153295273845e-08,9.106601099776124e-08,5.741077542853218e-07,1.4983956257653398e-06
2025-04-06,0.0,0.0,5.891354216201324e-07,2.9305408869045846e-08,1.427626466826119e-07,6.558506707202703e-07,1.667177902761207e-06
2025-04-07,0.0,0.0,7.200086688822122e-07,2.9390467116117133e-08,1.7477030726760132e-07,5.962028989531394e-07,1.7907517470679708e-06
2025-04-08,0.0,8.287817659506477e-07,2.445226426929101e-07,6.879748865818884e-08,1.5552725114505127e-07,5.1578946475685e-07,1.932626661331052e-06
2025-04-09,0.0,8.414300949314069e-07,9.968905012712203e-07,2.958833734378035e-08,7.322835547398155e-08,6.764148473086604e-07,1.7942976880496e-06
2025-04-10,0.0,8.54631019150569e-07,3.8116907919795823e-07,9.900670972319686e-09,1.372668024824889e-07,4.4096218118637004e-07,1.9726274795407812e-06
2025-04-11,0.0,3.4736596283964614e-06,7.776106687868143e-07,2.9826147403457684e-08,7.4634866127208e-08,7.227003133430185e-07,1.9000266128798891e-06
2025-04-12,1.6130209623694456e-06,0.0,3.9675988222520516e-07,1.9974174514410818e-08,4.3083592320330714e-08,5.16739025017154e-07,1.9472730409105985e-06
2025-04-13,0.0,2.6935951348133294e-06,6.750854238536185e-07,4.014389202356149e-08,9.797056557439474e-08,6.069571942092543e-07,1.8184479913453912e-06
2025-04-14,0.0,9.136047493880182e-07,3.8309485406072025e-07,2.0177818909064537e-08,1.1006620406656778e-07,9.26255381130936e-07,1.9324216095974655e-06
2025-04-15,0.0,9.300748760075256e-07,5.198362871061033e-07,4.0584466626933306e-08,1.1134267577324782e-07,8.594162062174407e-07,2.2104532891501545e-06
2025-04-16,3.571974051155764e-06,9.357323316549899e-07,1.3232686467598023e-07,2.0415666827176584e-08,1.1268954016423902e-07,5.836483461825744e-07,1.9364888297209047e-06
2025-04-17,1.8339338739203977e-06,1.8836539224525881e-06,0.0,7.19202348745836e-08,9.128886186123245e-08,6.373528791608477e-07,1.8383645242689346e-06
2025-04-18,0.0,0.0,8.244650574189217e-07,4.138342703405808e-08,1.1561194325639513e-07,7.653347189030978e-07,1.8068098242421378e-06
2025-04-19,0.0,0.0,8.408534692717112e-07,8.338203182059892e-08,1.0547749051657138e-07,4.9827632152991e-07,1.6675870785950782e-06
2025-04-20,0.0,5.903356369022198e-07,5.72044900980795e-07,1.0505347475168998e-08,1.4175110737776418e-07,6.406019537821183e-07,1.71108359664777e-06
2025-04-21,0.0,1.7859530229131534e-06,8.761635114889253e-07,4.237602228789674e-08,1.0721054384039207e-07,6.986568941699714e-07,2.233883313835559e-06
2025-04-22,2.108640334681204e-06,0.0,4.4760209606716854e-07,4.275652858262276e-08,9.615397124403227e-08,8.951792963064115e-07,2.153348033965616e-06
2025-04-23,0.0,0.0,6.101718239302544e-07,7.553819681048718e-08,1.4560779059719226e-07,7.467567591035241e-07,2.04963282823997e-06
2025-04-24,0.0,6.125469899936262e-07,6.242662327907719e-07,5.4503053623186355e-08,1.103133650479092e-07,9.021783762506199e-07,2.158291559968325e-06
2025-04-25,2.307916728465044e-06,1.2382860426429823e-06,7.989266537336532e-07,4.4071962925630213e-08,4.955610752671582e-08,7.370875312923451e-07,1.966971519484464e-06
2025-04-26,0.0,0.0,4.886047378921829e-07,3.343172298638796e-08,1.3783673671049983e-07,7.020444757716323e-07,1.8506880154018904e-06
2025-04-27,0.0,6.33811438640965e-07,0.0,6.767413973108614e-08,1.5219049584657185e-07,9.279219362190339e-07,1.5233391722834137e-06
2025-04-28,0.0,0.0,1.3357029701621689e-06,5.71203677373199e-08,1.1561076965414635e-07,9.684036591958054e-07,2.967019692525483e-06
2025-04-29,0.0,6.507176803299064e-07,1.5231597373498333e-06,8.105915413105449e-08,6.852950425382019e-08,9.355475365173834e-07,1.8878330509180998e-06
2025-04-30,0.0,6.601289643804208e-07,3.4337535322638133e-07,4.6989432558268116e-08,6.179612591526829e-08,6.243936149657819e-07,1.7284661956835847e-06
