Hospitalization date,<3m,3-11m,1-4y,5-17y,18-39y,40-64y,>=65y
2015-10-01,0.0,0.0,3.4145052408490597e-07,1.3859252831520114e-08,0.0,0.0,9.705301642783945e-07
2015-10-02,0.0,0.0,5.549104400908284e-07,6.757035247211843e-08,0.0,0.0,7.607975072541984e-07
2015-10-03,0.0,0.0,2.1662259817902136e-07,6.594426890754979e-08,0.0,0.0,6.881604263854836e-07
2015-10-04,0.0,0.0,1.0579077116081997e-07,1.2881934054914845e-08,0.0,0.0,5.306416937616089e-07
2015-10-05,0.0,0.0,1.0340828632305448e-07,2.518364712778818e-08,0.0,0.0,6.74298635710346e-07
2015-10-06,0.0,0.0,4.046116647490103e-07,2.4634383160052133e-08,0.0,0.0,6.257667232738503e-07
2015-10-07,0.0,0.0,4.82406193851236e-07,1.2056844213521106e-08,0.0,0.0,5.628745473019462e-07
2015-10-08,0.0,0.0,1.575060004983537e-07,5.904853632400857e-08,0.0,0.0,8.10789622001961e-07
2015-10-09,0.0,6.883155598273098e-07,0.0,4.629924636739206e-08,0.0,0.0,5.08584304345312e-07
2015-10-10,0.0,0.0,1.5139196624425155e-07,4.540512229198635e-08,0.0,0.0,6.234532510351863e-07
2015-10-11,0.0,6.623588159246627e-07,1.4855170323396085e-07,1.1138319323263576e-08,0.0,0.0,5.04699237457216e-07
2015-10-12,0.0,1.300560610664657e-06,1.458427737566415e-07,0.0,0.0,0.0,7.057060595140614e-07
2015-10-13,0.0,6.387482467566371e-07,2.865128015573882e-07,1.0741280660117917e-08,0.0,0.0,6.784423352486703e-07
2015-10-14,0.0,0.0,1.407845721428251e-07,4.222377761219327e-08,0.0,0.0,7.537016777585266e-07
2015-10-15,0.0,1.2343672696055444e-06,1.8751776797798535e-07,1.037864710221909e-08,0.0,0.0,6.270359858675382e-07
2015-10-16,0.0,0.0,0.0,3.06266554013997e-08,0.0,0.0,6.163958994358871e-07
2015-10-17,0.0,5.974138772466071e-07,1.8151115892137502e-07,1.0046196069168878e-08,0.0,0.0,1.0423480843231387e-06
2015-10-18,0.0,0.0,3.5738371048669523e-07,3.956061818801622e-08,0.0,0.0,5.835015614178285e-07
2015-10-19,0.0,0.0,1.759855756885156e-07,3.896147452792638e-08,0.0,0.0,5.350324267203215e-07
2015-10-20,0.0,5.706705553746578e-07,5.201573539558106e-07,3.8385906377790744e-08,0.0,0.0,9.371173796685366e-07
2015-10-21,4.049592672380973e-07,0.0,6.83545762759606e-07,9.458144055356924e-09,0.0,2.4958516569749615e-08,6.542229695349874e-07
2015-10-22,0.0,5.54530399115913e-07,3.369639013561553e-07,3.730024579615387e-08,0.0,2.4607333037810975e-08,9.675264021006638e-07
2015-10-23,3.9377564726068054e-07,5.469115473930294e-07,4.1265935151721263e-07,3.6787767053056854e-08,0.0,1.8201934389504536e-08,6.556884039170547e-07
2015-10-24,3.8849116596147265e-07,5.395719776034177e-07,6.10682175488998e-07,9.07351852189322e-09,0.0,2.6936495805128966e-08,5.634194911259187e-07
2015-10-25,0.0,0.0,4.0178315869974663e-07,8.954543980249002e-09,0.0,3.249069615260775e-08,9.679071645398088e-07
2015-10-26,3.7848375438458445e-07,0.0,5.949511926295475e-07,3.535915003003991e-08,0.0,2.6242620053040998e-08,8.611640619653465e-07
2015-10-27,0.0,5.190866364381741e-07,3.916647139649664e-07,2.6187102401660338e-08,0.0,3.599142670614793e-08,1.2152230135090992e-06
2015-10-28,0.0,5.127266225818414e-07,0.0,0.0,0.0,4.6926591819646724e-08,8.472943879802065e-07
2015-10-29,1.823690611333077e-06,5.065815832689285e-07,5.237757136241239e-07,1.7037494790061168e-08,0.0,2.6694525364804877e-08,1.1528813043401377e-06
2015-10-30,0.0,5.006410922182283e-07,7.764503902433333e-07,3.3675405036706446e-08,0.0,2.360448992523226e-08,8.63736249322102e-07
2015-10-31,0.0,0.0,9.688307171821916e-07,3.328892261681439e-08,0.0,2.196102432618111e-08,7.969018494289267e-07
2015-11-01,4.978137417656467e-06,1.1454800709514234e-06,1.1534244047144317e-06,1.6444432648150095e-08,0.0,1.762668223283579e-08,8.951743346200432e-07
2015-11-02,0.0,1.132878992875265e-06,1.6494347740442225e-06,3.252706488619729e-08,0.0,4.693439816009588e-08,1.3122376479724108e-06
2015-11-03,0.0,2.241346944348682e-06,0.0,1.608831083235928e-08,0.0,2.5204168705050743e-08,8.561371988201844e-07
2015-11-04,0.0,2.2176915072923477e-06,0.0,1.5918512923473646e-08,0.0,1.9688021817635416e-08,1.3810501156500321e-06
2015-11-05,0.0,0.0,4.59812483199672e-07,4.726169651059607e-08,0.0,2.208235067169768e-08,1.5238213580699e-06
2015-11-06,2.7463934533171994e-06,0.0,4.551525622512831e-07,7.797121308180144e-09,0.0,2.8287547492239475e-08,1.648300395339168e-06
2015-11-07,0.0,1.572400661702645e-06,1.8025245196267574e-06,1.54393312332269e-08,0.0,2.5460493002143274e-08,1.6159610943143917e-06
2015-11-08,2.6926289898560004e-06,1.8808004526599852e-06,9.303925872104689e-07,5.3511372860760606e-08,0.0,4.3639390333783176e-08,1.8711455373189537e-06
2015-11-09,5.3338273697562684e-06,3.7256766413943663e-06,1.8430141935547305e-06,1.514295010740317e-08,0.0,5.6189409694080306e-08,2.543206997595896e-06
2015-11-10,7.430216529188481e-06,3.690779463077092e-06,1.4786866960009806e-06,2.250166666875079e-08,0.0,1.3304475746582654e-07,2.202007974065194e-06
2015-11-11,0.0,0.0,5.420117099147722e-07,1.4863276979169237e-08,0.0,1.2086604216644958e-07,1.7373396295472838e-06
2015-11-12,4.680652780552635e-06,1.8119507871710025e-06,3.882687973369134e-06,2.2093930586201963e-08,0.0,1.7299451099919418e-07,1.9696325801866778e-06
2015-11-13,4.639246892554804e-06,0.0,2.7488150172515552e-06,7.299494580629636e-09,0.0,1.4413917407880844e-07,2.4595945266564886e-06
2015-11-14,0.0,0.0,5.449898963035885e-07,1.4472239017900768e-08,0.0,1.6544896302327468e-07,2.4724429348855077e-06
2015-11-15,9.119547646669816e-06,2.0512740187135127e-06,1.1802061419849673e-06,3.41230529587619e-08,4.3130198431162005e-09,1.4912629891137694e-07,1.3808110612846545e-06
2015-11-16,0.0,2.173163469460522e-06,3.007245762608399e-06,4.511672381057701e-08,1.7107729951939698e-08,1.726171111370984e-07,1.5847428556286884e-06
2015-11-17,0.0,0.0,5.96507789378132e-07,3.3559541656259475e-08,7.069657047014297e-09,2.1845868070902856e-07,1.9475941617338843e-06
2015-11-18,4.448290830626377e-06,4.546711455274526e-06,1.7750848036910785e-06,2.219251355738281e-08,7.387096914076259e-08,2.452091270154708e-07,1.9318802211872792e-06
2015-11-19,0.0,2.5187447325783797e-06,5.985729625112537e-07,2.201664233420315e-08,1.4061503160757488e-07,2.2139933749168255e-07,3.106715565337122e-06
2015-11-20,0.0,0.0,1.1878263033311282e-06,6.553573711185243e-08,1.9272929063810247e-07,2.636109277399196e-07,2.504345536239758e-06
2015-11-21,0.0,0.0,5.98751122175249e-07,3.2683813064637633e-08,3.649992228956785e-08,1.442243083714974e-07,2.0332554331766607e-06
2015-11-22,4.467139382002884e-06,0.0,1.9473010447013623e-06,1.4704082134236753e-08,9.83113402856991e-08,2.9650759204411093e-07,2.1558652851913644e-06
2015-11-23,0.0,2.5752466817287047e-06,6.545153537171024e-07,4.415038923796996e-08,1.4053979589239343e-07,1.885300007144933e-07,2.2985302885904568e-06
2015-11-24,0.0,0.0,6.827215012500579e-07,5.8923929531927406e-08,1.1356179545846948e-07,2.5053314019661934e-07,3.1654205496789275e-06
2015-11-25,6.101765759612925e-06,2.869128070682363e-06,2.7539854237063695e-06,1.4746641463821209e-08,1.433788880965065e-07,3.402019307326764e-07,2.1947192353089586e-06
2015-11-26,6.16308952500549e-06,0.0,1.4780990362759887e-06,2.952755044219172e-08,1.3033788289039675e-07,2.6892079589652754e-07,2.1793688842974416e-06
2015-11-27,7.116971275470098e-06,3.1011466433270044e-06,1.5802576694075927e-06,1.4782385368195807e-08,5.8510133507040876e-08,2.2635291235641258e-07,2.421258210843889e-06
2015-11-28,7.188498025921795e-06,6.5933999003890095e-06,2.434315480919314e-06,1.0524677674787767e-07,7.387271265612953e-08,3.7520043102664734e-07,2.6152119091717764e-06
2015-11-29,1.630537060630028e-05,0.0,4.089147933588281e-06,1.0579572973149869e-07,8.953817491354123e-08,2.9658620195101336e-07,3.322580056790239e-06
2015-11-30,9.126562823615056e-06,7.217160402186523e-06,1.6486049268714796e-06,7.619607202976442e-08,1.658030889750286e-07,5.824912777356553e-07,3.18095961189425e-06
2015-12-01,0.0,0.0,8.715767182805216e-07,3.803843479812893e-08,1.939657940028419e-07,3.7863657579803746e-07,3.6895267058937894e-06
2015-12-02,9.695276926878628e-06,3.753978458493321e-06,1.757267178813076e-06,1.53193243327222e-07,1.959151826411838e-07,5.732854069466309e-07,3.2625907008704446e-06
2015-12-03,0.0,0.0,2.7929527447949826e-06,3.856201672848062e-08,1.3192277530736866e-07,5.609518016648174e-07,3.4046619062206807e-06
2015-12-04,0.0,4.114336534694022e-06,0.0,1.5531831543585482e-07,1.8321685420694544e-07,5.665894609977139e-07,3.324345264591327e-06
2015-12-05,0.0,8.296406618168547e-06,4.022825537148147e-06,7.820204795938154e-08,1.8991420144640153e-07,2.9537227341877136e-07,3.419669356486496e-06
2015-12-06,1.2905325285270253e-05,8.36496981452456e-06,0.0,1.5750551694160042e-07,1.5345829672207535e-07,2.237556105889955e-07,3.2636031058214573e-06
2015-12-07,0.0,8.604944393869318e-06,2.0956520028931893e-06,1.5862268864738695e-07,2.518759396474491e-07,4.896761823664424e-07,3.7521373555008245e-06
2015-12-08,0.0,0.0,3.2359420206370947e-06,2.795725148198925e-07,2.7397712991964843e-07,3.7730405835385556e-07,4.904854048548795e-06
2015-12-09,6.445091021339121e-05,4.630725814520071e-06,5.435992430091289e-06,0.0,1.3836532292629086e-07,5.281515778948909e-07,4.275934523507057e-06
2015-12-10,0.0,4.9260096559912665e-06,3.3263229922859505e-06,6.984706888637344e-08,2.3217050266286394e-07,3.774037163409217e-07,3.415344224233536e-06
2015-12-11,0.0,0.0,2.271511922532548e-06,7.05490435990209e-08,1.876030840053128e-07,6.494939038282698e-07,2.69199514216203e-06
2015-12-12,0.0,5.355147725410404e-06,1.144210805516505e-06,1.0688710991222899e-07,1.658024605519375e-07,4.0670467320896273e-07,3.164651575684088e-06
2015-12-13,1.955434835148136e-05,1.0804120359200095e-05,2.3658347084566697e-06,1.439484576346543e-07,1.3046030418991705e-07,5.272190918484078e-07,3.511322399254962e-06
2015-12-14,3.948717953915876e-05,5.449512844309382e-06,3.666126199895573e-06,2.1809274552808629e-07,1.0541716163590169e-07,6.918968218524126e-07,4.665475983648553e-06
2015-12-15,0.0,5.7022003196881755e-06,3.6943547184101478e-06,3.671410234341475e-08,3.7266817603358434e-07,3.81966846427397e-07,3.1060530739241105e-06
2015-12-16,0.0,0.0,1.2560528663721681e-06,1.94926973631826e-07,2.41980141516219e-07,5.652834424891192e-07,2.806744723094224e-06
2015-12-17,2.126133122635563e-05,6.1890638991353755e-06,5.057540914803694e-06,3.9377204457207416e-08,2.1725518432845124e-07,8.556080585500639e-07,3.913932111754909e-06
2015-12-18,0.0,6.244694241500555e-06,3.8185320918186205e-06,1.9886475970654896e-07,2.194386352308539e-07,7.325618914178415e-07,3.5448004906813844e-06
2015-12-19,4.521120604536676e-05,2.5203796233975243e-05,2.623134800805585e-06,0.0,1.3852751886227862e-07,4.488161291835176e-07,3.7647819184211484e-06
2015-12-20,0.0,6.607431466596059e-06,2.660820331281644e-06,4.057641886734401e-08,2.2387158971615963e-07,7.99248389231584e-07,3.4215271304235247e-06
2015-12-21,0.0,6.908767392488306e-06,6.774017406596812e-06,4.098421865663801e-08,5.653038414955134e-08,4.032741203515515e-07,4.675483613723168e-06
2015-12-22,0.0,0.0,0.0,4.13961169019513e-08,2.2839409582234612e-07,6.240120398809601e-07,3.501468472260268e-06
2015-12-23,0.0,0.0,2.7907285592230104e-06,1.2543646438035498e-07,3.460342419695973e-07,6.949312966716918e-07,4.751712060623611e-06
2015-12-24,2.7378633424257007e-05,7.229279866255677e-06,2.819138502160796e-06,1.2669712180582485e-07,2.494088359329368e-07,8.264028930670562e-07,4.464370476147927e-06
2015-12-25,0.0,1.4563647833084138e-05,4.2449399878197594e-06,0.0,1.7993959743309335e-07,5.188108157395831e-07,4.111117233495398e-06
2015-12-26,2.842573242899913e-05,7.330919603553418e-06,2.84106447995638e-06,1.2925657344383562e-07,2.1809762454282465e-07,5.006227449240432e-07,4.3947100260945596e-06
2015-12-27,0.0,1.4744790570328862e-05,5.765180718552022e-06,4.35185412012244e-08,4.217497160752676e-07,7.579290846526546e-07,5.904036003125849e-06
2015-12-28,5.9618567735162685e-05,0.0,4.367498355204973e-06,1.3186772943466787e-07,4.647145867522085e-07,1.0648671298014383e-06,7.333143667066806e-06
2015-12-29,3.004575996555305e-05,0.0,5.981876777136858e-06,8.879534809899744e-08,5.085004664951448e-07,8.402432639297879e-07,6.614626414787782e-06
2015-12-30,3.0254919556688806e-05,0.0,1.5007041758800226e-06,4.484387809184461e-08,4.741024441345832e-07,7.546831458183108e-07,6.060033096115701e-06
2015-12-31,3.046710466499274e-05,0.0,4.581649077359388e-06,9.058913311873943e-08,3.1924483527543215e-07,9.321545011598499e-07,5.661232236813835e-06
2016-01-01,0.0,0.0,4.64845505389856e-06,4.7560892630751015e-08,3.151807740330948e-07,5.660757485034713e-07,6.708169471420342e-06
2016-01-02,0.0,1.6006338048308244e-05,3.107625377637978e-06,1.4411666264508678e-07,2.3876129510538364e-07,7.108378260058058e-07,7.245590868392369e-06
2016-01-03,3.3025887905617164e-05,2.4612644099069467e-05,1.5474059200362004e-06,1.4556505918428255e-07,4.4212829102644595e-07,8.359767183720373e-07,6.1994892065678404e-06
2016-01-04,0.0,1.673271782837377e-05,6.291687920344276e-06,4.888779236457513e-08,4.21452121156682e-07,1.460900802010229e-06,8.865515725659615e-06
2016-01-05,0.00010176307530275528,1.705304598850238e-05,7.88056599726818e-06,3.44811510080561e-07,5.528598832675203e-07,1.4308500663127136e-06,7.668802774077096e-06
2016-01-06,6.829871462563618e-05,1.7121235642973898e-05,3.1476602349649453e-06,1.9853883145568445e-07,4.720584807911066e-07,1.1181513513257773e-06,6.697159507729606e-06
2016-01-07,0.0,1.7191137435277465e-05,6.310282781699824e-06,3.501091445993763e-07,5.602724622826185e-07,1.0291372832869356e-06,7.557999875155641e-06
2016-01-08,0.0,0.0,0.0,1.119720287979732e-07,5.754082734868925e-07,1.053559325702274e-06,7.498987655755492e-06
2016-01-09,7.247441015642941e-05,1.755439561796158e-05,3.2144860245133833e-06,1.8605280728088022e-07,7.094464497842688e-07,1.2125796422355028e-06,6.51950008299668e-06
2016-01-10,3.649322960133569e-05,1.7615784640674076e-05,4.922840879244066e-06,2.501056913704229e-07,3.5538452333350476e-07,1.254852495149872e-06,6.353257305314995e-06
2016-01-11,0.00011297752308925042,0.0,1.6662524455701461e-06,1.887598526009476e-07,6.676525509813061e-07,1.1896625452421271e-06,6.7116195075212895e-06
2016-01-12,0.0,0.0,8.34863012280746e-06,2.0671292228894545e-07,3.5639872389906884e-07,1.376760465931689e-06,7.184394120480986e-06
2016-01-13,7.633686223880355e-05,3.489861672547887e-05,0.0,3.221426321510553e-07,3.121577615136438e-07,1.0670108007818367e-06,8.050534703042101e-06
2016-01-14,0.00011519755523163095,2.626151587805506e-05,6.971316331598632e-06,4.867027405817534e-07,2.2321275403706143e-07,1.396288577636288e-06,8.325000254264506e-06
2016-01-15,7.726755797105202e-05,6.146838156067161e-05,3.476672260917672e-06,1.6341340120552297e-07,4.022603997892831e-07,9.323220419674984e-07,8.563329709850328e-06
2016-01-16,0.0,2.671643107616729e-05,5.264136410959725e-06,1.6460889702676027e-07,5.370374249160705e-07,1.5698276355689948e-06,7.6086230820352865e-06
2016-01-17,3.951309363634525e-05,1.785389766698724e-05,5.30167241306267e-06,2.476373750413843e-07,2.688906771515605e-07,1.2309736721523363e-06,6.5412205026633795e-06
2016-01-18,0.00011911430060525668,8.9412100558779e-06,7.075654382172228e-06,8.279538949549916e-08,4.936974737509416e-07,1.4440210328449957e-06,7.19632605017055e-06
2016-01-19,4.077709458909946e-05,2.68690962201564e-05,3.5415598924644225e-06,4.4136584076137927e-07,6.742882857492908e-07,1.2257760327789237e-06,6.740315271869756e-06
2016-01-20,0.0,0.0,7.1447426232423206e-06,0.0,4.4993421349213086e-08,1.4973683657535366e-06,7.577548160170451e-06
2016-01-21,0.0,1.79625219046319e-05,3.5742085929342005e-06,1.7639452910416305e-07,4.954266866424666e-07,1.0897436233839023e-06,6.4311475867228145e-06
2016-01-22,0.00012947311776534228,2.6973010909942506e-05,5.360252540582781e-06,1.763450882578785e-07,4.959752815251105e-07,1.113612653903202e-06,7.798546175469637e-06
2016-01-23,4.333801384775661e-05,8.996243236806756e-06,8.816728136240807e-06,2.644699231010618e-07,5.868595605945339e-07,1.8396123105607596e-06,6.060310697008887e-06
2016-01-24,4.349306870480952e-05,9.002382468786586e-06,8.808158382021326e-06,3.525982147040109e-07,2.7079654953555695e-07,1.7106253983773583e-06,7.0764889039514755e-06
2016-01-25,8.724577199710875e-05,2.702826583954591e-05,7.127319647478569e-06,1.76302562694288e-07,5.866508271342188e-07,1.2895283420709267e-06,6.784316240115516e-06
2016-01-26,0.00013390124878825282,0.0,3.5596901956035733e-06,3.526472968795186e-07,3.6100582308491576e-07,1.6524786950796715e-06,8.717536617824008e-06
2016-01-27,0.00018251402898128956,3.6083208331957344e-05,5.331938605908361e-06,4.4090591674252857e-07,2.707738900739413e-07,1.2036347121635732e-06,7.379816616214418e-06
2016-01-28,0.0,2.7803855872811487e-05,1.2735783319280153e-05,4.410468033447559e-07,3.610939872651315e-07,1.4549355434197227e-06,8.0469986180001e-06
2016-01-29,4.647133564595973e-05,1.852436962134108e-05,9.175142114028215e-06,2.647390769969148e-07,2.702715497280745e-07,1.5310398886162924e-06,8.12948144898264e-06
2016-01-30,4.744105735500006e-05,2.774772180568227e-05,7.330654341195977e-06,2.648765461152924e-07,2.697496363875001e-07,1.2356295091182607e-06,6.635576170513923e-06
2016-01-31,0.00023744341481804205,2.7703560686613934e-05,1.1118849696486366e-05,0.0,4.936336134314871e-07,1.7313421924726806e-06,7.70463020303214e-06
2016-02-01,0.0,9.419678792621941e-06,9.224549936551018e-06,4.4090897166546897e-07,7.13324863510575e-07,1.3825532844624428e-06,6.246247981878111e-06
2016-02-02,0.0,4.828135828786677e-05,7.3673414569145866e-06,5.295236134195391e-07,1.7776223835867887e-07,2.0737040506171938e-06,8.975315222533532e-06
2016-02-03,9.613868606153163e-05,5.785751391927215e-05,1.1033669557310279e-05,7.066792181908378e-07,3.101193151204496e-07,1.0964195963922041e-06,7.099130083954821e-06
2016-02-04,0.0,9.626500046970259e-06,3.6715126654820206e-06,2.650922612595056e-07,4.858632826192466e-07,1.6942845781922887e-06,7.0683434575671455e-06
2016-02-05,0.0,9.602982628458874e-06,7.157326286481326e-06,4.4201054190747317e-07,5.284852359703717e-07,1.5946088821501508e-06,8.350373491568688e-06
2016-02-06,4.9956408326280104e-05,9.580425516212848e-06,7.324954989917862e-06,7.960407296489481e-07,4.3915887413039767e-07,2.1150394468561786e-06,7.48905065067678e-06
2016-02-07,0.0001499012194597519,2.867647936350646e-05,7.314035301034304e-06,5.31028059067186e-07,4.817530313260855e-07,1.410441836766278e-06,5.264387699460574e-06
2016-02-08,4.905521235090495e-05,9.348599780332216e-06,1.425744377614761e-05,2.65707700808419e-07,5.241594292509038e-07,1.8141408269839103e-06,1.0009848405427795e-05
2016-02-09,0.00014707502235833614,9.072563711707525e-06,1.7358882522101193e-05,4.7106374505904626e-07,3.9211688507617115e-07,1.3612783881471059e-06,8.679437241438097e-06
2016-02-10,4.896980843395676e-05,3.616758867454445e-05,8.556867814190646e-06,1.8870201577633692e-07,3.0423043017845114e-07,2.2988523454354986e-06,1.0757926087983291e-05
2016-02-11,9.7839012873573e-05,9.006760731507776e-06,1.1957644966809627e-05,2.8349610583182767e-07,2.6015270069979227e-07,1.1902859943156238e-06,8.379972967008806e-06
2016-02-12,0.00014653259930619302,8.972524977958245e-06,1.023015736113525e-05,4.732792297433013e-07,6.027496742836159e-07,2.069770202146584e-06,8.582410376383373e-06
2016-02-13,0.0,8.93918648438364e-06,0.0,5.689347337011176e-07,4.275261826695984e-07,1.965310215065377e-06,8.335870045269754e-06
2016-02-14,4.77796743719903e-05,9.032646154365291e-06,8.280660936126316e-06,4.749927380481314e-07,4.245596366825825e-07,1.4987976264747635e-06,7.069222012960265e-06
2016-02-15,4.7678009351755474e-05,2.628824443260715e-05,1.653379719866789e-05,3.8073655814530523e-07,7.15901255262512e-07,2.2038251880683326e-06,9.884605558369003e-06
2016-02-16,9.516222434437529e-05,2.5464293158014908e-05,9.816180676164102e-06,9.537924995630037e-08,2.924034724827778e-07,1.396919047823802e-06,8.250696779885459e-06
2016-02-17,9.497794628697617e-05,8.454727804459658e-06,8.161891004353057e-06,5.735033902845182e-07,4.972342555585695e-07,2.124817010571618e-06,9.881317329497122e-06
2016-02-18,0.0,2.526661010822127e-05,1.2799544253520177e-05,4.789905263734862e-07,4.932551392722959e-07,1.8599766616268524e-06,9.880692533516248e-06
2016-02-19,0.00013929071690040664,1.6764920049493786e-05,4.658287349296576e-06,6.721532444130068e-07,2.8543978686474823e-07,1.80798756439996e-06,1.0590635157634731e-05
2016-02-20,4.543364128222063e-05,0.0,1.380306476817967e-05,4.808217896492121e-07,4.854444914923616e-07,1.2702326630661617e-06,8.109736047429313e-06
2016-02-21,4.5318337341733644e-05,3.37207382691789e-05,1.5293573519931496e-06,2.889493209498422e-07,4.0134348243951163e-07,1.6491876798574838e-06,8.406839530925278e-06
2016-02-22,0.00018071067444180378,3.258717496045314e-05,9.151162667189358e-06,1.9295630885536273e-07,4.778280279817038e-07,1.7025905978016687e-06,1.0588407674470016e-05
2016-02-23,0.0,2.431394787670481e-05,4.4311197070222815e-06,4.650482290920515e-07,4.5856475961462225e-07,2.022269956207494e-06,1.1324733010277461e-05
2016-02-24,4.487997278906618e-05,7.938269836819951e-06,1.2021707888803787e-05,1.864537803505332e-07,6.058712876319961e-07,1.922644304131589e-06,8.964426259692124e-06
2016-02-25,4.473786426028157e-05,7.77390043507649e-06,2.9980213958029154e-06,4.6726728649414873e-07,3.0019174170574346e-07,1.7344357591806652e-06,9.216515872203334e-06
2016-02-26,8.914066578581869e-05,1.5465079121331227e-05,4.4863734360642345e-06,4.684468492300046e-07,4.336327972724084e-07,1.3170898382632414e-06,9.62144941697696e-06
2016-02-27,0.0,1.4891783113393274e-05,7.402382298644575e-06,5.625168302571482e-07,2.536307334275297e-07,1.4812505220840024e-06,7.838660564522e-06
2016-02-28,4.4218726904752505e-05,2.2213351229129614e-05,4.429821559320708e-06,2.8093130769892086e-07,3.4656170669594365e-07,1.481923000089241e-06,8.1301901379381e-06
2016-02-29,8.809913090844745e-05,2.2832006586393473e-05,4.415764416349032e-06,3.7417639151219703e-07,2.3754001852948636e-07,2.249680053506718e-06,8.912812574235358e-06
2016-03-01,4.457857344934668e-05,3.725734359853167e-05,4.2530222239414174e-06,4.472444829070099e-07,3.9014043420080976e-07,2.115321790697518e-06,1.0783038559515893e-05
2016-03-02,0.0,7.413350670801045e-06,5.6520379655084915e-06,3.568928682091511e-07,3.872805708494318e-07,1.5441671125803242e-06,6.3347369808272196e-06
2016-03-03,4.359395833720142e-05,7.53794104704551e-06,2.77084148541651e-06,2.659327358296996e-07,3.354986816857925e-07,1.8258547488399978e-06,8.709350382744788e-06
2016-03-04,0.0,2.1794369574117354e-05,5.516370364522588e-06,8.80741379992434e-08,2.6098318244906595e-07,1.6629920047741684e-06,8.432234069140945e-06
2016-03-05,8.467565568209229e-05,3.657742752167604e-05,6.645861231284404e-06,0.0,1.8791735010547384e-07,1.6140691048979027e-06,8.587037859937701e-06
2016-03-06,0.0,5.0318144658035654e-05,5.117357290174777e-06,4.3480144887868113e-07,2.790713118457629e-07,1.3207247532240296e-06,7.408276781515784e-06
2016-03-07,0.0,0.0,5.0341686793919785e-06,3.0216481649408094e-07,1.841963372647065e-07,1.1976302021406327e-06,7.804341292851114e-06
2016-03-08,0.0001600614374484225,0.0,2.504864815858022e-06,5.257994272082813e-07,1.3677266481459627e-07,1.5337500048032008e-06,9.72417065714918e-06
2016-03-09,7.785401973196783e-05,6.7083232569684385e-06,6.305778858351731e-06,2.54553497966578e-07,2.256862567685362e-07,1.868780153313623e-06,6.493586739209849e-06
2016-03-10,3.873377092682433e-05,0.0,2.4234272256487073e-06,2.5261376087641e-07,1.7050969080412988e-07,1.5625185205166864e-06,6.1763502714544836e-06
2016-03-11,3.854440539703568e-05,2.6170714091567285e-05,1.2060772328822346e-06,1.8802446402963144e-07,1.2660981827493813e-07,1.3101343545067742e-06,7.958958141940014e-06
2016-03-12,0.0,6.401902049972558e-06,4.629246096932997e-06,2.4880988000672783e-07,2.298083874792106e-07,1.4483393532803845e-06,3.835105855873058e-06
2016-03-13,0.0,6.223272465199955e-06,2.2181924335974405e-06,6.173633895898917e-08,1.2410277590070372e-07,1.4922256901474664e-06,6.160447222769043e-06
2016-03-14,0.0,6.2056206973527904e-06,3.2707793418936198e-06,1.8382914480491822e-07,1.6575554949405483e-07,1.4413375976446164e-06,8.547911149157789e-06
2016-03-15,6.998709483578837e-05,6.1885894967467285e-06,1.0709570116455653e-06,1.824676558005409e-07,1.823402824662122e-07,2.0853611518086164e-06,6.469441754382881e-06
2016-03-16,3.3876991122526714e-05,0.0,2.111020780811384e-06,3.018740228563342e-07,1.805259663414497e-07,1.5239444450970646e-06,7.72233864341959e-06
2016-03-17,3.274260271075317e-05,2.4311167720116625e-05,2.0589310080000992e-06,5.993309473978965e-08,3.217134653347684e-07,1.2662196405056873e-06,5.7892905764771314e-06
2016-03-18,6.31805374855741e-05,1.163464597233925e-05,5.119626847306106e-06,2.974868913386544e-07,8.847565635265449e-08,1.080204260906393e-06,7.354869977475758e-06
2016-03-19,3.136270164631613e-05,5.559829125051398e-06,1.0055543038079645e-06,3.5440566949848113e-07,1.2985203173543214e-07,8.617450931803901e-07,5.474658324030775e-06
2016-03-20,6.039088636820132e-05,0.0,9.824651356012002e-07,1.8702618273288766e-07,1.2855998243165627e-07,9.883248957925733e-07,4.9010631085457145e-06
2016-03-21,2.904037444237666e-05,1.0424847736669563e-05,6.828552909723723e-06,3.0980617043072363e-07,1.6970771897767633e-07,8.800592137503654e-07,6.54365862568379e-06
2016-03-22,5.5794759826614796e-05,1.0384661102873233e-05,9.618760634717615e-07,3.0793301718185016e-07,9.552708865906762e-08,1.197965506842145e-06,5.245769176319057e-06
2016-03-23,5.535756592754594e-05,1.0329649789568876e-05,9.267882329514651e-07,1.2243626299652266e-07,2.3644144561362986e-07,1.2658060642541393e-06,5.765338775998081e-06
2016-03-24,2.7462953915600646e-05,0.0,0.0,1.8256734427295316e-07,3.511332208817808e-08,1.1646981695065287e-06,6.87801701025036e-06
2016-03-25,2.6307043523660903e-05,9.607348245120303e-06,5.404317118301279e-06,0.0,9.270383652208454e-08,1.0379614212168444e-06,5.816146360004411e-06
2016-03-26,2.6075371676291737e-05,4.5426315287506215e-06,8.951744945986018e-07,3.501287922768103e-07,1.1472677242074981e-07,9.94672857143268e-07,6.395851091184845e-06
2016-03-27,0.0,9.045152857237534e-06,8.882784888678746e-07,1.1605690972317511e-07,1.1358522196174198e-07,1.1580269904564498e-06,4.976669466142077e-06
2016-03-28,7.393982116738863e-05,0.0,8.52638020102787e-07,1.7312374171265035e-07,1.57437042167419e-07,2.0637823534104017e-06,4.8349389403318636e-06
2016-03-29,0.0,4.245681171145559e-06,3.3415736100532882e-06,2.8696571893163244e-07,2.092873430108487e-07,1.2771167629386026e-06,5.3831056186775535e-06
2016-03-30,0.0,0.0,1.6237070032387798e-06,2.845150285465501e-07,2.782914736387646e-07,9.869544615509555e-07,5.668765898789108e-06
2016-03-31,0.0,3.977664518871913e-06,3.1585996113083535e-06,1.6925567394085137e-07,2.0817073948175382e-07,1.3540639973158777e-06,5.982701325084285e-06
2016-04-01,0.0,0.0,1.5217264470802404e-06,1.6768382857747323e-07,2.4203756600101594e-07,1.0937908710785488e-06,6.138017009727671e-06
2016-04-02,0.0,0.0,0.0,3.0482383335749024e-07,1.2176531338948277e-07,1.0142438582783067e-06,6.115899845046638e-06
2016-04-03,1.8848706295812092e-05,1.1329488183470546e-05,2.228811154231752e-06,6.055318691307307e-08,1.1090604318334068e-07,1.2614900391000205e-06,4.398642169818731e-06
2016-04-04,0.0,0.0,2.2131578388461355e-06,3.0073831261900283e-07,5.5563718809218667e-08,1.2437401424776135e-06,5.1446545009683354e-06
2016-04-05,0.0,3.7402587871518397e-06,1.4363709353481465e-06,2.987407647545183e-07,9.591826872982272e-08,1.090409624394394e-06,6.66544959803089e-06
2016-04-06,1.7398747279896744e-05,0.0,7.046240199753897e-07,1.7806385472927641e-07,7.705244746684904e-08,1.0020985302905616e-06,4.64725840355202e-06
2016-04-07,1.7225626851905563e-05,0.0,1.3349532326848461e-06,5.8967019046567275e-08,1.3541147420289504e-07,1.1151063023955385e-06,5.430973334143805e-06
2016-04-08,0.0,0.0,6.630984345263129e-07,1.7575594980325924e-07,5.8283445685314756e-08,8.503121594004693e-07,5.065625412804638e-06
2016-04-09,0.0,6.1748730241675545e-06,1.2744036881459898e-06,1.7462841820826073e-07,8.780884622950485e-08,6.706297960717668e-07,4.4492358420466816e-06
2016-04-10,0.0,6.146439389423538e-06,2.360004741338369e-06,1.6536850673575393e-07,9.800144987648312e-08,8.496461094314128e-07,4.823771495420439e-06
2016-04-11,0.0,0.0,1.1729256506767574e-06,1.6435688239908306e-07,5.90683891681033e-08,1.0798959807802908e-06,4.642509298520977e-06
2016-04-12,0.0,0.0,5.829831121134196e-07,0.0,3.9561210198971586e-08,8.879739216219311e-07,3.899262128814231e-06
2016-04-13,0.0,0.0,1.115953957304497e-06,1.0825522778778273e-07,9.231964493353285e-08,1.2084848938695057e-06,4.67561045857874e-06
2016-04-14,1.29888875952863e-05,2.627598654073286e-06,1.1067809495090246e-06,1.0761348526347954e-07,5.073368083932182e-08,1.1022858782302746e-06,3.494707461354543e-06
2016-04-15,0.0,7.85641038623119e-06,1.0804508455042285e-06,2.6745626044345216e-07,5.963564264613736e-08,1.016014489183123e-06,4.0604066612977605e-06
2016-04-16,0.0,2.610270152609392e-06,5.358350533685778e-07,1.5954333214627846e-07,6.008795459369372e-08,7.082147818979513e-07,4.467755627023237e-06
2016-04-17,0.0,2.4831578752677585e-06,1.5297406467109942e-06,1.4232917676294678e-07,8.382025118564814e-08,1.2194803663669875e-06,3.990725821047029e-06
2016-04-18,0.0,2.476328274674192e-06,1.0116893705691292e-06,1.2529306898090245e-07,6.157284270189152e-08,8.852118731718212e-07,3.9919513439721095e-06
2016-04-19,0.0,2.461830049006826e-06,9.460935623557452e-07,1.2473299090487712e-07,1.0883540510306228e-07,6.73293996897646e-07,4.715514862091903e-06
2016-04-20,0.0,0.0,8.955606570631705e-07,0.0,1.4133756742588436e-07,6.312387806225202e-07,4.805001235197166e-06
2016-04-21,0.0,7.122452187279682e-06,4.4436030335729584e-07,3.578350482376702e-08,7.931001866321355e-09,7.207421873739088e-07,4.607461475995373e-06
2016-04-22,0.0,0.0,7.956305530343103e-07,1.7357784893614166e-07,1.441927756840092e-07,6.48953268317743e-07,3.803846022750584e-06
2016-04-23,0.0,7.012457766637284e-06,7.466572212698442e-07,7.436493860461498e-08,4.8547312390654485e-08,8.040655759483505e-07,4.244889320943044e-06
2016-04-24,0.0,0.0,7.125822286040488e-07,2.4782269026047857e-08,4.903522099166786e-08,6.836702468713233e-07,3.632716369568364e-06
2016-04-25,9.086557975846038e-06,0.0,6.788677347985995e-07,7.433611029433585e-08,9.080139411867925e-08,7.028370613910975e-07,4.292085876190016e-06
2016-04-26,0.0,2.174276757474435e-06,3.2635263736021753e-07,9.911046291133936e-08,9.171396330104738e-08,8.211732256532558e-07,4.160485468804562e-06
2016-04-27,0.0,4.305284684524489e-06,1.296819469559318e-06,9.911602322578106e-08,1.094785592209331e-07,6.660694553046051e-07,3.639489197673983e-06
2016-04-28,7.916140295400584e-06,0.0,6.872620098060668e-07,1.934964522971667e-08,5.1036386323032676e-08,6.266887858194579e-07,2.3257744458435946e-06
2016-04-29,0.0,2.1100171679893983e-06,3.269000440482651e-07,5.823015919561711e-08,3.4366207021967536e-08,5.585779716518221e-07,3.0510675334674167e-06
2016-04-30,0.0,2.089022146375794e-06,3.247362061809814e-07,1.1683441153305812e-07,5.206738971688113e-08,5.325950575979827e-07,2.9728171560381967e-06
2016-05-01,0.0,0.0,3.22800244079295e-07,0.0,6.140198605956118e-08,8.081274347981234e-07,2.9513995033366903e-06
2016-05-02,0.0,0.0,3.206998694286902e-07,1.9622661964768834e-08,1.683375198994902e-07,5.993930107292357e-07,2.9390650110769726e-06
2016-05-03,0.0,2.0225573461186583e-06,9.55894695096837e-07,7.876376268935868e-08,6.264238845826852e-08,4.3936262687979897e-07,3.331321006325222e-06
2016-05-04,0.0,2.002432564272936e-06,1.7699839869132615e-06,3.952237698077382e-08,8.134965633706132e-08,5.715863944837513e-07,3.4161283398579387e-06
2016-05-05,0.0,1.982508027352341e-06,8.796223547523843e-07,1.98334124437509e-08,1.0042661930337476e-07,3.913334455709235e-07,2.615626035782501e-06
2016-05-06,0.0,1.9627817428865764e-06,5.828937860110893e-07,3.9815239509774335e-08,9.221447600642891e-08,3.883015125739234e-07,2.2725727274904155e-06
2016-05-07,0.0,3.4122513812776337e-06,2.46519893547759e-07,9.99190892229433e-08,6.519887282851076e-08,3.853084100517664e-07,1.7256058118679314e-06
2016-05-08,2.8465636939142995e-06,0.0,4.55938041252581e-07,8.02480573309114e-08,8.466959879246153e-08,1.593140994548775e-07,2.5242026963901327e-06
2016-05-09,0.0,0.0,2.26892828263291e-07,6.00643648016874e-08,6.651597742788073e-08,3.390963544547393e-07,2.403555237747571e-06
2016-05-10,0.0,0.0,7.305749582432791e-07,3.996579539448348e-08,1.0557560218039637e-07,4.874613852518136e-07,2.9972349901745713e-06
2016-05-11,0.0,1.4021014978402987e-06,3.626465595490673e-07,5.983901630102962e-08,9.69424132930191e-08,4.1662224404224087e-07,2.6786782228505366e-06
2016-05-12,0.0,0.0,5.400628574019845e-07,1.991177448727672e-08,3.9166680297662565e-08,4.1306081854244003e-07,2.9954115273153243e-06
2016-05-13,0.0,1.1395714240284774e-06,3.5747325481077484e-07,1.9879201401585487e-08,8.901070195226909e-08,4.933347279301473e-07,3.2685573972233553e-06
2016-05-14,0.0,0.0,5.324105284654045e-07,9.924308126300237e-08,1.0988422424120592e-07,3.313697023896818e-07,2.2621184958814477e-06
2016-05-15,0.0,1.1170063979710035e-06,3.524429441407803e-07,7.928006392712515e-08,6.05392249389514e-08,4.224574914579954e-07,2.2215664217090196e-06
2016-05-16,0.0,1.105891998607949e-06,3.9538441340498424e-07,7.917359091630805e-08,7.133892997552288e-08,4.201424794377387e-07,1.9390335379131807e-06
2016-05-17,0.0,1.0948881893663353e-06,1.3101102512262117e-07,7.907503533056081e-08,1.132306970793156e-07,3.5712827025892807e-07,2.300871025466457e-06
2016-05-18,0.0,0.0,2.6048069397720543e-07,0.0,1.1210403281867882e-07,4.7222683788019e-07,2.392432857696309e-06
2016-05-19,0.0,0.0,1.2948269299781714e-07,8.572030097922942e-08,1.0089870823158566e-07,2.488002444074497e-07,2.0629613729594076e-06
2016-05-20,0.0,2.1250587062111464e-06,3.8621396215270176e-07,1.4322117905076606e-08,3.995789972407488e-08,3.195049412678865e-07,1.6171685745253562e-06
2016-05-21,0.0,0.0,3.8401846703001347e-07,2.871790240801457e-08,7.912062395757253e-08,3.02573856023351e-07,1.5529390563584192e-06
2016-05-22,0.0,0.0,1.2728712469134818e-07,5.686430900935932e-08,8.812503066974077e-08,2.8710671264372087e-07,1.56966449243553e-06
2016-05-23,0.0,1.0311268649854892e-06,1.2658082252456735e-07,2.8149249840488757e-08,1.06636654622321e-07,2.0714448379571278e-07,1.703384579273736e-06
2016-05-24,0.0,0.0,1.258871785455233e-07,2.7869160124739688e-08,8.638003814759703e-08,3.9816555056133247e-07,2.1298283393430025e-06
2016-05-25,0.0,7.759425810737327e-07,1.2520612338924013e-07,6.897964337056867e-08,1.3303195485576145e-07,3.224136556436682e-07,1.8335345086808679e-06
2016-05-26,0.0,7.682218233909493e-07,4.981503557985388e-07,5.463462756088674e-08,8.466959879246153e-08,3.554790338375525e-07,1.7421428190188166e-06
2016-05-27,0.0,7.605778885306921e-07,1.2388150837270592e-07,5.409100393360363e-08,9.314124689787252e-08,3.210275431724276e-07,1.27088134866886e-06
2016-05-28,0.0,0.0,0.0,1.3388197362947467e-08,8.299302840578603e-08,2.775627230315754e-07,1.6406493977986108e-06
2016-05-29,0.0,0.0,3.6781934283388855e-07,2.6509965146774375e-08,5.477815598365896e-08,2.6883851240835243e-07,1.3606610479345374e-06
2016-05-30,0.0,1.2390727820887903e-06,1.219873399196766e-07,1.3123093293130106e-08,7.23108056329434e-08,2.3015053119036684e-07,9.161861846367015e-07
2016-05-31,0.0,0.0,6.069021553185271e-07,2.5985032666276564e-08,8.054021373205952e-08,1.620550078997023e-07,1.913010982769329e-06
2016-06-01,0.0,6.117169075591666e-07,6.034056951461764e-07,5.146972847154265e-08,6.203242133182743e-08,1.828042101137204e-07,1.5713629390554222e-06
2016-06-02,0.0,6.056302226305079e-07,1.2009895121412686e-07,2.547879805818281e-08,1.0528318015994417e-07,1.6055750192513575e-07,1.2349980733888107e-06
2016-06-03,0.0,5.996041012288061e-07,0.0,2.5225279781632516e-08,3.474519833797881e-08,1.334662370125218e-07,1.4276199453531972e-06
2016-06-04,0.0,0.0,7.624177317576663e-08,2.4974284054081525e-08,7.739882513572004e-08,9.497249763901371e-08,9.52699433467276e-07
2016-06-05,0.0,0.0,1.5224120781097547e-07,2.472578577574791e-08,6.811439462933383e-08,9.430725926078215e-08,1.1668146165609305e-06
2016-06-06,0.0,5.818831219348625e-07,3.040281870361338e-07,3.671964014489515e-08,5.057748380902288e-08,1.0977026951644403e-07,1.0428937672083228e-06
2016-06-07,0.0,5.760932881330574e-07,1.5180218076118895e-07,1.2118091206927572e-08,3.338281962438289e-08,1.0170306746513586e-07,1.102004939502524e-06
2016-06-08,0.0,0.0,1.5160544834888937e-07,2.3995028369551796e-08,9.088930130279656e-08,9.368009477743009e-08,1.0459804999889655e-06
2016-06-09,0.0,0.0,0.0,2.3756273848081325e-08,4.9082693260588245e-08,1.0128061998080278e-07,1.104366924410335e-06
2016-06-10,0.0,0.0,3.7814361845121076e-07,7.055968492137787e-08,3.239620820173787e-08,1.1663607549898675e-07,5.729374789275488e-07
2016-06-11,0.0,1.6245887652799514e-07,7.555307201199601e-08,2.3285868108601282e-08,5.6129255952409515e-08,8.925653000701655e-08,8.003733152817841e-07
2016-06-12,0.0,0.0,7.548497570391217e-08,3.4581254774438636e-08,5.5570760524147546e-08,4.4081271235188266e-08,7.803169072041471e-07
2016-06-13,0.0,0.0,0.0,1.141238851342353e-08,6.287751110656813e-08,7.942540984774283e-08,8.937373496215438e-07
2016-06-14,0.0,0.0,7.537142271434349e-08,5.64941667519794e-08,5.447038574041683e-08,9.718191276361286e-08,1.124802348824023e-06
2016-06-15,0.0,0.0,1.5065190935493016e-07,0.0,6.163245296748884e-08,6.486536191631219e-08,9.079532941021603e-07
2016-06-16,0.0,0.0,2.2586405789647872e-07,0.0,1.0678359967452755e-07,7.085374754232224e-08,7.899591281350833e-07
2016-06-17,0.0,0.0,6.015282208766559e-08,3.289470707760183e-08,7.551506078921694e-08,7.686506481206629e-08,8.090678311849415e-07
2016-06-18,0.0,0.0,5.955429150743658e-08,3.2567399273407275e-08,1.4952734675984513e-08,3.8489794845242905e-08,7.743168893645696e-07
2016-06-19,0.0,0.0,5.89617164059871e-08,3.224334823627965e-08,6.661778616024249e-08,5.634363227878693e-08,8.326995754797863e-07
2016-06-20,0.0,0.0,0.0,1.0640840520281732e-08,7.328325345853967e-08,6.534993870229303e-08,9.029297025778857e-07
2016-06-21,0.0,0.0,1.7338258859111306e-07,2.1069924776112677e-08,5.8043258322580284e-08,7.141790965389863e-08,9.069011323870942e-07
2016-06-22,0.0,0.0,1.1443826867308793e-07,1.0430137760848917e-08,9.338179216036224e-08,5.962676578132872e-08,7.952627650214292e-07
2016-06-23,0.0,0.0,0.0,0.0,4.978218420192016e-08,9.26040828448809e-08,7.873497682963697e-07
2016-06-24,0.0,0.0,0.0,2.04472143911816e-08,2.8163910395875153e-08,1.1075644357818749e-07,6.915056918747528e-07
2016-06-25,0.0,0.0,5.552805335041118e-08,4.048752241724588e-08,4.1825512207743986e-08,6.599792437429251e-08,6.472819082620822e-07
2016-06-26,0.0,0.0,1.6492661996396852e-07,2.0042332419054997e-08,6.90155690129179e-08,7.817404155116571e-08,4.3133552111981075e-07
2016-06-27,0.0,0.0,2.1771409690151905e-07,1.9842907879430963e-08,8.882750841554667e-08,7.534457075368415e-08,8.174835795802919e-07
2016-06-28,0.0,0.0,1.6166085408164938e-07,1.8587270145392487e-08,8.117876302076752e-08,8.95138556983049e-08,7.610301099930895e-07
2016-06-29,0.0,0.0,1.0670153447152367e-07,1.2268215811531136e-08,4.6883095485726495e-08,4.5796502252450755e-08,6.936595010294068e-07
2016-06-30,0.0,0.0,3.12408148784943e-08,1.821921753690798e-08,7.294037282916983e-08,3.808628833071911e-08,5.756575583186128e-07
2016-07-01,0.0,0.0,0.0,1.2043864483404656e-08,4.600646365829769e-08,4.849471633491894e-08,4.3585540770132756e-07
2016-07-02,0.0,0.0,9.20587433754135e-08,1.7886039044238434e-08,3.9041735739672664e-08,2.8451665685984933e-08,7.225670455393776e-07
2016-07-03,0.0,0.0,6.076182904932364e-08,1.770806998217939e-08,5.7979895967512806e-08,3.8731779463157395e-08,5.92198810934495e-07
2016-07-04,0.0,0.0,3.007861937428912e-08,1.1687914494583561e-08,6.378109595936678e-08,3.48603561984622e-08,5.993609947328458e-07
2016-07-05,0.0,0.0,2.9779332110919446e-08,4.050066230782931e-08,4.420252441563758e-08,4.3141862323405344e-08,7.074955588089486e-07
2016-07-06,0.0,0.0,5.8966045611154115e-08,1.14564782813136e-08,6.87699602055644e-08,3.9295586131243616e-08,5.04631579763632e-07
2016-07-07,0.0,0.0,0.0,5.671242208882742e-09,0.0,5.5819627001667685e-08,6.267619331597901e-07
2016-07-08,0.0,0.0,5.779843967819888e-08,2.8074062030278116e-08,0.0,2.8469442768485107e-08,5.924571092939858e-07
2016-07-09,0.0,0.0,5.7223335594362126e-08,2.7794720445740684e-08,0.0,3.31601965645531e-08,2.7270357697137114e-07
2016-07-10,0.0,0.0,5.665395389177108e-08,5.503631671282033e-09,0.0,2.9547222386242975e-08,4.792589450500368e-07
2016-07-11,0.0,0.0,5.6090237631780985e-08,0.0,0.0,5.200572908666588e-08,4.776524151315953e-07
2016-07-12,0.0,0.0,1.4948141114594803e-07,0.0,0.0,5.309727166864087e-08,5.526087018826121e-07
2016-07-13,0.0,0.0,0.0,0.0,0.0,3.9824958324297205e-08,4.3811333855311165e-07
2016-07-14,0.0,0.0,9.944599066712296e-08,0.0,0.0,3.785154563331648e-08,3.0760172848480084e-07
2016-07-15,0.0,0.0,1.987135418664104e-07,0.0,0.0,4.372073587164969e-08,2.390704669065303e-07
2016-07-16,0.0,0.0,9.927748695917831e-08,0.0,0.0,3.091836234365576e-08,3.2790452928552436e-07
2016-07-17,0.0,0.0,9.920813081657888e-08,0.0,0.0,3.3671791447946216e-08,2.606502010448802e-07
2016-07-18,0.0,0.0,4.957434778486741e-08,0.0,0.0,4.242859285009649e-08,2.7152816851464496e-07
2016-07-19,0.0,0.0,0.0,0.0,0.0,4.200642129744917e-08,3.557018289813526e-07
2016-07-20,0.0,0.0,9.905956498051946e-08,0.0,0.0,3.416194141801973e-08,3.091981167362469e-07
2016-07-21,0.0,0.0,9.902986072501496e-08,0.0,0.0,4.969957508665592e-08,3.3605804236801395e-07
2016-07-22,0.0,0.0,2.475251488452703e-07,0.0,0.0,8.882993204461108e-08,2.63084643634517e-07
2016-07-23,0.0,0.0,4.950007971983187e-08,0.0,0.0,5.4805469819739866e-08,3.743833555007267e-07
2016-07-24,0.0,0.0,4.950007971983187e-08,0.0,0.0,6.257242739346863e-08,2.9595128899333366e-07
2016-07-25,0.0,0.0,9.901005953810811e-08,0.0,0.0,5.730659864479842e-08,2.860494682184236e-07
2016-07-26,0.0,0.0,9.902986072501496e-08,0.0,0.0,8.589130432980615e-08,2.920560515495026e-07
2016-07-27,0.0,0.0,9.905956498051946e-08,0.0,0.0,9.954892469363418e-08,2.608533961705529e-07
2016-07-28,0.0,0.0,9.909917527507194e-08,0.0,0.0,5.3450281505961194e-08,3.149124837661323e-07
2016-07-29,0.0,0.0,1.4872304335460227e-07,0.0,0.0,7.50065777982354e-08,2.890077033651262e-07
2016-07-30,0.0,0.0,4.960406540828944e-08,0.0,0.0,9.309270559136553e-08,2.683512246292089e-07
2016-07-31,0.0,0.0,0.0,0.0,0.0,6.820227849723065e-08,3.229554711197133e-07
2016-08-01,0.0,0.0,1.931321239948017e-07,0.0,0.0,9.003425219090706e-08,3.2245126687109934e-07
2016-08-02,0.0,0.0,2.5827908436140314e-07,0.0,0.0,1.5889280878208769e-07,2.617605632787447e-07
2016-08-03,0.0,0.0,6.476862454668504e-08,0.0,0.0,8.329200299531297e-08,2.2866274653037155e-07
2016-08-04,0.0,0.0,1.9492186475834406e-07,0.0,0.0,1.0895834435178129e-07,2.0930826608840218e-07
2016-08-05,0.0,0.0,1.093021755309188e-07,0.0,0.0,1.0200011881866979e-07,2.1141184913468813e-07
2016-08-06,0.0,0.0,2.650274527893967e-07,0.0,0.0,7.673698725441946e-08,1.8408325305350404e-07
2016-08-07,0.0,0.0,2.6769102297182164e-07,0.0,0.0,1.0630786740798963e-07,2.0824531896457959e-07
2016-08-08,0.0,0.0,9.012712082654008e-08,0.0,0.0,9.194503485793722e-08,2.629227740183368e-07
2016-08-09,0.0,0.0,1.8206582689932364e-07,0.0,0.0,1.0701527917534874e-07,2.428024610993866e-07
2016-08-10,0.0,0.0,3.6779123775995815e-07,0.0,0.0,9.997915611654703e-08,2.2608308308923557e-07
2016-08-11,0.0,0.0,1.8574380057576934e-07,0.0,0.0,1.077654984812674e-07,2.3609611197966714e-07
2016-08-12,0.0,0.0,0.0,0.0,0.0,1.1561584055715892e-07,1.7591969312925138e-07
2016-08-13,0.0,0.0,1.8949607424906238e-07,0.0,0.0,9.35851943305785e-08,2.329683380194925e-07
2016-08-14,0.0,0.0,9.570027072852969e-08,0.0,0.0,7.139528628471216e-08,2.1137990785290163e-07
2016-08-15,0.0,0.0,9.666207443935153e-08,0.0,0.0,1.0939557734331439e-07,2.336462274002536e-07
2016-08-16,0.0,0.0,1.9526708887633862e-07,0.0,0.0,8.331956947840953e-08,2.400632801798015e-07
2016-08-17,0.0,0.0,2.958443336183774e-07,0.0,0.0,5.3586709880578726e-08,2.6713452807906486e-07
2016-08-18,0.0,0.0,0.0,0.0,0.0,7.03628448488802e-08,2.5321501166050464e-07
2016-08-19,0.0,0.0,0.0,0.0,0.0,8.200384984168712e-08,2.0125366413317688e-07
2016-08-20,0.0,0.0,0.0,0.0,0.0,4.1414001117070554e-08,2.3715567993135236e-07
2016-08-21,0.0,0.0,2.0527864660918303e-07,0.0,0.0,5.856230624708944e-08,2.3651427694710493e-07
2016-08-22,0.0,0.0,1.036708656532086e-07,0.0,0.0,6.760099109680789e-08,2.1904677375995887e-07
2016-08-23,0.0,0.0,1.047127751747837e-07,0.0,0.0,5.405531061230572e-08,2.983297830266161e-07
2016-08-24,0.0,0.0,2.115303121222744e-07,0.0,0.0,6.89666217041002e-08,2.5149828535661534e-07
2016-08-25,0.0,0.0,1.0682811355123472e-07,0.0,0.0,5.514730032223682e-08,2.216389730428843e-07
2016-08-26,0.0,0.0,2.158035078834222e-07,0.0,0.0,8.794979984955172e-08,2.1279826157058272e-07
2016-08-27,0.0,0.0,3.2695855379250033e-07,0.0,0.0,7.995033902975298e-08,2.0401540552441766e-07
2016-08-28,0.0,0.0,1.1008151396257097e-07,0.0,0.0,8.374473675082447e-08,2.6592389362198405e-07
2016-08-29,0.0,0.0,2.2237570314154597e-07,0.0,0.0,1.0271203935064486e-07,2.6327790667037675e-07
2016-08-30,0.0,0.0,3.3691592417036677e-07,0.0,0.0,8.238518934432978e-08,2.3214875188349408e-07
2016-08-31,0.0,0.0,2.254277282599989e-07,0.0,0.0,6.472135775972308e-08,2.540323945975755e-07
2016-09-01,0.0,0.0,2.7002876106755606e-07,0.0,0.0,6.22198565376309e-08,2.2250162821639264e-07
2016-09-02,0.0,0.0,4.0699905882602733e-07,0.0,0.0,1.319748706327528e-07,1.888180285924789e-07
2016-09-03,0.0,0.0,1.3633189209859004e-07,0.0,0.0,8.886749342234897e-08,1.8693925781682946e-07
2016-09-04,0.0,0.0,0.0,0.0,0.0,1.089950465609365e-07,1.8893499739613532e-07
2016-09-05,0.0,0.0,0.0,0.0,0.0,4.533136793714966e-08,2.290470156262571e-07
2016-09-06,0.0,0.0,5.536423297065399e-07,0.0,0.0,9.484440835807751e-08,2.2298849374582696e-07
2016-09-07,0.0,0.0,0.0,0.0,0.0,7.928078111095886e-08,2.5070459860659724e-07
2016-09-08,0.0,0.0,6.993273318687426e-07,0.0,0.0,7.340443569038006e-08,2.3339153595147236e-07
2016-09-09,0.0,0.0,1.4061385162185846e-07,0.0,0.0,6.332147250268281e-08,2.0172712420947621e-07
2016-09-10,0.0,0.0,1.4137629837230923e-07,0.0,0.0,1.0986314371588624e-07,1.960886347719935e-07
2016-09-11,0.0,2.4776788365197333e-07,2.843057657408224e-07,0.0,0.0,9.312789328417208e-08,2.7323058406415975e-07
2016-09-12,0.0,0.0,1.4294368277526135e-07,0.0,0.0,6.646277613245466e-08,1.8864645262341054e-07
2016-09-13,0.0,0.0,1.4374877716750917e-07,0.0,0.0,7.305350230584977e-08,2.3258074863724043e-07
2016-09-14,0.0,0.0,3.331949608856197e-07,0.0,0.0,9.29157807163194e-08,2.4073319204526406e-07
2016-09-15,0.0,0.0,5.029584127769432e-07,0.0,0.0,5.913723423269969e-08,2.72879575133671e-07
2016-09-16,0.0,2.6047121469357717e-07,3.374497869905787e-07,0.0,0.0,9.758134820078321e-08,2.7016437799463455e-07
2016-09-17,0.0,0.0,1.6981385536155164e-07,0.0,0.0,7.084762487968374e-08,1.6928873260666795e-07
2016-09-18,0.0,0.0,5.127593962645865e-07,0.0,0.0,8.233774641826178e-08,2.413501654648881e-07
2016-09-19,0.0,0.0,5.161285028114453e-07,0.0,0.0,8.195367896582743e-08,2.2899249572743638e-07
2016-09-20,0.0,0.0,3.454072344231606e-07,1.6689490113628754e-08,0.0,9.87520820968656e-08,2.6285679110116577e-07
2016-09-21,0.0,2.738258594453115e-07,1.733816706583201e-07,1.1238148185213528e-08,0.0,8.975852360117835e-08,1.268676446356551e-07
2016-09-22,0.0,0.0,5.22231187249833e-07,5.675546726095782e-09,0.0,1.0638223643606038e-07,2.1578344774714063e-07
2016-09-23,0.0,0.0,3.495797240524164e-07,5.732586918987047e-09,0.0,1.1015651498271525e-07,1.275440994435098e-07
2016-09-24,0.0,4.0855166183780794e-07,1.7408176976371375e-07,5.7902003753473834e-09,0.0,1.0968651981522336e-07,1.5784376806216777e-07
2016-09-25,0.0,0.0,5.201732574697928e-07,1.1696785713140877e-08,0.0,9.662432107675889e-08,2.031551552267789e-07
2016-09-26,0.0,0.0,4.3355241781396065e-07,1.1814340363905651e-08,0.0,1.0877938980737643e-07,2.1660555286198648e-07
2016-09-27,0.0,0.0,4.331258622004472e-07,1.78996146878282e-08,0.0,1.333442021578642e-07,1.74623808874413e-07
2016-09-28,0.0,0.0,7.372308648433204e-07,2.410601174157747e-08,0.0,1.2118753306248045e-07,1.9108482799157584e-07
2016-09-29,0.0,0.0,0.0,3.652242178096986e-08,0.0,1.1518893471474607e-07,2.8081780493206957e-07
2016-09-30,0.0,0.0,0.0,3.688947822218706e-08,0.0,9.099570948126184e-08,1.764489997875517e-07
2016-10-01,2.249735011199173e-06,8.294367886053527e-07,2.4545677929244765e-07,2.4792664921206648e-08,0.0,1.2729450346363847e-07,2.7627331359993414e-07
2016-10-02,0.0,0.0,4.913104107830377e-07,6.260458836531643e-09,0.0,1.9636087250967786e-07,2.6412857248717325e-07
2016-10-03,0.0,1.097617349748709e-06,7.376345916475279e-07,1.2646754987724681e-08,0.0,1.523173476318577e-07,2.0897274384289505e-07
2016-10-04,0.0,0.0,0.0,3.193464247105963e-08,0.0,1.4392143589709085e-07,2.091205371212052e-07
2016-10-05,0.0,0.0,8.050839711383238e-07,1.2902236385466779e-08,2.5194965809581892e-08,1.9868717055576565e-07,2.4006707242565626e-07
2016-10-06,0.0,0.0,0.0,1.2068481893796508e-08,6.362044856412022e-09,1.4509253500775286e-07,2.0331773378444278e-07
2016-10-07,0.0,2.2848239271179017e-06,0.0,4.875908861312568e-08,2.570393788086374e-08,1.8720624319073885e-07,2.466934822349491e-07
2016-10-08,4.2250326584126845e-06,0.0,0.0,8.618596980097886e-08,1.6226416719554683e-08,1.9926274280836665e-07,2.3253173713461294e-07
2016-10-09,8.534989885131597e-06,1.1654902160854391e-06,3.3736836690383896e-07,2.3541079656091403e-08,1.966739390251626e-08,2.33714876399587e-07,2.1855072155639016e-07
2016-10-10,5.193823256249795e-06,0.0,7.066143259530743e-07,2.377767143997683e-08,3.843833547447969e-08,3.2449608626742833e-07,4.0126738844813527e-07
2016-10-11,0.0,1.189034680238438e-06,1.41913898692691e-06,9.606656404328418e-08,6.794313254476214e-08,2.4751935043068026e-07,3.8673613318087603e-07
2016-10-12,1.0597490891776339e-05,0.0,7.12595618514492e-07,2.4258012265780283e-08,4.9018551699327695e-08,2.3758064423679367e-07,3.5514083798895057e-07
2016-10-13,0.0,1.3400306181485069e-06,4.0177320989306784e-07,9.800723736872469e-08,7.92179141346078e-08,2.616705354770458e-07,4.303901814547513e-07
2016-10-14,0.0,1.3534981497588003e-06,8.954517324649315e-07,0.0,8.001406740771987e-08,2.777717143373997e-07,3.8940203827186593e-07
2016-10-15,5.460116268981014e-06,0.0,1.4165910586894108e-06,9.998711489589327e-08,5.0511388846407095e-08,1.2149313589136615e-07,4.4967632837791345e-07
2016-10-16,0.0,1.380840626107663e-06,9.938678640263015e-07,2.5248000526715225e-08,1.0203807348793373e-07,2.3223341017056702e-07,4.463915055327987e-07
2016-10-17,0.0,2.789436610233304e-06,1.499927169834406e-06,2.5501747150549877e-08,8.245085854034727e-08,2.336530856820839e-07,4.634330118881723e-07
2016-10-18,0.0,0.0,1.006135025064191e-06,2.5758043970351113e-08,5.204968965306929e-08,2.1034916599194577e-07,6.291211560768331e-07
2016-10-19,0.0,2.845786967679708e-06,5.062096089565333e-07,5.2033833232028964e-08,5.257279773076173e-08,2.36562677520261e-07,6.271615923698904e-07
2016-10-20,0.0,1.4371938010954185e-06,1.9514955051825326e-06,6.366183972073347e-08,9.55820936376685e-08,2.518749090297201e-07,5.892694615460286e-07
2016-10-21,0.0,2.9032756778575162e-06,2.138165678892741e-06,9.645247777021853e-08,7.508877417143018e-08,2.0886378040101944e-07,5.023726396627926e-07
2016-10-22,8.367426524537446e-06,0.0,2.2682290391004655e-06,3.247394709583041e-08,5.417387778428459e-08,2.2534505537421264e-07,6.569561497575454e-07
2016-10-23,1.6849257797347798e-05,0.0,5.706367193691163e-07,1.534113783014895e-07,9.84930017537051e-08,1.8154401886681264e-07,6.346494277029962e-07
2016-10-24,0.0,0.0,1.148546486221171e-06,1.9369148535753996e-07,6.63219152519674e-08,3.199527589780007e-07,6.410277604912831e-07
2016-10-25,0.0,0.0,1.86568170806217e-06,1.0046536240065133e-07,1.0191543168024656e-07,3.522532994177765e-07,7.081974251591303e-07
2016-10-26,0.0,1.7800165905334922e-06,1.2521742443760456e-06,0.0,6.433731174818009e-08,3.8866706491317726e-07,6.732375789275831e-07
2016-10-27,0.0,1.8817143301962914e-06,0.0,1.5374234602112716e-07,5.1987129984796416e-08,3.7505962517271175e-07,8.680834426036767e-07
2016-10-28,0.0,1.9006258736194375e-06,3.504966736407322e-06,1.0352498819103432e-07,1.706562303139524e-07,4.620648715369788e-07,9.892190860198233e-07
2016-10-29,0.0,5.759182443641417e-06,1.434047995085029e-06,1.0456543161974076e-07,6.629667459329304e-08,2.0050459451543148e-07,8.629116890557381e-07
2016-10-30,0.0,1.9390210631560737e-06,7.222539433046693e-07,1.056163316787473e-07,5.3570373800064294e-08,3.84410524075454e-07,6.651562835678756e-07
2016-10-31,0.0,2.0760127288418297e-06,0.0,2.1335558691787124e-07,1.217447212669116e-07,3.9876435155933425e-07,1.0800635905950443e-06
2016-11-01,1.336593993925743e-05,2.3554660585032956e-06,7.865323541304357e-07,1.2996868289625094e-07,1.0927705109626694e-07,3.3885187345665257e-07,9.687564113275016e-07
2016-11-02,0.0,2.3710406157237095e-06,2.5091653937541598e-06,3.2818722468766875e-07,5.518765185912481e-08,4.488085754695136e-07,1.2457907987224044e-06
2016-11-03,0.0,0.0,8.685020170083411e-07,3.314855611306693e-07,9.754901971726081e-08,5.725092043187812e-07,1.315914305358375e-06
2016-11-04,1.4597715419461658e-05,0.0,1.8077774909418576e-06,7.806920570101454e-08,9.852940366431611e-08,5.468456282679434e-07,1.1943495346405636e-06
2016-11-05,0.0,0.0,1.908558073595377e-06,3.9426907131219015e-07,1.1373673215296678e-07,4.7249861855646353e-07,1.362109490437159e-06
2016-11-06,0.0,2.688793481567813e-06,0.0,1.5929261654199897e-07,1.8591388933649983e-07,4.148584496310218e-07,1.520075297763082e-06
2016-11-07,1.6748798458035312e-05,8.31413971111597e-06,3.962560650152412e-06,2.4134030093028056e-07,1.570729082820812e-07,4.5780063999997033e-07,1.8385398722100683e-06
2016-11-08,1.6865591827455927e-05,0.0,3.1259339831289863e-06,3.694442673842719e-07,2.2664502464958907e-07,6.273141666655703e-07,1.056237734139898e-06
2016-11-09,0.0,3.2185456571730684e-06,4.274228864614573e-06,2.793240787867504e-07,1.999306044150975e-07,8.73936188157024e-07,1.1185278807861028e-06
2016-11-10,0.0,6.992969156916061e-06,1.121013988028829e-06,3.754571862345952e-07,1.2621246274669247e-07,6.992545485441681e-07,1.6184470944792747e-06
2016-11-11,0.0,0.0,4.520611124957482e-06,1.0018285157282893e-07,2.2946565435372195e-07,6.54118655566085e-07,2.428928248530451e-06
2016-11-12,0.0,3.926197549590656e-06,1.183271151237967e-06,3.030413370183293e-07,2.0601939779560428e-07,5.97094843553018e-07,1.4812003857990673e-06
2016-11-13,0.0,0.0,0.0,6.111288474088178e-07,1.560674453745223e-07,4.5620865048478544e-07,2.253052665881604e-06
2016-11-14,0.0,8.812756354180318e-06,1.2339853869812037e-06,4.2563181800974264e-07,1.8390860748975812e-07,9.220383312780069e-07,2.0287420094438435e-06
2016-11-15,0.0,9.38530129668118e-06,1.2547289360681391e-06,3.2191993406349135e-07,3.3355352937326694e-07,5.168747321034817e-07,2.7110941699189347e-06
2016-11-16,0.0,0.0,5.117450502803718e-06,4.328642625084661e-07,1.6845289903749107e-07,7.08115630841467e-07,1.5663125523234246e-06
2016-11-17,0.0,5.097212476658034e-06,1.3325593823415315e-06,3.274089247894371e-07,2.5521881822794554e-07,9.120599188075559e-07,2.127590205242479e-06
2016-11-18,0.0,5.3867062767442785e-06,2.7507184709186196e-06,1.1006746462094838e-07,2.5432965704256457e-07,6.802838141414203e-07,2.6844876529965503e-06
2016-11-19,0.0,1.0835854611326905e-05,4.288771876400047e-06,4.440385112677454e-07,2.5688571259030147e-07,4.1887207717288796e-07,2.09048436081486e-06
2016-11-20,0.0,1.7108273331348006e-05,5.937605821193745e-06,4.478515682728574e-07,3.567677532696331e-07,5.433207681364854e-07,2.418655141789706e-06
2016-11-21,2.8824719824804313e-05,1.1475217897908087e-05,1.5397972060832306e-06,3.3878205810600577e-07,5.745272816433291e-07,9.301765932831417e-07,2.8713405929265636e-06
2016-11-22,0.0,1.1529544040658375e-05,0.0,3.5836801312521354e-07,1.8134418025570543e-07,9.446925190460417e-07,2.6674755959260844e-06
2016-11-23,2.9926335492495497e-05,0.0,6.492485257325469e-06,2.409979115971648e-07,1.831667195670168e-07,9.401449130689876e-07,2.75489624404773e-06
2016-11-24,3.015503602077166e-05,6.073898028363865e-06,3.314724116810581e-06,4.862158288723583e-07,2.2139234678907224e-07,8.81860983473411e-07,3.6574109928352414e-06
2016-11-25,3.0386752077779167e-05,0.0,3.4278401202710275e-06,0.0,1.8583897459741465e-07,9.183739988724702e-07,3.2759062676308297e-06
2016-11-26,3.062150683531684e-05,6.137397106428253e-06,1.7265033213850269e-06,2.466758913214515e-07,3.74405821845857e-07,8.453422151593978e-07,4.055625302572103e-06
2016-11-27,0.0,6.170065659944392e-06,5.2792812265643136e-06,2.48496791643757e-07,2.640197947737525e-07,9.145114317032661e-07,3.5652236485835655e-06
2016-11-28,6.384486878768306e-05,1.2912837740912239e-05,5.380235140851374e-06,1.2480870145076843e-07,3.419767497277284e-07,1.2929517486642786e-06,4.0640702595140274e-06
2016-11-29,3.2997489912390416e-05,6.6194019707346535e-06,5.546749537509291e-06,8.776704163766773e-07,4.7580262731932725e-07,1.376936039453887e-06,3.929842994975485e-06
2016-11-30,0.0,1.3315544453308362e-05,7.549984239697359e-06,2.5193362582028786e-07,1.5899347949173128e-07,9.930199198956709e-07,4.702529856319702e-06
2016-12-01,3.5974175134483845e-05,6.615473156243127e-06,3.874826958090799e-06,3.780561899344756e-07,5.15544366487997e-07,1.1842230992236661e-06,4.425805068500711e-06
2016-12-02,0.0,6.900785516033246e-06,3.942279731312358e-06,3.798800224333279e-07,1.1928856592121632e-07,1.5933099313894312e-06,4.051729326265144e-06
2016-12-03,0.0,0.0,7.927982047012616e-06,5.089891243346549e-07,5.98086419582934e-07,1.3653325411934327e-06,4.683726741816785e-06
2016-12-04,0.0,1.4461656075349277e-05,8.100491924892013e-06,7.672836771421979e-07,3.5987389122009096e-07,1.6226602323116076e-06,3.864927243685647e-06
2016-12-05,0.00010947919867689254,0.0,2.0498504794243996e-06,2.5705346559651084e-07,3.4589472444717396e-07,1.693021536097367e-06,5.56557285707167e-06
2016-12-06,0.0,0.0,1.0301779302027859e-05,5.167428220794548e-07,3.0372929752302413e-07,1.4123582545580297e-06,5.696190755928086e-06
2016-12-07,3.7892848510382794e-05,0.0,4.142134557379506e-06,2.597151938393581e-07,1.4004177549543363e-07,1.421198975696358e-06,6.271382494411991e-06
2016-12-08,3.814164912804372e-05,7.533189056376003e-06,4.2514042035467045e-06,2.610849483748028e-07,3.719829608722814e-07,1.515133695226706e-06,4.3054234083873775e-06
2016-12-09,0.0,7.829842215912905e-06,6.464264110343014e-06,3.931797094265006e-07,4.80612003061495e-07,1.606894040786407e-06,5.998796277922952e-06
2016-12-10,4.044515279546299e-05,7.879619030557778e-06,6.497147633312317e-06,1.315904381964635e-07,2.683379227155652e-07,1.0505161309899587e-06,3.4229904672438162e-06
2016-12-11,0.0,8.055257990342895e-06,4.404343873016394e-06,5.285365296169552e-07,4.4404679400440195e-07,1.276023265568676e-06,4.922720236481175e-06
2016-12-12,0.0,0.0,4.454903051797643e-06,1.347221145933825e-06,4.463888476237796e-07,1.4354284979262835e-06,4.8572681435498085e-06
2016-12-13,8.595507072577171e-05,4.269517498047793e-05,6.759296571311268e-06,8.439776421426721e-07,3.926785979374228e-07,2.1312520901374784e-06,5.378667658091158e-06
2016-12-14,4.411982134326856e-05,0.0,2.263117195917186e-06,5.631315931042436e-07,4.5079794234617584e-07,1.7395296862947149e-06,5.377772031577929e-06
2016-12-15,0.0,1.765449635914308e-05,2.273361848336146e-06,5.857835096803992e-07,3.396490682717556e-07,1.712945717833232e-06,6.11548849807975e-06
2016-12-16,4.4530353776240164e-05,2.6634017689086587e-05,6.847219915967984e-06,2.9329914471241255e-07,6.824672899474966e-07,1.746649579385247e-06,5.783530420568365e-06
2016-12-17,4.5634871351011266e-05,0.0,9.280441076065118e-06,2.9373586474351346e-07,5.714205755410012e-08,1.1819954059867712e-06,3.852033229705663e-06
2016-12-18,0.00014025940057434244,2.77045569137747e-05,2.3725512006851844e-06,7.355048965146737e-07,2.87087775996414e-07,1.4333528939910538e-06,4.766205873041133e-06
2016-12-19,0.00014218132767490792,1.908195336193696e-05,9.527792310088584e-06,5.893949458185104e-07,3.4619276788700124e-07,2.1970303388763365e-06,8.283871744519434e-06
2016-12-20,0.0001427170628331994,4.8006329081963435e-05,2.1614046826073618e-05,7.380561430137847e-07,3.479148241435893e-07,1.7495800877578658e-06,7.43629865833299e-06
2016-12-21,9.732666757278027e-05,9.779422702671589e-06,7.294907624075094e-06,1.4752747665843352e-07,2.913930601437681e-07,1.45132144120899e-06,9.229263160832011e-06
2016-12-22,4.973823729535846e-05,1.008487622489268e-05,1.7174208794284527e-05,2.9491695516943186e-07,4.100407356034097e-07,2.1478692802509993e-06,6.545196762608369e-06
2016-12-23,0.0,2.066258034501613e-05,7.31645255890921e-06,1.5182737873599362e-07,2.944087081577186e-07,2.208212555750273e-06,7.923578049903422e-06
2016-12-24,0.00010015186709898687,0.0,9.780438852210317e-06,1.5700025709711783e-07,1.7757637062892394e-07,1.5117869956650664e-06,9.001298916770641e-06
2016-12-25,0.0,3.212519110067834e-05,9.97574206257957e-06,3.134298133941454e-07,5.355758224447812e-07,1.7663661974635896e-06,7.544376548882733e-06
2016-12-26,0.0002588337131972053,5.466661407439317e-05,1.008349580008612e-05,9.386713675097605e-07,7.155131076277404e-07,2.0354567350582556e-06,7.994467761568838e-06
2016-12-27,0.00010381381922886166,7.752903800725253e-05,1.022227206197241e-05,5.017472382856901e-07,6.566843407048989e-07,3.1587780032811096e-06,1.141050099055777e-05
2016-12-28,0.00020828215247238098,1.1381633773617549e-05,1.5448849983279445e-05,6.670431712496075e-07,5.97770304605162e-07,3.4087398411122874e-06,1.1989037621262696e-05
2016-12-29,0.0001566277508145281,1.1683151319222531e-05,1.5472851746811506e-05,3.217394399991057e-07,3.5875960451914963e-07,2.1147035819859777e-06,9.943819268338003e-06
2016-12-30,0.00010464611989200827,2.346002258731613e-05,1.0413990997585847e-05,4.814059896314261e-07,4.785238700461617e-07,2.3639978558259097e-06,1.1829898954637024e-05
2016-12-31,0.0001572359355679255,4.758971411961251e-05,2.621378669086182e-06,5.128831091645035e-07,3.5906209013942496e-07,2.1327046111363785e-06,1.0304401399438236e-05
2017-01-01,0.00015523847743872005,3.473507035610391e-05,2.579629039814774e-06,4.978566259016592e-07,7.563698034441371e-07,2.7948638666904844e-06,1.1831910295967256e-05
2017-01-02,0.0,8.129591412930563e-05,1.5613462480263824e-05,6.621686620097009e-07,5.239919272965305e-07,1.8582337068828327e-06,1.2033434662836248e-05
2017-01-03,0.00015548570845388607,3.492686453253576e-05,1.5746406068231725e-05,8.251578344941806e-07,6.991941614250913e-07,2.2958977452141614e-06,1.180670490254382e-05
2017-01-04,0.0,4.762691213850165e-05,1.2917066282062026e-05,4.936124147683909e-07,9.32433654459031e-07,2.812178051769469e-06,1.2603072206909202e-05
2017-01-05,0.00010740237772994858,5.90266962916183e-05,5.169076930420073e-06,8.202991508218258e-07,5.829385444752605e-07,1.726295799966986e-06,1.1126373247976273e-05
2017-01-06,0.00016115852992485658,3.54677664802e-05,1.0283370163044676e-05,0.0,8.16430088955401e-07,2.7940048498052924e-06,1.2000224966889888e-05
2017-01-07,0.00010742699720248837,3.549930062979997e-05,7.711391031861967e-06,0.0,4.659636118582233e-07,1.7186944150369962e-06,1.1725633474943918e-05
2017-01-08,0.0001610494624281237,2.3213977995345613e-05,5.137892736949506e-06,3.2545031949564746e-07,9.308846821257012e-07,2.2389310190798623e-06,1.256089446113403e-05
2017-01-09,5.362847356487222e-05,2.371384771612789e-05,1.0307906956169278e-05,8.115643629888675e-07,4.0684666302827236e-07,2.588562654005715e-06,1.224993699015979e-05
2017-01-10,0.00021783729456737323,1.1867848516196443e-05,1.029315747743621e-05,8.095840843512213e-07,5.217122485806324e-07,2.4474845560395816e-06,1.49659905025348e-05
2017-01-11,0.00010696133382029832,1.1884763967226677e-05,1.0330848822039853e-05,3.22722576438775e-07,6.938508027603316e-07,2.8751007966775304e-06,1.2486899128487064e-05
2017-01-12,0.00010681635430369188,3.643643345416888e-05,1.2889107777262848e-05,4.824656874954626e-07,5.191159948037303e-07,1.9478869050887007e-06,1.0599569655099814e-05
2017-01-13,5.425090049797444e-05,2.431857973663838e-05,5.1458282953538766e-06,4.808957573035682e-07,2.7279848079241573e-07,2.5415844894571546e-06,1.1141566582620793e-05
2017-01-14,5.5108102359438974e-05,1.2416927771200358e-05,2.566868539611665e-06,3.090341972308248e-07,4.901361070834225e-07,1.609394169639189e-06,1.0582886392011329e-05
2017-01-15,0.0,1.243561147268087e-05,1.7780911907777835e-05,4.7299633739638205e-07,7.61108386515016e-07,2.4855023371850048e-06,1.0952116605853155e-05
2017-01-16,0.00010829108310248558,3.8094445977511057e-05,9.968837880541885e-06,4.71834251488361e-07,5.427563858221086e-07,2.3497028154727285e-06,1.0947802945870915e-05
2017-01-17,5.409761586951446e-05,2.59128984522729e-05,1.2430799643628575e-05,2.9271607127657037e-07,5.961100202468094e-07,2.5329114206225348e-06,1.2371647413316615e-05
2017-01-18,0.0,2.5943778634649434e-05,1.9719978236258472e-05,2.922141017174328e-07,6.252370766254752e-07,1.9405517741260972e-06,1.0466341527173759e-05
2017-01-19,5.399461290178487e-05,0.0,1.2286752153884361e-05,4.376120307179693e-07,5.763822865700746e-07,2.52783953904486e-06,1.3611507670119035e-05
2017-01-20,0.0,5.187451914465725e-05,1.7239615357055983e-05,4.3694667042753913e-07,4.797335791367271e-07,1.598337440696453e-06,1.1087117342034524e-05
2017-01-21,5.385379656978147e-05,6.491021017334737e-05,7.23539160400942e-06,1.45441668389425e-07,4.791965598894184e-07,2.265858776839158e-06,9.835221909233549e-06
2017-01-22,0.00016137440977864297,3.9209106046254565e-05,1.183780461559735e-05,1.5601049718686937e-07,4.3083671462768726e-07,2.6599219186282645e-06,9.531757654444753e-06
2017-01-23,0.0,2.615720735150296e-05,1.402703721552054e-05,7.797024983898556e-07,3.347863628553054e-07,2.4879280424878234e-06,9.309061941607622e-06
2017-01-24,0.00010730648511011651,1.3084852980378948e-05,2.30809731445404e-06,6.235443853959661e-07,5.245667630441596e-07,2.4226635982272365e-06,7.88641980845766e-06
2017-01-25,0.0,1.3092410781208537e-05,4.599491594180571e-06,9.35083690557314e-07,4.279852859615051e-07,2.5840025353314577e-06,1.0549063775551827e-05
2017-01-26,0.0,1.3222582790775953e-05,4.5832485124454015e-06,0.0,3.786025087515775e-07,3.181847062505321e-06,1.3124915710040868e-05
2017-01-27,5.252280687878218e-05,3.970193735213604e-05,1.14116819292096e-05,0.0,4.2212383083168793e-07,1.7543328012882487e-06,1.3119875361027456e-05
2017-01-28,0.00010307044444898632,0.0,1.1363592767311359e-05,4.5165039697556327e-07,4.1836205205270544e-07,2.2723080283454824e-06,9.465464022741106e-06
2017-01-29,5.142390551805551e-05,2.648980313889496e-05,1.332438931144919e-05,4.5187838610081975e-07,2.3035672768198026e-07,1.473566993065792e-06,1.120547804187445e-05
2017-01-30,0.0,1.3248389014140134e-05,1.1019446014240273e-05,1.0550203146962567e-06,4.105163519001845e-07,2.8571327173738614e-06,1.1419022856378972e-05
2017-01-31,5.027429540495571e-05,2.6490561709660033e-05,6.581566132233245e-06,4.364365373849746e-07,6.773860765834877e-07,1.6461358397967386e-06,1.3734655111131684e-05
2017-02-01,0.00010159729141165434,0.0,6.5406715484949345e-06,4.352036844977983e-07,6.688964093514709e-07,2.456310141835672e-06,1.3243099452298347e-05
2017-02-02,4.972131728296777e-05,6.479271099045629e-05,6.3850310158848795e-06,6.724324101487834e-07,3.8395023416314717e-07,2.4887345546897798e-06,1.0410135762173964e-05
2017-02-03,0.0,1.2951891603409496e-05,4.237862303894049e-06,5.374914872193853e-07,2.9565656205647175e-07,1.7604221675593644e-06,1.3555512898195601e-05
2017-02-04,9.702502490751418e-05,1.2867504016582707e-05,1.0339480739648904e-05,1.3427269897909422e-07,3.7634751014253487e-07,2.5116956462214658e-06,1.1214499877663264e-05
2017-02-05,4.743793782248565e-05,1.2856332841285376e-05,8.149906664284738e-06,2.683719070702686e-07,5.7960433976438e-07,2.2751829474146717e-06,1.1885522735772752e-05
2017-02-06,0.00014175264086213146,2.5692894619971644e-05,0.0,5.364505071933995e-07,4.098837001600148e-07,1.755473294021199e-06,1.1254743235922074e-05
2017-02-07,0.0,1.2829949605693253e-05,8.025445961325865e-06,4.0215813430801866e-07,5.275468759598914e-07,2.4331296218447005e-06,1.4215310962706623e-05
2017-02-08,9.132951129101765e-05,3.806486937142657e-05,5.9044478903202314e-06,4.0201860436955133e-07,3.214139672855283e-07,1.955480922906499e-06,1.3151329715575814e-05
2017-02-09,4.500666669358439e-05,2.4853187085102392e-05,9.668508827523989e-06,4.937969968801585e-07,2.3866188365677336e-07,2.4730779571672556e-06,1.3535379012529e-05
2017-02-10,0.0,6.198861286205019e-05,1.1287766332793867e-05,1.2353425138057016e-06,5.119555095127455e-07,9.708426268644699e-07,9.176161311081781e-06
2017-02-11,8.732368047666864e-05,2.472833752707104e-05,1.8462293371508792e-06,4.0268352404205643e-07,3.89893436215434e-07,1.8770957952695173e-06,9.387218598675543e-06
2017-02-12,4.345242468207013e-05,0.0,3.61762443376274e-06,7.416368778033237e-07,5.404195043869752e-07,2.284003000416091e-06,9.93930857617737e-06
2017-02-13,8.46269206441745e-05,4.9139890996050837e-05,8.782590648499218e-06,3.7087926402180774e-07,2.6752112023656634e-07,1.1201261631586082e-06,1.0216894866588821e-05
2017-02-14,0.0,4.8019433294176636e-05,6.900162607581488e-06,6.182952956290381e-07,3.1884041857445335e-07,1.8529686440631197e-06,9.638990409959972e-06
2017-02-15,8.188011715763317e-05,2.380703482039545e-05,1.028360513499245e-05,6.167677590843309e-07,3.609425065343747e-07,1.5561167200662626e-06,1.1671138026616612e-05
2017-02-16,4.069043283406474e-05,2.3426163886861305e-05,4.9821008755188035e-06,4.5014614790838094e-07,1.7867553429368285e-07,2.6844874581480532e-06,1.2240258248457998e-05
2017-02-17,0.00011862325237319456,1.1422512051795176e-05,3.2797024956871487e-06,3.37081155762042e-07,3.5748201231245864e-07,2.607378399816348e-06,1.0898526939795503e-05
2017-02-18,3.8404772817127614e-05,3.3406401843271594e-05,6.348795363845752e-06,3.365864089892763e-07,2.7225000527559057e-07,2.131398783959917e-06,1.0475467853209835e-05
2017-02-19,7.45627705603507e-05,4.337608839268406e-05,6.305982104431616e-06,2.1285868223024272e-07,3.234492869535702e-07,1.7134139909388917e-06,1.0301845815448894e-05
2017-02-20,7.234161834770308e-05,2.134918494970573e-05,3.0473020653553763e-06,2.1197732054911835e-07,2.6685909397889103e-07,1.6397576292643917e-06,9.700291082899141e-06
2017-02-21,0.0,0.0,4.4120480168368744e-06,3.1667573516504584e-07,2.3778342146542922e-07,2.5753720335348984e-06,1.1162661882507872e-05
2017-02-22,3.489144033109954e-05,2.0369644026544077e-05,2.8630598819854807e-06,5.081555239250363e-07,2.0925994390236137e-07,1.7586602413942569e-06,1.0662072221056227e-05
2017-02-23,6.755908462658206e-05,2.9691728685835183e-05,1.4102316500935036e-06,1.0125699749990774e-07,2.4706623080647736e-07,1.3116218420404012e-06,1.004354156164815e-05
2017-02-24,0.0,0.0,8.314159775511495e-06,6.053580959936357e-07,2.690686688084852e-07,1.0451677351394853e-06,9.764156470403459e-06
2017-02-25,0.0,2.847071520249416e-05,2.6661592464907567e-06,2.0107824776729702e-07,1.937391933243278e-07,1.3275398134618425e-06,1.0161432428600631e-05
2017-02-26,9.394126432692583e-05,9.21111936592087e-06,3.874434890591846e-06,3.00585857293587e-07,2.0999935759646337e-07,1.6171300230429116e-06,9.396413009274424e-06
2017-02-27,3.021211208034611e-05,2.7517202661377122e-05,6.199314282703846e-06,1.9972293451496455e-07,1.6632786326064857e-07,1.3692750743972768e-06,8.891797623953841e-06
2017-02-28,2.912257388246767e-05,0.0,3.5653305243436207e-06,9.953763498037949e-08,3.705139650803837e-07,1.9979201935062507e-06,1.0418029931654539e-05
2017-03-01,0.0,8.798518069539258e-06,3.4060240564558864e-06,4.948408414175231e-07,1.5612902644621094e-07,1.7067606503930513e-06,9.390397878874158e-06
2017-03-02,0.0,1.7498703319640097e-05,7.5924120490182895e-06,2.802498835100451e-07,1.7175057408498957e-07,1.460139405112748e-06,8.65685846421319e-06
2017-03-03,5.49736480813537e-05,8.693206798881054e-06,3.186847276049096e-06,5.590532611679537e-07,1.700416273191681e-07,1.851969676653775e-06,7.356279880252744e-06
2017-03-04,2.7272898028443233e-05,8.402138786677487e-06,1.0325265691520833e-06,2.7883133055390663e-07,1.0100981091466823e-07,1.4762588813804588e-06,9.346402423510166e-06
2017-03-05,2.7031012112346268e-05,0.0,1.964414893774187e-06,4.636065231487534e-07,2.0000949300620435e-07,1.2760666600350266e-06,9.005178201690045e-06
2017-03-06,0.0,4.141567555808259e-05,3.896635311123481e-06,4.619578426973857e-07,4.950484132476199e-08,1.6708200204350373e-06,6.600643146343002e-06
2017-03-07,2.655532573288524e-05,1.6434050630581164e-05,8.50798165660172e-06,3.682842867322033e-07,1.470367797700787e-07,1.0737488689069218e-06,7.471002162361975e-06
2017-03-08,5.080023233613216e-05,7.90809135547798e-06,9.381061671348525e-07,3.670391280420757e-07,1.2939887943678174e-07,1.465533960499871e-06,1.1478313037219082e-05
2017-03-09,2.4226019256982627e-05,0.0,8.892221901076917e-07,1.8291533678530965e-07,1.7436460413349973e-07,1.1601503184989601e-06,8.893181724360804e-06
2017-03-10,0.0,2.295657059542171e-05,3.430191285626486e-06,9.116470061784496e-08,1.1508643155607397e-07,1.5320209134643465e-06,6.845338820374872e-06
2017-03-11,2.282495040277753e-05,1.516462723930745e-05,4.854278240801046e-06,1.8176169877813547e-07,8.545597682165702e-08,1.278282409711377e-06,7.913710860666682e-06
2017-03-12,4.51956767032058e-05,2.910961119730122e-05,6.255374257943403e-06,4.5303043160481853e-07,1.4100945940859047e-07,1.1653966203346486e-06,8.843234156030786e-06
2017-03-13,0.0,2.0918915043786218e-05,2.3272885896837637e-06,3.599631028305527e-07,1.675276702134421e-07,1.0821471055569408e-06,7.461323250376392e-06
2017-03-14,0.0,1.3814800198359311e-05,1.4767340517176482e-06,3.575378569875039e-07,1.935041990504044e-07,5.713922817725353e-07,8.57840768142101e-06
2017-03-15,2.1473874380166198e-05,0.0,1.4375133670869171e-06,3.5514836522810306e-07,1.286055911312439e-07,7.954785433557566e-07,7.495775374754407e-06
2017-03-16,0.0,1.3323199063530663e-05,1.4265512893878723e-06,6.1739018005207e-07,4.244198137290049e-08,8.168547134564639e-07,7.444612645007511e-06
2017-03-17,0.0,0.0,7.078659340032817e-07,8.761892292677982e-08,7.537851737711049e-08,1.0335301011801287e-06,5.7179080990486025e-06
2017-03-18,1.993610812849933e-05,1.3059382046274563e-05,1.9823230503402053e-06,1.7409602133714518e-07,1.5287140340560887e-08,8.590974115401954e-07,6.846161264071169e-06
2017-03-19,0.0,6.2289270327016774e-06,1.917660184955228e-06,1.7297160656794493e-07,1.6648533827939758e-08,7.66064875533569e-07,5.893273876989532e-06
2017-03-20,0.0,6.166948173161996e-06,3.6823336690554213e-06,2.5779673365531747e-07,1.498443468047196e-08,7.731897221721359e-07,7.504267709403498e-06
2017-03-21,0.0,0.0,2.3345003881685612e-06,3.415491164625526e-07,0.0,1.0668118029973656e-06,6.4584601498081154e-06
2017-03-22,0.0,1.1384637572171973e-05,1.1299441888018797e-06,0.0,0.0,1.096605054182984e-06,6.036428937300131e-06
2017-03-23,0.0,5.517783028217287e-06,2.186061852710702e-06,3.0798434179895224e-07,0.0,6.846262588391168e-07,6.0286416225310555e-06
2017-03-24,0.0,1.0925760339501012e-05,2.1686836446187314e-06,3.827473973114423e-07,0.0,1.0051601158291563e-06,6.039332474946205e-06
2017-03-25,0.0,0.0,1.6136417300238487e-06,7.0862161058644e-08,0.0,7.226303080860614e-07,4.170791450306479e-06
2017-03-26,1.4002895148300833e-05,5.1796231662080795e-06,1.067288061400905e-06,2.819321733106391e-07,0.0,7.738653377708759e-07,6.436391055819241e-06
2017-03-27,1.2942202481161524e-05,4.892292575398828e-06,5.016257426523862e-07,0.0,0.0,6.940363581592753e-07,6.275892162555093e-06
2017-03-28,1.1892063882401287e-05,4.8436134509258985e-06,9.120396232222757e-07,1.3949183149530195e-07,0.0,1.037490093313221e-06,5.556158004077459e-06
2017-03-29,0.0,9.119252425291197e-06,9.052635290532745e-07,6.938783218525414e-08,0.0,6.785791453226574e-07,5.120696556555559e-06
2017-03-30,0.0,0.0,2.194254079500774e-06,1.3807337492779836e-07,0.0,6.989639644544585e-07,5.010739383497799e-06
2017-03-31,0.0,4.117997019995314e-06,4.1478049292860666e-07,2.060773394064642e-07,0.0,7.934698510026293e-07,5.147721466804623e-06
2017-04-01,0.0,3.846578529234165e-06,1.5892113868689988e-06,2.0538649346852801e-07,0.0,6.156108059833928e-07,3.5118728202678147e-06
2017-04-02,0.0,3.631213825993508e-06,1.1836322879803548e-06,1.271513653376329e-07,0.0,4.758451226047433e-07,5.848576973485672e-06
2017-04-03,0.0,0.0,1.1754744000241215e-06,2.884325208954426e-07,0.0,6.388932901075168e-07,5.296969073211643e-06
2017-04-04,0.0,6.651079212415899e-06,0.0,1.7133754161623185e-07,0.0,5.983059411092806e-07,6.396110631155203e-06
2017-04-05,7.336618392998088e-06,6.2700721220553144e-06,3.2438647055493736e-07,2.827211743202359e-07,0.0,4.872630580545926e-07,4.908498979860941e-06
2017-04-06,0.0,9.075404983217043e-06,1.1784403113668663e-06,1.8187372228519065e-07,0.0,6.290580287446315e-07,5.559061080107164e-06
2017-04-07,0.0,2.758913588442939e-06,8.371152589335263e-07,1.800640485117954e-07,0.0,3.897926345451699e-07,4.30085072477425e-06
2017-04-08,0.0,2.4953411297290574e-06,5.536720918193204e-07,1.7827238129330517e-07,0.0,4.83078725891535e-07,4.24363022040796e-06
2017-04-09,0.0,2.470512070635714e-06,7.614522488105338e-07,0.0,0.0,5.747579602521164e-07,4.289280640034053e-06
2017-04-10,1.218794211003596e-05,2.209809254971007e-06,2.3798163357422384e-07,9.951722445722188e-08,0.0,5.416555210549618e-07,4.16320905646132e-06
2017-04-11,0.0,0.0,8.892372238319927e-07,6.568467435270076e-08,0.0,5.112446149022912e-07,3.84250670474876e-06
2017-04-12,0.0,0.0,1.398956203836602e-06,1.625777523068991e-07,0.0,4.584890356723773e-07,3.207290006781526e-06
2017-04-13,0.0,2.14449952148077e-06,5.328658106969788e-07,1.9315209197131067e-07,0.0,4.7014170730865997e-07,3.690263301761963e-06
2017-04-14,0.0,0.0,3.5292834938864727e-07,1.593584971204168e-07,0.0,4.527352075478695e-07,2.385861514779411e-06
2017-04-15,0.0,1.8682642173383887e-06,1.753240590541777e-07,9.466371214835155e-08,0.0,3.0505537320160417e-07,2.8151368835226723e-06
2017-04-16,0.0,1.849674677775391e-06,1.6030551613942625e-07,1.874435849491091e-07,0.0,2.1443622423797792e-07,2.223275360226522e-06
2017-04-17,0.0,3.662540214443144e-06,4.780158613636328e-07,1.23718993410809e-07,0.0,2.9657023079233686e-07,2.9849189354092132e-06
2017-04-18,0.0,5.4391459956136155e-06,3.167753175289808e-07,3.0621992214496475e-08,0.0,4.291359112405541e-07,2.6861091278840823e-06
2017-04-19,0.0,6.235550878910837e-06,1.4703056610234204e-07,9.095189490309166e-08,0.0,3.4660115960433574e-07,2.8995028227006227e-06
2017-04-20,2.876268843855819e-06,1.5433765277500381e-06,1.4621488902783015e-07,6.003127228531845e-08,0.0,3.2219181214791706e-07,2.2274685489773258e-06
2017-04-21,0.0,3.875696594622295e-06,1.3151787373745242e-07,1.1886790229166116e-07,0.0,2.057973871305732e-07,2.2809398879291494e-06
2017-04-22,2.8193149048210287e-06,1.042923446552145e-06,2.617392537774283e-07,2.9421286725492872e-08,0.0,2.750620530347601e-07,2.59173297684737e-06
2017-04-23,1.87947874085472e-06,0.0,3.281715821154029e-07,8.738562009378248e-08,0.0,2.2189455841892301e-07,1.9004908057808998e-06
2017-04-24,0.0,1.5723027376674516e-06,2.1795158363156954e-07,1.1535482486122305e-07,0.0,3.1954424825090875e-07,2.4889958702054816e-06
2017-04-25,0.0,1.5566580640310224e-06,5.428597696488182e-07,1.0018945216891678e-07,0.0,2.3727354739223635e-07,2.4705206660684323e-06
2017-04-26,0.0,1.6033911567357376e-06,3.245369199888372e-07,4.9596275231628135e-08,0.0,2.2636090512573685e-07,2.5063720426818025e-06
2017-04-27,9.209470885895767e-07,2.930249062165059e-07,3.213077236804154e-07,1.4730835214295427e-07,0.0,1.8580875933826022e-07,1.887569894310502e-06
2017-04-28,0.0,0.0,2.1207377227474587e-07,9.722840636599717e-08,0.0,2.47945994350065e-07,1.4819407011017368e-06
2017-04-29,0.0,2.872226243192555e-07,0.0,1.684566932271161e-07,0.0,1.3461745607244898e-07,1.5661236740325367e-06
2017-04-30,0.0,0.0,9.004125528681763e-08,9.530315492768051e-08,0.0,2.1167680765383112e-07,1.7848861913769757e-06
2017-05-01,0.0,6.082745287374556e-07,8.903782911578684e-08,4.724278112903737e-08,0.0,2.3295842915779933e-07,1.6046894273582415e-06
2017-05-02,0.0,1.223635973213988e-07,8.220365821369366e-08,1.0286889914517501e-07,0.0,1.7682434811124572e-07,1.784160999687885e-06
2017-05-03,0.0,1.2114605918500102e-07,2.4415715444412255e-07,2.5461334124160117e-08,0.0,2.511800975157107e-07,1.5598378487522893e-06
2017-05-04,0.0,1.1994063575547716e-07,1.6115183344404894e-07,7.562396884997023e-08,0.0,2.3669455934829392e-07,1.683774200897844e-06
2017-05-05,0.0,2.3749441297895934e-07,2.3932251886448143e-07,3.743574889368264e-08,0.0,2.477302325110888e-07,1.476867654964725e-06
2017-05-06,0.0,0.0,0.0,3.70632569684661e-08,0.0,1.8871668040759137e-07,1.2866784830102217e-06
2017-05-07,0.0,0.0,2.3458361548339563e-07,7.33889427996651e-08,0.0,1.0848711371413395e-07,1.1750467155852395e-06
2017-05-08,0.0,0.0,1.548329796730764e-07,3.632935530891783e-08,0.0,1.7901274816100903e-07,1.2266531508366559e-06
2017-05-09,0.0,0.0,7.664618289210881e-08,5.994645363968091e-08,0.0,1.251447688713688e-07,1.1605810450229172e-06
2017-05-10,0.0,0.0,2.2025894672247136e-07,2.3739990583927318e-08,0.0,1.4867946913881211e-07,1.140636872948436e-06
2017-05-11,0.0,0.0,5.451683339608741e-08,2.350377373082406e-08,0.0,1.0812803831338445e-07,1.3261352312447704e-06
2017-05-12,0.0,0.0,1.0794876368065488e-07,3.490486091202063e-08,0.0,8.326278049894773e-08,1.1381614422319956e-06
2017-05-13,0.0,0.0,1.6031198330319087e-07,5.759591957163977e-08,0.0,1.4131594626938857e-07,1.0535628119996376e-06
2017-05-14,0.0,0.0,1.5871685241732352e-07,1.1404566119306482e-08,0.0,1.1659152425842876e-07,8.93896911907452e-07
2017-05-15,0.0,0.0,2.0951679113194988e-07,5.64554439520039e-08,0.0,8.464970741965428e-08,1.0958405301124227e-06
2017-05-16,0.0,0.0,2.0743206422784611e-07,5.5893702898916926e-08,0.0,7.999800017784697e-08,1.236522893546446e-06
2017-05-17,0.0,0.0,1.5402606052726937e-07,5.533755126269809e-08,0.0,6.296731543025564e-08,9.698186516654952e-07
2017-05-18,0.0,0.0,5.083115853935411e-08,3.287216005663219e-08,0.0,7.42152144920905e-08,1.069549038859535e-06
2017-05-19,0.0,0.0,2.0130152024466053e-07,2.169671773269649e-08,0.0,7.347676076955306e-08,8.147295003937849e-07
2017-05-20,0.0,0.0,4.982463416292024e-08,2.148083178415879e-08,0.0,7.27456547843234e-08,7.003907117896441e-07
2017-05-21,0.0,0.0,1.4798661230883693e-07,4.2534187873400506e-08,0.0,9.218793398424801e-08,7.376410374580086e-07
2017-05-22,0.0,0.0,0.0,0.0,0.0,9.697506425945802e-08,8.580915840755787e-07
2017-05-23,0.0,0.0,2.4176046842047183e-07,0.0,0.0,5.92115125300926e-08,9.432150910718414e-07
2017-05-24,0.0,0.0,9.574196462672365e-08,0.0,0.0,5.344978800676775e-08,6.538991816782793e-07
2017-05-25,0.0,0.0,9.478931616150648e-08,0.0,0.0,3.414061530969593e-08,5.62417613755702e-07
2017-05-26,0.0,0.0,9.384614670689682e-08,0.0,0.0,3.380091051145876e-08,6.670313958107878e-07
2017-05-27,0.0,0.0,9.291236194516323e-08,0.0,0.0,2.990351456605079e-08,5.849521265285102e-07
2017-05-28,0.0,0.0,0.0,0.0,0.0,2.565850700801649e-08,4.634754201841771e-07
2017-05-29,0.0,0.0,7.477390070231538e-08,0.0,0.0,3.0288431481680626e-08,5.445002732993e-07
2017-05-30,0.0,0.0,7.402988795910414e-08,0.0,0.0,2.6117758933224077e-08,5.746227844451349e-07
2017-05-31,0.0,0.0,4.88621855109204e-08,0.0,0.0,3.926567401775233e-08,5.853951977796474e-07
2017-06-01,0.0,0.0,1.2074431787451337e-07,0.0,0.0,2.3686933372779267e-08,5.276332134697016e-07
2017-06-02,0.0,0.0,1.434514702053824e-07,0.0,0.0,3.283174222684683e-08,5.149205584865572e-07
2017-06-03,0.0,0.0,2.367068403798543e-08,0.0,0.0,2.6004048746708196e-08,5.171853758355816e-07
2017-06-04,0.0,0.0,4.687031359307312e-08,0.0,0.0,2.0228453251665774e-08,4.3295448255964327e-07
2017-06-05,0.0,0.0,0.0,0.0,0.0,2.18478292132522e-08,4.0415242699461006e-07
2017-06-06,0.0,0.0,0.0,0.0,0.0,0.0,5.031950997256505e-07
2017-06-07,0.0,0.0,1.1371271620603934e-07,0.0,0.0,0.0,3.481315306018436e-07
2017-06-08,0.0,0.0,4.503250230998224e-08,0.0,0.0,0.0,3.149548429611299e-07
2017-06-09,0.0,0.0,2.2292210712653476e-08,0.0,0.0,0.0,4.5890636251223826e-07
2017-06-10,0.0,0.0,4.414079901992798e-08,0.0,0.0,0.0,3.2036806711720816e-07
2017-06-11,0.0,0.0,0.0,0.0,0.0,0.0,4.1521791480602293e-07
2017-06-12,0.0,0.0,2.1633376319016768e-08,0.0,0.0,0.0,3.7111969151416186e-07
2017-06-13,0.0,0.0,2.141812062807574e-08,0.0,0.0,0.0,2.442387527565564e-07
2017-06-14,0.0,0.0,2.1205006767046017e-08,0.0,0.0,0.0,2.3687744142183998e-07
2017-06-15,0.0,0.0,1.0497006712181944e-07,0.0,0.0,0.0,2.30856089131455e-07
2017-06-16,0.0,0.0,0.0,0.0,0.0,0.0,2.4307071727820424e-07
2017-06-17,0.0,0.0,0.0,0.0,0.0,0.0,2.334684777610077e-07
2017-06-18,0.0,0.0,0.0,0.0,0.0,0.0,1.742480915700753e-07
2017-06-19,0.0,0.0,0.0,0.0,0.0,0.0,2.3236619203967647e-07
2017-06-20,0.0,0.0,0.0,0.0,0.0,0.0,2.30054109797809e-07
2017-06-21,0.0,0.0,0.0,0.0,0.0,0.0,2.4847094526396394e-07
2017-06-22,0.0,0.0,0.0,0.0,0.0,0.0,2.0841549584798964e-07
2017-06-23,0.0,0.0,0.0,0.0,0.0,0.0,1.792805169147178e-07
2017-06-24,0.0,0.0,0.0,0.0,0.0,0.0,1.7079865932565934e-07
2017-06-25,0.0,0.0,0.0,0.0,0.0,0.0,2.022558870679792e-07
2017-06-26,0.0,0.0,0.0,0.0,0.0,0.0,2.4620091069644673e-07
2017-06-27,0.0,0.0,0.0,0.0,0.0,0.0,2.4050115509452535e-07
2017-06-28,0.0,0.0,0.0,0.0,0.0,0.0,2.3489045120406342e-07
2017-06-29,0.0,0.0,0.0,0.0,0.0,0.0,1.6276742284350737e-07
2017-06-30,0.0,0.0,0.0,0.0,0.0,0.0,1.0375273173317485e-07
2017-07-01,0.0,0.0,0.0,0.0,0.0,0.0,1.241006037593196e-07
2017-07-02,0.0,0.0,0.0,0.0,0.0,0.0,1.2286578212008578e-07
2017-07-03,0.0,0.0,0.0,0.0,0.0,0.0,1.4511825977155729e-07
2017-07-04,0.0,0.0,0.0,0.0,0.0,0.0,1.2888430656777545e-07
2017-07-05,0.0,0.0,0.0,0.0,0.0,0.0,1.2969372049178324e-07
2017-07-06,0.0,0.0,0.0,0.0,0.0,0.0,7.476331819220576e-08
2017-07-07,0.0,0.0,0.0,0.0,0.0,0.0,9.986745894400007e-08
2017-07-08,0.0,0.0,0.0,0.0,0.0,0.0,6.863002242756574e-08
2017-07-09,0.0,0.0,0.0,0.0,0.0,0.0,6.218890989676457e-08
2017-07-10,0.0,0.0,0.0,0.0,0.0,0.0,7.75327435832351e-08
2017-07-11,0.0,0.0,0.0,0.0,0.0,0.0,8.804970340862508e-08
2017-07-12,0.0,0.0,0.0,0.0,0.0,0.0,6.370378039254168e-08
2017-07-13,0.0,0.0,0.0,0.0,0.0,0.0,5.8643958085999274e-08
2017-07-14,0.0,0.0,0.0,0.0,0.0,0.0,5.806044095343675e-08
2017-07-15,0.0,0.0,0.0,0.0,0.0,0.0,5.748272991335344e-08
2017-07-16,0.0,0.0,0.0,0.0,0.0,0.0,5.798455525443115e-08
2017-07-17,0.0,0.0,0.0,0.0,0.0,0.0,7.016484357626212e-08
2017-07-18,0.0,0.0,0.0,0.0,0.0,0.0,6.841416608562812e-08
2017-07-19,0.0,0.0,0.0,0.0,0.0,0.0,5.210264135320314e-08
2017-07-20,0.0,0.0,0.0,0.0,0.0,0.0,0.0
2017-07-21,0.0,0.0,0.0,0.0,0.0,0.0,0.0
2017-07-22,0.0,0.0,0.0,0.0,0.0,0.0,0.0
2017-07-23,0.0,0.0,0.0,0.0,0.0,0.0,0.0
2017-07-24,0.0,0.0,0.0,0.0,0.0,0.0,0.0
2017-07-25,0.0,0.0,0.0,0.0,0.0,0.0,0.0
2017-07-26,0.0,0.0,0.0,0.0,0.0,0.0,0.0
2017-07-27,0.0,0.0,0.0,0.0,0.0,0.0,0.0
2017-07-28,0.0,0.0,0.0,0.0,0.0,0.0,0.0
2017-07-29,0.0,0.0,0.0,0.0,0.0,0.0,0.0
2017-07-30,0.0,0.0,0.0,0.0,0.0,0.0,0.0
2017-07-31,0.0,0.0,0.0,0.0,0.0,0.0,4.736365344389639e-08
2017-08-01,0.0,0.0,0.0,0.0,0.0,0.0,1.0089813096699034e-07
2017-08-02,0.0,0.0,0.0,0.0,0.0,0.0,1.6358694843957497e-07
2017-08-03,0.0,0.0,0.0,0.0,0.0,0.0,1.71586064012035e-07
2017-08-04,0.0,0.0,0.0,0.0,0.0,0.0,1.2195926369884235e-07
2017-08-05,0.0,0.0,0.0,0.0,0.0,0.0,1.3615181411610707e-07
2017-08-06,0.0,0.0,0.0,0.0,0.0,0.0,1.025944070166503e-07
2017-08-07,0.0,0.0,0.0,0.0,0.0,0.0,1.2567347623610466e-07
2017-08-08,0.0,0.0,0.0,0.0,0.0,0.0,1.3807129774667012e-07
2017-08-09,0.0,0.0,0.0,0.0,0.0,0.0,1.1921489806456869e-07
2017-08-10,0.0,0.0,0.0,0.0,0.0,0.0,1.431324668994245e-07
2017-08-11,0.0,0.0,0.0,0.0,0.0,0.0,8.949631606619654e-08
2017-08-12,0.0,0.0,0.0,0.0,0.0,0.0,1.3443473337878462e-07
2017-08-13,0.0,0.0,0.0,0.0,0.0,0.0,1.4749149947246367e-07
2017-08-14,0.0,0.0,0.0,0.0,0.0,0.0,1.2532717659269508e-07
2017-08-15,0.0,0.0,0.0,0.0,0.0,0.0,1.5763631232838024e-07
2017-08-16,0.0,0.0,0.0,0.0,0.0,0.0,1.6163301669074913e-07
2017-08-17,0.0,2.4982720018084663e-07,0.0,0.0,0.0,0.0,1.4376402799065295e-07
2017-08-18,0.0,2.52338005284834e-07,0.0,0.0,0.0,0.0,1.476700479586292e-07
2017-08-19,0.0,0.0,0.0,0.0,0.0,0.0,1.242951305116171e-07
2017-08-20,0.0,2.5743557113126627e-07,0.0,0.0,0.0,0.0,1.4312052176874835e-07
2017-08-21,0.0,0.0,0.0,0.0,0.0,0.0,1.7752848218945313e-07
2017-08-22,0.0,0.0,4.2386460625626146e-08,0.0,0.0,0.0,3.0483716031574555e-07
2017-08-23,0.0,0.0,1.2843735491106058e-07,0.0,0.0,0.0,2.4792014457199595e-07
2017-08-24,0.0,0.0,8.648544785851023e-08,0.0,0.0,0.0,2.4233398398239577e-07
2017-08-25,0.0,0.0,1.7470928211967471e-07,0.0,0.0,0.0,2.080540588598523e-07
2017-08-26,0.0,0.0,1.323488546970994e-07,0.0,0.0,0.0,2.1014503691393315e-07
2017-08-27,0.0,0.0,8.911932186680236e-08,0.0,0.0,0.0,2.746855677782466e-07
2017-08-28,0.0,2.788766249660177e-07,0.0,0.0,0.0,0.0,2.4381636076578174e-07
2017-08-29,0.0,0.0,0.0,0.0,0.0,0.0,2.759886057828716e-07
2017-08-30,0.0,0.0,2.295835232012732e-07,0.0,0.0,0.0,2.5731908066244565e-07
2017-08-31,0.0,2.8736968260988746e-07,1.3913452558153077e-07,0.0,0.0,0.0,2.815639454518017e-07
2017-09-01,0.0,0.0,4.677221429961721e-08,0.0,0.0,0.0,2.6556736885819694e-07
2017-09-02,0.0,5.924757487503584e-07,3.7793826294579906e-07,0.0,0.0,0.0,3.4738807963440413e-07
2017-09-03,0.0,0.0,1.9086830281795232e-07,0.0,0.0,0.0,3.197888092050636e-07
2017-09-04,0.0,0.0,9.639328057617214e-08,0.0,0.0,0.0,2.3776590595789925e-07
2017-09-05,0.0,0.0,3.8944819660701515e-07,0.0,0.0,0.0,2.310930216042346e-07
2017-09-06,0.0,0.0,4.917027700669294e-08,0.0,0.0,0.0,2.7002974823367064e-07
2017-09-07,0.0,0.0,4.9664446506185034e-08,0.0,0.0,0.0,3.004802288283468e-07
2017-09-08,0.0,0.0,0.0,0.0,0.0,0.0,2.9883087294381374e-07
2017-09-09,0.0,0.0,5.06677348772971e-08,0.0,0.0,0.0,2.735372194142937e-07
2017-09-10,0.0,6.418213165323012e-07,2.0470781631436106e-07,0.0,0.0,0.0,2.619956427503971e-07
2017-09-11,0.0,0.0,1.0338258203587779e-07,0.0,0.0,0.0,2.8387446947975266e-07
2017-09-12,0.0,0.0,1.0442159425893107e-07,0.0,0.0,0.0,3.304655417350653e-07
2017-09-13,0.0,0.0,1.0547104872842853e-07,0.0,0.0,0.0,3.5342129185947827e-07
2017-09-14,0.0,0.0,5.326552519534584e-08,0.0,0.0,0.0,3.420993501065282e-07
2017-09-15,0.0,0.0,5.380085262338503e-08,0.0,0.0,0.0,2.9545960635267485e-07
2017-09-16,0.0,3.407546651229274e-07,5.434156018152075e-08,0.0,0.0,0.0,3.287777391458341e-07
2017-09-17,0.0,0.0,2.195508077638376e-07,0.0,0.0,0.0,3.576267803853282e-07
2017-09-18,0.0,0.0,2.771966625816603e-07,0.0,0.0,0.0,3.870224885164005e-07
2017-09-19,0.0,0.0,1.6798952121346786e-07,0.0,0.0,0.0,3.322710767880886e-07
2017-09-20,0.0,0.0,0.0,0.0,0.0,0.0,3.534747301249429e-07
2017-09-21,0.0,0.0,6.770802395648357e-08,0.0,0.0,0.0,3.732191012925601e-07
2017-09-22,0.0,3.6182575683334973e-07,0.0,0.0,0.0,0.0,2.5330833349135637e-07
2017-09-23,0.0,0.0,2.763032670838729e-07,0.0,0.0,0.0,2.6295773317052097e-07
2017-09-24,0.0,0.0,2.790801610839673e-07,0.0,0.0,0.0,2.931524676823e-07
2017-09-25,0.0,0.0,7.047124083318444e-08,0.0,0.0,0.0,4.029340878244689e-07
2017-09-26,0.0,4.599006367436783e-07,1.423589771563732e-07,0.0,0.0,0.0,3.852840672474691e-07
2017-09-27,0.0,4.6452271498506753e-07,2.1568456299408897e-07,0.0,0.0,0.0,3.447234440258248e-07
2017-09-28,0.0,0.0,2.1785222888965534e-07,0.0,0.0,0.0,3.674142428805488e-07
2017-09-29,0.0,0.0,1.4669445345976986e-07,0.0,0.0,0.0,3.4421270674751765e-07
2017-09-30,0.0,0.0,1.4816875722736125e-07,0.0,0.0,0.0,3.038746010776356e-07
2017-10-01,0.0,4.906442893557403e-07,2.2423569816991744e-07,0.0,0.0,0.0,3.194643048529585e-07
2017-10-02,0.0,1.4867260393279754e-06,7.549643480092005e-08,0.0,0.0,0.0,1.8818187060613616e-07
2017-10-03,1.9942114191049105e-06,0.0,3.050207463397132e-07,0.0,0.0,0.0,2.7933980653400774e-07
2017-10-04,0.0,7.404584997330558e-07,2.3106469185342376e-07,0.0,0.0,0.0,2.3368827051581826e-07
2017-10-05,0.0,0.0,2.3338693061380246e-07,0.0,0.0,0.0,2.963576422526792e-07
2017-10-06,2.899106734191501e-06,0.0,1.2085141034349662e-07,0.0,0.0,1.339452584459119e-08,3.2108793125741584e-07
2017-10-07,2.9282432412649627e-06,0.0,2.86405882009198e-07,0.0,0.0,1.6712470847893723e-08,1.984658673638916e-07
2017-10-08,0.0,0.0,1.4464215448863947e-07,0.0,0.0,1.5272773593989644e-08,2.3311513351803488e-07
2017-10-09,2.9873976786628056e-06,9.922579132540924e-07,4.3828749692599316e-07,0.0,0.0,1.4614358703582228e-08,3.0226635791131845e-07
2017-10-10,6.034843048960444e-06,9.94662751358926e-07,2.951282396673341e-07,0.0,0.0,5.000182811256418e-08,4.0610115302709125e-07
2017-10-11,3.047747114964614e-06,0.0,5.906682127650376e-07,0.0,0.0,2.9137127792082286e-08,3.36145141864343e-07
2017-10-12,3.0783774827002996e-06,9.99771079313274e-07,1.4778475337722716e-07,0.0,0.0,4.3163942498960014e-08,2.7249905875119647e-07
2017-10-13,0.0,1.0024750799998403e-06,3.803822795025457e-07,0.0,0.0,4.7561178908821084e-08,4.1753890139208933e-07
2017-10-14,0.0,1.2538859236630371e-06,7.630530808671586e-07,0.0,0.0,2.8022853077085267e-08,4.591756020639244e-07
2017-10-15,3.1721280342689375e-06,0.0,1.9135447716829808e-07,0.0,0.0,7.9406494239778e-08,3.063218678223895e-07
2017-10-16,0.0,2.7782435643655587e-06,9.369549092662871e-07,0.0,0.0,8.911615863828421e-08,5.109838275447489e-07
2017-10-17,0.0,1.3960267795806626e-06,4.7058625270355895e-07,0.0,0.0,4.2005502430499154e-08,5.785601117449533e-07
2017-10-18,0.0,2.806142761639727e-06,2.3637105489570074e-07,0.0,0.0,8.182478201473305e-08,3.472903734701427e-07
2017-10-19,0.0,1.4102562903663766e-06,7.124178622262641e-07,0.0,0.0,1.165943405072421e-07,5.041644441522765e-07
2017-10-20,0.0,4.252746680151432e-06,0.0,0.0,0.0,7.150086653131931e-08,4.091390324970241e-07
2017-10-21,4.542709497593652e-06,0.0,4.794942146940745e-07,0.0,0.0,5.5226647554475535e-08,4.916296120323681e-07
2017-10-22,0.0,1.4326601244064592e-06,0.0,0.0,0.0,8.581797629214844e-08,4.804463899729033e-07
2017-10-23,1.8537913267189262e-05,2.8808271870946823e-06,9.684699839663839e-07,0.0,0.0,6.501034596953227e-08,6.9751159274329e-07
2017-10-24,4.681055598229082e-06,1.4483111052479267e-06,9.733557935136053e-07,0.0,0.0,1.0943951801454274e-07,6.119676914872101e-07
2017-10-25,0.0,0.0,7.33754204588483e-07,0.0,0.0,8.400994662671179e-08,7.84885622822602e-07
2017-10-26,0.0,0.0,2.458549800245616e-07,0.0,0.0,1.0271831549589329e-07,6.419866157513532e-07
2017-10-27,9.6472299297673e-06,1.472875865782604e-06,9.88599243556711e-07,0.0,0.0,9.472885592668945e-08,6.098330517167701e-07
2017-10-28,9.744186202460846e-06,1.4813575905366212e-06,2.625606594707036e-07,0.0,0.0,6.834349768317483e-08,5.631612415766468e-07
2017-10-29,5.765220986660382e-06,3.2285814992015526e-06,1.4259181320238591e-06,0.0,0.0,6.442833717040671e-08,5.314975917896268e-07
2017-10-30,5.8231624208534704e-06,0.0,2.8690847434863563e-07,0.0,0.0,1.069103294750187e-07,8.465298878176292e-07
2017-10-31,0.0,3.2690188882511024e-06,1.239195868695274e-06,0.0,0.0,9.859481387541685e-08,9.075856659331324e-07
2017-11-01,0.0,1.8977122423715618e-06,1.7722633234521962e-06,0.0,0.0,1.2594406312947655e-07,7.00523427366108e-07
2017-11-02,0.0,0.0,1.4614807123024223e-06,0.0,0.0,1.1660900350658791e-07,7.830001187026721e-07
2017-11-03,0.0,1.9239957307959603e-06,1.9455220374938342e-06,0.0,0.0,8.950468629654734e-08,9.036118787755779e-07
2017-11-04,0.0,3.874850829806239e-06,3.9192815793953517e-07,0.0,0.0,1.0848506801837243e-07,7.475517722571443e-07
2017-11-05,8.617200567199854e-06,2.075630633339529e-06,4.371109707520464e-07,0.0,0.0,1.7262673775608265e-07,8.445744055068017e-07
2017-11-06,0.0,4.1814024718395745e-06,4.4043871553109727e-07,0.0,0.0,2.6791839726300896e-07,9.334602570344051e-07
2017-11-07,9.584132651345739e-06,2.2305627005391272e-06,2.219052522743674e-06,0.0,1.700299604703888e-08,2.5736506899749817e-07,1.1792087043764986e-06
2017-11-08,1.049979884185251e-05,4.992937245969226e-06,1.4051598288040237e-06,0.0,1.8400584640974716e-08,1.2645207578599894e-07,9.226787792395693e-07
2017-11-09,0.0,0.0,2.4132006563258433e-06,5.366833867606702e-09,1.362937663344612e-08,2.554458805515762e-07,1.068567894732516e-06
2017-11-10,2.3012594618337268e-05,0.0,4.861218196691316e-07,2.1683085778756477e-08,1.1263380664798888e-08,1.4620745412151314e-07,9.89816656619378e-07
2017-11-11,0.0,8.04441861531307e-06,0.0,8.158668037236684e-09,6.3203219568959464e-09,1.264459767208438e-07,9.107617063865664e-07
2017-11-12,0.0,1.0811877854585533e-05,5.038113545786433e-07,3.296265605678069e-08,6.383842248588488e-09,1.1859415277729414e-07,1.041409982955535e-06
2017-11-13,0.0,0.0,1.0150925503574506e-06,4.107095379608707e-08,7.737601115790929e-09,1.5664328808265323e-07,1.3584634934586171e-06
2017-11-14,0.0,6.066590843332929e-06,1.660955460175869e-06,1.38279079146813e-08,1.1723047949752906e-08,2.0475216144770247e-07,1.3193439559996864e-06
2017-11-15,0.0,3.3049948402047033e-06,1.705481755183332e-06,2.7933761399296675e-08,2.6313036756408083e-09,2.0680995488109643e-07,1.1460766633479851e-06
2017-11-16,0.0,0.0,1.7822343190104684e-06,7.053625092162222e-08,1.5946492303381106e-08,1.9515542800714427e-07,1.4665228557982488e-06
2017-11-17,0.0,3.481852853956212e-06,1.7963169385125124e-06,8.54941824346504e-08,8.053378607718241e-09,2.3575236473549187e-07,1.2622493309925782e-06
2017-11-18,0.0,3.5091317062433716e-06,2.414105588273791e-06,7.196117771070249e-08,1.08457552110905e-08,2.256950270775854e-07,1.2161136378113804e-06
2017-11-19,0.0,0.0,1.2448949150369713e-06,1.453687991405371e-08,8.21606764733696e-09,1.8975476751286722e-07,1.1295633665314704e-06
2017-11-20,3.411366544845512e-05,7.465046798818225e-06,6.486244380160552e-07,4.4048933958217306e-08,1.2447960749951284e-08,2.3129472031842853e-07,1.3790163678703213e-06
2017-11-21,0.0,7.525099052157717e-06,1.9617506752516525e-06,2.966108873625125e-08,5.588028815709095e-09,2.3913896944132823e-07,1.7471535748410335e-06
2017-11-22,1.7729177425660043e-05,0.0,6.59274737719154e-07,1.4979593816974456e-08,4.233142079233587e-09,2.618990216495971e-07,1.3748953569016236e-06
2017-11-23,1.786098378543078e-05,0.0,2.658794046843706e-06,1.0591098866381614e-07,1.2827057593262721e-08,4.2828852950457593e-07,1.5185644192800136e-06
2017-11-24,1.8839380046239095e-05,4.033412911054613e-06,6.701887561077874e-07,0.0,8.637314443515506e-09,3.3495406285277777e-07,1.5319450988597567e-06
2017-11-25,1.951888473812375e-05,8.625628208503403e-06,2.0230932261983336e-06,3.629235217565592e-08,7.270100747359445e-09,2.3958960619465356e-07,1.3838647948642438e-06
2017-11-26,0.0,8.675655621021024e-06,2.097229882116893e-06,3.665709637889872e-08,7.343166474589143e-09,3.4728524034144404e-07,1.7755857817809773e-06
2017-11-27,0.0,0.0,7.240692991243929e-07,5.553825948349065e-08,1.753779750496591e-08,5.02453911718258e-07,2.115346725904815e-06
2017-11-28,2.075823423934427e-05,9.27664541466565e-06,2.1845549659871883e-06,3.7397618847242415e-08,3.542811060035824e-08,3.6849399719840506e-07,1.9892398187934956e-06
2017-11-29,0.0,9.666517279804745e-06,1.4929602407650706e-06,3.7773471165207236e-08,4.294100283764188e-08,4.1708120986355095e-07,2.113808386324237e-06
2017-11-30,0.0,0.0,1.5034432609228173e-06,7.333015289546996e-08,3.2529425318191433e-08,2.9530812020746576e-07,2.8311161452623294e-06
2017-12-01,0.0,9.691462215002772e-06,1.5118165409378623e-06,8.988598028715308e-08,3.638992774393182e-08,2.187532147473971e-07,2.535174527430587e-06
2017-12-02,0.0,1.0001310543077105e-05,0.0,3.026311646918774e-08,1.8377826298969575e-08,3.387488716685186e-07,1.5409431617025796e-06
2017-12-03,0.0,1.5077832260499944e-05,1.627011329701405e-06,6.113453169238142e-08,1.4850021219134425e-08,4.0118376711742275e-07,1.9535836288787947e-06
2017-12-04,0.00010532701391035131,1.5155206502175182e-05,2.581251437383972e-06,1.2349788790100443e-07,2.9998532827180334e-08,3.681390934221664e-07,2.409775069608104e-06
2017-12-05,2.6517346510707294e-05,1.5961884828855807e-05,2.5925966513447003e-06,1.8710859346342712e-07,2.2725017320780045e-08,5.675551293922771e-07,2.75897115022551e-06
2017-12-06,0.0,0.0,2.6887145225361635e-06,9.449453304530912e-08,5.3557950930970504e-08,3.8653280278685465e-07,2.627795231574809e-06
2017-12-07,2.683858410258215e-05,0.0,9.004762647833636e-07,6.36294792606366e-08,3.091212416372139e-08,4.970720267972449e-07,2.220243887253288e-06
2017-12-08,0.0,5.772907736866391e-06,1.809608807529767e-06,1.9280689847605384e-07,3.5125645698555e-08,4.950507103757881e-07,1.8866531970731394e-06
2017-12-09,2.7614089100828956e-05,1.7410632033271454e-05,0.0,9.73723200103592e-08,3.5478664306764776e-08,3.578773377192024e-07,2.741708510575466e-06
2017-12-10,0.0,6.081382544835366e-06,9.350732594642131e-07,7.270071155198783e-08,6.370707699728153e-08,3.7917939293042207e-07,2.8420073145331557e-06
2017-12-11,0.0,1.2231322501056217e-05,4.840298930216209e-06,1.575628709325918e-07,3.619538086812086e-08,4.2321243544399247e-07,2.9739342624035434e-06
2017-12-12,0.0,0.0,4.97190321951035e-06,1.3005994231593955e-07,6.499404532181434e-08,4.4641459368959215e-07,3.3955831394486595e-06
2017-12-13,0.0,6.310607110428639e-06,5.069841941435963e-06,4.806907784858213e-08,2.4617717376290458e-08,5.766438497070531e-07,3.6464956092108335e-06
2017-12-14,0.0,0.0,1.0197121181777218e-06,2.027688318358854e-07,3.315350606553734e-08,5.150077722858381e-07,3.132167682985482e-06
2017-12-15,0.0,0.0,4.271258071329519e-06,1.5360501935647323e-07,6.20350989215202e-08,6.928191385211809e-07,4.8792536019579915e-06
2017-12-16,3.0364787512715865e-05,1.3098385328921795e-05,6.571894872868481e-06,2.0686503395463015e-07,6.892441823384082e-08,5.166418898710553e-07,3.908887470311311e-06
2017-12-17,3.057390843091806e-05,1.367271578431789e-05,4.462536947866121e-06,1.5670804658230972e-07,5.695946194358455e-08,5.769816498759994e-07,3.866691981031458e-06
2017-12-18,0.0,2.8161710695131492e-05,2.285114776775724e-06,1.5828298863389553e-07,7.67092187375225e-08,8.059064386163795e-07,4.740592852593238e-06
2017-12-19,3.0943421165050255e-05,0.0,2.339610054167684e-06,1.1728264530964381e-07,9.039351906985237e-08,8.818470650456748e-07,6.107823152062489e-06
2017-12-20,6.046870346322974e-05,1.4748453557818293e-05,4.786760413657298e-06,2.3692271098215788e-07,1.050288626200806e-07,8.239422397680764e-07,4.8606839770948996e-06
2017-12-21,6.25872115829008e-05,2.223628439145064e-05,7.208383095788102e-06,6.517602556946333e-08,7.715230562768912e-08,8.54163524545247e-07,6.084901922110558e-06
2017-12-22,0.0,7.450704031047763e-06,3.681230524945176e-06,4.6081738861422914e-07,7.055180548985277e-08,7.546737355091912e-07,7.792522358922372e-06
2017-12-23,9.756944647425901e-05,0.0,2.4907137651573893e-06,2.659706744943384e-07,9.501448389748738e-08,4.1832555513418456e-07,5.800576298317155e-06
2017-12-24,0.0001307742430141922,1.5558524311461363e-05,3.8128331907237927e-06,3.714717860394371e-07,1.6794644183812796e-07,5.930861212097375e-07,7.639842232077952e-06
2017-12-25,0.0,8.065218186227542e-06,2.548722679229877e-06,3.0016411164495015e-07,1.4992991047565832e-07,1.0988706097942365e-06,8.254037126677625e-06
2017-12-26,3.387335078988431e-05,3.3417738696691905e-05,6.4951703418457674e-06,3.031808111196528e-07,2.753395111397328e-07,1.133690783874603e-06,7.716590298713005e-06
2017-12-27,3.400461007426667e-05,2.5928744475246058e-05,9.120430083415968e-06,1.5311391446405945e-07,1.3865813561040472e-07,1.2184959954935124e-06,1.0845080406583817e-05
2017-12-28,3.411031001137426e-05,0.0,7.964231794138671e-06,3.5210602670325e-07,1.8211969521272817e-07,8.8467326349289e-07,1.0363501200637346e-05
2017-12-29,6.843884201581669e-05,2.6893964482577454e-05,2.689561293514049e-06,9.141155956451591e-08,1.9877558016773197e-07,1.3637649886951608e-06,1.301130368299906e-05
2017-12-30,0.0,2.749916150967788e-05,4.035198564075109e-06,3.6862934367353083e-07,2.773034329550843e-07,1.0377361800091166e-06,9.923151604039816e-06
2017-12-31,3.352049939602473e-05,1.841251502206428e-05,4.046917770232025e-06,1.9635013237816367e-07,1.862712467323071e-07,7.988597858915294e-07,1.1238136848612254e-05
2018-01-01,3.338220082061699e-05,1.836763809877883e-05,4.029979472601478e-06,5.786265892204879e-07,2.2821255677695938e-07,1.4844221433156738e-06,1.1563117010814569e-05
2018-01-02,0.0,2.7434181130797846e-05,2.6944632549506104e-06,4.849479141736326e-07,2.759556666138937e-07,1.421533046168867e-06,1.3105677438747465e-05
2018-01-03,3.4061630153075186e-05,9.418662783077455e-06,8.099493521433892e-06,2.926532995154403e-07,2.4376398142306156e-07,1.706429773195251e-06,1.0982885859396693e-05
2018-01-04,3.409778782800045e-05,4.724776423854301e-05,5.409582254615218e-06,9.812237203351039e-08,2.632682317742283e-07,1.7113842069863467e-06,1.1298761713216274e-05
2018-01-05,6.999246589481549e-05,2.8432480647451268e-05,2.7294318402101408e-06,4.935172827375649e-07,2.4769462312856166e-07,1.5399493234043387e-06,8.634043101696524e-06
2018-01-06,0.0001400792255679239,1.9012764015690184e-05,1.3668929730034688e-06,4.964720574471171e-07,3.388744994615346e-07,1.294659461667526e-06,1.032615040307251e-05
2018-01-07,0.0,2.8608663337987672e-05,5.476826865352996e-06,2.9968588786568537e-07,1.7980310427568015e-07,1.4441526491231609e-06,1.065209948671072e-05
2018-01-08,0.00017944444692320175,1.9123642824812985e-05,5.567886375335974e-06,5.155722710909796e-07,2.3564994608353533e-07,1.2155813596703348e-06,1.1143063611386222e-05
2018-01-09,3.6462213128632694e-05,2.9480851910727877e-05,5.574552665412754e-06,5.188079634472853e-07,3.4723146263028746e-07,1.6267287412418033e-06,1.033096435995133e-05
2018-01-10,0.00014588918139861478,3.942745467355279e-05,1.3954441038503872e-06,5.220955370322771e-07,1.8425588896612993e-07,1.4469523512698797e-06,9.591082419229895e-06
2018-01-11,0.0,1.9534717188518164e-05,5.5895583476833815e-06,6.305223847272638e-07,2.415098429774442e-07,9.677916644938434e-07,9.368242935825615e-06
2018-01-12,7.466847902888464e-05,1.0027713794219152e-05,4.198424430343471e-06,4.230621185198032e-07,2.435111814844762e-07,1.5911805426263119e-06,9.34627708830697e-06
2018-01-13,0.00022393101695217832,2.058289122457555e-05,4.20509994586614e-06,3.1910825840699164e-07,1.8887451639429484e-07,1.3363510198966324e-06,6.778487105137527e-06
2018-01-14,7.46229576483224e-05,0.0,9.737305207721487e-06,5.349197316931599e-07,2.2854195233763352e-07,9.658961637762505e-07,6.88685440850689e-06
2018-01-15,0.0,1.0339946591829825e-05,4.119599285449242e-06,3.2282751507616263e-07,2.112525611054827e-07,1.1232028139090472e-06,8.028187975582177e-06
2018-01-16,3.897226203315782e-05,2.097361520110847e-05,0.0,4.32980632209281e-07,1.930224130690732e-07,1.087248109432452e-06,9.426199416777475e-06
2018-01-17,3.896239902239424e-05,4.298960773036509e-05,5.5384381104576635e-06,3.2667590705578833e-07,2.1341798028885366e-07,1.3101325262055599e-06,8.165627517740928e-06
2018-01-18,0.0,1.0767679682369354e-05,4.160032561529948e-06,3.286490078175524e-07,1.7552671214531286e-07,7.96738321113891e-07,9.601002226800977e-06
2018-01-19,3.8898279086734957e-05,0.0,5.591645482405161e-06,4.401920798522709e-07,2.156687695099511e-07,1.0938830918959984e-06,6.76898247301975e-06
2018-01-20,0.0,2.162293529643997e-05,5.637553305855248e-06,0.0,1.1826897703580357e-07,1.0305395317660348e-06,7.661326597027e-06
2018-01-21,3.879363684679466e-05,2.1980272813086256e-05,4.10801559636972e-06,2.3201231287965766e-07,1.7836840563911554e-07,1.2816011368478938e-06,7.2987127855859e-06
2018-01-22,0.00011615729302356495,1.0778589578823729e-05,8.217845061580492e-06,1.1642027429760142e-07,1.7935118271373045e-07,1.2021650287991812e-06,9.200442424965733e-06
2018-01-23,7.895853683255641e-05,2.20857844999411e-05,1.3825683385012322e-06,2.3369206855964188e-07,3.8074288956282825e-07,1.0929266133054325e-06,7.740525327242375e-06
2018-01-24,0.00019556215941119348,2.2371920132449427e-05,8.047306558914307e-06,5.864173948142026e-07,2.4182752365096266e-07,9.76459839935404e-07,8.22050943121736e-06
2018-01-25,3.819107979071704e-05,2.2893450895938905e-05,2.708121189037556e-06,2.354653041829858e-07,1.4187252149449865e-07,1.173911215571256e-06,1.0814733563424563e-05
2018-01-26,0.000114371635503014,3.439394388847114e-05,1.3533324680301502e-06,6.083565541461304e-07,1.2230843562541088e-07,1.1771940671036473e-06,7.427077174050042e-06
2018-01-27,7.61209792618248e-05,1.1722289686677575e-05,4.058219027748319e-06,2.443580567373847e-07,4.3363159415228154e-08,1.1942783748138045e-06,7.22314473050428e-06
2018-01-28,0.0,2.3489809505983955e-05,6.758021040826589e-06,8.588927473896821e-07,3.054063536967219e-07,1.0815653516208797e-06,6.97994466694402e-06
2018-01-29,0.00011375124932147072,3.528271700061486e-05,5.402415607846746e-06,4.924705321647139e-07,2.6340097060861944e-07,1.1273085795167933e-06,9.53617336602699e-06
2018-01-30,0.0,2.3556165362237473e-05,5.395338891859707e-06,7.407807703479165e-07,2.429637896918934e-07,1.3680133947156731e-06,9.618274609474176e-06
2018-01-31,0.0,5.9559147772125086e-05,5.427622270336965e-06,7.42248602656756e-07,2.889557110116876e-07,1.389958463232985e-06,7.557455104964096e-06
2018-02-01,3.9298579974322415e-05,2.365795728049775e-05,9.608750216600912e-06,1.1111349584157198e-06,1.5608569360855186e-07,1.3899241804493032e-06,7.824742425011043e-06
2018-02-02,0.00019611582682178258,7.179089350792081e-05,8.223008713658207e-06,9.88194183197955e-07,3.141838134559233e-07,1.286209082730417e-06,8.904294375263448e-06
2018-02-03,0.0,4.792616585988739e-05,5.468431541616889e-06,4.944058340229887e-07,2.0271439136774164e-07,1.4044895466453064e-06,6.647859096989105e-06
2018-02-04,0.0,3.5997396528264116e-05,6.815871482138716e-06,6.184550218030103e-07,2.2608193965923647e-07,1.7369032672349239e-06,7.925038999954592e-06
2018-02-05,8.06017188203971e-05,6.005099624286542e-05,9.417661651623403e-06,3.713787582569076e-07,2.0425344756301542e-07,1.3188272493087438e-06,1.1447151501612881e-05
2018-02-06,0.0,3.570411337098319e-05,5.28162919775238e-06,6.19536069362197e-07,2.0505357494768608e-07,1.559540247404801e-06,1.1816608311101268e-05
2018-02-07,3.9327490397847505e-05,2.3806244117245646e-05,2.6308246512604466e-06,4.954564104383997e-07,1.6012438389167894e-07,1.5639087126450662e-06,9.388981701513276e-06
2018-02-08,3.9297788512333085e-05,2.3812126631419497e-05,3.868661127135188e-06,6.451719165392101e-07,1.3723546801364364e-07,1.6180102918779591e-06,1.045179376149229e-05
2018-02-09,7.848682375445649e-05,3.503490245055952e-05,7.4622588099583505e-06,3.866955492967969e-07,2.2872531296883088e-07,1.6811873856622902e-06,8.98637849534646e-06
2018-02-10,7.752708791953422e-05,3.576753016936012e-05,8.611620231434157e-06,6.438776975787413e-07,9.124361298194244e-08,1.4596005664263169e-06,1.0725160990889194e-05
2018-02-11,0.0,1.1925963045763335e-05,2.4086312012880968e-06,3.859963207814873e-07,2.275155630342183e-07,1.8085391663332409e-06,9.397240716783556e-06
2018-02-12,7.639253626092808e-05,3.6146694347838404e-05,1.1983660930882566e-06,2.566836245371065e-07,2.2694484535948085e-07,1.0510976428551457e-06,8.970180996129758e-06
2018-02-13,7.455715347852485e-05,3.579676459002959e-05,4.607598083970481e-06,3.8409305569436845e-07,2.4850958849411697e-07,1.6158517294937113e-06,8.555848682072876e-06
2018-02-14,0.0,2.3852387518027488e-05,0.0,1.2773302806957507e-07,1.349480172320435e-07,1.2876005026798904e-06,1.0379169792806344e-05
2018-02-15,3.62732550989693e-05,0.0,4.601651833209452e-06,5.097912439344485e-07,1.911831775333075e-07,1.481279204141664e-06,1.0401257796683724e-05
2018-02-16,3.535529756557197e-05,1.1555513190870577e-05,4.495070922884531e-06,8.878502199213359e-07,1.4783822442839006e-07,1.2203970985784518e-06,1.1100412704665133e-05
2018-02-17,0.0,4.711043097373078e-05,8.85717723354528e-06,1.2105344719267543e-07,2.3098932345039824e-07,1.6773487257182338e-06,8.508234052582556e-06
2018-02-18,3.440607858933934e-05,1.164555888987013e-05,5.555187491249955e-06,7.225950522397528e-07,2.088041238269016e-07,1.4968261609945567e-06,9.21184165794315e-06
2018-02-19,0.00010312416667144616,1.1631787076592858e-05,8.838220956251789e-06,3.513144231331627e-07,1.6611106735549867e-07,1.6465626057082144e-06,9.77411695899423e-06
2018-02-20,6.691873497095131e-05,4.6918977457993174e-05,5.440089189685941e-06,4.654537783328172e-07,2.890920320656164e-07,1.5538187019616005e-06,8.6432858283554e-06
2018-02-21,9.766797032986516e-05,3.478744492747485e-05,1.0816281864844223e-06,1.1053569925718367e-07,2.8751860570322755e-07,1.3659951709099554e-06,9.48010601476336e-06
2018-02-22,6.500852272759439e-05,2.2835675686049518e-05,5.173548983019347e-06,2.1973652434385443e-07,6.108852231133995e-08,1.9125398390604096e-06,1.001099787776867e-05
2018-02-23,6.319390351673749e-05,2.2330516195164932e-05,7.131466739827168e-06,5.460590600222258e-07,1.4133472204196232e-07,1.256530923055257e-06,1.0633248517004243e-05
2018-02-24,3.1531660023938715e-05,4.412829060215683e-05,4.96279258683691e-06,2.171325662183473e-07,1.0010263734341541e-07,1.5768718375923876e-06,8.398060150237969e-06
2018-02-25,3.061069016929361e-05,2.2034205789292134e-05,3.947831933933058e-06,4.317264437307412e-07,5.955714728812103e-08,1.0260168411855313e-06,1.0048935963675525e-05
2018-02-26,0.0,1.1003234858223341e-05,6.942744212084746e-06,6.438463920434009e-07,2.756071170279128e-07,1.6090815837703851e-06,1.080710058970448e-05
2018-02-27,8.881606901785324e-05,5.417935453162309e-05,2.958353943997032e-06,3.198290570217877e-07,1.56176251991983e-07,1.6003287879735933e-06,1.004690330199986e-05
2018-02-28,5.8184759257989736e-05,2.16360339099078e-05,9.601955224842991e-07,4.236892015921363e-07,1.161587554353789e-07,1.4861324694615294e-06,9.9830754468985e-06
2018-03-01,0.0,5.371890482122441e-05,2.858965750406753e-06,4.2029989903361797e-07,1.5330588877855364e-07,1.3178309344482578e-06,1.1385048694780244e-05
2018-03-02,2.9557778963873543e-05,2.11026714073661e-05,1.8955813405613077e-06,2.088195720305241e-07,1.5204121759011525e-07,1.6756208085362667e-06,9.68596280957323e-06
2018-03-03,0.0,1.0296336580606323e-05,2.828062610847739e-06,2.0751007667545903e-07,1.1309381298760297e-07,1.3618534711070693e-06,9.756478236214113e-06
2018-03-04,5.6947469848410485e-05,2.1005967593077956e-05,4.688393365785547e-06,4.022631486900438e-07,2.430307148926874e-07,1.6020412286308764e-06,1.1552829616445905e-05
2018-03-05,5.553389189147588e-05,3.072960170994486e-05,1.863726128663674e-06,4.997852410387004e-07,2.4104913825291726e-07,1.4395832508569985e-06,1.0725744159158063e-05
2018-03-06,5.348496270355752e-05,5.106789641118976e-05,4.598272093832664e-06,1.9871661006217572e-07,2.390916667278473e-07,1.7487014058657896e-06,1.0621413736858103e-05
2018-03-07,0.0,3.054341437536976e-05,6.25860924419658e-06,4.938474888386879e-07,1.7961837162162682e-07,1.955337284616872e-06,9.785339899483126e-06
2018-03-08,2.6440739467522308e-05,3.964548780361543e-05,5.333194104451915e-06,2.945717026094168e-07,1.4580968520198054e-07,1.6467296619855186e-06,1.266914703603133e-05
2018-03-09,0.0,1.9443603979300198e-05,3.480858335083879e-06,6.833501951065046e-07,9.644897708116642e-08,1.8158064965816979e-06,1.211710654675992e-05
2018-03-10,2.5268138072857173e-05,9.806183608564817e-06,4.12205701985481e-06,4.598617471106548e-07,1.595019038984917e-07,2.1257122836939135e-06,8.476767979131835e-06
2018-03-11,2.424496083408009e-05,3.910022572398643e-05,1.6386329549085377e-06,5.172844273067549e-07,1.2661717038801164e-07,1.7721957714303048e-06,9.762442599173258e-06
2018-03-12,2.4123450461888842e-05,1.924890957115956e-05,3.176102112250904e-06,4.280266278413597e-07,1.2564547947978337e-07,2.024127113627442e-06,1.1681466779112936e-05
2018-03-13,2.3114057715433746e-05,9.591305016677548e-06,3.0490338412873265e-06,5.100308431358775e-07,2.0261532398933808e-07,1.656694936079487e-06,1.1071484494933853e-05
2018-03-14,2.2994551397053637e-05,1.9102863829297126e-05,7.168704545349387e-07,2.532403681857319e-07,2.165444674887563e-07,1.855257379024567e-06,1.0246162150264525e-05
2018-03-15,0.0,9.274170824369078e-06,2.1375529214324818e-06,5.652922151962916e-07,1.8420811839630145e-07,2.1745445430125645e-06,9.024683870651172e-06
2018-03-16,2.276242546241702e-05,1.821560639884086e-05,2.0422456449893663e-06,2.812346454017538e-07,2.1329596656218526e-07,1.332137599481513e-06,1.049280114502156e-05
2018-03-17,0.0,8.828175117616896e-06,1.3527130686572194e-06,2.795122640759558e-07,1.7074352761655458e-07,1.3143050876117825e-06,7.558679240211608e-06
2018-03-18,0.0,1.7549452470184046e-05,4.704225095811469e-06,0.0,1.016610829884368e-07,1.5369031506513633e-06,7.434539660374269e-06
2018-03-19,0.0,1.744430966500591e-05,3.2374851366535175e-06,3.6820158181062243e-07,2.1858680046657477e-07,1.4866244274967828e-06,1.0240130073396929e-05
2018-03-20,2.1884682123598033e-05,8.439794984885302e-06,3.861050402415164e-06,3.524435167243633e-07,1.3349524922281397e-07,1.639385212950841e-06,7.10739933102738e-06
2018-03-21,2.086547194110145e-05,1.6782515939661162e-05,4.287827958704515e-06,1.7012513808690933e-07,1.821722291792148e-07,1.449720411809439e-06,6.315438051524326e-06
2018-03-22,0.0,0.0,1.1766798243368065e-06,3.248001946702283e-07,1.3149578767402837e-07,1.5869857642369533e-06,9.555529372683712e-06
2018-03-23,0.0,1.6349661869240322e-05,3.422877225318855e-06,7.670111588998807e-08,1.7945926774584118e-07,1.7238890833845858e-06,7.893737985925981e-06
2018-03-24,4.1036081773156366e-05,8.122249605470744e-06,2.8316535636461935e-06,2.971467155448816e-07,1.1335531041941134e-07,1.0225613552084034e-06,8.635159291462551e-06
2018-03-25,3.97146926429279e-05,7.955150174160279e-06,2.0867304441513167e-06,2.2180810512776233e-07,9.912268654060082e-08,1.5047830943784213e-06,9.067754912327425e-06
2018-03-26,0.0,1.6281312019746244e-05,2.0738392959880473e-06,2.943711394562893e-07,2.2498867210642085e-07,1.6827506551501707e-06,9.11064307596378e-06
2018-03-27,1.9561685395396577e-05,1.572667280831855e-05,4.014161972536571e-06,1.4651378805074226e-07,1.256814577143636e-07,1.3000668069651378e-06,7.927081645277469e-06
2018-03-28,1.9416796551936988e-05,7.666008206149689e-06,4.785073927367701e-07,2.187849868113603e-07,2.6350752852978495e-07,8.387675849437409e-07,8.585987577388059e-06
2018-03-29,1.9273849404313307e-05,1.4788210356512531e-05,1.3664885606473167e-06,2.700691943462849e-07,1.377441506266205e-07,1.4063076632935185e-06,7.308931303385417e-06
2018-03-30,0.0,7.355920413073704e-06,2.5964059671859e-06,6.708440968384181e-08,8.64832633464371e-08,8.132001632879941e-07,6.414812432051376e-06
2018-03-31,0.0,1.4636942492124803e-05,4.3049749468289433e-07,0.0,7.523122631650272e-08,1.2972268102308695e-06,8.088401751365583e-06
2018-04-01,0.0,2.1817597877965277e-05,1.2221481052493005e-06,1.8353853942306234e-07,9.646958915665258e-08,1.4573283001239037e-06,6.534704817260757e-06
2018-04-02,1.6680014547601594e-05,1.3996515242688377e-05,2.7435748139864807e-06,2.4326752651698355e-07,1.0473680421044695e-07,1.4080612425845503e-06,7.608497399633052e-06
2018-04-03,0.0,0.0,2.7340389210138905e-06,1.6102864533998326e-07,6.9496353587559e-08,1.3369255680342733e-06,7.3145533541130935e-06
2018-04-04,1.6393248180102344e-05,0.0,3.8925377631596807e-07,1.6017964354027165e-07,6.490458156690552e-08,1.4514944475981286e-06,6.531718166688124e-06
2018-04-05,0.0,1.2815904327411624e-05,1.8386174638550512e-06,5.311555327946585e-08,6.467950743453237e-08,9.947696854134684e-07,7.879966833218105e-06
2018-04-06,0.0,6.139493756959009e-06,3.6634229395743643e-07,5.284320364509887e-08,7.162322367422496e-08,7.505450929420785e-07,5.481512250520723e-06
2018-04-07,0.0,6.1045788639052945e-06,0.0,1.6959985304260764e-07,5.990533102351317e-08,9.168016133121083e-07,5.531251686071498e-06
2018-04-08,0.0,0.0,1.3205911537341888e-06,3.9695366503903206e-08,2.9895492955459724e-08,1.1676701302430876e-06,6.615345500195083e-06
2018-04-09,1.485749718197807e-05,5.639156082899713e-06,0.0,7.912870232109841e-08,4.774609595739423e-08,1.0400585280577676e-06,7.2242102061799625e-06
2018-04-10,4.41989977585116e-05,2.8010903714170996e-05,9.628468335071121e-07,1.7174602364020668e-07,4.766417783543719e-08,1.194035055039541e-06,7.066279925746498e-06
2018-04-11,1.3728116758687945e-05,1.0662626661909038e-05,1.5315431910941407e-06,1.7138358465980086e-07,5.948378271372997e-08,1.1358448769677292e-06,5.260673147984667e-06
2018-04-12,0.0,0.0,2.747987502475856e-06,1.026229705084087e-07,5.345396240490431e-08,1.0635540237459896e-06,5.063221137805684e-06
2018-04-13,0.0,0.0,9.131573540075014e-07,0.0,2.812026529301555e-08,1.0544720199777963e-06,6.012102334225355e-06
2018-04-14,0.0,4.992366433599744e-06,0.0,1.36319169852295e-07,3.222688189436282e-08,6.319822115888596e-07,4.856497578702001e-06
2018-04-15,0.0,0.0,2.9246169106857177e-07,1.0206292619787408e-07,4.039942556826285e-08,1.04439901256106e-06,4.297273029410216e-06
2018-04-16,0.0,9.851501650975982e-06,1.4585365067396626e-06,3.39655604613998e-08,3.2415430995836235e-08,1.1539529261879672e-06,5.0390358328233e-06
2018-04-17,1.0760478278658137e-05,0.0,1.162579688713708e-06,1.3565416843143642e-07,4.0643203883968405e-08,7.041614454887931e-07,5.438407195073327e-06
2018-04-18,0.0,0.0,2.689160636672224e-07,1.879252281490225e-07,3.2616946701919484e-08,7.983324431310164e-07,3.909254318752717e-06
2018-04-19,0.0,9.197803733589818e-06,5.353271389684864e-07,1.2520377826153236e-07,5.726453603240182e-08,7.917010513823688e-07,5.334355764485796e-06
2018-04-20,0.0,9.140175206852138e-06,7.993135256437986e-07,1.2513659157254603e-07,3.283150962158193e-08,5.741949342134002e-07,4.39866864104944e-06
2018-04-21,0.0,1.3279273250834455e-05,0.0,1.250819186469978e-07,3.706167420334168e-08,8.260726462225571e-07,4.683518881962388e-06
2018-04-22,0.0,8.338113569664363e-06,1.5843971927076854e-06,1.5629969252193698e-07,3.719160628070884e-08,7.766989638839443e-07,4.4226922387271795e-06
2018-04-23,0.0,3.90674290332183e-06,5.258400922493067e-07,1.5626261683462903e-07,3.3178006710841944e-08,6.806741943503715e-07,5.2773545631430835e-06
2018-04-24,0.0,3.762443322877398e-06,1.1740276161309184e-06,9.37447005235343e-08,2.4975094250363332e-08,1.03788196465404e-06,3.57173409890424e-06
2018-04-25,0.0,1.0859036501460077e-05,2.3353089717660147e-07,1.5623534249077398e-07,4.5960165162693614e-08,7.457905713501291e-07,4.360370389606465e-06
2018-04-26,0.0,0.0,4.6455924882269335e-07,6.24980564427079e-08,2.936007046500882e-08,1.045063559248036e-06,3.261262821771325e-06
2018-04-27,0.0,0.0,2.65612900412838e-07,1.250164514936647e-07,3.368651329225818e-08,1.0051243469678121e-06,2.996618678145257e-06
2018-04-28,0.0,6.403202443045043e-06,1.0595611350511205e-06,6.252464592562188e-08,4.2277536272741784e-08,5.344482584025766e-07,3.880477302525886e-06
2018-04-29,0.0,0.0,2.5407115793850786e-07,1.5636829655277e-07,4.669627459092145e-08,3.5993244816330997e-07,3.2254121044491946e-06
2018-04-30,0.0,3.1512962954068045e-06,4.867583545346069e-07,7.860010647914777e-08,3.836612368489068e-08,8.898611477546006e-07,3.333532799707429e-06
2018-05-01,0.0,2.956614216449237e-06,4.855556231640034e-07,5.2526156826643984e-08,1.712835212715941e-08,6.231315228731568e-07,3.211649802568808e-06
2018-05-02,5.830283054924089e-06,0.0,4.847189443139779e-07,7.900173358022783e-08,3.440586747489289e-08,6.599407330638164e-07,3.2074843534025025e-06
2018-05-03,0.0,2.6821348758113463e-06,4.569536830354702e-07,2.6407377386560893e-08,4.3198089138607624e-08,7.121393230318939e-07,2.3784446321358887e-06
2018-05-04,0.0,0.0,4.564822961403529e-07,1.3072309795658078e-07,4.339316377851152e-08,3.668695662325005e-07,3.327952825735114e-06
2018-05-05,0.0,2.1862933125132723e-06,8.581590062568111e-07,0.0,4.3592577770954366e-08,3.8343546815662536e-07,2.721364176086266e-06
2018-05-06,4.750404761743321e-06,4.343041391800862e-06,6.43451695587944e-07,2.223553157639577e-08,4.747470681231416e-08,4.5231703147632225e-07,2.782432516376804e-06
2018-05-07,0.0,0.0,1.0722474703150833e-06,6.604285302160503e-08,3.436908164943005e-08,5.199218595454776e-07,3.0774269038499817e-06
2018-05-08,0.0,5.746671514621223e-06,1.072182673624167e-06,1.3077143130872162e-07,3.093373052102709e-08,5.013933191299312e-07,2.723280618478082e-06
2018-05-09,0.0,1.9036910387675266e-06,2.144450192188204e-07,1.0789186152195049e-07,4.900149561533511e-08,3.7693464367295294e-07,2.910760561439462e-06
2018-05-10,0.0,3.784030553369873e-06,4.2894989678686807e-07,8.545465565015627e-08,2.4256961293711557e-08,5.550183816360694e-07,2.139711720823865e-06
2018-05-11,0.0,1.7658535319366797e-06,2.0440992971904904e-07,2.1151091904882404e-08,2.7017550558111524e-08,5.458509273135556e-07,2.1562354715763058e-06
2018-05-12,0.0,0.0,5.530518844521053e-07,2.0940635024042205e-08,2.972080159818673e-08,4.6371145829675917e-07,1.6901759821116877e-06
2018-05-13,0.0,1.631038982484007e-06,3.694917915490275e-07,8.292908889661994e-08,3.2367582149294455e-08,2.7297620406931715e-07,1.8775043428136993e-06
2018-05-14,0.0,1.6223726962122999e-06,5.554789144255754e-07,0.0,2.6219061266540335e-08,5.531907658536385e-07,2.0710610933751684e-06
2018-05-15,0.0,0.0,1.8491801562056568e-07,4.0643491457502416e-08,1.1536967665776668e-08,4.2800626192655105e-07,2.1722009670426544e-06
2018-05-16,0.0,0.0,0.0,8.0478163920972e-08,2.569988906881137e-08,3.2235260606843296e-07,1.9407160378568437e-06
2018-05-17,0.0,1.5744243367902772e-06,0.0,1.991934820259916e-08,2.261704079995445e-08,3.6379316409484476e-07,1.974404477127638e-06
2018-05-18,0.0,0.0,3.686080247693248e-07,1.5776917901100068e-07,2.2391997483893054e-08,3.6080363547301195e-07,1.6141318209112293e-06
2018-05-19,0.0,1.5432486461436976e-06,0.0,2.8875667779279612e-08,1.6626895039680082e-08,3.7773075348847476e-07,1.591946030747414e-06
2018-05-20,0.0,0.0,3.6797372755352904e-07,0.0,3.0179333561300245e-08,2.733198139029476e-07,1.4581603721724442e-06
2018-05-21,0.0,0.0,5.515676856023984e-07,2.8303891248096498e-08,1.9013937202289266e-08,2.397012538735121e-07,1.6049970498382118e-06
2018-05-22,0.0,0.0,1.8374331236756817e-07,9.807791988621363e-08,2.4203244042056073e-08,2.2200532640345932e-07,1.2447866505928748e-06
2018-05-23,0.0,0.0,1.8297522301194168e-07,6.935859162700717e-08,3.194989032003754e-08,2.5630913026359016e-07,1.2707888964121746e-06
2018-05-24,0.0,0.0,1.822254313310962e-07,4.120107726563693e-08,1.0543994533219107e-08,2.1202338300453743e-07,1.331970069362434e-06
2018-05-25,0.0,0.0,9.074693117261944e-07,5.438815959617396e-08,2.609770008666428e-08,1.4733391864641574e-07,1.0884646794707715e-06
2018-05-26,0.0,0.0,0.0,4.038524127458644e-08,1.8086616542426335e-08,1.532312599759319e-07,8.311930214089008e-07
2018-05-27,0.0,1.098425298692848e-06,5.102080978144972e-07,3.9983401409824345e-08,1.279046550065296e-08,1.7978766433870774e-07,8.655891231466427e-07
2018-05-28,0.0,8.581454128166953e-07,6.779667663214253e-07,1.1875667975556853e-07,4.812015332148454e-08,2.0399547150092844e-07,9.324882435984149e-07
2018-05-29,0.0,8.496067232917805e-07,7.940728550519043e-07,2.6127784677467514e-08,2.2566955166488543e-08,1.585976461433497e-07,9.756925825270726e-07
2018-05-30,0.0,2.523458985441608e-06,4.751141970531341e-07,9.05373310665627e-08,2.9789880281075882e-08,9.379726444058163e-08,7.921451880206547e-07
2018-05-31,0.0,7.181081972330833e-07,6.31776257187681e-07,5.122083975459645e-08,2.2120099514765097e-08,9.78811798929372e-08,7.048532792157599e-07
2018-06-01,0.0,7.200087264066465e-07,4.7257752376617696e-07,6.340505813282534e-08,1.704496562079428e-08,7.560371243950514e-08,7.809791179725419e-07
2018-06-02,0.0,0.0,6.28520284985773e-07,1.2554833452652013e-08,3.1339964275522794e-08,6.46467066730549e-08,6.884730956735433e-07
2018-06-03,0.0,0.0,4.7025004312668295e-07,3.7289732317639856e-08,1.9094231643499205e-08,6.718405831213036e-08,5.767576471566178e-07
2018-06-04,0.0,0.0,1.5638563263674172e-07,6.153115546938387e-08,2.5993331188294924e-08,8.312279938737516e-08,6.479140945446192e-07
2018-06-05,0.0,0.0,1.560368895915079e-07,2.4367564097143082e-08,2.8074210787154677e-08,9.632401410996773e-08,5.670942280702351e-07
2018-06-06,0.0,6.848934864552863e-07,4.367633520039894e-07,1.2062551391624352e-08,2.3162389768717992e-08,6.408530545816371e-08,6.728354397657917e-07
2018-06-07,0.0,0.0,5.275316627002901e-07,4.777010799947395e-08,2.2931920139752678e-08,9.061143096597964e-08,3.889490102253048e-07
2018-06-08,0.0,0.0,3.954442413152967e-07,1.1823696870764745e-08,1.589262060533794e-08,9.044440708483373e-08,7.097532720310558e-07
2018-06-09,0.0,1.3293036497739968e-06,3.952792803590453e-07,3.511814736360359e-08,1.1238918848681021e-08,6.32078613161518e-08,4.836297551240352e-07
2018-06-10,0.0,0.0,1.3171794922007675e-07,4.635828794521935e-08,1.1127089737657033e-08,5.997147706320921e-08,3.194169506543855e-07
2018-06-11,0.0,0.0,2.6337862045031823e-07,3.442276145479536e-08,2.4236021358734725e-08,9.551590361550111e-08,4.5102896399356624e-07
2018-06-12,0.0,4.127399197554201e-07,3.950215208130163e-07,6.816049851101483e-08,2.1813517197233274e-08,4.221020446766824e-08,4.208778662881259e-07
2018-06-13,0.0,1.225899266806496e-06,1.316715378106074e-07,0.0,1.295788144476325e-08,4.328271326986668e-08,3.253132837070617e-07
2018-06-14,0.0,0.0,2.3638889492360848e-07,3.3405415106211907e-08,1.710526449350572e-08,3.250844647224059e-08,3.392537684479362e-07
2018-06-15,0.0,4.005416116438171e-07,2.3670537602211258e-07,4.409736756296939e-08,1.2701298201023161e-08,4.242565812424001e-08,2.976135391588109e-07
2018-06-16,0.0,3.965561560175849e-07,1.1717505908911343e-07,0.0,2.5149836344643172e-08,3.331313319896088e-08,1.978379291912438e-07
2018-06-17,0.0,7.852207126748382e-07,0.0,1.0806045295385736e-08,3.3199455055777015e-08,2.2935289361120314e-08,1.7503223774495668e-07
2018-06-18,0.0,0.0,2.297096749275793e-07,1.0698523348182628e-08,2.2597516533992823e-08,3.652877993485871e-08,1.9077481838342475e-07
2018-06-19,0.0,8.09572403531419e-07,2.2742402547262532e-07,8.473657009783842e-08,1.2203273175067454e-08,1.9548817568414495e-08,1.8887657722403744e-07
2018-06-20,0.0,0.0,2.2516111860973928e-07,4.1946713568919826e-08,2.416369715634243e-08,2.9031455375402385e-08,2.1638250191801976e-07
2018-06-21,0.0,2.645139319624193e-07,1.1146036402317453e-07,5.1911670994041315e-08,1.3955237538901209e-08,2.9700673820177302e-08,1.877813785624899e-07
2018-06-22,0.0,0.0,2.207026297415314e-07,2.0558056494916844e-08,3.947537315805511e-09,3.035370031267593e-08,1.0045967946881523e-07
2018-06-23,0.0,2.592762051807168e-07,1.0925330094180367e-07,0.0,1.3678905321311595e-08,2.4416986707942463e-08,1.0114585317619856e-07
2018-06-24,0.0,0.0,1.0816621243398057e-07,0.0,9.67342709945368e-09,2.5103804155117694e-08,1.1682934097509863e-07
2018-06-25,0.0,2.5414219233814866e-07,3.2126982191261887e-07,0.0,0.0,2.8536093742134244e-08,1.1236210190629497e-07
2018-06-26,0.0,0.0,2.120487558488088e-07,0.0,0.0,3.372031387142823e-08,1.0306436852438481e-07
2018-06-27,0.0,2.491098397611236e-07,0.0,0.0,0.0,2.2557291312417083e-08,1.036585253821259e-07
2018-06-28,0.0,0.0,2.0784990915935047e-07,0.0,0.0,2.9479352118070915e-08,1.234732366912006e-07
2018-06-29,0.0,4.883542688830235e-07,2.0578176800799463e-07,0.0,0.0,2.3879477179251238e-08,1.0001835610248668e-07
2018-06-30,0.0,0.0,1.0186710260246246e-07,0.0,0.0,2.714437202782878e-08,8.487699156954176e-08
2018-07-01,0.0,0.0,1.0095147183838616e-07,0.0,0.0,1.909639010692092e-08,8.991283212237895e-08
2018-07-02,0.0,0.0,0.0,0.0,0.0,2.148452028473445e-08,9.362257334785116e-08
2018-07-03,0.0,2.3410400584412626e-07,9.895249876435037e-08,0.0,0.0,1.446410710053574e-08,8.509338914720857e-08
2018-07-04,0.0,0.0,2.331489599329533e-07,0.0,0.0,2.105909827972878e-08,8.57511010601033e-08
2018-07-05,0.0,0.0,1.5388605934694126e-07,0.0,0.0,2.5853450370933556e-08,8.34084271492693e-08
2018-07-06,0.0,0.0,7.61774337363769e-08,0.0,0.0,2.3944836225998996e-08,1.2386774914862048e-07
2018-07-07,0.0,0.0,1.5083891121227642e-07,0.0,0.0,1.226202471967312e-08,1.350150085431299e-07
2018-07-08,0.0,0.0,7.46690194843099e-08,0.0,0.0,2.347069670127175e-08,1.4961541628219917e-07
2018-07-09,0.0,0.0,7.392605032665441e-08,0.0,0.0,1.8429471222159947e-08,1.704467671301341e-07
2018-07-10,0.0,0.0,7.319047383563684e-08,0.0,0.0,1.9039403394349085e-08,1.543372593003711e-07
2018-07-11,0.0,0.0,7.246221645299508e-08,0.0,0.0,1.7279128318153767e-08,1.4229804623501763e-07
2018-07-12,0.0,0.0,0.0,0.0,0.0,1.2441598631795403e-08,1.3021830089456037e-07
2018-07-13,0.0,0.0,0.0,0.0,0.0,1.770684131941294e-08,1.243098291843612e-07
2018-07-14,0.0,0.0,0.0,0.0,0.0,2.3628274540858177e-08,1.1423010502918839e-07
2018-07-15,0.0,0.0,1.4990361636367336e-07,0.0,0.0,1.811084073364362e-08,1.1243875720425449e-07
2018-07-16,0.0,0.0,9.894136697283591e-08,0.0,0.0,1.6436415285951397e-08,1.2943712943805186e-07
2018-07-17,0.0,0.0,9.795688392237164e-08,0.0,0.0,2.1450601655334793e-08,1.2769745099675576e-07
2018-07-18,0.0,0.0,4.8491098320965293e-08,0.0,0.0,1.6843268477990635e-08,1.637465994649115e-07
2018-07-19,0.0,0.0,1.92034415323945e-07,0.0,0.0,1.7400704511054503e-08,6.684590436985126e-08
2018-07-20,0.0,0.0,4.7530910241397615e-08,0.0,0.0,1.507411903225192e-08,9.232014348578079e-08
2018-07-21,0.0,0.0,4.705796978244233e-08,0.0,0.0,1.7056147476338495e-08,9.185621551195701e-08
2018-07-22,0.0,0.0,0.0,0.0,0.0,2.1108044966687776e-08,7.028741350422085e-08
2018-07-23,0.0,0.0,1.3837847864777804e-07,0.0,0.0,2.0201415863037886e-08,8.661245277969978e-08
2018-07-24,0.0,0.0,1.3700158977969546e-07,0.0,0.0,1.79314006494538e-08,9.75219462838683e-08
2018-07-25,0.0,0.0,9.042560078983949e-08,0.0,0.0,1.7070173299886015e-08,9.125925974586542e-08
2018-07-26,0.0,0.0,8.952585102864923e-08,0.0,0.0,1.622430934811677e-08,8.778707671837036e-08
2018-07-27,0.0,0.0,4.431752696358347e-08,0.0,0.0,1.4055015426198324e-08,9.0147174032341e-08
2018-07-28,0.0,0.0,8.775312040494018e-08,0.0,0.0,1.1264657936325902e-08,6.567769509041623e-08
2018-07-29,0.0,0.0,4.3439981133940884e-08,0.0,0.0,0.0,8.292220862472246e-08
2018-07-30,0.0,0.0,4.300774609972516e-08,0.0,0.0,0.0,1.0050670881166699e-07
2018-07-31,0.0,0.0,2.554788712557559e-07,0.0,0.0,0.0,7.229227950500442e-08
2018-08-01,0.0,0.0,1.266775212706255e-07,0.0,0.0,0.0,1.2073769894379955e-07
2018-08-02,0.0,0.0,1.6722274516498594e-07,0.0,0.0,0.0,9.849899203163063e-08
2018-08-03,0.0,0.0,0.0,0.0,0.0,0.0,7.26427059447913e-08
2018-08-04,0.0,0.0,8.195575647871642e-08,0.0,0.0,0.0,1.0048880366195434e-07
2018-08-05,0.0,0.0,0.0,0.0,0.0,0.0,9.344327793449234e-08
2018-08-06,0.0,0.0,0.0,0.0,0.0,0.0,1.0740066035140239e-07
2018-08-07,0.0,0.0,0.0,0.0,0.0,0.0,1.0026186895312004e-07
2018-08-08,0.0,0.0,0.0,0.0,0.0,0.0,8.46679572442912e-08
2018-08-09,0.0,0.0,0.0,0.0,0.0,0.0,1.039641339293889e-07
2018-08-10,0.0,0.0,0.0,0.0,0.0,0.0,1.0839637764762847e-07
2018-08-11,0.0,0.0,0.0,0.0,0.0,0.0,1.0435363344707265e-07
2018-08-12,0.0,0.0,0.0,0.0,0.0,0.0,1.1058612973015684e-07
2018-08-13,0.0,0.0,0.0,0.0,0.0,0.0,7.504678388873229e-08
2018-08-14,0.0,0.0,0.0,0.0,0.0,0.0,9.342916000267453e-08
2018-08-15,0.0,0.0,0.0,0.0,0.0,0.0,1.1573450969113709e-07
2018-08-16,0.0,0.0,0.0,0.0,0.0,0.0,1.2229293750559596e-07
2018-08-17,0.0,0.0,0.0,0.0,0.0,0.0,9.264150147055569e-08
2018-08-18,0.0,0.0,0.0,0.0,0.0,0.0,1.3210244334954775e-07
2018-08-19,0.0,2.3826605773406183e-07,0.0,0.0,0.0,0.0,1.0007257123307814e-07
2018-08-20,0.0,0.0,0.0,0.0,0.0,0.0,9.171921384131727e-08
2018-08-21,0.0,0.0,0.0,0.0,0.0,0.0,1.1343796807989922e-07
2018-08-22,0.0,0.0,0.0,0.0,0.0,0.0,1.1266840463591088e-07
2018-08-23,0.0,2.479898800139571e-07,0.0,0.0,0.0,0.0,8.679717528376915e-08
2018-08-24,0.0,2.504822197432802e-07,0.0,0.0,0.0,0.0,9.156592368215175e-08
2018-08-25,0.0,2.529996079033135e-07,0.0,0.0,0.0,0.0,1.1413187740071629e-07
2018-08-26,0.0,0.0,0.0,0.0,0.0,0.0,8.182486797128453e-08
2018-08-27,0.0,0.0,0.0,0.0,0.0,0.0,1.2730252374952807e-07
2018-08-28,0.0,0.0,0.0,0.0,0.0,0.0,1.050298687283915e-07
2018-08-29,0.0,2.633247177722183e-07,0.0,0.0,0.0,0.0,1.4179746009987404e-07
2018-08-30,0.0,0.0,0.0,0.0,0.0,0.0,1.0295013798515203e-07
2018-08-31,0.0,0.0,0.0,0.0,0.0,0.0,1.0192576699665366e-07
2018-09-01,0.0,0.0,0.0,0.0,0.0,0.0,1.1692952843825066e-07
2018-09-02,0.0,0.0,0.0,0.0,0.0,0.0,9.405992390491017e-08
2018-09-03,0.0,2.811278073089282e-07,0.0,0.0,0.0,0.0,9.670570479468941e-08
2018-09-04,0.0,2.839531887443887e-07,0.0,0.0,0.0,0.0,8.865135829127625e-08
2018-09-05,0.0,2.8680696573535214e-07,0.0,0.0,0.0,0.0,1.1936619705156576e-07
2018-09-06,0.0,0.0,0.0,0.0,0.0,0.0,1.0079929478938295e-07
2018-09-07,0.0,0.0,0.0,0.0,0.0,0.0,1.6307949494063085e-07
2018-09-08,0.0,0.0,0.0,0.0,0.0,0.0,1.5260192130531886e-07
2018-09-09,0.0,0.0,0.0,0.0,0.0,0.0,1.4711923910640354e-07
2018-09-10,0.0,3.015118733168844e-07,0.0,0.0,0.0,0.0,1.5145970862930925e-07
2018-09-11,0.0,0.0,0.0,0.0,0.0,0.0,1.533454036384213e-07
2018-09-12,0.0,6.152056343837259e-07,0.0,0.0,0.0,0.0,1.4795262892307591e-07
2018-09-13,0.0,0.0,0.0,0.0,0.0,0.0,1.498598520335687e-07
2018-09-14,0.0,0.0,0.0,0.0,0.0,0.0,1.3731172055316204e-07
2018-09-15,0.0,0.0,0.0,0.0,0.0,0.0,1.27258385820416e-07
2018-09-16,0.0,3.201563263052225e-07,0.0,0.0,0.0,0.0,1.579687426089213e-07
2018-09-17,0.0,3.233739508776434e-07,0.0,0.0,0.0,0.0,2.3366409662304511e-07
2018-09-18,0.0,3.266239131146313e-07,0.0,0.0,0.0,0.0,2.304745877212957e-07
2018-09-19,0.0,0.0,0.0,0.0,0.0,0.0,1.6962835489214987e-07
2018-09-20,0.0,0.0,0.0,0.0,0.0,0.0,1.901839118396522e-07
2018-09-21,0.0,0.0,0.0,0.0,0.0,0.0,1.9380313983458496e-07
2018-09-22,0.0,0.0,0.0,0.0,0.0,0.0,2.3830162265878476e-07
2018-09-23,0.0,0.0,0.0,0.0,0.0,0.0,2.0794309148876984e-07
2018-09-24,0.0,3.468212079207717e-07,0.0,0.0,0.0,0.0,2.5945170900256224e-07
2018-09-25,0.0,3.503068190087084e-07,0.0,0.0,0.0,0.0,2.0514688801268122e-07
2018-09-26,0.0,3.5382746107046937e-07,0.0,0.0,0.0,0.0,2.2603239373456494e-07
2018-09-27,0.0,3.5738348617319455e-07,4.138025250807953e-08,0.0,0.0,0.0,1.9211887255520046e-07
2018-09-28,0.0,3.6097524992235765e-07,1.2497251442762112e-07,0.0,0.0,0.0,2.4746386603784936e-07
2018-09-29,0.0,0.0,6.311425453927365e-08,0.0,0.0,0.0,2.4720980589267694e-07
2018-09-30,0.0,0.0,1.274971266855721e-07,0.0,0.0,0.0,1.4898806867253626e-07
2018-10-01,0.0,0.0,2.1167176513142263e-07,0.0,0.0,0.0,2.780995979979901e-07
2018-10-02,9.744174694021783e-07,0.0,4.828065015586995e-07,0.0,0.0,0.0,1.6962692817476173e-07
2018-10-03,0.0,0.0,3.657440906765152e-07,0.0,0.0,0.0,2.0049957021755004e-07
2018-10-04,0.0,0.0,3.694198798978613e-07,0.0,0.0,0.0,2.2664036091250963e-07
2018-10-05,0.0,0.0,2.4875507427669875e-07,0.0,0.0,0.0,1.7207125699728808e-07
2018-10-06,0.0,1.2768921303448754e-06,0.0,0.0,0.0,0.0,1.7800622974143298e-07
2018-10-07,1.0243769213863789e-06,6.448625548016504e-07,0.0,0.0,0.0,0.0,2.1978907454679938e-07
2018-10-08,0.0,6.433761489806358e-07,1.2816539706618405e-07,0.0,0.0,0.0,2.2604412673282034e-07
2018-10-09,1.0450707078908664e-06,1.2839081626213356e-06,2.589069614422159e-07,0.0,0.0,0.0,1.7040780726991172e-07
2018-10-10,0.0,6.405962095837946e-07,2.615090196639644e-07,0.0,0.0,0.0,2.1801762234374457e-07
2018-10-11,0.0,6.393023980117116e-07,3.962058435084063e-07,0.0,0.0,0.0,1.87863756714288e-07
2018-10-12,1.0768978492481548e-06,0.0,4.001877784353895e-07,0.0,0.0,0.0,2.308460638459451e-07
2018-10-13,0.0,0.0,6.736828874561788e-07,0.0,0.0,0.0,2.215537745440999e-07
2018-10-14,0.0,0.0,1.3609070260737162e-07,0.0,0.0,0.0,3.2361710937193633e-07
2018-10-15,0.0,2.270444849089644e-06,5.498337476287102e-07,0.0,0.0,0.0,2.1382166517939088e-07
2018-10-16,2.2416937684041795e-06,0.0,1.3883991716522323e-07,0.0,0.0,0.0,2.181062228753913e-07
2018-10-17,0.0,1.1434450616878198e-06,3.080747121027271e-07,0.0,0.0,0.0,2.2609554861679064e-07
2018-10-18,0.0,0.0,3.111709144337665e-07,0.0,0.0,0.0,2.2836784665737604e-07
2018-10-19,1.1549817536937157e-06,2.3042501842032606e-06,4.7144735117333876e-07,0.0,0.0,0.0,2.2474854624542323e-07
2018-10-20,0.0,3.4699131229217285e-06,4.761854758240193e-07,0.0,0.0,0.0,2.150595537035813e-07
2018-10-21,0.0,2.3225319758283083e-06,1.0086498168420078e-06,0.0,0.0,0.0,2.1698448217683981e-07
2018-10-22,1.1901561847272734e-06,4.6640415830169935e-06,2.037573832061371e-07,0.0,0.0,0.0,2.808054284866543e-07
2018-10-23,1.2021174532400388e-06,0.0,1.029025894759958e-06,0.0,0.0,0.0,4.081469909196123e-07
2018-10-24,0.0,0.0,1.0393677769362312e-06,0.0,0.0,0.0,2.9346534453689325e-07
2018-10-25,0.0,1.4274452695257708e-06,8.398508774050724e-07,0.0,0.0,0.0,3.063112052288055e-07
2018-10-26,1.2387273800358527e-06,5.740545663749704e-06,4.2414575952438933e-07,0.0,0.0,0.0,3.2525582166321597e-07
2018-10-27,0.0,1.687018442444001e-06,4.284084952756508e-07,1.0424564771124335e-08,0.0,0.0,2.0769879443440167e-07
2018-10-28,4.1391095192730345e-06,3.394900237601374e-06,6.490711083501721e-07,1.0529333388853865e-08,0.0,0.0,2.9580409700008907e-07
2018-10-29,2.0903541307606997e-06,1.7080515415837998e-06,8.741258419181301e-07,9.57163945382708e-08,0.0,0.0,5.010205156000403e-07
2018-10-30,4.222725078079851e-06,3.925742272403654e-06,2.207277381704991e-07,5.371020016448587e-08,0.0,0.0,5.461124668791753e-07
2018-10-31,0.0,3.952535932338437e-06,6.688382664576692e-07,5.424999665026307e-08,0.0,0.0,3.2190832592340267e-07
2018-11-01,6.493829861594427e-06,3.982346538784199e-06,9.024461154266451e-07,1.0976535730320883e-08,0.0,0.0,4.875877710635522e-07
2018-11-02,0.0,2.0049758022954595e-06,8.080898853298303e-07,2.2173703496831895e-08,0.0,0.0,3.862005006792907e-07
2018-11-03,3.2596331888869017e-06,0.0,0.0,2.2396552921849854e-08,0.0,0.0,4.2472903032683396e-07
2018-11-04,0.0,0.0,1.2668242071691052e-06,5.6554105052059646e-08,2.3603844401563104e-08,0.0,4.889962075881311e-07
2018-11-05,6.5473106874290005e-06,2.0475920179614923e-06,1.2795560021174232e-06,0.0,2.0860933608924074e-08,0.0,7.063178371217809e-07
2018-11-06,0.0,0.0,3.231039384330633e-07,1.1539314751625033e-08,2.1070589477225498e-08,0.0,7.373495135357567e-07
2018-11-07,3.2889870043289042e-06,2.2003554989946173e-06,9.790535609996054e-07,1.165528679291567e-08,2.7363024542614536e-08,8.678571759892461e-09,6.264614635994182e-07
2018-11-08,0.0,2.216621937575517e-06,1.6481553547866683e-06,5.886212186299185e-08,9.212675837065333e-09,8.348374148696496e-09,6.011433844860065e-07
2018-11-09,0.0,0.0,3.6060014009136014e-07,3.567221761358615e-08,1.861052953704024e-08,8.010662868583442e-09,6.492931502199938e-07
2018-11-10,0.0,0.0,7.284484634997054e-07,7.2061458721731e-08,2.193049654648106e-08,7.665320244190403e-09,5.792579099032479e-07
2018-11-11,0.0,2.5109659894640868e-06,0.0,2.4261896140737753e-08,9.493243586147985e-09,5.591702995232014e-09,5.382128385094227e-07
2018-11-12,0.0,0.0,3.7158204930141537e-07,3.675859837609635e-08,3.7371661588406835e-08,1.2599162753381156e-08,5.267304482317006e-07
2018-11-13,1.245793723385367e-05,0.0,7.506330219647444e-07,9.900807581748254e-08,1.3805178048140296e-07,9.215224666470294e-09,5.699087522826494e-07
2018-11-14,4.1709342849447674e-06,0.0,1.5495414846624948e-06,8.860496161574301e-08,6.346540591405178e-08,9.307839214086467e-09,9.182095741059431e-07
2018-11-15,0.0,5.181923929707429e-06,7.825573177436012e-07,0.0,1.2820648769510506e-07,1.4134332934152444e-08,7.805887188066573e-07
2018-11-16,0.0,5.223207281971491e-06,1.3060232217227348e-06,7.231592045872023e-08,1.1933188372188092e-07,3.173821394376893e-08,9.399886102381621e-07
2018-11-17,5.0461908226182595e-06,0.0,0.0,5.044295879210743e-08,6.026559454587717e-08,4.3586484817519745e-08,6.885517247618162e-07
2018-11-18,5.074378980623798e-06,0.0,1.9280022134267054e-06,1.0189983791237582e-07,1.3696036614110244e-07,3.0122051133848196e-08,7.63091039471742e-07
2018-11-19,0.0,0.0,1.5375686889652824e-06,1.0292394830924486e-07,1.6907836086133588e-07,4.4466990217889485e-08,1.09636518968757e-06
2018-11-20,5.1322804925989784e-06,5.886930945191574e-06,2.0574444826361033e-06,8.840996715580095e-08,1.0867667149710606e-07,3.0730556931106397e-08,9.151652476520609e-07
2018-11-21,0.0,0.0,0.0,1.4883083682937089e-07,7.840635014557374e-08,4.775292948131316e-08,8.446598875964698e-07
2018-11-22,5.192234985202518e-06,3.2368657109907403e-06,2.318896380071428e-06,1.5032661160678265e-07,1.7422756354299234e-07,3.8586283521087085e-08,1.2947601691990353e-06
2018-11-23,6.032732322471829e-06,6.772935655771109e-06,1.163786205756707e-06,6.073496766825105e-08,1.4398247427321842e-07,6.995705492582446e-08,1.1452449583833858e-06
2018-11-24,6.072147252083667e-06,3.5376235501531324e-06,1.1682406010681007e-06,3.067268212058426e-08,6.463534319860275e-08,6.729536668242411e-08,9.518779368440311e-07
2018-11-25,1.833650820444256e-05,3.6823753626436674e-06,1.2557804867974547e-06,6.196189540163142e-08,1.9585481759187375e-07,6.797169636157283e-08,1.0511849318126852e-06
2018-11-26,0.0,7.413212608741368e-06,3.908361512832003e-06,3.129231140163478e-08,8.242632968037972e-08,9.95494937371514e-08,1.0959722250395468e-06
2018-11-27,0.0,0.0,1.3420400443619615e-06,1.580340217983551e-07,1.9981134735792545e-07,1.2262672680851207e-07,8.82406643852537e-07
2018-11-28,0.0,7.52680016055033e-06,2.7967021535705304e-06,1.9154674814689396e-07,2.3545606558154957e-07,1.1468439435363173e-07,1.3109372470618102e-06
2018-11-29,6.278411161173797e-06,7.587125720730971e-06,1.4387035436131912e-06,1.2898121664679954e-07,1.0192390216355355e-07,1.0657003234452576e-07,1.397123852584424e-06
2018-11-30,7.131273432817884e-06,7.648209999806312e-06,7.369994292205602e-07,9.770812456861437e-08,1.8873846641864072e-07,8.424084441580703e-08,1.3302217037378047e-06
2018-12-01,0.0,3.8174779943479695e-06,0.0,6.581636733036148e-08,5.7903818144319586e-08,1.285489631108507e-07,9.169955831714859e-07
2018-12-02,0.0,3.832723865339333e-06,3.780734834722087e-06,3.3238916409452296e-08,2.3394304476592514e-07,2.1312773043024266e-07,1.1846767168671981e-06
2018-12-03,0.0,3.848353011911176e-06,1.5416283308216946e-06,1.3429189229225593e-07,9.845592143916738e-08,2.216011614881401e-07,1.9171998976967295e-06
2018-12-04,1.8932092097406376e-05,8.213394968571937e-06,2.450404083427035e-06,6.78207741239211e-08,2.1877992378012483e-07,1.151116920962443e-07,1.850643877636875e-06
2018-12-05,9.541127001279182e-06,4.12553337117289e-06,2.548330579607018e-06,1.3700476847128827e-07,1.2053383558296905e-07,1.2953518469257337e-07,1.7283664145292778e-06
2018-12-06,0.0,1.2434345444504661e-05,2.6459826810191115e-06,3.459542232143812e-08,6.087261038493678e-08,1.1706471547443206e-07,1.3774680342134231e-06
2018-12-07,0.0,4.4067752274271485e-06,1.857496764389485e-06,4.538795990568506e-08,1.4346357734369462e-07,1.5997343616270856e-07,1.832677885329087e-06
2018-12-08,1.019934860913882e-05,4.5504553062033135e-06,2.928025617114918e-06,1.3753234945904012e-07,1.2420463737127823e-07,1.6158119592517228e-07,1.183214216805553e-06
2018-12-09,0.0,0.0,4.012078671180714e-06,4.630485751686055e-08,2.090881912158134e-07,1.9158861201872864e-07,2.1076186909320566e-06
2018-12-10,0.0,9.19852754127029e-06,2.071804197879364e-06,1.0050369001647327e-07,2.1118956247285884e-07,2.2218286655589493e-07,2.2997603052597442e-06
2018-12-11,0.0,4.8666871538019935e-06,4.165935456493632e-06,3.5529819112799993e-07,8.532482114485737e-08,2.5337272426066897e-07,1.80743761255126e-06
2018-12-12,0.0,1.5411025315128115e-05,4.299397811829549e-06,3.588689973135391e-07,1.818080976884008e-07,1.8053595544494907e-07,2.0409279495493266e-06
2018-12-13,0.0,5.281178081509603e-06,2.1895162155928278e-06,3.1069344916960114e-07,2.0658971187835197e-07,1.9820692604551165e-07,1.965595736499829e-06
2018-12-14,0.0,5.305916217523034e-06,4.48733546655404e-06,1.5690798512285603e-07,1.854808648894218e-07,1.6015915101560673e-07,1.973710933068762e-06
2018-12-15,1.2573687059372021e-05,5.331184949579831e-06,0.0,1.5848493659018089e-07,2.03083975207178e-07,1.5368033838120344e-07,1.724620341046004e-06
2018-12-16,1.2682089306409954e-05,1.1182811920630067e-05,3.5729785261128195e-06,1.5905476196418475e-07,3.036879996216395e-07,1.6339458048366952e-07,1.871847744904282e-06
2018-12-17,1.2763864753061946e-05,5.854597344942016e-06,1.219174283011311e-06,1.6747412880410793e-07,8.365639493435284e-08,1.7328855948408687e-07,2.0918390277567573e-06
2018-12-18,1.2846916596825836e-05,1.763536480657135e-05,2.495368410901609e-06,1.6815455331842433e-07,2.8165718560367403e-07,1.833649069588042e-07,2.48050470540281e-06
2018-12-19,3.879375942886562e-05,1.2153473820829826e-05,1.2723735092126995e-06,3.075317752375925e-07,2.27590309903558e-07,2.704698059737212e-07,2.4644138268422214e-06
2018-12-20,3.902275345563983e-05,1.219137424013426e-05,3.925281514684228e-06,4.6913514896551825e-07,2.2987763054482633e-07,2.3288147941156462e-07,1.9485922637226837e-06
2018-12-21,0.0,1.2230493807022221e-05,6.741735271895678e-06,6.736850101047906e-08,1.7414095435553588e-07,2.2542106147418993e-07,2.168433796267033e-06
2018-12-22,1.3125283596388175e-05,0.0,1.364520404146049e-06,2.0317329579637715e-07,2.0520628338350638e-07,2.67284247033478e-07,2.036142775973172e-06
2018-12-23,0.0,1.2554736641107639e-05,2.7794131284175366e-06,1.361742707068056e-07,2.1307157741513417e-07,1.2998579551395173e-07,2.241331102003802e-06
2018-12-24,0.0,6.421151780747466e-06,1.4071420692951928e-06,2.0536994263486413e-07,2.1463492479627855e-07,1.9188856269779027e-07,2.5559238558255427e-06
2018-12-25,0.0,1.313356595157656e-05,8.569689183428483e-06,1.3766601091661701e-07,1.0810986792438275e-07,1.836161761399995e-07,3.31738644398722e-06
2018-12-26,1.512780840150585e-05,0.0,4.33872471171733e-06,6.921624672956917e-08,3.9934797660087194e-07,3.400128405475313e-07,3.7387722649901462e-06
2018-12-27,3.214822344444138e-05,6.978118257073188e-06,0.0,1.3921281936636636e-07,3.657573084328409e-07,3.2089199104899623e-07,3.7669017027167338e-06
2018-12-28,0.0,0.0,7.310215583496331e-06,2.1001060000731312e-07,2.948060622476977e-07,4.6884964698845246e-07,3.443427192789621e-06
2018-12-29,3.42853898358475e-05,2.2319637649047988e-05,1.4796390225887115e-06,0.0,2.2277681895076498e-07,3.603855652303248e-07,3.567946280640369e-06
2018-12-30,1.8111026793643943e-05,2.9890948445663925e-05,7.643129044098154e-06,0.0,5.611784227082495e-07,2.81929998818504e-07,2.8237689309458437e-06
2018-12-31,1.823522464561416e-05,7.619596198514463e-06,1.5366590733544027e-06,3.0625997193785996e-07,4.900747941695729e-07,3.7945349969598766e-07,3.6507726697778e-06
2019-01-01,3.5745579621178904e-05,7.676672462419105e-06,0.0,7.540697090489725e-08,2.2250457321413285e-07,4.3104685243339325e-07,3.8090945191297284e-06
2019-01-02,1.8801809610778563e-05,0.0,1.0774774040994924e-05,3.035330132532328e-07,3.3422198189763165e-07,4.052798165500744e-07,4.037487751689019e-06
2019-01-03,3.948197065107834e-05,0.0,3.144000405277376e-06,0.0,3.341555069269684e-07,4.815348441363824e-07,4.602481112530551e-06
2019-01-04,4.138082174645077e-05,0.0,1.5805928887542352e-06,3.826243420715996e-07,4.826213134678893e-07,4.0971453622258234e-07,3.493397952858723e-06
2019-01-05,2.0791311706743273e-05,8.639820576644917e-06,3.136709810506172e-06,5.379999699181054e-07,2.2237185442891022e-07,4.4315486939054956e-07,3.759981205580317e-06
2019-01-06,0.0,0.0,1.5796948522570866e-06,7.697459676202406e-08,2.220176477049327e-07,4.148458755546669e-07,4.841377756073122e-06
2019-01-07,4.199872223470708e-05,1.7447602562651e-05,6.403131593269477e-06,3.22029580429433e-07,4.779852963096451e-07,4.789394042431714e-07,4.613199519441157e-06
2019-01-08,2.110653049956035e-05,0.0,6.5942401766872465e-06,3.226980330026399e-07,6.767607928676913e-07,4.816221790408968e-07,5.187275482867289e-06
2019-01-09,2.1215810552405962e-05,0.0,3.231735209678052e-06,0.0,5.387079876488999e-07,4.0623164606144715e-07,4.497755572710738e-06
2019-01-10,0.0,1.7823653263418107e-05,1.6302786403063923e-06,8.081044576364046e-08,4.972914239298235e-07,5.499882946985412e-07,5.863884209210923e-06
2019-01-11,4.288149318912118e-05,1.8122103875473605e-05,1.6367634641065724e-06,3.235621303507721e-07,2.4868183287027167e-07,5.104482787096849e-07,4.973172855021885e-06
2019-01-12,0.0,1.8181224305986156e-05,3.303194341824955e-06,4.0489354266206684e-07,3.7311423324923133e-07,5.650991805066596e-07,3.2373733295596527e-06
2019-01-13,0.0,2.7351697567442983e-05,1.0032805718973135e-05,0.0,4.561859242444896e-07,4.118704678544683e-07,2.5463629012868213e-06
2019-01-14,4.342558224952039e-05,9.145584677633218e-06,3.410560518754267e-06,2.4353809159298927e-07,3.549952507159465e-07,5.218392721301458e-07,5.687962689725834e-06
2019-01-15,0.0,1.88212842676028e-05,1.226289538418341e-05,4.877511799033571e-07,3.554080231243448e-07,7.072566852591549e-07,5.693464137730998e-06
2019-01-16,0.0,1.912218290314939e-05,1.9482848904836018e-05,3.256499680967912e-07,8.052312301429278e-07,4.855100576196807e-07,4.850956345034867e-06
2019-01-17,2.3692972410963247e-05,9.745270591669972e-06,1.0658178915159928e-05,2.4462378614464744e-07,4.2710418085433186e-07,5.621033051402187e-07,4.445989326884582e-06
2019-01-18,7.392972954109473e-05,9.774794548336221e-06,9.110637222128932e-06,1.7357930039043245e-07,2.3775121440911922e-07,4.888510539824419e-07,4.405377152567235e-06
2019-01-19,0.0,1.0041086727529845e-05,3.6869603732018223e-06,3.6157502394331723e-07,4.28842986593719e-07,6.376467328397363e-07,4.253843420757205e-06
2019-01-20,2.4850000422954512e-05,1.000101050358114e-05,1.305626116646535e-05,2.718994956562094e-07,2.93063903678465e-07,5.398046293623663e-07,3.0057137100610108e-06
2019-01-21,0.00010315527157658493,0.0,1.1305002756819119e-05,2.7264491353108004e-07,6.846183645881689e-07,5.659084308605198e-07,5.34028401940265e-06
2019-01-22,8.013401113718975e-05,9.930056734528156e-06,7.61257687008989e-06,3.6455679483267817e-07,2.937811784286695e-07,5.755250121157008e-07,4.99921874761409e-06
2019-01-23,2.7617650130389482e-05,3.0134343513354446e-05,7.684445034268153e-06,4.5702936784233085e-07,4.542560509413818e-07,8.973773878574061e-07,4.932729600412633e-06
2019-01-24,0.0,1.0082695234891288e-05,3.849746812064058e-06,1.9358630604223547e-07,3.7410735430905293e-07,7.28245266283875e-07,7.269195797989052e-06
2019-01-25,2.8623405113542413e-05,1.0121617576590194e-05,7.712829738314367e-06,2.9138852357035006e-07,3.8072026231109327e-07,6.567500242715954e-07,5.07747108343382e-06
2019-01-26,0.00011489179035348887,1.0153854259363085e-05,7.74497901632602e-06,0.0,3.8165964344170007e-07,7.038201971156629e-07,5.027766312250731e-06
2019-01-27,0.0,2.0366514842928592e-05,5.8529796032352544e-06,3.8865545876951787e-07,5.023463056619228e-07,5.007963949601029e-07,4.290150422636128e-06
2019-01-28,0.00011561402174876759,1.0213678917793729e-05,9.7588121357453e-06,4.859780835477497e-07,5.037567119325416e-07,7.075856651247028e-07,5.584184309948171e-06
2019-01-29,5.799623067506463e-05,2.072603431597959e-05,1.720548410846496e-05,1.9425167901775755e-07,7.297586028693315e-07,8.17955181256184e-07,5.726896335465456e-06
2019-01-30,5.813694426548256e-05,2.093513700420896e-05,1.1556182844100484e-05,9.706577497309696e-08,6.193351985653665e-07,6.563598078291173e-07,6.0142787298165495e-06
2019-01-31,0.0,4.1950615693477406e-05,1.9670621163601573e-05,3.0126917914475527e-07,8.465862749102343e-07,7.049333596919318e-07,5.350836181019185e-06
2019-02-01,0.0,3.066394174982139e-05,3.953535995179453e-06,5.020202965036486e-07,3.393301670401004e-07,7.532473599666254e-07,6.801480266968448e-06
2019-02-02,0.0,0.0,3.953327448370432e-06,5.020384585840205e-07,3.969150392847342e-07,8.733743831932136e-07,5.871910947820929e-06
2019-02-03,3.0749684938380915e-05,3.107290510462529e-05,8.010778666870938e-06,2.0084272997144712e-07,3.9754531462179223e-07,5.83929929875414e-07,4.868534043961408e-06
2019-02-04,3.081738872167202e-05,1.0145378696068836e-05,1.4010352584001808e-05,5.425550199074215e-07,5.114263936105936e-07,5.368629423987038e-07,5.676078102787751e-06
2019-02-05,0.0,0.0,1.2080592827677762e-05,2.7142759107248e-07,6.823656534116259e-07,8.851693085031155e-07,7.628655621710159e-06
2019-02-06,3.099567832903504e-05,6.13765942337069e-05,1.0057090096547467e-05,2.7927104965770735e-07,5.690814048414791e-07,8.881619548628326e-07,5.817561127832716e-06
2019-02-07,3.108946798866956e-05,2.0486069278674062e-05,1.211578941177079e-05,5.581038486179357e-07,3.417490042727941e-07,9.160175934680802e-07,6.238330788449781e-06
2019-02-08,0.0,2.082631903730393e-05,1.209818606992957e-05,5.567202945741986e-07,1.7104167041295993e-07,7.139213327485917e-07,6.380897228594836e-06
2019-02-09,3.1886186894271814e-05,2.1016247612808963e-05,2.0126304130552234e-05,1.8513080434128466e-07,3.424518859981986e-07,6.899039324734277e-07,6.167725676171027e-06
2019-02-10,0.0,3.1931361321989225e-05,2.559350320605718e-05,7.388267615701869e-07,9.142791377185458e-07,6.914527136217395e-07,5.951560546547708e-06
2019-02-11,6.419314326596127e-05,6.536694928239412e-05,1.5398703305825068e-05,3.686020945335416e-07,8.554055625243219e-07,9.497634704760062e-07,6.982483556770856e-06
2019-02-12,6.441314637712553e-05,3.273465433838681e-05,5.763918077943996e-06,2.758707515989593e-07,4.32729810300204e-07,9.778073799887091e-07,5.006457861542939e-06
2019-02-13,9.687622151849025e-05,2.185179022001693e-05,1.3565831444348728e-05,4.588625326713592e-07,4.861379918859919e-07,6.318038046236208e-07,6.49034920224574e-06
2019-02-14,9.705924640775682e-05,6.631589762004606e-05,1.164643613900359e-05,3.800179540839262e-07,6.473380818514124e-07,8.975357850841983e-07,6.795913996575923e-06
2019-02-15,6.647747775191024e-05,3.341696346543597e-05,3.875226261457249e-06,7.589812645575166e-07,7.00436651274899e-07,7.74711571937589e-07,6.370588312287567e-06
2019-02-16,0.0,4.4567398465373614e-05,1.9479838950037493e-05,2.84250944889796e-07,3.2292019605827444e-07,6.159738279008775e-07,6.944254239640717e-06
2019-02-17,0.00013656352100673718,4.47962437406322e-05,5.753944844121787e-06,5.668235676075694e-07,7.527198699316029e-07,9.129485380673068e-07,6.7776511950532805e-06
2019-02-18,3.41490060708597e-05,4.479864207811032e-05,5.802876452039349e-06,7.536025710195496e-07,5.908842932206977e-07,1.0489175893017752e-06,7.980248511406701e-06
2019-02-19,0.0,2.1937887676865173e-05,1.1665088197910029e-05,4.6969734132132054e-07,8.050976187502679e-07,8.614051250551125e-07,7.68507676349186e-06
2019-02-20,6.835100730097804e-05,2.1925271723008888e-05,1.3583479088949038e-05,9.368800917619408e-08,4.177752793595489e-07,8.07885281200027e-07,7.986547950562793e-06
2019-02-21,0.00010254891139639142,3.284942807536607e-05,1.5496053683312243e-05,1.8689183793423056e-07,4.655091086720529e-07,8.074216439225521e-07,7.011057641456191e-06
2019-02-22,0.00013666453606866056,3.279138913987299e-05,3.849777687069967e-06,5.292213090960621e-07,5.365141570309238e-07,7.259467932112285e-07,9.08859239632889e-06
2019-02-23,0.0,4.3633609563141533e-05,5.763191975369461e-06,2.640899218277909e-07,5.373071010433231e-07,8.742548125924309e-07,7.57525868408756e-06
2019-02-24,0.0,1.087981778543323e-05,1.1259983076949197e-05,2.635955983198092e-07,5.585070111150129e-07,9.297778842126483e-07,8.796316799681535e-06
2019-02-25,0.0,2.170464234185233e-05,1.282437122761908e-05,4.051485782402407e-07,3.96152378983686e-07,1.178683399299634e-06,8.059511713599357e-06
2019-02-26,6.641237840422873e-05,1.0825909797579822e-05,1.0966097147622308e-05,8.083772591660886e-08,4.843361146983338e-07,1.2288867127923846e-06,8.293129695248256e-06
2019-02-27,6.637358876698055e-05,3.2065727724010655e-05,1.077256081949777e-05,2.4196146007537866e-07,5.285830062891177e-07,7.939441338344715e-07,7.83903613727036e-06
2019-02-28,0.0,2.1335548369335354e-05,1.2532464290898226e-05,4.628293898499683e-07,3.9615506711121656e-07,8.711608363237335e-07,8.70826945653751e-06
2019-03-01,6.995407730197926e-05,5.272202052971357e-05,5.295106596714213e-06,2.3129340563593928e-07,4.406113602229823e-07,6.417041023951345e-07,6.220178864528936e-06
2019-03-02,0.0,1.0293168004089249e-05,1.203819937701931e-05,0.0,6.165396487513831e-07,6.929009984974728e-07,5.446211033609655e-06
2019-03-03,3.4122997553775704e-05,0.0,1.2004049788975249e-05,3.074058666621805e-07,3.0814252383462545e-07,9.167503784902123e-07,6.297287645919717e-06
2019-03-04,3.413766216814451e-05,3.0077753328127262e-05,1.0258271789835059e-05,3.8369916420530216e-07,3.960591914606516e-07,7.670450219543195e-07,6.247746549879429e-06
2019-03-05,0.00010246722173153485,1.977593531772706e-05,8.318668777709605e-06,3.065434922552397e-07,1.8331256787019666e-07,8.649274449502376e-07,9.258966061014593e-06
2019-03-06,3.4148729482612255e-05,1.9715661290605097e-05,1.1459296651100984e-05,3.0615830775091703e-07,3.2023753419346393e-07,5.426572648044143e-07,8.504254581598719e-06
2019-03-07,0.00010234988454999334,3.929963272495593e-05,8.071408077123097e-06,7.645093483312553e-08,5.469431073435973e-07,8.726716693025776e-07,8.485487819283043e-06
2019-03-08,0.00013635175430119572,0.0,3.1676444798628463e-06,2.2910981365714338e-07,5.449622794077783e-07,9.186447958758725e-07,7.821775330821156e-06
2019-03-09,0.0,1.905549214439688e-05,7.802242838386894e-06,2.2838856499197527e-07,5.430359481540368e-07,7.591406105336303e-07,6.9539701770507275e-06
2019-03-10,0.0,2.846226053080352e-05,9.237189660566249e-06,1.5157069514009783e-07,3.156789538861247e-07,7.08687962118825e-07,7.159477806890444e-06
2019-03-11,3.3089456748922356e-05,5.665808825531088e-05,7.658687165089918e-06,1.5089750414803545e-07,3.441654738662757e-07,8.636478542844092e-07,8.315845550274142e-06
2019-03-12,6.605158475123353e-05,6.577927572758205e-05,9.08174745096655e-06,1.5023940303213625e-07,3.42837983572549e-07,8.008241922596341e-07,7.05080136865054e-06
2019-03-13,6.416216051430907e-05,4.6760018909302685e-05,4.48595575216458e-06,2.991926519634804e-07,6.403964575553978e-07,7.299432853555675e-07,7.884804244188078e-06
2019-03-14,6.223934511010007e-05,9.07893159369046e-06,1.591411645231083e-05,1.4896820868860631e-07,5.098629151442612e-07,7.960065826678206e-07,7.189333278581682e-06
2019-03-15,3.102582347964767e-05,0.0,8.472442030353236e-06,4.440626270309936e-07,4.6413427821055944e-07,7.362425256957879e-07,7.0917101748982675e-06
2019-03-16,3.090657190632748e-05,2.6978921115364147e-05,1.1018993151193748e-05,2.2063251731446234e-07,5.443978398971449e-07,5.552955012612629e-07,6.253107850968101e-06
2019-03-17,3.079041101595347e-05,8.724888217150271e-06,7.977128741465906e-06,6.305376984633584e-08,6.234551437357483e-07,3.980786712277855e-07,5.279753982406635e-06
2019-03-18,0.0,1.714635995188777e-05,6.408797664601734e-06,5.016158601715076e-07,3.2973632322605556e-07,6.606406495771961e-07,7.180944449828589e-06
2019-03-19,6.0287300811105504e-05,2.561008752616634e-05,1.2545820414233388e-06,6.235646544704504e-08,4.087452629585199e-07,8.33318354849864e-07,6.186969781950466e-06
2019-03-20,6.0081817263647066e-05,2.5491882429249463e-05,4.884188614795052e-06,1.760200605434764e-07,5.675053954519437e-07,6.983679732175615e-07,6.65331789655409e-06
2019-03-21,2.908532572819663e-05,1.6459540784117373e-05,4.85678158421439e-06,2.3349418231459617e-07,1.2060518009452015e-07,5.864602595421978e-07,5.276855471323146e-06
2019-03-22,5.6282505538197656e-05,5.575741893346826e-05,7.0763501292106016e-06,1.1593640831636119e-07,3.0991288709838266e-07,6.96338536007228e-07,7.405188874425457e-06
2019-03-23,0.0,1.563067280552926e-05,4.632037898982055e-06,1.1513731921286993e-07,2.305440689556674e-07,5.46192718405781e-07,6.170585075333303e-06
2019-03-24,8.380026546017023e-05,3.890237782967161e-05,5.65096514227587e-06,1.7152461590587204e-07,3.8112754531094004e-07,5.432484343528989e-07,5.929856632108937e-06
2019-03-25,0.0,7.743375789718759e-06,2.163494857234247e-06,2.2714720746262324e-07,2.5142742666991725e-07,7.48188658517761e-07,6.697886100240045e-06
2019-03-26,2.7736764612193276e-05,2.9922370920701657e-05,5.302753265904568e-06,4.512352839215734e-07,3.374621066042204e-07,7.029141079487539e-07,5.980942986185084e-06
2019-03-27,0.0,2.1656844156721156e-05,4.12985853229988e-06,5.351978668528932e-07,2.343856406365114e-07,6.572918169215137e-07,6.924401947927676e-06
2019-03-28,2.7494189417227307e-05,2.1560276518435276e-05,5.023416990504226e-06,2.6545032098563626e-07,3.322446362992202e-07,6.530831443265786e-07,6.806818693386043e-06
2019-03-29,2.737703197791877e-05,2.0933707813517126e-05,2.9426425700366283e-06,9.529980984924928e-08,1.3187434714328456e-07,6.89613767499248e-07,5.044429151198578e-06
2019-03-30,2.7234107158501565e-05,2.0808798049489232e-05,4.733213025749821e-06,1.6905967906406545e-07,2.6172805462298197e-07,5.131461553145428e-07,6.587111632994012e-06
2019-03-31,2.7065400666374647e-05,1.3785617799362005e-05,1.818851078210548e-06,1.258509481599036e-07,3.246669849787057e-07,6.045242911621412e-07,4.173594698306582e-06
2019-04-01,0.0,1.3672657170826609e-05,2.681303052010573e-06,8.324789956428437e-08,2.8992391803707475e-07,6.011208467959775e-07,4.730334800245163e-06
2019-04-02,0.0,2.0009834401868845e-05,4.346965060018289e-06,1.2395346756986354e-07,1.3155436232664844e-07,6.90965030169687e-07,6.400596990906247e-06
2019-04-03,2.564738279069823e-05,1.3010728663921433e-05,1.7061498498207944e-06,1.6406330832446988e-07,2.612760083134846e-07,7.983509910093237e-07,5.581705131675802e-06
2019-04-04,2.46453897800863e-05,1.2685141442485177e-05,5.830557036654355e-06,2.0358966627917586e-07,1.297347098961172e-07,5.901585748096128e-07,4.30979472881721e-06
2019-04-05,2.3654432914202917e-05,3.0304758798700207e-05,1.6322649690906705e-06,1.20938349151648e-07,3.092265341150265e-07,5.86254498240638e-07,5.180384416056825e-06
2019-04-06,4.529201351258127e-05,1.1785530836090569e-05,2.4285813570170092e-06,1.5964665662865062e-07,2.5593390615872733e-07,3.856678591844266e-07,5.763319540932394e-06
2019-04-07,0.0,2.2452961104134685e-05,6.42046308151488e-06,1.5805814585380606e-07,3.0504555299059286e-07,3.3054038197869723e-07,5.181091023066631e-06
2019-04-08,0.0,5.410042477303085e-06,3.142609282784794e-06,1.7053768300584085e-07,3.7875115425027185e-07,6.215438478194229e-07,4.536461443652964e-06
2019-04-09,0.0,5.359653305927046e-06,2.2146269897006626e-06,2.0260896564948127e-07,3.0098659415468376e-07,4.881190659536028e-07,4.5760927631380785e-06
2019-04-10,2.029488975341159e-05,1.0393471412977844e-05,3.6543184716159358e-06,1.3372864850490659e-07,2.7408550016777274e-07,3.555654538619972e-07,4.281519947975121e-06
2019-04-11,2.01472982757811e-05,9.844819406365518e-06,1.4311564187012745e-06,0.0,3.46556039631252e-07,4.611757064576554e-07,4.164863217823523e-06
2019-04-12,0.0,9.301697154256891e-06,4.959206610414881e-06,6.554032192380742e-08,2.2134255687812883e-07,4.033088540627928e-07,3.2373487013371884e-06
2019-04-13,0.0,0.0,2.0321070069921223e-06,1.6222046206133118e-07,9.774276565296215e-08,3.6126183157079334e-07,4.07091673454067e-06
2019-04-14,3.419611748473225e-05,0.0,2.0118872044330705e-06,6.424253659781367e-08,1.9424167188065875e-07,4.385976209163211e-07,3.587090758252217e-06
2019-04-15,1.6955222727025506e-05,0.0,6.439230231553378e-07,9.540496901743541e-08,3.13653009774731e-07,5.80929151164944e-07,4.104907662321901e-06
2019-04-16,0.0,8.332781689318381e-06,1.8404282187005795e-06,1.889113474291129e-07,3.1128621325346006e-07,4.32839675880514e-07,4.3687508064403725e-06
2019-04-17,0.0,8.266834782723656e-06,0.0,1.3914696124577904e-07,1.2561223423296154e-07,4.039636046722389e-07,4.228908206489378e-06
2019-04-18,1.6536831610897836e-05,0.0,2.1921580946251846e-06,8.265745550885128e-08,1.0393120851483059e-07,3.4910574688770255e-07,3.5569263143300004e-06
2019-04-19,1.637228738710739e-05,0.0,2.170345757135557e-06,1.363916668077791e-07,2.0924217422908402e-07,4.3621639355139284e-07,2.2104353787851337e-06
2019-04-20,0.0,0.0,2.0686177589569014e-06,1.3503454704781362e-07,1.51144951167999e-07,3.3101193784688597e-07,2.979737152546902e-06
2019-04-21,0.0,3.802867188857913e-06,1.0240173341729284e-06,8.021455851304925e-08,1.6889500152563432e-07,5.513331862629927e-07,2.4254499985589524e-06
2019-04-22,0.0,1.1310078992335076e-05,4.989008260197502e-07,1.8530495741358375e-07,1.4912784233614992e-07,4.4146170913333605e-07,3.53848681854744e-06
2019-04-23,0.0,0.0,4.805812303459482e-07,7.862620383437796e-08,1.296239939188239e-07,4.0071846543773667e-07,3.868989930812357e-06
2019-04-24,0.0,1.0438030769439474e-05,1.3472654045475607e-06,7.78438600345541e-08,1.705374536408585e-07,3.1411420055902797e-07,2.9855383231596194e-06
2019-04-25,0.0,3.223745270590686e-06,2.4273216883565292e-06,1.5413860137120762e-07,1.3814229078420413e-07,2.568307418128561e-07,3.2042260136446984e-06
2019-04-26,0.0,0.0,1.935863947449802e-06,1.2717074721824447e-07,1.1129726410358953e-07,2.746969002880452e-07,3.081416889988296e-06
2019-04-27,0.0,2.90762401332572e-06,1.5332814234669481e-06,5.036215085647217e-08,9.79465225088854e-08,3.800192283273705e-07,2.6138515138519545e-06
2019-04-28,0.0,0.0,0.0,3.983339177240593e-08,4.848596916311557e-08,2.6047244341869254e-07,2.775069534348289e-06
2019-04-29,0.0,5.269071392544922e-06,6.400717662993888e-07,0.0,1.0800793284549719e-07,2.6392798442716163e-07,2.486344700921662e-06
2019-04-30,0.0,9.8519347770999e-06,0.0,4.863908610047804e-08,4.299779590615972e-08,2.9501822576242756e-07,2.2899938738657886e-06
2019-05-01,0.0,2.355516108179383e-06,5.701199205630628e-07,4.8238835417442655e-08,6.399285018768104e-08,2.3810828794732886e-07,2.2854424079938716e-06
2019-05-02,0.0,4.675143734577586e-06,5.376814237965399e-07,7.959808497548762e-08,9.503416603417355e-08,2.6126805388074654e-07,2.4246936798332453e-06
2019-05-03,0.0,2.244900520552869e-06,7.583485431986565e-07,1.5761214159346737e-08,9.036201298763928e-08,3.4256084519247263e-07,2.1864781218183383e-06
2019-05-04,0.0,0.0,2.5026761637258455e-07,4.23273896506226e-08,5.499110915458924e-08,1.818934474925678e-07,1.8881843753852648e-06
2019-05-05,0.0,0.0,1.4063673455728393e-06,4.190622508663516e-08,3.6672952773143125e-08,9.104557235822915e-08,1.632628081901836e-06
2019-05-06,0.0,2.1953694636536037e-06,9.053071350244244e-07,1.0372312795019589e-08,3.630805079614144e-08,1.4084320902634784e-07,1.9579600096941878e-06
2019-05-07,0.0,2.1793003681138638e-06,1.0534597012185603e-06,7.188374590812459e-08,4.400866464155881e-08,1.561748111629832e-07,1.948194192361322e-06
2019-05-08,0.0,4.326898408854051e-06,6.257865612317303e-07,1.0166927240800885e-08,3.168783353592595e-08,1.601430188929949e-07,1.8706962641871574e-06
2019-05-09,0.0,4.0707461799868855e-06,6.195598809099383e-07,1.0065764624494805e-08,3.9215667905143505e-08,1.2987044713758366e-07,1.7584015918504644e-06
2019-05-10,0.0,1.946111000881767e-06,5.732465939315248e-07,9.965608593039337e-09,2.3295279293909945e-08,9.396100297509236e-08,2.013903931898011e-06
2019-05-11,0.0,0.0,5.961293407148546e-07,4.5626623702945573e-08,4.6126974784151966e-08,1.1261051229532062e-07,1.3590716057721316e-06
2019-05-12,0.0,1.8633771451493288e-06,8.250737872600935e-07,1.9359699090701624e-08,3.8056669763668095e-08,1.30879587494024e-07,1.3920716712119095e-06
2019-05-13,0.0,0.0,0.0,1.2778044577455372e-08,4.52135994870799e-08,8.714731087382556e-08,1.2985413457930645e-06
2019-05-14,6.875913087921628e-06,3.497584016641823e-06,5.4011831584039e-07,0.0,2.2381858327692463e-08,1.314745609787704e-07,1.6105024388638385e-06
2019-05-15,0.0,0.0,1.0694880976053174e-07,1.2525022342276336e-08,3.323873267449404e-08,9.762477542945736e-08,1.2094246188457467e-06
2019-05-16,0.0,0.0,2.775053908082436e-07,1.2400396287675301e-08,1.8282223199119922e-08,1.1298354261810435e-07,1.2590912632151668e-06
2019-05-17,0.0,1.6602172363468291e-06,3.663255547122659e-07,1.0881705356319172e-08,4.344074889324927e-08,6.072364040352796e-08,1.077869608423417e-06
2019-05-18,0.0,1.4252619280997041e-06,3.225319913799367e-07,0.0,2.5088295294825465e-08,9.808959645636162e-08,1.100375996815264e-06
2019-05-19,0.0,0.0,3.193227444444945e-07,1.0666233153579065e-08,2.8387042955076557e-08,7.518471380449846e-08,8.12045186476432e-07
2019-05-20,0.0,2.3733453662352416e-06,3.161454300495998e-07,1.760017060071803e-08,2.810458715830404e-08,1.0235034342860588e-07,1.087049716814117e-06
2019-05-21,0.0,0.0,0.0,1.3940036781758305e-08,3.13030595741264e-08,1.1054393508617618e-07,7.477955936117947e-07
2019-05-22,0.0,0.0,7.747133277665284e-08,2.0701996647355648e-08,4.4765628450406e-08,1.0640389331643515e-07,6.94034165179184e-07
2019-05-23,0.0,1.6773464893063934e-06,7.670048013585162e-08,1.0248004169495147e-08,2.0455478310000682e-08,9.330571038669215e-08,6.706759965595093e-07
2019-05-24,0.0,0.0,1.1172603205294855e-07,1.014603482426945e-08,3.712856198347246e-08,5.65911030531341e-08,7.550505061237748e-07
2019-05-25,3.7106896385818475e-06,6.108752260865582e-07,0.0,0.0,2.005043270131778e-08,7.06440153440733e-08,8.480162574203786e-07
2019-05-26,0.0,0.0,2.887920468935547e-07,0.0,2.6467903416718063e-08,5.816164508184337e-08,8.144154611632981e-07
2019-05-27,0.0,5.385320985508979e-07,6.854046389767262e-08,0.0,4.258238298829248e-08,3.4898743662943724e-08,6.844724710923612e-07
2019-05-28,0.0,4.840776980144776e-07,1.0178771233047244e-07,0.0,3.567273024463278e-08,5.700996734656124e-08,7.083217846873403e-07
2019-05-29,0.0,9.729147625993186e-07,2.7034708619314287e-08,0.0,3.8528487979721015e-08,6.328424914120644e-08,5.628650292281138e-07
2019-05-30,0.0,4.888857107283534e-07,0.0,0.0,4.450264363875121e-08,4.7414261879821266e-08,5.203005206173386e-07
2019-05-31,0.0,4.913629291355265e-07,0.0,0.0,5.664835920335672e-08,4.861899930900857e-08,6.017361127767862e-07
2019-06-01,0.0,4.967734161258092e-07,0.0,0.0,3.119737127154253e-08,4.983299234971493e-08,5.958705816907616e-07
2019-06-02,0.0,0.0,0.0,0.0,1.8532171344481055e-08,3.61805735801098e-08,4.705769772101741e-07
2019-06-03,0.0,4.869366434205829e-07,0.0,0.0,2.7521659737921846e-08,4.8846232988096266e-08,6.485513751744002e-07
2019-06-04,0.0,9.64183085729852e-07,0.0,0.0,3.633041953070759e-08,6.286826630387917e-08,5.654762891222066e-07
2019-06-05,0.0,4.772946518652999e-07,0.0,0.0,2.6660817896819894e-08,5.905078241752303e-08,4.982733625499405e-07
2019-06-06,0.0,0.0,0.0,0.0,1.421298217573413e-08,4.582252167950222e-08,4.0973789718324574e-07
2019-06-07,0.0,3.547456712176188e-07,0.0,0.0,1.8092006537355593e-08,4.0737019491963756e-08,4.309107112375196e-07
2019-06-08,0.0,0.0,0.0,0.0,1.9902208960553072e-08,2.792193187531523e-08,4.1712618414867933e-07
2019-06-09,0.0,3.4772123628882434e-07,0.0,0.0,1.1822507203582065e-08,3.17395268275724e-08,3.9197240516111707e-07
2019-06-10,0.0,0.0,0.0,0.0,2.1458930700908734e-08,3.041004508927288e-08,3.5087333593809883e-07
2019-06-11,0.0,3.408358944908904e-07,0.0,0.0,2.1245410772869612e-08,3.311820609343325e-08,3.858293317523235e-07
2019-06-12,0.0,0.0,6.151062650265748e-08,0.0,2.103401540361234e-08,2.8814289656647087e-08,3.7166620452026647e-07
2019-06-13,0.0,0.0,2.0709606192153677e-08,0.0,0.0,2.656016318870425e-08,3.6796806399547404e-07
2019-06-14,0.0,3.307626714816952e-07,4.183548238926429e-08,0.0,0.0,2.4348041804932793e-08,3.946656139656992e-07
2019-06-15,0.0,3.2747152791088307e-07,1.0563983994330791e-07,0.0,0.0,2.8926929689309806e-08,2.6550188655310833e-07
2019-06-16,0.0,3.242131317657558e-07,1.0670153798548293e-07,0.0,0.0,3.150301212275255e-08,3.967699602143327e-07
2019-06-17,0.0,6.419743144079672e-07,0.0,0.0,0.0,0.0,3.2046497393829353e-07
2019-06-18,0.0,3.1779328162542206e-07,1.0885705203570548e-07,0.0,0.0,0.0,3.0458524240323745e-07
2019-06-19,0.0,0.0,6.597065015817257e-08,0.0,0.0,0.0,3.0574282650104986e-07
2019-06-20,0.0,0.0,2.2211222071637802e-08,0.0,0.0,0.0,2.695279622682019e-07
2019-06-21,0.0,0.0,2.2434448564601323e-08,0.0,0.0,0.0,2.996887129093866e-07
2019-06-22,0.0,0.0,4.5319837042233476e-08,0.0,0.0,0.0,3.4548047442955377e-07
2019-06-23,0.0,3.0229432039074354e-07,4.5775308976735195e-08,0.0,0.0,0.0,2.655862411057552e-07
2019-06-24,0.0,0.0,4.623535848028081e-08,0.0,0.0,0.0,2.4095412389711427e-07
2019-06-25,0.0,0.0,7.005004733730604e-08,0.0,0.0,0.0,2.2861673237611801e-07
2019-06-26,0.0,0.0,0.0,0.0,0.0,0.0,2.7226641310353707e-07
2019-06-27,0.0,2.904411905471552e-07,4.764343477497154e-08,0.0,0.0,0.0,2.0785142517870972e-07
2019-06-28,0.0,0.0,7.218338888238549e-08,0.0,0.0,0.0,2.3472154113777767e-07
2019-06-29,0.0,0.0,4.8605896000903306e-08,0.0,0.0,0.0,1.3238997615589049e-07
2019-06-30,0.0,2.81857356124998e-07,4.909439337698807e-08,0.0,0.0,0.0,1.5123770063445655e-07
2019-07-01,0.0,0.0,4.9677031635159946e-08,0.0,0.0,0.0,1.5165333566410982e-07
2019-07-02,0.0,2.7643189665067535e-07,5.017629410333881e-08,0.0,0.0,0.0,1.575285086025009e-07
2019-07-03,0.0,0.0,0.0,0.0,0.0,0.0,1.4621350664311916e-07
2019-07-04,0.0,0.0,2.5594961240901427e-08,0.0,0.0,0.0,1.3752072504670787e-07
2019-07-05,0.0,0.0,7.755658463365588e-08,0.0,0.0,0.0,1.2420918053363202e-07
2019-07-06,0.0,0.0,7.833604126770154e-08,0.0,0.0,0.0,1.584463396540128e-07
2019-07-07,0.0,0.0,2.6374443857051412e-08,0.0,0.0,0.0,9.884971780533461e-08
2019-07-08,0.0,2.603337562170325e-07,7.991853427370036e-08,0.0,0.0,0.0,1.2187105058179934e-07
2019-07-09,0.0,0.0,8.072172889627286e-08,0.0,0.0,0.0,1.2979920225881256e-07
2019-07-10,0.0,0.0,8.153299575900332e-08,0.0,0.0,0.0,5.8066323061237894e-08
2019-07-11,0.0,2.526397309527254e-07,5.490161065950271e-08,0.0,0.0,0.0,7.484358851002037e-08
2019-07-12,0.0,0.0,8.318007152973099e-08,0.0,0.0,0.0,6.658160444080119e-08
2019-07-13,0.0,0.0,0.0,0.0,0.0,0.0,6.804552919470255e-08
2019-07-14,0.0,0.0,1.131472272508706e-07,0.0,0.0,0.0,6.526320033950849e-08
2019-07-15,0.0,0.0,8.571328184238914e-08,0.0,0.0,0.0,7.81618798137932e-08
2019-07-16,0.0,0.0,2.885823821541251e-08,0.0,0.0,0.0,7.944773361157291e-08
2019-07-17,0.0,0.0,5.829653666246426e-08,0.0,0.0,0.0,7.763569317526403e-08
2019-07-18,0.0,0.0,2.9441213298175176e-08,0.0,0.0,0.0,5.967011976512006e-08
2019-07-19,0.0,0.0,0.0,0.0,0.0,0.0,7.209322432261022e-08
2019-07-20,0.0,2.3089532875622853e-07,6.007193051762372e-08,0.0,0.0,0.0,6.24538991606615e-08
2019-07-21,0.0,0.0,3.033783172819718e-08,0.0,0.0,0.0,6.281394029815898e-08
2019-07-22,0.0,0.0,6.128546401207388e-08,0.0,0.0,0.0,5.1500208608032666e-08
2019-07-23,0.0,0.0,3.0950696582613e-08,0.0,0.0,0.0,5.7722007136336085e-08
2019-07-24,0.0,0.0,1.250470250185586e-07,0.0,0.0,0.0,5.3337819331064643e-08
2019-07-25,0.0,0.0,0.0,0.0,0.0,0.0,4.9978147420481736e-08
2019-07-26,0.0,0.0,0.0,0.0,0.0,0.0,5.414886187914872e-08
2019-07-27,0.0,0.0,9.66414554158294e-08,0.0,0.0,0.0,6.839905699802899e-08
2019-07-28,0.0,0.0,3.2537572730005227e-08,0.0,0.0,0.0,5.582198615647847e-08
2019-07-29,0.0,0.0,9.859374231736515e-08,0.0,0.0,0.0,5.889058405565642e-08
2019-07-30,0.0,0.0,3.319487530036936e-08,0.0,0.0,0.0,6.278958318090128e-08
2019-07-31,0.0,0.0,1.0058546803042859e-07,0.0,0.0,0.0,5.594833475048779e-08
2019-08-01,0.0,0.0,6.652420250103421e-08,0.0,0.0,0.0,0.0
2019-08-02,0.0,0.0,9.879341343966735e-08,0.0,0.0,0.0,0.0
2019-08-03,0.0,0.0,3.2603467517151834e-08,0.0,0.0,0.0,0.0
2019-08-04,0.0,0.0,0.0,0.0,0.0,0.0,0.0
2019-08-05,0.0,0.0,9.587362681653634e-08,0.0,0.0,0.0,0.0
2019-08-06,0.0,0.0,6.327977886042772e-08,0.0,0.0,0.0,0.0
2019-08-07,0.0,0.0,6.26501345404506e-08,0.0,0.0,0.0,0.0
2019-08-08,0.0,0.0,6.202675528613612e-08,0.0,0.0,0.0,3.8273997787532666e-08
2019-08-09,0.0,0.0,3.07047893795197e-08,0.0,0.0,0.0,4.280065691673463e-08
2019-08-10,0.0,0.0,9.119781486149009e-08,0.0,0.0,0.0,4.183626839038062e-08
2019-08-11,0.0,0.0,6.019358762793712e-08,0.0,0.0,0.0,4.7890960528266314e-08
2019-08-12,0.0,0.0,1.1918930284761025e-07,0.0,0.0,0.0,5.477448524443449e-08
2019-08-13,0.0,0.0,2.9500837367238938e-08,0.0,0.0,0.0,5.819900280286129e-08
2019-08-14,0.0,0.0,2.920729913089616e-08,0.0,0.0,0.0,4.4269366207591134e-08
2019-08-15,0.0,0.0,2.8916681648805964e-08,0.0,0.0,0.0,5.497657467379628e-08
2019-08-16,0.0,0.0,2.862895585897796e-08,0.0,0.0,0.0,4.812521864365209e-08
2019-08-17,0.0,0.0,2.8344092988593403e-08,0.0,0.0,0.0,4.113059511167785e-08
2019-08-18,0.0,0.0,0.0,0.0,0.0,0.0,4.5320688507077974e-08
2019-08-19,0.0,0.0,0.0,0.0,0.0,0.0,5.340553049876758e-08
2019-08-20,0.0,0.0,2.7506398443264054e-08,0.0,0.0,0.0,1.2575710018890486e-07
2019-08-21,0.0,0.0,0.0,0.0,0.0,0.0,1.2077404661235707e-07
2019-08-22,0.0,0.0,8.088520578460326e-08,0.0,0.0,0.0,1.2829756213059975e-07
2019-08-23,0.0,0.0,0.0,0.0,0.0,0.0,1.210894675703395e-07
2019-08-24,0.0,0.0,5.2855714266808015e-08,0.0,0.0,0.0,1.0299489427499317e-07
2019-08-25,0.0,0.0,1.0465958224509361e-07,0.0,0.0,0.0,1.3003751271409136e-07
2019-08-26,0.0,0.0,1.295227525025154e-07,0.0,0.0,0.0,1.5542422020882513e-07
2019-08-27,0.0,0.0,7.694038774910998e-08,0.0,0.0,0.0,1.37086592882151e-07
2019-08-28,0.0,0.0,0.0,0.0,0.0,0.0,1.6973047644301314e-07
2019-08-29,0.0,0.0,1.0055582132717993e-07,0.0,0.0,0.0,1.4211166649610625e-07
2019-08-30,0.0,0.0,4.977763709374277e-08,0.0,0.0,0.0,1.5037514641704937e-07
2019-08-31,0.0,0.0,4.928234132908644e-08,0.0,0.0,0.0,1.4268120286906835e-07
2019-09-01,0.0,0.0,4.882166160644797e-08,0.0,0.0,0.0,1.3196886247450927e-07
2019-09-02,0.0,0.0,2.4167938978410972e-08,0.0,0.0,0.0,1.0289451842211526e-07
2019-09-03,0.0,0.0,2.3927463967635823e-08,0.0,0.0,0.0,1.818750946675294e-07
2019-09-04,0.0,0.0,7.106814516959117e-08,0.0,0.0,0.0,1.1690188984560986e-07
2019-09-05,0.0,0.0,4.690733687334364e-08,0.0,0.0,0.0,1.590421845405485e-07
2019-09-06,0.0,0.0,6.966090160960515e-08,0.0,0.0,0.0,1.6307453332722743e-07
2019-09-07,0.0,0.0,4.597850937160448e-08,0.0,0.0,0.0,1.4996300056260696e-07
2019-09-08,0.0,0.0,6.828152333908739e-08,0.0,0.0,1.3953146208636582e-08,1.5643638832469466e-07
2019-09-09,0.0,0.0,0.0,0.0,0.0,1.812005699063555e-08,1.5550052714690322e-07
2019-09-10,0.0,0.0,8.580875724402644e-08,0.0,0.0,1.3557160437752654e-08,1.6466317214058673e-07
2019-09-11,0.0,0.0,1.2866811290572273e-07,0.0,0.0,1.5747423990139784e-08,1.7399428289627993e-07
2019-09-12,0.0,0.0,0.0,0.0,1.4536101434677991e-09,1.6597239894663572e-08,1.5248285759049373e-07
2019-09-13,0.0,0.0,8.574444301666734e-08,0.0,7.341095841424459e-09,1.8859550544833585e-08,1.801196299878936e-07
2019-09-14,0.0,0.0,1.7148031194628699e-07,0.0,4.4489250487269996e-09,1.9049092178941474e-08,1.555632156449307e-07
2019-09-15,0.0,0.0,6.346678060090099e-08,0.0,1.1983033303497724e-08,2.351621401328412e-08,1.917477786561104e-07
2019-09-16,0.0,0.0,1.2736038028089158e-07,0.0,1.5129330987966285e-08,2.087345820926775e-08,1.936748758696224e-07
2019-09-17,0.0,0.0,1.916999032562149e-07,0.0,6.112553316906811e-09,2.253725650030186e-08,2.0920615606073688e-07
2019-09-18,0.0,0.0,1.2825227082744566e-07,0.0,1.852195649715783e-08,1.9092185549595636e-08,1.6465613990975366e-07
2019-09-19,0.0,0.0,1.2871743148470807e-07,0.0,1.0913061398563308e-08,1.7058980757712818e-08,2.272916475572838e-07
2019-09-20,0.0,0.0,6.500553158888716e-08,0.0,1.1022739489018655e-08,2.6220214033107412e-08,1.483844662119479e-07
2019-09-21,0.0,0.0,2.626353921710026e-07,0.0,7.952514187577536e-09,1.362020480492029e-08,1.6967066591329026e-07
2019-09-22,0.0,0.0,6.631873043613429e-08,0.0,8.032438283901905e-09,1.2228524567938071e-08,1.513820312685841e-07
2019-09-23,0.0,0.0,1.3397048951565468e-07,0.0,9.735798756898066e-09,2.3930882610887484e-08,2.0194794751596585e-07
2019-09-24,0.0,0.0,8.138816372152895e-08,0.0,1.6389408601837883e-08,2.6510558945366114e-08,2.1843013473187748e-07
2019-09-25,0.0,0.0,8.220612836560393e-08,0.0,1.4898712407027344e-08,1.5751173230742196e-08,2.6688555735743976e-07
2019-09-26,0.0,2.3618418447088989e-07,1.6606462738204166e-07,0.0,1.3376397294272834e-08,1.829589642650525e-08,2.3362542822773555e-07
2019-09-27,0.0,0.0,3.354672092680025e-07,0.0,2.7021664644128978e-08,6.427747214798701e-09,2.3452879723888857e-07
2019-09-28,0.0,0.0,2.541290330793042e-07,0.0,1.194079113880399e-08,2.1911671625452505e-08,1.7025252474284186e-07
2019-09-29,0.0,2.4337706373614224e-07,1.7112204821512618e-07,0.0,1.895268270478962e-08,2.5410685747327164e-08,2.8988983870889824e-07
2019-09-30,0.0,0.0,1.0701548578830394e-07,0.0,3.4805746059392684e-09,1.7386690809065578e-08,2.2205295597514417e-07
2019-10-01,0.0,2.504592228446626e-07,1.2905634343151118e-07,0.0,1.2312870258765641e-08,2.4260294451195784e-08,4.648000203425367e-07
2019-10-02,0.0,0.0,3.91060143738809e-07,0.0,2.1319914277974724e-08,2.1124236606846048e-08,3.4231305189452614e-07
2019-10-03,0.0,0.0,0.0,0.0,1.2561606737568294e-08,1.7069230971416284e-08,2.884491929391837e-07
2019-10-04,0.0,0.0,3.9896008267338855e-07,0.0,1.631295383673403e-08,1.3792623675741817e-08,3.2592910049111894e-07
2019-10-05,0.0,0.0,0.0,0.0,1.4646134887492916e-08,4.8354626281762716e-08,2.9972009904121146e-07
2019-10-06,0.0,0.0,0.0,0.0,1.6642497364030667e-08,3.125798294731964e-08,2.8750736263166383e-07
2019-10-07,0.0,0.0,3.157964285222128e-07,0.0,5.254658621884637e-08,5.525122907264499e-08,3.185553391532586e-07
2019-10-08,0.0,5.165866775097776e-07,1.8013901482169572e-07,0.0,4.824971653640764e-08,3.786870535614942e-08,2.6068139544634857e-07
2019-10-09,0.0,0.0,0.0,0.0,2.9240780549617378e-08,6.460866460443059e-08,4.037867822590612e-07
2019-10-10,0.0,0.0,2.2550100879623096e-07,0.0,4.430198291971878e-08,7.1473039381532e-08,3.0157298919498265e-07
2019-10-11,8.124722171380118e-07,0.0,4.9684245747451e-07,0.0,2.983148350014795e-08,9.102388285698096e-08,2.9435972789623874e-07
2019-10-12,0.0,0.0,5.431436014365844e-07,0.0,3.013129489369304e-08,7.925748973133048e-08,3.1106403595398383e-07
2019-10-13,0.0,0.0,8.642112223225253e-07,0.0,6.594059212398014e-08,5.443674770714542e-08,3.67868031934596e-07
2019-10-14,0.0,0.0,5.819311263352532e-07,0.0,5.123331237881163e-08,8.732728500954502e-08,3.6085774751577424e-07
2019-10-15,0.0,6.3425629670532e-07,2.9388981569320034e-07,0.0,3.6223751009945845e-08,7.840439005768685e-08,3.618806803014327e-07
2019-10-16,1.6747662571572302e-06,0.0,0.0,0.0,3.65878057600111e-08,6.599363939824906e-08,3.849321329010841e-07
2019-10-17,1.6915979378685868e-06,7.673884119429001e-07,8.994803513712577e-07,0.0,4.223487922416263e-08,6.99897308257285e-08,4.1195350740112664e-07
2019-10-18,0.0,0.0,3.0284009306382165e-07,0.0,5.865660187357453e-08,5.386143947786897e-08,3.644811562224423e-07
2019-10-19,0.0,0.0,3.0588368659889805e-07,0.0,2.6930050237724313e-08,1.0480738705981767e-07,3.166160758292198e-07
2019-10-20,0.0,0.0,6.179157375150767e-07,0.0,3.264084209063818e-08,6.616294925713994e-08,3.5779147605872764e-07
2019-10-21,0.0,1.5974122542811145e-06,3.1206294696052006e-07,1.5430397320882435e-08,1.648444400370852e-08,1.2920060270711402e-07,4.0934587490192567e-07
2019-10-22,2.5989657174420238e-06,0.0,6.303984634365023e-07,2.0780633856176534e-08,3.88502693138826e-08,1.3499905898451286e-07,4.2127838586880544e-07
2019-10-23,6.858947481303295e-06,0.0,1.591835183309105e-06,2.098948269854603e-08,2.2423269149572603e-08,1.2326442347690685e-07,5.696154157439431e-07
2019-10-24,4.26832850825927e-06,0.0,9.647000357230911e-07,1.0600215253338334e-08,5.0959410189972925e-08,9.337743864628757e-08,4.912773925338357e-07
2019-10-25,8.622451845874787e-06,0.0,0.0,4.198736147003497e-08,5.14715607768928e-08,8.383635333917724e-08,6.01411406363796e-07
2019-10-26,0.0,0.0,0.0,6.361401220234829e-08,7.63424691898025e-08,1.1643351870969956e-07,7.493926353458681e-07
2019-10-27,0.0,1.6575520742298195e-06,3.452674900666721e-07,2.141778121795873e-08,3.5049874436717256e-08,9.622120502203337e-08,4.80247466028612e-07
2019-10-28,0.0,0.0,7.80090560561041e-07,3.244955024665706e-08,5.6643410449736595e-08,1.087618286853648e-07,6.769697301244023e-07
2019-10-29,4.4871703905707625e-06,0.0,7.879306010354617e-07,4.82060709693245e-08,5.006110041535187e-08,1.281786171862073e-07,5.269500007405556e-07
2019-10-30,1.3596801608193388e-05,0.0,2.3835025952981856e-06,1.0606845957173646e-07,7.223460405563354e-08,1.4264825301766504e-07,6.992015003710266e-07
2019-10-31,0.0,0.0,8.011505799119246e-07,1.3391808164099088e-07,4.377634433739083e-08,1.2311971523459804e-07,8.155689083731857e-07
2019-11-01,0.0,1.7463846612814397e-06,8.084380722849299e-07,8.127085408011504e-08,5.1341171391942534e-08,2.2213274327323773e-07,8.176446802337249e-07
2019-11-02,4.642949953636269e-06,0.0,1.2848845512829498e-06,8.208763974269325e-08,8.833282911772129e-08,1.8236144446547078e-07,8.42467423546571e-07
2019-11-03,0.0,0.0,1.419861900520031e-06,2.7637544745884094e-08,4.433052746003191e-08,1.8374407515286646e-07,6.790332645297233e-07
2019-11-04,0.0,0.0,1.0361272633473987e-06,8.374592006512923e-08,1.589389712152372e-07,2.2722350776473846e-07,7.844341624338781e-07
2019-11-05,4.784348830643763e-06,4.280047762430526e-06,2.2532122924269093e-06,8.458758055440114e-08,1.066585867041109e-07,2.7680423842293664e-07,8.113480222527886e-07
2019-11-06,0.0,0.0,1.1353476807099008e-06,5.695846658147893e-08,2.013159847730311e-07,2.1016700645698725e-07,9.176563646651367e-07
2019-11-07,0.0,4.607680445356481e-06,1.1855390590198642e-06,8.629636303122121e-08,1.0808920066245087e-07,2.6116152417601293e-07,1.176340891300121e-06
2019-11-08,5.737769005411003e-06,0.0,1.227993033741602e-06,6.497656174128388e-08,1.0882068512275937e-07,2.4043959071654286e-07,1.1737074179105214e-06
2019-11-09,0.0,2.5095610832660827e-06,2.4729606076114458e-06,6.562958704333856e-08,1.2325843321004743e-07,2.1936078972609525e-07,1.2589315845704823e-06
2019-11-10,0.0,5.308335484244969e-06,1.286427531029948e-06,1.325783507175781e-07,1.1031637475824644e-07,1.945982318578665e-07,1.1245333280844286e-06
2019-11-11,0.0,0.0,1.3369147052170869e-06,1.004330889705249e-07,1.6662109425545242e-07,2.2244008638180578e-07,1.5738571261300784e-06
2019-11-12,0.0,0.0,1.3879468751266303e-06,2.0288491659091556e-07,1.677842886218121e-07,4.4871550837073687e-07,1.5729796510666913e-06
2019-11-13,0.0,6.188708952879515e-06,7.296488153621805e-07,1.3661596260100787e-07,1.4080355129737888e-07,1.4642802573320387e-07,1.2918053539850812e-06
2019-11-14,0.0,6.25090651189124e-06,3.7768577948956634e-06,6.899448792575621e-08,5.672037701961897e-08,2.6956515612064375e-07,1.4627066472727769e-06
2019-11-15,6.1538042004501695e-06,3.1490694807508963e-06,0.0,0.0,8.568750840788324e-08,3.434899453999089e-07,1.1589089713807424e-06
2019-11-16,0.0,0.0,8.077324541579829e-07,1.7597067259079077e-07,1.7260604021717066e-07,2.452041184360903e-07,1.4942792811956576e-06
2019-11-17,1.8834357874684622e-05,3.1972490522117533e-06,2.4409174118412244e-06,7.109568290089666e-08,1.1161472609279936e-07,2.0099938617514032e-07,1.5641737711416856e-06
2019-11-18,0.0,3.221817216864631e-06,3.361181356177027e-06,7.18102063930137e-08,1.9278092941396802e-07,4.835774086953321e-07,1.1938864671619369e-06
2019-11-19,0.0,0.0,2.599699416310811e-06,3.6265955482806044e-08,1.1330760387142574e-07,2.832950014624033e-07,1.7547157365945888e-06
2019-11-20,0.0,0.0,4.358935047719936e-06,2.197826063692515e-07,1.7941156583352187e-07,4.862380372908149e-07,2.09736602365757e-06
2019-11-21,0.0,0.0,0.0,0.0,1.1504580620238886e-07,4.737109498309017e-07,1.281109374868919e-06
2019-11-22,0.0,3.5693787122603347e-06,0.0,7.474083651082779e-08,8.280865760125419e-08,4.0971262519956803e-07,2.2426026491765984e-06
2019-11-23,0.0,3.5902606754142964e-06,2.748264204745412e-06,1.5098398881154418e-07,1.6690004055685355e-07,2.583926656282303e-07,1.7404203226407162e-06
2019-11-24,0.0,3.6115016676276936e-06,4.609715479911995e-06,1.143760523446008e-07,1.8501940165977204e-07,4.2621367275240977e-07,1.717219032427319e-06
2019-11-25,0.0,0.0,4.7394186116816385e-06,1.1552555078109157e-07,1.186609841463165e-07,5.599930156827929e-07,2.110826676024589e-06
2019-11-26,0.0,0.0,3.8964991576851515e-06,3.889553395631069e-08,1.5290773520265782e-07,3.9736939509374457e-07,2.168432599078618e-06
2019-11-27,3.121870348854781e-05,0.0,2.9999825125749263e-06,7.857288114279909e-08,1.8732589190629597e-07,3.7949556783486446e-07,1.956376857306233e-06
2019-11-28,8.682792330409784e-06,3.946140892020187e-06,1.0041515490498855e-06,7.936255172656871e-08,5.121362308459866e-08,3.8179586692688166e-07,1.6738196904750712e-06
2019-11-29,8.743948856293754e-06,0.0,2.0168186864663257e-06,8.016015863164665e-08,1.711449598779198e-07,4.2246587273568804e-07,3.1366641843949635e-06
2019-11-30,0.0,0.0,2.0655227654664427e-06,2.428973448581644e-07,1.0295697446747188e-07,4.0160422575096773e-07,1.697587138310082e-06
2019-12-01,9.395870821420569e-06,0.0,3.1093610305495915e-06,1.6338222449963667e-07,2.062385547934068e-07,6.18009050490187e-07,2.050019640147783e-06
2019-12-02,9.463460081953088e-06,1.7987212438768056e-05,1.053210335162046e-06,8.251212157722055e-08,1.551143450727454e-07,6.22120313136046e-07,3.0430574043986546e-06
2019-12-03,0.0,4.525963380138869e-06,0.0,9.020141750186194e-08,2.2215492271193212e-07,7.467349014723567e-07,2.2959922572217366e-06
2019-12-04,0.0,9.111152501390772e-06,1.0735304939536582e-06,9.110795681898445e-08,1.6221591856064337e-07,5.232432958245493e-07,2.4266251067081064e-06
2019-12-05,0.0,0.0,3.231288079397704e-06,1.6890556943501374e-07,2.6468136878715094e-07,4.766793154227266e-07,2.9221488842570976e-06
2019-12-06,0.0,4.72686840665516e-06,1.0807692694783736e-06,2.274707981723762e-07,1.2267154074032474e-07,7.578879445107056e-07,3.423099218163746e-06
2019-12-07,0.0,4.873609581299182e-06,2.169101180636876e-06,1.1487845885038882e-07,1.2319471698903433e-07,5.596800937053148e-07,3.101834793020411e-06
2019-12-08,2.2938286892223055e-05,1.5421339063542996e-05,1.116007859602889e-06,2.320660131124139e-07,2.680821277595618e-07,2.912245982243496e-07,2.903900275048997e-06
2019-12-09,0.0,0.0,2.2405670785101205e-06,1.7579873648906281e-07,1.6570410901275545e-07,7.191305572021129e-07,2.8583882526077662e-06
2019-12-10,0.0,5.2066595708535154e-06,3.37401374458419e-06,4.7216436307834124e-07,1.0403198218230762e-07,4.5554271266699774e-07,3.61210042358522e-06
2019-12-11,2.658741227093498e-05,2.0962182064757707e-05,3.3875142755893443e-06,2.9723707021810065e-07,8.360743961324392e-08,8.334053923752264e-07,3.339839536879097e-06
2019-12-12,3.996974028735098e-05,5.272377944900514e-06,0.0,0.0,1.469958950149833e-07,7.263527734764499e-07,3.29674984459824e-06
2019-12-13,2.665292297938884e-05,5.297004889169017e-06,4.609733079829119e-06,1.8095708704743855e-07,2.995154164932406e-07,5.90013988396819e-07,3.6633084878693185e-06
2019-12-14,0.0,5.314428811709882e-06,5.9249050508051685e-06,6.059589348820648e-08,2.547700554456727e-07,4.6915662681033894e-07,2.8942683283743397e-06
2019-12-15,0.0,1.0901628037090425e-05,1.2312553006763213e-06,1.2175763520089133e-07,1.859718770451762e-07,8.259406467870167e-07,3.4396963239317474e-06
2019-12-16,0.0,0.0,3.7721656502595645e-06,3.058391482258872e-07,2.1000941817934016e-07,6.825576858001722e-07,4.543843085879641e-06
2019-12-17,2.6705304370514896e-05,5.475252550574504e-06,2.5236553148703822e-06,3.6877775114308233e-07,2.5767069264405757e-07,1.0506307381356217e-06,4.540816207722959e-06
2019-12-18,0.0,1.0976584973380609e-05,2.5327858972022614e-06,3.07981323731966e-07,7.055153858109728e-08,8.506202827156608e-07,3.5950670876399116e-06
2019-12-19,0.0,0.0,3.7938072350712826e-06,3.8897886179108714e-07,1.8566080889466336e-07,1.0023952692303208e-06,3.3329788139103963e-06
2019-12-20,0.0,1.654806065783102e-05,2.567090760305148e-06,3.748200172397694e-07,2.9314462655194323e-07,6.952193619725891e-07,3.666332895777521e-06
2019-12-21,1.5111712699347346e-05,5.649140625528863e-06,6.4448505427411795e-06,2.9967211129420987e-07,2.028167973267319e-07,5.462249367567682e-07,3.8176478689113914e-06
2019-12-22,4.543244942487243e-05,3.541460510461531e-05,3.943573080490434e-06,1.4975908812873065e-07,4.5896717521981554e-07,5.889985484927712e-07,4.3261475563110314e-06
2019-12-23,0.0,2.3676950138538856e-05,5.306641724361112e-06,7.484854832198443e-08,1.5388081785149334e-07,6.32280689150134e-07,4.399776189809679e-06
2019-12-24,1.691647341629747e-05,0.0,3.927375025921419e-06,7.482503749680976e-08,2.3047139384342154e-07,7.938085076698636e-07,5.005551812431783e-06
2019-12-25,1.6970578602158344e-05,2.375662213903762e-05,8.030447383932241e-06,3.740450461886958e-07,2.3014460824104753e-07,8.283359453989203e-07,4.750557735343972e-06
2019-12-26,3.405276172004326e-05,1.1892277078967831e-05,4.052607738723057e-06,4.488027716516003e-07,2.0430296648114254e-07,1.155152461941439e-06,4.704379135763074e-06
2019-12-27,1.7056227534641872e-05,1.1907432326035012e-05,5.410222968912666e-06,2.243981842639672e-07,2.2956005061678713e-07,8.930086002742356e-07,6.965152481284407e-06
2019-12-28,1.708777984622916e-05,3.5771334978773066e-05,1.3538374995353983e-06,2.2408148470116936e-07,2.03824195678801e-07,8.508666711874751e-07,5.462800165276518e-06
2019-12-29,5.1363122850122784e-05,2.386201282415038e-05,5.395088693175807e-06,1.543364888029587e-07,2.03615395620991e-07,9.392068025878029e-07,6.5256768579546996e-06
2019-12-30,1.7156014172215284e-05,0.0,9.449930203030009e-06,0.0,3.051404359086347e-07,1.0628688217177434e-06,6.465100448290879e-06
2019-12-31,0.0,1.7900364796571258e-05,2.722011400593028e-06,3.852319415326323e-07,3.048882926836585e-07,1.0123630018679457e-06,6.528623015671009e-06
2020-01-01,1.6885643617110703e-05,1.7450570082352958e-05,9.406468915967368e-06,7.543605483970047e-08,3.47543578175457e-07,1.101578713703177e-06,5.58256146967918e-06
2020-01-02,3.384994054290705e-05,1.1846249693009455e-05,6.649087151714804e-06,2.2618569363634968e-07,3.7213444759099344e-07,1.3195019649454797e-06,7.011499306727999e-06
2020-01-03,0.0,5.915635501998198e-06,1.0793616487071892e-05,3.014477886819338e-07,2.2316279367789313e-07,1.542097906855936e-06,7.115149418970598e-06
2020-01-04,6.803482086193556e-05,1.7046941090008584e-05,5.5537863343279515e-06,3.013447975454768e-07,1.239262418147375e-07,1.1230964260630614e-06,6.584626951058647e-06
2020-01-05,3.493645244941377e-05,5.793758805128321e-06,4.16091373203723e-06,1.5063597056994795e-07,4.2121085822198175e-07,1.067872749709301e-06,7.158832421334144e-06
2020-01-06,1.751852008239185e-05,1.1582866959963138e-05,4.156903808169142e-06,1.5061460608974486e-07,3.461498425961609e-07,1.1744088862413165e-06,6.615046855085516e-06
2020-01-07,1.757056580668387e-05,1.1579374606018052e-05,5.5350807708734655e-06,2.259124547934951e-07,3.9480545161666867e-07,1.255037355262688e-06,6.524142905603715e-06
2020-01-08,1.7597264888199335e-05,2.312391494022872e-05,2.7227433001021155e-06,3.7654265314352195e-07,1.9702528199880322e-07,1.5718717541450408e-06,6.076406206196452e-06
2020-01-09,1.7625723710868057e-05,1.731854480938901e-05,5.41166878870393e-06,7.532044057539727e-08,4.670854095939431e-07,1.3772219439982046e-06,6.920201976456785e-06
2020-01-10,3.5311890241192024e-05,5.765295094173195e-06,6.854278347253174e-06,1.5067976525782989e-07,3.190353833590554e-07,1.536815978057197e-06,7.301734647797598e-06
2020-01-11,3.537586427909874e-05,0.0,4.1061719565096674e-06,3.768342936673948e-07,3.925182684868322e-07,1.3773324266086874e-06,6.065323272127193e-06
2020-01-12,1.7721687966456673e-05,0.0,1.366729175094968e-06,3.0160548634688895e-07,4.2298993657343764e-07,1.4204573571490676e-06,6.398111007676782e-06
2020-01-13,1.7757215976928747e-05,5.521920967523898e-06,5.459484154972672e-06,0.0,2.4189153774038157e-07,1.3006744305878388e-06,7.3359166547480665e-06
2020-01-14,1.779451972379624e-05,1.1176717028702847e-05,6.753205057186296e-06,1.5607742533450788e-07,4.236727768897621e-07,1.3434867809438647e-06,7.181780962024096e-06
2020-01-15,1.783360293746493e-05,0.0,6.7400203089328884e-06,1.5624288821301097e-07,2.2001165571264526e-07,1.5076521171834877e-06,6.908327142513921e-06
2020-01-16,5.362340857886626e-05,5.570442786756198e-06,5.38095892771814e-06,3.910599387763455e-07,4.4097872691857786e-07,1.181836453950828e-06,7.156543533367665e-06
2020-01-17,0.0,3.3720422728893694e-05,3.907792716471637e-06,4.698621160079107e-07,3.8673096057053546e-07,1.2319212656107698e-06,5.845540843711422e-06
2020-01-18,6.837435903247445e-05,1.1218629090359275e-05,7.884642270939017e-06,2.3524964604368038e-07,2.215109762889424e-07,8.457785532353454e-07,5.039902084995882e-06
2020-01-19,1.7120817003931317e-05,1.6797358715017866e-05,7.74962354299657e-06,2.355917592440518e-07,1.942981105923257e-07,1.3279452050286473e-06,6.733744441364642e-06
2020-01-20,1.714975634571181e-05,2.3266847722519034e-05,6.347155147021913e-06,3.932623863611245e-07,3.6175944425177453e-07,1.8496775943432869e-06,7.331660685276377e-06
2020-01-21,1.7180410677418387e-05,2.8993224862322303e-05,6.269053240890849e-06,7.090401009873334e-07,2.511108806583814e-07,1.0447845786159004e-06,7.123326058610388e-06
2020-01-22,4.919704081829991e-05,5.70568320719461e-06,7.510722866095295e-06,4.7286095238804117e-07,3.34615680698126e-07,1.5663055378972567e-06,6.789610699443444e-06
2020-01-23,1.641410071324344e-05,1.1379050449086071e-05,2.531545722673989e-06,3.942298255059591e-07,3.57219654743959e-07,1.6450041981845186e-06,7.03428969147541e-06
2020-01-24,1.6430829244136703e-05,3.3364345107025044e-05,5.163732537811301e-06,2.3568158585622776e-07,4.4664571339571786e-07,1.2426796092605755e-06,7.112158206232031e-06
2020-01-25,6.568838863058949e-05,1.6629175060694222e-05,1.2892795113826918e-06,1.565658965092451e-07,3.5744921864402613e-07,1.1994336828067984e-06,7.158120354914828e-06
2020-01-26,0.0,1.104435230162543e-05,6.438774086690498e-06,3.1205278500225595e-07,3.576176117912177e-07,1.1990136045970692e-06,6.365779141749774e-06
2020-01-27,3.447953527564336e-05,1.717590871155437e-05,6.427352277039935e-06,2.3325373689342513e-07,3.3694838389655184e-07,1.2516647666969797e-06,7.663209902792409e-06
2020-01-28,0.0,1.1400605126646538e-05,5.133258566378579e-06,3.8748535100537724e-07,3.679180652676329e-07,1.4526330185444656e-06,7.131232180773233e-06
2020-01-29,4.917204702331916e-05,5.6758722578016834e-06,1.1531584442834047e-05,1.446194729163591e-07,3.069107229070977e-07,1.2905467741519584e-06,7.299098555748727e-06
2020-01-30,1.718267791967821e-05,2.2608038176943145e-05,7.676326852913506e-06,1.442403975708294e-07,3.9942987424498405e-07,1.0071518067789742e-06,5.982291489074955e-06
2020-01-31,1.6340674344516353e-05,5.553237359900318e-06,5.108688699799162e-06,3.5968936596314373e-07,3.9991575203102496e-07,1.0316304294599983e-06,5.411801307269499e-06
2020-02-01,1.599285698396092e-05,1.0544579031300812e-05,1.3143198137787596e-05,4.290976702785244e-07,1.2248088684848172e-07,7.493881831205818e-07,7.034932350896384e-06
2020-02-02,1.5983893367670892e-05,1.5084583388018839e-05,2.705311283740722e-06,2.6569984337372705e-07,2.1421311986548516e-07,1.496511221378315e-06,6.568829632504424e-06
2020-02-03,6.390611261615034e-05,0.0,5.34443394358985e-06,5.968234009903712e-07,4.716009095576208e-07,1.219112305142782e-06,7.417721171816569e-06
2020-02-04,4.7912281819600505e-05,1.4290722386864777e-05,7.994908074534727e-06,1.986272790757701e-07,5.01056099552955e-07,1.4924296772093091e-06,7.397044536085529e-06
2020-02-05,4.7899770445197254e-05,4.746769938618655e-06,1.0312239717277054e-05,2.6444438317535194e-07,4.126593377763636e-07,1.080532199749822e-06,5.638680489260551e-06
2020-02-06,3.192803272517007e-05,4.730440429231901e-06,5.1442798318300044e-06,3.0547885386840595e-07,3.537647202037934e-07,1.2133331008501999e-06,7.1315155615414695e-06
2020-02-07,1.6791227200021708e-05,4.714583967830118e-06,1.0262358977607018e-05,2.555138522633308e-07,2.3516412133089616e-07,1.0230107668689333e-06,5.987840601342317e-06
2020-02-08,8.386248723211913e-05,1.8796795875015805e-05,6.396021899392281e-06,1.5220120206777787e-07,2.345086124673672e-07,1.6274153755807042e-06,7.501697605688913e-06
2020-02-09,5.018248415167134e-05,9.361072681664981e-06,1.1481676281540265e-05,1.511093130245988e-07,2.6311112399307326e-07,1.0960739379745787e-06,7.587327272983664e-06
2020-02-10,3.336832950287017e-05,4.654846665129214e-06,8.762314429420108e-06,3.0006507007729406e-07,2.6242637029201764e-07,1.2773828862926596e-06,6.723943271296807e-06
2020-02-11,3.322910595340225e-05,1.8218443072344534e-05,2.4157086173298916e-06,2.979415208624534e-07,3.4902381259557417e-07,1.3494334504067706e-06,6.520760730260382e-06
2020-02-12,1.6518652431786406e-05,1.722224318544908e-05,4.6578873840866674e-06,4.437716490719765e-07,4.926055568351735e-07,1.123423169988883e-06,7.322448987369772e-06
2020-02-13,1.6424403765880465e-05,1.2852714463844915e-05,7.845040726226091e-06,2.9378359625666067e-07,2.1100814310065766e-07,8.371174356224715e-07,5.82629149892014e-06
2020-02-14,1.6331797554038152e-05,2.0754131877126483e-05,2.2342269454619967e-06,1.944992033798555e-07,4.687127110586483e-08,8.163851342215568e-07,6.944246387449645e-06
2020-02-15,3.08032775300448e-05,1.2394434202460011e-05,3.280909426181651e-06,9.658106300217918e-08,2.3428265455543478e-07,1.0765326896457443e-06,5.767927647036362e-06
2020-02-16,0.0,1.6450171643190814e-05,5.372330407821191e-06,4.914631180983424e-07,1.6396266742956602e-07,1.0400504991670035e-06,5.294065258666071e-06
2020-02-17,3.048234614532652e-05,1.1831986776168644e-05,7.497740387051614e-06,1.3291345369780223e-07,3.044671928511695e-07,1.3836846283535654e-06,6.513276342359037e-06
2020-02-18,1.516323039486962e-05,0.0,1.0478704904631826e-05,1.3180480300673334e-07,3.0446273602043926e-07,1.0632981593514838e-06,6.7012636049299255e-06
2020-02-19,1.5086804052751537e-05,3.799746864983516e-06,7.172256400098588e-06,1.742791105410704e-07,3.0448872571703094e-07,1.1927295962943124e-06,7.829640477717316e-06
2020-02-20,1.5011886403611107e-05,1.4689999405813702e-05,4.006595634955499e-06,4.320897794902922e-08,2.811186134214791e-07,7.598740238125259e-07,5.88517561756407e-06
2020-02-21,2.9876939911241967e-05,1.0291457381427314e-05,5.813998259850854e-06,1.2855749758978008e-07,1.6403264668704463e-07,1.0532487678184343e-06,6.066442557107778e-06
2020-02-22,0.0,1.3664446231647438e-05,9.460741554496748e-07,3.400024458383014e-07,3.5163394059912057e-07,8.3372201190206e-07,5.860069538118419e-06
2020-02-23,4.43883343369648e-05,6.804157872034352e-06,4.577261390620689e-06,2.5291417397383204e-07,2.345363441801563e-07,8.622414811137619e-07,4.878128206958318e-06
2020-02-24,1.4713180028047416e-05,6.769277944385978e-06,1.7970221936545386e-06,2.926604393966143e-07,1.642714605868685e-07,9.281165940888242e-07,6.510429628886606e-06
2020-02-25,2.9263439881407447e-05,1.347014990034625e-05,4.475575176372055e-06,8.29381739366425e-08,3.3141003942668963e-07,5.846045174212791e-07,6.447588271286345e-06
2020-02-26,1.4551723037547244e-05,0.0,4.359132036856396e-06,1.2340106004114204e-07,3.097673561687364e-07,8.87492066643752e-07,6.085719202068109e-06
2020-02-27,1.363399554828227e-05,0.0,3.395303144256101e-06,1.6320959918154538e-07,3.767317209329121e-07,6.696965210107631e-07,4.623439049422449e-06
2020-02-28,5.4261004790724486e-05,9.28635257382756e-06,4.228246313745333e-06,2.4285115910624197e-07,1.775788423548754e-07,9.124254681115984e-07,4.981079482715374e-06
2020-02-29,1.3497863383504154e-05,6.1638066383188e-06,8.152490029157575e-07,1.2045610237922655e-07,2.001261678849383e-07,8.199847254417978e-07,5.721085563381986e-06
2020-03-01,0.0,1.2225263075818765e-05,4.877405360250037e-06,1.5953248006138829e-07,1.9916268899187616e-07,9.61586766530033e-07,5.130846217706589e-06
2020-03-02,1.3661607062726436e-05,0.0,4.04784767643665e-06,2.769729346695229e-07,1.0993581904000088e-07,7.530333010451667e-07,4.973787222787891e-06
2020-03-03,2.7193706383252908e-05,1.212343696361167e-05,6.450553078622609e-06,1.5669543309861734e-07,3.0586274158915785e-07,1.0496843699460306e-06,5.08971911578256e-06
2020-03-04,4.060037705152916e-05,2.7919683276848267e-06,1.5657492723626814e-06,7.756814374427e-08,1.7367758651163343e-07,6.034643039937988e-07,5.492795553605812e-06
2020-03-05,2.69428363998119e-05,5.559477498203733e-06,2.279128533333893e-06,1.1519449172736912e-07,2.1574228930891383e-07,6.817399522290882e-07,4.694254466854696e-06
2020-03-06,2.682144907136346e-05,1.1071148586841093e-05,2.2084651300901155e-06,1.1404828738350172e-07,1.2864550193220157e-07,6.506292861800034e-07,4.961983977310017e-06
2020-03-07,3.7481097023569025e-05,2.754246089025946e-06,3.6644172403853342e-06,3.763782932113774e-08,2.3440724071683058e-07,5.469085109419039e-07,4.0149496060617276e-06
2020-03-08,1.2444215563996801e-05,0.0,1.4584817505292636e-06,1.1178997998621595e-07,1.0590356158062266e-07,4.980842523204944e-07,4.114592792820212e-06
2020-03-09,3.7187929656191616e-05,2.617039193368682e-06,1.411326112528065e-06,7.378510073345061e-08,2.1053793565055826e-07,8.09346421040161e-07,4.157445859532775e-06
2020-03-10,2.4697954296232335e-05,2.4858946893362305e-06,2.1070951815028025e-06,1.095763900714776e-07,2.3021878231977366e-07,6.251208592644218e-07,5.235490158111787e-06
2020-03-11,2.4606425304348246e-05,1.1220301244953212e-05,2.05739556372079e-06,3.6162028924366796e-08,1.872563379496485e-07,6.651563253500267e-07,4.833726640777108e-06
2020-03-12,1.2258678487750004e-05,6.686497056047175e-06,4.0966403997945825e-06,0.0,1.969236251498243e-07,4.844449996283383e-07,3.70889956041152e-06
2020-03-13,3.4073091762479665e-05,0.0,1.9978339686999005e-06,1.9315146745019746e-07,2.6624201423140276e-07,6.157815129365383e-07,4.311117463714496e-06
2020-03-14,0.0,4.398087425659803e-06,3.3088340606030505e-06,1.3206780110651318e-07,1.583870620636206e-07,5.695088873018886e-07,3.8107069269907458e-06
2020-03-15,1.043405122932405e-05,8.289660775737986e-06,1.972965435721819e-06,8.716913635274771e-08,2.7919067453616985e-07,6.064387091254114e-07,3.7249267131426593e-06
2020-03-16,2.082258814541228e-05,3.89424037645521e-06,1.307218488846349e-06,6.472634171557232e-08,2.768322691482386e-07,7.671035612893344e-07,3.834111567598014e-06
2020-03-17,0.0,0.0,2.491804575588012e-06,4.2721535903129475e-08,1.884284476570503e-07,6.503047976343656e-07,3.068194455449307e-06
2020-03-18,0.0,3.3733303128317053e-06,1.2386020282588855e-06,2.114822475920123e-08,1.1871589753957591e-07,6.252682882862845e-07,3.4983872029791284e-06
2020-03-19,9.414412522468504e-06,1.6698825577000296e-06,1.231425629958762e-06,4.1875592813874426e-08,3.190226339751953e-07,5.425004482423844e-07,2.9195318211024214e-06
2020-03-20,8.489434328793389e-06,0.0,1.224372375247826e-06,6.218838555528637e-08,1.9948314046065084e-07,5.897093453810454e-07,3.705080578570743e-06
2020-03-21,8.431597789279318e-06,1.63681666763566e-06,2.3815279952337417e-06,0.0,1.645818750406911e-07,5.665391958117126e-07,3.0065520852028456e-06
2020-03-22,0.0,1.6205300696705527e-06,5.907773868065102e-07,2.0318991005460224e-08,2.0214288702928934e-07,4.7123248579381115e-07,2.949202008142133e-06
2020-03-23,0.0,0.0,3.3493289544761728e-06,2.0116813666906733e-08,1.715413128830784e-07,4.7476557082804303e-07,2.7875377174331137e-06
2020-03-24,0.0,0.0,1.0253015079832287e-06,5.974994407945202e-08,1.6983444830100578e-07,4.541003588587577e-07,2.76250664467889e-06
2020-03-25,0.0,0.0,4.8754162287739e-07,1.9718474067461185e-08,1.8215661458073348e-07,4.504364705476352e-07,2.439824679753132e-06
2020-03-26,1.6309899717886788e-05,2.894284821288911e-06,4.826905026755595e-07,1.952227197227723e-08,2.6357987643518177e-07,4.964640291765914e-07,2.51104364242614e-06
2020-03-27,8.102088496064665e-06,1.432743103069913e-06,0.0,3.865604424111823e-08,1.2361131134728957e-07,5.581584362806282e-07,2.488754720405427e-06
2020-03-28,0.0,0.0,0.0,0.0,1.0814456458421771e-07,4.7228500642038864e-07,2.0486274427221265e-06
2020-03-29,0.0,0.0,8.837600086287321e-07,5.8309439176766195e-09,6.424110491248855e-08,3.118084078079765e-07,1.9533781940627576e-06
2020-03-30,0.0,2.5566686946017417e-06,0.0,2.3091700225185843e-08,1.0600315873078693e-07,3.867140836079371e-07,2.271446150766068e-06
2020-03-31,0.0,0.0,0.0,5.715483492232718e-09,8.395872774264182e-08,2.0774188614955668e-07,2.3113386612637603e-06
2020-04-01,0.0,1.0334899064271451e-06,4.0165265344233097e-07,1.1318447279934042e-08,1.1433282019372483e-07,3.132376207569064e-07,2.368541745019734e-06
2020-04-02,0.0,1.0232065100396383e-06,0.0,1.1205826847797421e-08,8.232377427263331e-08,2.9602445188370733e-07,1.404366087538145e-06
2020-04-03,0.0,1.0130254351558106e-06,0.0,1.6641490511525702e-08,5.09403993951404e-08,2.3725439568302865e-07,1.5389241689473026e-06
2020-04-04,0.0,3.008836990979066e-06,3.5330729216534226e-07,3.2951809828548754e-08,9.078036111409496e-08,3.1993618844347933e-07,1.520976619616524e-06
2020-04-05,4.227323627509694e-06,0.0,6.995836517413316e-07,1.0874644614162967e-08,5.991805428579944e-08,2.534022161430474e-07,1.633923584081403e-06
2020-04-06,4.185261054619903e-06,0.0,0.0,1.0766440092333333e-08,5.932185968422937e-08,3.157429917476923e-07,1.8384012989858393e-06
2020-04-07,0.0,0.0,0.0,0.0,9.788599553010459e-08,3.063321416912202e-07,1.8582929364570838e-06
2020-04-08,0.0,0.0,3.2622663177880893e-07,0.0,9.691201360095185e-08,2.1556507740381618e-07,1.7228142845464857e-06
2020-04-09,0.0,0.0,0.0,0.0,1.2473203984009534e-07,2.1908587965919155e-07,1.3695331727114228e-06
2020-04-10,0.0,0.0,6.196928983701055e-07,8.338988763181121e-09,6.649511901139746e-08,2.451980176985954e-07,1.2781116390637721e-06
2020-04-11,0.0,8.228182086769228e-07,0.0,2.7520048128745508e-09,8.464304767161241e-08,1.6634057125839214e-07,1.2329427796197585e-06
2020-04-12,0.0,8.146310307063756e-07,2.836707488452733e-07,0.0,1.396680587921713e-07,2.4702818238016917e-07,1.5004127676062908e-06
2020-04-13,0.0,8.065253165177606e-07,2.407675185843162e-07,5.3950229330268795e-09,8.296700303235493e-08,1.8787370498081877e-07,1.444431360466502e-06
2020-04-14,0.0,0.0,0.0,8.012012336874317e-09,7.301463783008862e-08,2.2449177469252243e-07,1.3197273995414275e-06
2020-04-15,3.3924484458034355e-06,0.0,7.080000068751189e-07,0.0,9.03601625561687e-08,1.510073857229021e-07,1.5449414598301585e-06
2020-04-16,0.0,6.725908884750805e-07,0.0,2.617787954373854e-09,6.262274474139783e-08,1.667553952602237e-07,1.229998274581718e-06
2020-04-17,0.0,6.658984973159585e-07,0.0,7.775221587055225e-09,5.314254687440359e-08,1.4232426840875972e-07,1.3668701938082574e-06
2020-04-18,0.0,6.592726965614857e-07,4.313298568498823e-07,0.0,7.015169293068085e-08,1.1272649462125165e-07,7.961997866051655e-07
2020-04-19,0.0,6.527128236260645e-07,0.0,5.0808412561983844e-09,6.945367192324326e-08,7.254315071828283e-08,6.697411016654671e-07
2020-04-20,0.0,6.462182225169353e-07,1.915535517571893e-07,5.030286041005126e-09,3.3291687803813376e-08,1.4415649796226872e-07,8.711072790639113e-07
2020-04-21,3.1948876282706818e-06,0.0,1.896475620712679e-07,9.96046771721577e-09,2.6967624525322892e-08,1.0258152147976089e-07,1.0568202708343144e-06
2020-04-22,0.0,0.0,0.0,0.0,2.3732704158138593e-08,8.150064694094805e-08,9.856493865760454e-07
2020-04-23,0.0,0.0,0.0,0.0,2.643362978195621e-08,1.0422419835768303e-07,7.981865791244687e-07
2020-04-24,3.10046442904467e-06,1.0934866125568138e-06,0.0,0.0,3.780199333590739e-08,9.652991475623447e-08,6.696987203076247e-07
2020-04-25,3.069614292520885e-06,0.0,1.543136434396246e-07,0.0,1.727347256197028e-08,8.238743625537178e-08,6.895565109706984e-07
2020-04-26,0.0,4.79755998543023e-07,1.5277819703262873e-07,0.0,1.710159863824949e-08,8.809308097306313e-08,7.220815768768421e-07
2020-04-27,0.0,0.0,1.378978088561688e-07,0.0,1.6931434888643905e-08,9.056482814896481e-08,7.966360136949008e-07
2020-04-28,0.0,9.405123865656577e-07,0.0,0.0,1.9556791679409555e-08,5.0106181411637856e-08,7.562906279593175e-07
2020-04-29,0.0,2.4093280633749984e-07,1.351672492927252e-07,0.0,1.659617001502847e-08,6.788410689401793e-08,5.811401742866662e-07
2020-04-30,0.0,0.0,1.3382231269059495e-07,0.0,1.9169541258293838e-08,6.203875268735373e-08,4.159409016277431e-07
2020-05-01,0.0,0.0,0.0,0.0,1.356525695097388e-08,4.8628147035919776e-08,4.1230975408964216e-07
2020-05-02,0.0,0.0,0.0,0.0,3.3142343857093686e-09,4.814428888844248e-08,4.136858744859608e-07
2020-05-03,0.0,0.0,0.0,0.0,7.382828705799007e-09,5.268263944260327e-08,2.1963935760834986e-07
2020-05-04,0.0,2.2904077508443912e-07,0.0,0.0,8.121520369749882e-09,3.263967140847495e-08,4.04705887096936e-07
2020-05-05,0.0,0.0,8.555448173439559e-08,0.0,1.6081419783722702e-09,3.351174944609137e-08,3.707775786079571e-07
2020-05-06,0.0,0.0,0.0,0.0,0.0,2.8438544543782742e-08,3.0788049295248073e-07
2020-05-07,0.0,0.0,0.0,0.0,0.0,3.284817234724715e-08,2.1031386958050192e-07
2020-05-08,0.0,0.0,8.302596467420161e-08,0.0,0.0,3.0198375601973485e-08,2.6260832017188854e-07
2020-05-09,0.0,0.0,0.0,0.0,0.0,1.9548624794303433e-08,2.681201775938055e-07
2020-05-10,0.0,0.0,0.0,0.0,0.0,2.7323453262529386e-08,1.71766366599352e-07
2020-05-11,0.0,0.0,4.048751705621395e-08,0.0,0.0,2.4797281996685346e-08,1.383516713453997e-07
2020-05-12,0.0,0.0,0.0,0.0,0.0,3.236208193769261e-08,1.512432835076026e-07
2020-05-13,0.0,0.0,0.0,0.0,0.0,3.093524370970023e-08,1.0068199576012408e-07
2020-05-14,0.0,0.0,0.0,0.0,0.0,3.6096617336739195e-08,1.0532246824859126e-07
2020-05-15,0.0,0.0,0.0,0.0,0.0,2.707382575238331e-08,8.192995814109057e-08
2020-05-16,0.0,0.0,0.0,0.0,0.0,2.7876614152505084e-08,1.0692397734832849e-07
2020-05-17,0.0,0.0,0.0,0.0,0.0,3.609131019400117e-08,1.1498593375591871e-07
2020-05-18,0.0,0.0,0.0,0.0,0.0,3.152840793296515e-08,9.938570242729695e-08
2020-05-19,0.0,0.0,0.0,0.0,0.0,1.976930685385847e-08,9.481873277736456e-08
2020-05-20,0.0,0.0,0.0,0.0,0.0,2.987396683978774e-08,8.50191130166369e-08
2020-05-21,0.0,0.0,0.0,0.0,0.0,0.0,8.768037365377405e-08
2020-05-22,0.0,0.0,0.0,0.0,0.0,0.0,9.028025693334329e-08
2020-05-23,0.0,0.0,0.0,0.0,0.0,0.0,1.1000855799100149e-07
2020-05-24,0.0,0.0,0.0,0.0,0.0,0.0,9.359792969138627e-08
2020-05-25,0.0,0.0,0.0,0.0,0.0,0.0,1.1793932783846599e-07
2020-05-26,0.0,0.0,0.0,0.0,0.0,0.0,1.1509772889154814e-07
2020-05-27,0.0,0.0,0.0,0.0,0.0,0.0,1.1064951670604248e-07
2020-05-28,0.0,0.0,0.0,0.0,0.0,0.0,1.0627843007837023e-07
2020-05-29,0.0,0.0,0.0,0.0,0.0,0.0,8.903310479479565e-08
2020-05-30,0.0,0.0,0.0,0.0,0.0,0.0,8.814721060025967e-08
2020-05-31,0.0,0.0,0.0,0.0,0.0,0.0,0.0
2020-06-01,0.0,0.0,0.0,0.0,0.0,0.0,0.0
2020-06-02,0.0,0.0,0.0,0.0,0.0,0.0,0.0
2020-06-03,0.0,0.0,0.0,0.0,0.0,0.0,0.0
2020-06-04,0.0,0.0,0.0,0.0,0.0,0.0,0.0
2020-06-05,0.0,0.0,0.0,0.0,0.0,0.0,0.0
2020-06-06,0.0,0.0,0.0,0.0,0.0,0.0,0.0
2020-06-07,0.0,0.0,0.0,0.0,0.0,0.0,0.0
2020-06-08,0.0,0.0,0.0,0.0,0.0,0.0,0.0
2020-06-09,0.0,0.0,0.0,0.0,0.0,0.0,0.0
2020-06-10,0.0,0.0,0.0,0.0,0.0,0.0,0.0
2020-06-11,0.0,0.0,0.0,0.0,0.0,0.0,0.0
2020-06-12,0.0,0.0,0.0,0.0,0.0,0.0,0.0
2020-06-13,0.0,0.0,0.0,0.0,0.0,0.0,0.0
2020-06-14,0.0,0.0,0.0,0.0,0.0,0.0,0.0
2020-06-15,0.0,0.0,0.0,0.0,0.0,0.0,0.0
2020-06-16,0.0,0.0,0.0,0.0,0.0,0.0,0.0
2020-06-17,0.0,0.0,0.0,0.0,0.0,0.0,0.0
2020-06-18,0.0,0.0,0.0,0.0,0.0,0.0,0.0
2020-06-19,0.0,0.0,0.0,0.0,0.0,0.0,0.0
2020-06-20,0.0,0.0,0.0,0.0,0.0,0.0,0.0
2020-06-21,0.0,0.0,0.0,0.0,0.0,0.0,0.0
2020-06-22,0.0,0.0,0.0,0.0,0.0,0.0,0.0
2020-06-23,0.0,0.0,0.0,0.0,0.0,0.0,0.0
2020-06-24,0.0,0.0,0.0,0.0,0.0,0.0,0.0
2020-06-25,0.0,0.0,0.0,0.0,0.0,0.0,0.0
2020-06-26,0.0,0.0,0.0,0.0,0.0,0.0,0.0
2020-06-27,0.0,0.0,0.0,0.0,0.0,0.0,0.0
2020-06-28,0.0,0.0,0.0,0.0,0.0,0.0,0.0
2020-06-29,0.0,0.0,0.0,0.0,0.0,0.0,0.0
2020-06-30,0.0,0.0,0.0,0.0,0.0,0.0,0.0
2020-07-01,0.0,0.0,0.0,0.0,0.0,0.0,0.0
2020-07-02,0.0,0.0,0.0,0.0,0.0,0.0,0.0
2020-07-03,0.0,0.0,0.0,0.0,0.0,0.0,0.0
2020-07-04,0.0,0.0,0.0,0.0,0.0,0.0,0.0
2020-07-05,0.0,0.0,0.0,0.0,0.0,0.0,0.0
2020-07-06,0.0,0.0,0.0,0.0,0.0,0.0,0.0
2020-07-07,0.0,0.0,0.0,0.0,0.0,0.0,0.0
2020-07-08,0.0,0.0,0.0,0.0,0.0,0.0,0.0
2020-07-09,0.0,0.0,0.0,0.0,0.0,0.0,0.0
2020-07-10,0.0,0.0,0.0,0.0,0.0,0.0,0.0
2020-07-11,0.0,0.0,0.0,0.0,0.0,0.0,0.0
2020-07-12,0.0,0.0,0.0,0.0,0.0,0.0,0.0
2020-07-13,0.0,0.0,0.0,0.0,0.0,0.0,0.0
2020-07-14,0.0,0.0,0.0,0.0,0.0,0.0,0.0
2020-07-15,0.0,0.0,0.0,0.0,0.0,0.0,0.0
2020-07-16,0.0,0.0,0.0,0.0,0.0,0.0,0.0
2020-07-17,0.0,0.0,0.0,0.0,0.0,0.0,0.0
2020-07-18,0.0,0.0,0.0,0.0,0.0,0.0,0.0
2020-07-19,0.0,0.0,0.0,0.0,0.0,0.0,0.0
2020-07-20,0.0,0.0,0.0,0.0,0.0,0.0,0.0
2020-07-21,0.0,0.0,0.0,0.0,0.0,0.0,0.0
2020-07-22,0.0,0.0,0.0,0.0,0.0,0.0,0.0
2020-07-23,0.0,0.0,0.0,0.0,0.0,0.0,0.0
2020-07-24,0.0,0.0,0.0,0.0,0.0,0.0,0.0
2020-07-25,0.0,0.0,0.0,0.0,0.0,0.0,0.0
2020-07-26,0.0,0.0,0.0,0.0,0.0,0.0,0.0
2020-07-27,0.0,0.0,0.0,0.0,0.0,0.0,0.0
2020-07-28,0.0,0.0,0.0,0.0,0.0,0.0,0.0
2020-07-29,0.0,0.0,0.0,0.0,0.0,0.0,0.0
2020-07-30,0.0,0.0,0.0,0.0,0.0,0.0,0.0
2020-07-31,0.0,0.0,0.0,0.0,0.0,0.0,0.0
2020-08-01,0.0,0.0,0.0,0.0,0.0,0.0,0.0
2020-08-02,0.0,0.0,0.0,0.0,0.0,0.0,0.0
2020-08-03,0.0,0.0,0.0,0.0,0.0,0.0,0.0
2020-08-04,0.0,0.0,0.0,0.0,0.0,0.0,0.0
2020-08-05,0.0,0.0,0.0,0.0,0.0,0.0,0.0
2020-08-06,0.0,0.0,0.0,0.0,0.0,0.0,0.0
2020-08-07,0.0,0.0,0.0,0.0,0.0,0.0,0.0
2020-08-08,0.0,0.0,0.0,0.0,0.0,0.0,0.0
2020-08-09,0.0,0.0,0.0,0.0,0.0,0.0,0.0
2020-08-10,0.0,0.0,0.0,0.0,0.0,0.0,0.0
2020-08-11,0.0,0.0,0.0,0.0,0.0,0.0,0.0
2020-08-12,0.0,0.0,0.0,0.0,0.0,0.0,0.0
2020-08-13,0.0,0.0,0.0,0.0,0.0,0.0,0.0
2020-08-14,0.0,0.0,0.0,0.0,0.0,0.0,0.0
2020-08-15,0.0,0.0,0.0,0.0,0.0,0.0,0.0
2020-08-16,0.0,0.0,0.0,0.0,0.0,0.0,0.0
2020-08-17,0.0,0.0,0.0,0.0,0.0,0.0,0.0
2020-08-18,0.0,0.0,0.0,0.0,0.0,0.0,0.0
2020-08-19,0.0,0.0,0.0,0.0,0.0,0.0,0.0
2020-08-20,0.0,0.0,0.0,0.0,0.0,0.0,0.0
2020-08-21,0.0,0.0,0.0,0.0,0.0,0.0,0.0
2020-08-22,0.0,0.0,0.0,0.0,0.0,0.0,0.0
2020-08-23,0.0,0.0,0.0,0.0,0.0,0.0,0.0
2020-08-24,0.0,0.0,0.0,0.0,0.0,0.0,0.0
2020-08-25,0.0,0.0,0.0,0.0,0.0,0.0,0.0
2020-08-26,0.0,0.0,0.0,0.0,0.0,0.0,0.0
2020-08-27,0.0,0.0,0.0,0.0,0.0,0.0,0.0
2020-08-28,0.0,0.0,0.0,0.0,0.0,0.0,0.0
2020-08-29,0.0,0.0,0.0,0.0,0.0,0.0,0.0
2020-08-30,0.0,0.0,0.0,0.0,0.0,0.0,0.0
2020-08-31,0.0,0.0,0.0,0.0,0.0,0.0,0.0
2020-09-01,0.0,0.0,0.0,0.0,0.0,0.0,0.0
2020-09-02,0.0,0.0,0.0,0.0,0.0,0.0,0.0
2020-09-03,0.0,0.0,0.0,0.0,0.0,0.0,0.0
2020-09-04,0.0,0.0,0.0,0.0,0.0,0.0,0.0
2020-09-05,0.0,0.0,0.0,0.0,0.0,0.0,0.0
2020-09-06,0.0,0.0,0.0,0.0,0.0,0.0,0.0
2020-09-07,0.0,0.0,0.0,0.0,0.0,0.0,0.0
2020-09-08,0.0,0.0,0.0,0.0,0.0,0.0,0.0
2020-09-09,0.0,0.0,0.0,0.0,0.0,0.0,0.0
2020-09-10,0.0,0.0,0.0,0.0,0.0,0.0,0.0
2020-09-11,0.0,0.0,0.0,0.0,0.0,0.0,0.0
2020-09-12,0.0,0.0,0.0,0.0,0.0,0.0,0.0
2020-09-13,0.0,0.0,0.0,0.0,0.0,0.0,0.0
2020-09-14,0.0,0.0,0.0,0.0,0.0,0.0,0.0
2020-09-15,0.0,0.0,0.0,0.0,0.0,0.0,0.0
2020-09-16,0.0,0.0,0.0,0.0,0.0,0.0,0.0
2020-09-17,0.0,0.0,0.0,0.0,0.0,0.0,0.0
2020-09-18,0.0,0.0,0.0,0.0,0.0,0.0,0.0
2020-09-19,0.0,0.0,0.0,0.0,0.0,0.0,0.0
2020-09-20,0.0,0.0,0.0,0.0,0.0,0.0,0.0
2020-09-21,0.0,0.0,0.0,0.0,0.0,0.0,0.0
2020-09-22,0.0,0.0,0.0,0.0,0.0,0.0,0.0
2020-09-23,0.0,0.0,0.0,0.0,0.0,0.0,0.0
2020-09-24,0.0,0.0,0.0,0.0,0.0,0.0,0.0
2020-09-25,0.0,0.0,0.0,0.0,0.0,0.0,0.0
2020-09-26,0.0,0.0,0.0,0.0,0.0,0.0,0.0
2020-09-27,0.0,0.0,0.0,0.0,0.0,0.0,0.0
2020-09-28,0.0,0.0,0.0,0.0,0.0,0.0,0.0
2020-09-29,0.0,0.0,0.0,0.0,0.0,0.0,0.0
2020-09-30,0.0,0.0,0.0,0.0,0.0,0.0,0.0
2020-10-01,0.0,0.0,0.0,0.0,0.0,0.0,0.0
2020-10-02,0.0,0.0,0.0,0.0,0.0,0.0,0.0
2020-10-03,0.0,0.0,0.0,0.0,0.0,0.0,0.0
2020-10-04,0.0,0.0,0.0,0.0,0.0,0.0,0.0
2020-10-05,0.0,0.0,0.0,0.0,0.0,0.0,0.0
2020-10-06,0.0,0.0,0.0,0.0,0.0,0.0,0.0
2020-10-07,0.0,0.0,0.0,0.0,0.0,0.0,0.0
2020-10-08,0.0,0.0,0.0,0.0,0.0,0.0,0.0
2020-10-09,0.0,0.0,0.0,0.0,0.0,0.0,0.0
2020-10-10,0.0,0.0,0.0,0.0,0.0,0.0,0.0
2020-10-11,0.0,0.0,0.0,0.0,0.0,0.0,0.0
2020-10-12,0.0,0.0,0.0,0.0,0.0,0.0,0.0
2020-10-13,0.0,0.0,0.0,0.0,0.0,0.0,0.0
2020-10-14,0.0,0.0,0.0,0.0,0.0,0.0,0.0
2020-10-15,0.0,0.0,0.0,0.0,0.0,0.0,0.0
2020-10-16,0.0,0.0,0.0,0.0,0.0,0.0,0.0
2020-10-17,0.0,0.0,0.0,0.0,0.0,0.0,0.0
2020-10-18,0.0,0.0,0.0,0.0,0.0,0.0,0.0
2020-10-19,0.0,0.0,0.0,0.0,0.0,0.0,0.0
2020-10-20,0.0,0.0,0.0,0.0,0.0,0.0,0.0
2020-10-21,0.0,0.0,0.0,0.0,0.0,0.0,0.0
2020-10-22,0.0,0.0,0.0,0.0,0.0,0.0,0.0
2020-10-23,0.0,0.0,0.0,0.0,0.0,0.0,0.0
2020-10-24,0.0,0.0,0.0,0.0,0.0,0.0,0.0
2020-10-25,0.0,0.0,0.0,0.0,0.0,0.0,0.0
2020-10-26,0.0,0.0,0.0,0.0,0.0,0.0,0.0
2020-10-27,0.0,0.0,0.0,0.0,0.0,0.0,0.0
2020-10-28,0.0,0.0,0.0,0.0,0.0,0.0,0.0
2020-10-29,0.0,0.0,0.0,0.0,0.0,0.0,0.0
2020-10-30,0.0,0.0,0.0,0.0,0.0,0.0,0.0
2020-10-31,0.0,0.0,0.0,0.0,0.0,0.0,0.0
2020-11-01,0.0,0.0,0.0,0.0,0.0,0.0,0.0
2020-11-02,0.0,0.0,0.0,0.0,0.0,0.0,0.0
2020-11-03,0.0,0.0,0.0,0.0,0.0,0.0,0.0
2020-11-04,0.0,0.0,0.0,0.0,0.0,0.0,0.0
2020-11-05,0.0,0.0,0.0,0.0,0.0,0.0,0.0
2020-11-06,0.0,0.0,0.0,0.0,0.0,0.0,0.0
2020-11-07,0.0,0.0,0.0,0.0,0.0,0.0,0.0
2020-11-08,0.0,0.0,0.0,0.0,0.0,0.0,0.0
2020-11-09,0.0,0.0,0.0,0.0,0.0,0.0,0.0
2020-11-10,0.0,0.0,0.0,0.0,0.0,0.0,0.0
2020-11-11,0.0,0.0,0.0,0.0,0.0,0.0,0.0
2020-11-12,0.0,0.0,0.0,0.0,0.0,0.0,0.0
2020-11-13,0.0,0.0,0.0,0.0,0.0,0.0,0.0
2020-11-14,0.0,0.0,0.0,0.0,0.0,0.0,0.0
2020-11-15,0.0,0.0,0.0,0.0,0.0,0.0,0.0
2020-11-16,0.0,0.0,0.0,0.0,0.0,0.0,0.0
2020-11-17,0.0,0.0,0.0,0.0,0.0,0.0,0.0
2020-11-18,0.0,0.0,0.0,0.0,0.0,0.0,0.0
2020-11-19,0.0,0.0,0.0,0.0,0.0,0.0,0.0
2020-11-20,0.0,0.0,0.0,0.0,0.0,0.0,0.0
2020-11-21,0.0,0.0,0.0,0.0,0.0,0.0,0.0
2020-11-22,0.0,0.0,0.0,0.0,0.0,0.0,0.0
2020-11-23,0.0,0.0,0.0,0.0,0.0,0.0,0.0
2020-11-24,0.0,0.0,0.0,0.0,0.0,0.0,0.0
2020-11-25,0.0,0.0,0.0,0.0,0.0,0.0,0.0
2020-11-26,0.0,0.0,0.0,0.0,0.0,0.0,0.0
2020-11-27,0.0,0.0,0.0,0.0,0.0,0.0,0.0
2020-11-28,0.0,0.0,0.0,0.0,0.0,0.0,0.0
2020-11-29,0.0,0.0,0.0,0.0,0.0,0.0,0.0
2020-11-30,0.0,0.0,0.0,0.0,0.0,0.0,0.0
2020-12-01,0.0,0.0,0.0,0.0,0.0,0.0,0.0
2020-12-02,0.0,0.0,0.0,0.0,0.0,0.0,0.0
2020-12-03,0.0,0.0,0.0,0.0,0.0,0.0,0.0
2020-12-04,0.0,0.0,0.0,0.0,0.0,0.0,0.0
2020-12-05,0.0,0.0,0.0,0.0,0.0,0.0,0.0
2020-12-06,0.0,0.0,0.0,0.0,0.0,0.0,0.0
2020-12-07,0.0,0.0,0.0,0.0,0.0,0.0,0.0
2020-12-08,0.0,0.0,0.0,0.0,0.0,0.0,0.0
2020-12-09,0.0,0.0,0.0,0.0,0.0,0.0,0.0
2020-12-10,0.0,0.0,0.0,0.0,0.0,0.0,0.0
2020-12-11,0.0,0.0,0.0,0.0,0.0,0.0,0.0
2020-12-12,0.0,0.0,0.0,0.0,0.0,0.0,0.0
2020-12-13,0.0,0.0,0.0,0.0,0.0,0.0,0.0
2020-12-14,0.0,0.0,0.0,0.0,0.0,0.0,0.0
2020-12-15,0.0,0.0,0.0,0.0,0.0,0.0,0.0
2020-12-16,0.0,0.0,0.0,0.0,0.0,0.0,0.0
2020-12-17,0.0,0.0,0.0,0.0,0.0,0.0,0.0
2020-12-18,0.0,0.0,0.0,0.0,0.0,0.0,0.0
2020-12-19,0.0,0.0,0.0,0.0,0.0,0.0,0.0
2020-12-20,0.0,0.0,0.0,0.0,0.0,0.0,0.0
2020-12-21,0.0,0.0,0.0,0.0,0.0,0.0,0.0
2020-12-22,0.0,0.0,0.0,0.0,0.0,0.0,0.0
2020-12-23,0.0,0.0,0.0,0.0,0.0,0.0,0.0
2020-12-24,0.0,0.0,0.0,0.0,0.0,0.0,0.0
2020-12-25,0.0,0.0,0.0,0.0,0.0,0.0,0.0
2020-12-26,0.0,0.0,0.0,0.0,0.0,0.0,0.0
2020-12-27,0.0,0.0,0.0,0.0,0.0,0.0,0.0
2020-12-28,0.0,0.0,0.0,0.0,0.0,0.0,0.0
2020-12-29,0.0,0.0,0.0,0.0,0.0,0.0,0.0
2020-12-30,0.0,0.0,0.0,0.0,0.0,0.0,0.0
2020-12-31,0.0,0.0,0.0,0.0,0.0,0.0,0.0
2021-01-01,0.0,0.0,0.0,0.0,0.0,0.0,0.0
2021-01-02,0.0,0.0,0.0,0.0,0.0,0.0,0.0
2021-01-03,0.0,0.0,0.0,0.0,0.0,0.0,0.0
2021-01-04,0.0,0.0,0.0,0.0,0.0,0.0,0.0
2021-01-05,0.0,0.0,0.0,0.0,0.0,0.0,0.0
2021-01-06,0.0,0.0,0.0,0.0,0.0,0.0,0.0
2021-01-07,0.0,0.0,0.0,0.0,0.0,0.0,0.0
2021-01-08,0.0,0.0,0.0,0.0,0.0,0.0,0.0
2021-01-09,0.0,0.0,0.0,0.0,0.0,0.0,0.0
2021-01-10,0.0,0.0,0.0,0.0,0.0,0.0,0.0
2021-01-11,0.0,0.0,0.0,0.0,0.0,0.0,0.0
2021-01-12,0.0,0.0,0.0,0.0,0.0,0.0,0.0
2021-01-13,0.0,0.0,0.0,0.0,0.0,0.0,0.0
2021-01-14,0.0,0.0,0.0,0.0,0.0,0.0,0.0
2021-01-15,0.0,0.0,0.0,0.0,0.0,0.0,0.0
2021-01-16,0.0,0.0,0.0,0.0,0.0,0.0,0.0
2021-01-17,0.0,0.0,0.0,0.0,0.0,0.0,0.0
2021-01-18,0.0,0.0,0.0,0.0,0.0,0.0,0.0
2021-01-19,0.0,0.0,0.0,0.0,0.0,0.0,0.0
2021-01-20,0.0,0.0,0.0,0.0,0.0,0.0,0.0
2021-01-21,0.0,0.0,0.0,0.0,0.0,0.0,0.0
2021-01-22,0.0,0.0,0.0,0.0,0.0,0.0,0.0
2021-01-23,0.0,0.0,0.0,0.0,0.0,0.0,0.0
2021-01-24,0.0,0.0,0.0,0.0,0.0,0.0,0.0
2021-01-25,0.0,0.0,0.0,0.0,0.0,0.0,0.0
2021-01-26,0.0,0.0,0.0,0.0,0.0,0.0,0.0
2021-01-27,0.0,0.0,0.0,0.0,0.0,0.0,0.0
2021-01-28,0.0,0.0,0.0,0.0,0.0,0.0,0.0
2021-01-29,0.0,0.0,0.0,0.0,0.0,0.0,0.0
2021-01-30,0.0,0.0,0.0,0.0,0.0,0.0,0.0
2021-01-31,0.0,0.0,0.0,0.0,0.0,0.0,0.0
2021-02-01,0.0,0.0,0.0,0.0,0.0,0.0,0.0
2021-02-02,0.0,0.0,0.0,0.0,0.0,0.0,0.0
2021-02-03,0.0,0.0,0.0,0.0,0.0,0.0,0.0
2021-02-04,0.0,0.0,0.0,0.0,0.0,0.0,0.0
2021-02-05,0.0,0.0,0.0,0.0,0.0,0.0,0.0
2021-02-06,0.0,0.0,0.0,0.0,0.0,0.0,0.0
2021-02-07,0.0,0.0,0.0,0.0,0.0,0.0,0.0
2021-02-08,0.0,0.0,0.0,0.0,0.0,0.0,0.0
2021-02-09,0.0,0.0,0.0,0.0,0.0,0.0,0.0
2021-02-10,0.0,0.0,0.0,0.0,0.0,0.0,0.0
2021-02-11,0.0,0.0,0.0,0.0,0.0,0.0,0.0
2021-02-12,0.0,0.0,0.0,0.0,0.0,0.0,0.0
2021-02-13,0.0,0.0,0.0,0.0,0.0,0.0,0.0
2021-02-14,0.0,0.0,0.0,0.0,0.0,0.0,0.0
2021-02-15,0.0,0.0,0.0,0.0,0.0,0.0,0.0
2021-02-16,0.0,0.0,0.0,0.0,0.0,0.0,0.0
2021-02-17,0.0,0.0,0.0,0.0,0.0,0.0,0.0
2021-02-18,0.0,0.0,0.0,0.0,0.0,0.0,0.0
2021-02-19,0.0,0.0,0.0,0.0,0.0,0.0,0.0
2021-02-20,0.0,0.0,0.0,0.0,0.0,0.0,0.0
2021-02-21,0.0,0.0,0.0,0.0,0.0,0.0,0.0
2021-02-22,0.0,0.0,0.0,0.0,0.0,0.0,0.0
2021-02-23,0.0,0.0,0.0,0.0,0.0,0.0,0.0
2021-02-24,0.0,0.0,0.0,0.0,0.0,0.0,0.0
2021-02-25,0.0,0.0,0.0,0.0,0.0,0.0,0.0
2021-02-26,0.0,0.0,0.0,0.0,0.0,0.0,0.0
2021-02-27,0.0,0.0,0.0,0.0,0.0,0.0,0.0
2021-02-28,0.0,0.0,0.0,0.0,0.0,0.0,0.0
2021-03-01,0.0,0.0,0.0,0.0,0.0,0.0,0.0
2021-03-02,0.0,0.0,0.0,0.0,0.0,0.0,0.0
2021-03-03,0.0,0.0,0.0,0.0,0.0,0.0,0.0
2021-03-04,0.0,0.0,0.0,0.0,0.0,0.0,0.0
2021-03-05,0.0,0.0,0.0,0.0,0.0,0.0,0.0
2021-03-06,0.0,0.0,0.0,0.0,0.0,0.0,0.0
2021-03-07,0.0,0.0,0.0,0.0,0.0,0.0,0.0
2021-03-08,0.0,0.0,0.0,0.0,0.0,0.0,0.0
2021-03-09,0.0,0.0,0.0,0.0,0.0,0.0,0.0
2021-03-10,0.0,0.0,0.0,0.0,0.0,0.0,1.0895136649795362e-07
2021-03-11,0.0,0.0,0.0,0.0,0.0,0.0,8.766403828744753e-08
2021-03-12,0.0,0.0,0.0,0.0,0.0,0.0,1.0926839230067102e-07
2021-03-13,0.0,0.0,0.0,0.0,0.0,0.0,1.0465794283650198e-07
2021-03-14,0.0,0.0,0.0,0.0,0.0,0.0,9.417779745065478e-08
2021-03-15,0.0,0.0,0.0,0.0,0.0,0.0,1.1453742250996972e-07
2021-03-16,0.0,0.0,0.0,0.0,0.0,0.0,1.4117923860234084e-07
2021-03-17,0.0,0.0,0.0,0.0,0.0,0.0,1.0892911450904233e-07
2021-03-18,0.0,0.0,0.0,0.0,0.0,0.0,1.2802777636094686e-07
2021-03-19,0.0,0.0,0.0,0.0,0.0,0.0,1.394171704129755e-07
2021-03-20,0.0,0.0,0.0,0.0,0.0,0.0,1.163281908317621e-07
2021-03-21,0.0,0.0,0.0,0.0,0.0,0.0,1.2986544633213822e-07
2021-03-22,0.0,0.0,0.0,0.0,0.0,0.0,1.5407342169367437e-07
2021-03-23,0.0,0.0,0.0,0.0,0.0,0.0,1.1356191631818872e-07
2021-03-24,0.0,0.0,0.0,0.0,0.0,0.0,1.2957217010456807e-07
2021-03-25,0.0,0.0,0.0,0.0,0.0,0.0,1.4589276492333197e-07
2021-03-26,0.0,0.0,0.0,0.0,0.0,0.0,1.495260558752295e-07
2021-03-27,0.0,0.0,0.0,0.0,0.0,0.0,1.4883999427499177e-07
2021-03-28,0.0,0.0,0.0,0.0,0.0,0.0,1.2159518176094723e-07
2021-03-29,0.0,0.0,0.0,0.0,0.0,0.0,1.6524500528029666e-07
2021-03-30,0.0,0.0,0.0,0.0,0.0,0.0,1.646502621500367e-07
2021-03-31,0.0,0.0,0.0,0.0,0.0,0.0,1.5035796762296405e-07
2021-04-01,0.0,0.0,0.0,0.0,0.0,0.0,1.3997120579365452e-07
2021-04-02,0.0,0.0,0.0,0.0,0.0,0.0,1.9931971840494061e-07
2021-04-03,0.0,0.0,0.0,0.0,0.0,0.0,1.4513977584233646e-07
2021-04-04,0.0,0.0,0.0,0.0,0.0,0.0,1.5842091087560343e-07
2021-04-05,0.0,0.0,0.0,0.0,0.0,0.0,1.9822514332031242e-07
2021-04-06,0.0,0.0,0.0,0.0,0.0,0.0,3.050580284708725e-07
2021-04-07,0.0,0.0,0.0,0.0,0.0,0.0,2.813305289206437e-07
2021-04-08,0.0,0.0,0.0,0.0,0.0,0.0,3.112206094319043e-07
2021-04-09,0.0,0.0,0.0,0.0,0.0,0.0,2.8245800826836754e-07
2021-04-10,0.0,0.0,0.0,0.0,0.0,0.0,3.175076827863724e-07
2021-04-11,0.0,0.0,0.0,0.0,0.0,0.0,2.7886842439033264e-07
2021-04-12,0.0,0.0,0.0,0.0,0.0,0.0,3.2392176344744727e-07
2021-04-13,0.0,0.0,0.0,0.0,0.0,0.0,3.3666062930076473e-07
2021-04-14,0.0,0.0,0.0,0.0,0.0,0.0,3.304654171329155e-07
2021-04-15,0.0,0.0,0.0,0.0,0.0,0.0,3.43461625146891e-07
2021-04-16,0.0,2.403810986353727e-07,0.0,0.0,0.0,0.0,3.4691347186661716e-07
2021-04-17,0.0,4.855939376810683e-07,0.0,0.0,0.0,0.0,5.170887971336335e-07
2021-04-18,0.0,0.0,0.0,0.0,0.0,0.0,5.658094281040263e-07
2021-04-19,0.0,2.477017929655474e-07,0.0,0.0,0.0,0.0,5.890803968525544e-07
2021-04-20,0.0,0.0,0.0,0.0,0.0,0.0,5.683589284937845e-07
2021-04-21,0.0,0.0,0.0,0.0,0.0,0.0,6.099504701069835e-07
2021-04-22,0.0,2.552454356297636e-07,0.0,0.0,0.0,0.0,7.429206924714603e-07
2021-04-23,0.0,0.0,0.0,0.0,0.0,0.0,6.222722869530943e-07
2021-04-24,0.0,2.6040173546519793e-07,0.0,0.0,0.0,0.0,5.176098343366755e-07
2021-04-25,0.0,5.260376328312609e-07,0.0,0.0,0.0,0.0,5.321478264357421e-07
2021-04-26,0.0,0.0,0.0,0.0,0.0,0.0,7.260910890767923e-07
2021-04-27,0.0,0.0,4.157561125121498e-08,0.0,0.0,0.0,7.905355759058205e-07
2021-04-28,0.0,2.710289318905741e-07,3.342762573685243e-07,0.0,0.0,0.0,6.830376135856068e-07
2021-04-29,0.0,0.0,0.0,0.0,0.0,0.0,7.242611271401616e-07
2021-04-30,0.0,5.530081590015681e-07,0.0,0.0,0.0,0.0,8.046308564399063e-07
2021-05-01,0.0,0.0,0.0,0.0,0.0,0.0,5.916900752513839e-07
2021-05-02,0.0,5.66709074687762e-07,0.0,0.0,0.0,0.0,6.720033357961592e-07
2021-05-03,0.0,2.8620229778824407e-07,3.945244577625281e-07,0.0,0.0,0.0,5.769901569798954e-07
2021-05-04,0.0,5.781573574017776e-07,1.3282983149394411e-07,0.0,0.0,0.0,6.972759160580641e-07
2021-05-05,0.0,0.0,0.0,0.0,0.0,0.0,5.523315280597107e-07
2021-05-06,0.0,0.0,1.3551317208564993e-07,0.0,0.0,0.0,7.330680327238343e-07
2021-05-07,0.0,2.978824351366228e-07,2.7375020421443266e-07,0.0,0.0,0.0,6.169357847100221e-07
2021-05-08,0.0,0.0,1.3825071975305641e-07,0.0,0.0,0.0,6.797160758569898e-07
2021-05-09,0.0,3.0390005949681576e-07,1.3964016258608113e-07,0.0,0.0,0.0,6.527346610176307e-07
2021-05-10,0.0,6.139086117432948e-07,1.4104356955173164e-07,0.0,0.0,0.0,6.75984640096209e-07
2021-05-11,0.0,0.0,4.2738324297562204e-07,0.0,0.0,0.0,5.879798259343158e-07
2021-05-12,0.0,0.0,5.755713546353342e-07,0.0,0.0,0.0,7.130800034250297e-07
2021-05-13,0.0,0.0,0.0,0.0,0.0,0.0,6.756518915530867e-07
2021-05-14,0.0,0.0,2.935993336399915e-07,0.0,0.0,0.0,6.893272404762538e-07
2021-05-15,0.0,0.0,4.4482508399831075e-07,0.0,0.0,0.0,5.790854459440301e-07
2021-05-16,0.0,0.0,7.488260840262049e-07,0.0,0.0,0.0,6.548340256564371e-07
2021-05-17,0.0,0.0,1.512703822575303e-07,0.0,0.0,0.0,7.522998955132604e-07
2021-05-18,0.0,0.0,1.0695347241187312e-06,0.0,0.0,0.0,8.928462310142902e-07
2021-05-19,0.0,7.178950686806488e-07,1.5432624668549198e-07,0.0,0.0,0.0,6.441958294649933e-07
2021-05-20,0.0,0.0,1.5587725125015373e-07,0.0,0.0,0.0,9.131615448317868e-07
2021-05-21,0.0,7.323975110665978e-07,1.7829221943534997e-07,0.0,0.0,0.0,7.046681038589139e-07
2021-05-22,0.0,7.397582284248459e-07,5.402522580914471e-07,0.0,0.0,0.0,6.656623238660763e-07
2021-05-23,0.0,7.471929222224037e-07,3.637879223685769e-07,0.0,0.0,0.0,7.342138428380392e-07
2021-05-24,0.0,0.0,3.674440517715834e-07,0.0,0.0,0.0,8.361518881082424e-07
2021-05-25,0.0,1.5245744410196079e-06,1.8556846294298576e-07,0.0,0.0,0.0,8.191540789402197e-07
2021-05-26,0.0,0.0,3.748669140022301e-07,0.0,0.0,0.0,8.299750672370047e-07
2021-05-27,0.0,0.0,1.8931719456113944e-07,0.0,0.0,0.0,9.719233281818422e-07
2021-05-28,0.0,0.0,5.736595919951546e-07,0.0,0.0,0.0,6.77123151664778e-07
2021-05-29,0.0,0.0,1.9314165558138053e-07,0.0,0.0,0.0,6.335506820458358e-07
2021-05-30,0.0,0.0,3.901655229817725e-07,0.0,0.0,0.0,6.883585647712991e-07
2021-05-31,0.0,8.094244297017912e-07,0.0,0.0,0.0,0.0,7.21410219429925e-07
2021-06-01,0.0,0.0,3.9848279172804517e-07,0.0,0.0,0.0,9.375802999067504e-07
2021-06-02,0.0,0.0,0.0,0.0,0.0,0.0,7.854044532341905e-07
2021-06-03,0.0,1.688002906459637e-06,2.2434727856997352e-07,0.0,0.0,0.0,8.186838529261151e-07
2021-06-04,0.0,8.445864896640621e-07,2.2660200620448013e-07,0.0,0.0,0.0,6.008346198317073e-07
2021-06-05,0.0,0.0,4.577587884568858e-07,0.0,0.0,0.0,6.013611648136107e-07
2021-06-06,0.0,0.0,7.352813724831692e-07,0.0,0.0,0.0,6.928029338145994e-07
2021-06-07,0.0,0.0,7.426710731305014e-07,0.0,0.0,0.0,8.788214564752275e-07
2021-06-08,0.0,1.69554388140271e-06,0.0,0.0,0.0,0.0,6.04809647586275e-07
2021-06-09,0.0,0.0,7.576740240068464e-07,0.0,0.0,0.0,5.567712214958293e-07
2021-06-10,0.0,0.0,5.101925163622995e-07,0.0,0.0,0.0,6.86438921667276e-07
2021-06-11,0.0,0.0,5.153200363968327e-07,0.0,0.0,0.0,6.590145360248677e-07
2021-06-12,0.0,0.0,7.807486332966605e-07,0.0,1.136296315581228e-08,0.0,6.21873299087688e-07
2021-06-13,0.0,1.1004503068103319e-06,1.314325479186713e-06,0.0,2.5823616376723733e-08,0.0,6.055923505326019e-07
2021-06-14,0.0,0.0,1.062027735884415e-06,0.0,1.4490637797792927e-08,0.0,6.695160433271038e-07
2021-06-15,0.0,1.1083885832452449e-06,8.045259690585557e-07,0.0,2.9272542257633812e-08,0.0,7.716810641238088e-07
2021-06-16,0.0,0.0,5.390155448840289e-07,0.0,2.069671533881098e-08,0.0,6.268740178405399e-07
2021-06-17,0.0,0.0,8.085132464539322e-07,0.0,1.493194341861393e-08,0.0,6.206365171446995e-07
2021-06-18,0.0,1.3679163650228157e-06,5.363305036234179e-07,0.0,2.4131219111779745e-08,0.0,4.5284064680936845e-07
2021-06-19,0.0,0.0,0.0,0.0,2.1327024158823072e-08,0.0,4.3287498615439544e-07
2021-06-20,0.0,0.0,2.8654330357023056e-07,0.0,1.5386688796448097e-08,0.0,5.816277395321657e-07
2021-06-21,0.0,2.778362089088961e-06,2.854950120131841e-07,0.0,4.0407451733283696e-08,0.0,6.137246867506017e-07
2021-06-22,0.0,1.3965461506829006e-06,8.534258105857568e-07,0.0,2.825553695167983e-08,0.0,5.401049102979498e-07
2021-06-23,0.0,0.0,8.504519284242105e-07,0.0,2.8539509819097098e-08,0.0,6.387062054401822e-07
2021-06-24,0.0,1.4116960807787688e-06,3.242633920568898e-07,0.0,2.5623410365581583e-08,5.170278000569173e-08,4.852926068104715e-07
2021-06-25,0.0,2.8389648394837027e-06,3.2374821668130895e-07,0.0,3.5586278641405086e-08,4.4389041345945174e-08,5.823804420514033e-07
2021-06-26,0.0,0.0,9.697962491915623e-07,0.0,2.9408667289899523e-08,5.0109883172669495e-08,5.11719773100686e-07
2021-06-27,0.0,0.0,0.0,0.0,9.901409769961908e-09,5.594123227860958e-08,4.352720092021727e-07
2021-06-28,0.0,0.0,1.071965674687539e-06,0.0,3.000276177755651e-08,5.1122169961341596e-08,4.3800558658146236e-07
2021-06-29,0.0,2.9041105392997523e-06,1.1344743718805735e-06,0.0,4.714001373885603e-08,5.707132013338552e-08,5.525506660632018e-07
2021-06-30,0.0,1.4605594272402604e-06,3.950656080693451e-07,0.0,4.76137787532815e-08,6.58798816416458e-08,4.639560831639108e-07
2021-07-01,0.0,1.4719846709989762e-06,7.933585739889737e-07,0.0,3.096512699876372e-08,7.203184837230702e-08,5.054068320037689e-07
2021-07-02,0.0,2.937842884312496e-06,1.1914091978171383e-06,0.0,2.4326035765798494e-08,7.835237898258634e-08,4.86854221622619e-07
2021-07-03,0.0,1.4660051066818409e-06,3.9763322552114734e-07,0.0,2.1060442705491614e-08,7.066056560964587e-08,4.753153586611996e-07
2021-07-04,0.0,1.463235372939777e-06,7.963396308476588e-07,0.0,1.7726753061290293e-08,7.137071610028462e-08,3.579103965962131e-07
2021-07-05,0.0,0.0,1.2590417999631394e-06,0.0,1.432392791313284e-08,5.4786882828727005e-08,4.0028327495329545e-07
2021-07-06,0.0,0.0,0.0,0.0,2.1701828672942106e-08,6.698750018784519e-08,4.742611222437055e-07
2021-07-07,0.0,1.4558030854875744e-06,1.2641280101616737e-06,0.0,2.9226580902849553e-08,9.413667583622089e-08,3.537646299686179e-07
2021-07-08,0.0,0.0,1.2668606057324584e-06,0.0,4.059043027080545e-08,8.319741951248269e-08,5.030786260700822e-07
2021-07-09,0.0,0.0,1.6929598512260495e-06,0.0,2.2362747751115626e-08,5.702277793255502e-08,4.2241626553076953e-07
2021-07-10,0.0,0.0,4.2355193951996435e-07,0.0,1.882291425206287e-08,5.759586637838061e-08,3.9948719136638364e-07
2021-07-11,0.0,1.4479306598179768e-06,1.2717188153409881e-06,0.0,3.422175783355272e-08,8.573115814987059e-08,4.3877137726877994e-07
2021-07-12,0.0,4.338974984479745e-06,1.3357121171069366e-06,0.0,3.456569221769387e-08,9.587056746505274e-08,4.0381359044850756e-07
2021-07-13,0.0,0.0,8.917738405060332e-07,0.0,3.491308319986162e-08,1.2807088355315326e-07,3.997955780891995e-07
2021-07-14,0.0,0.0,3.1260674004045712e-06,0.0,3.5263965519443686e-08,5.363625108866223e-08,4.31800958859125e-07
2021-07-15,0.0,0.0,9.155740826001734e-07,0.0,4.353356854606765e-08,1.051638261375156e-07,2.951556694777629e-07
2021-07-16,0.0,0.0,4.5867576607870034e-07,0.0,3.197897322452779e-08,7.725144739011494e-08,2.487808885714157e-07
2021-07-17,0.0,0.0,4.735666103813863e-07,0.0,2.4225275436460823e-08,8.453015712253602e-08,2.384862558662877e-07
2021-07-18,0.0,0.0,1.9824872181827182e-06,0.0,3.262499133634299e-08,6.896052637810147e-08,2.0514760217228895e-07
2021-07-19,0.0,1.8060871623729255e-06,9.940009689811317e-07,0.0,1.235732923139729e-08,7.960410421761552e-08,2.529248879628528e-07
2021-07-20,0.0,1.809323286168705e-06,1.4952865946942085e-06,0.0,3.744456736466072e-08,8.71044836627204e-08,2.2005572894184337e-07
2021-07-21,0.0,1.8127403438008757e-06,1.5625243978658156e-06,0.0,5.463017664443437e-08,8.797989827731094e-08,2.3664770146256402e-07
2021-07-22,0.0,1.8163386769780482e-06,1.0437932658313367e-06,0.0,2.9711887179449223e-08,1.0253551264043772e-07,2.417308910612496e-07
2021-07-23,0.0,1.8201186455365396e-06,1.0460079799485431e-06,0.0,2.5723282808561686e-08,7.940060895047678e-08,2.0987016653710804e-07
2021-07-24,0.0,0.0,5.241636478677106e-07,0.0,5.629391321393893e-08,1.1506755413571542e-07,2.588160801353887e-07
2021-07-25,0.0,0.0,1.0507514451254815e-06,0.0,3.061674885637882e-08,1.0213624442853429e-07,2.0210543321324735e-07
2021-07-26,0.0,0.0,1.704160386161513e-06,0.0,2.6506673398250945e-08,1.657932657020804e-07,0.0
2021-07-27,0.0,0.0,1.770810693259821e-06,0.0,4.908396147370621e-08,1.86066128582018e-07,0.0
2021-07-28,0.0,1.6128974660254937e-06,0.0,0.0,4.0563215580820765e-08,1.879361242629716e-07,0.0
2021-07-29,0.0,0.0,2.9671442652232727e-06,0.0,3.641856237767035e-08,1.328774395990758e-07,0.0
2021-07-30,0.0,3.2547411317934024e-06,1.1901941972952842e-06,0.0,4.138264689134753e-08,1.7255941723126663e-07,0.0
2021-07-31,0.0,1.6269172997067209e-06,1.221562212043287e-06,0.0,2.786569960466046e-08,1.1619577880425837e-07,0.0
2021-08-01,0.0,0.0,0.0,0.0,4.6041732515319145e-08,1.238326481209156e-07,0.0
2021-08-02,0.0,1.6421850552951275e-06,1.8478300451573098e-06,0.0,3.1908526735620764e-08,1.3824320660132217e-07,0.0
2021-08-03,0.0,1.6422201325156973e-06,1.916924229694208e-06,0.0,2.256502256413016e-08,1.5293091429981347e-07,3.9755941685474594e-07
2021-08-04,0.0,1.6424194331180402e-06,0.0,0.0,6.25533911468572e-08,2.081958592072477e-07,4.0155495542002047e-07
2021-08-05,0.0,0.0,1.2475161427809187e-06,0.0,2.211820518049738e-08,1.6958730836976813e-07,4.0992553530877233e-07
2021-08-06,0.0,1.627289858645207e-06,1.1714261039818277e-06,0.0,5.693512594063169e-08,1.8499502428657767e-07,5.93725415334578e-07
2021-08-07,0.0,0.0,2.7406994798396004e-06,0.0,2.1680235373850136e-08,1.3841055940029448e-07,5.128948627954276e-07
2021-08-08,0.0,0.0,2.759076447764855e-06,0.0,3.863612416954168e-08,1.7475201081060072e-07,6.393492450656739e-07
2021-08-09,0.0,0.0,5.635941705139301e-07,0.0,2.9751313130596526e-08,1.5532730199143664e-07,9.122850515957323e-07
2021-08-10,0.0,0.0,0.0,0.0,3.7871077652699816e-08,2.3533255099377539e-07,8.075661366946893e-07
2021-08-11,0.0,1.5923011760391558e-06,1.7121207164684872e-06,0.0,2.916219765974456e-08,1.944799220058597e-07,8.470547078884481e-07
2021-08-12,0.0,0.0,1.1486974009776052e-06,0.0,4.537033119895647e-08,1.7460842463691965e-07,7.182544067627995e-07
2021-08-13,0.0,0.0,5.766782773779246e-07,0.0,2.4501212105820842e-08,2.3971768818239553e-07,9.238204510597415e-07
2021-08-14,0.0,0.0,1.737196567726054e-06,0.0,2.830032446735787e-08,1.740892832418983e-07,6.935239871915742e-07
2021-08-15,0.0,0.0,2.381980824242501e-06,0.0,3.60240834007995e-08,2.9478249661061403e-07,7.896478033938751e-07
2021-08-16,0.0,0.0,1.1953650111353477e-06,0.0,1.9814243212182064e-08,2.8577778636557876e-07,8.87633690437717e-07
2021-08-17,0.0,0.0,3.595468482563521e-06,5.048985664685845e-09,2.3540505837703723e-08,3.9900812408524454e-07,8.57573924408494e-07
2021-08-18,0.0,1.9279712114438557e-06,2.442681941218374e-06,1.0199457628443012e-08,4.272816880014812e-08,4.0045227263286114e-07,8.399444224347394e-07
2021-08-19,0.0,0.0,1.2224507851151059e-06,1.0301963881776756e-08,3.076583012144949e-08,3.2657337922743e-07,1.0339704426451038e-06
2021-08-20,0.0,0.0,1.2236828457182487e-06,0.0,2.284477874767216e-08,3.530282479777075e-07,1.0311850464029324e-06
2021-08-21,0.0,0.0,1.2250372756257023e-06,5.255038678547943e-09,2.638704763469757e-08,3.417403410086463e-07,1.0578228257329458e-06
2021-08-22,0.0,1.5666705439826107e-06,2.453028420563173e-06,1.592355808590335e-08,2.6124492123863707e-08,4.320452534239498e-07,9.205143203863462e-07
2021-08-23,0.0,0.0,1.2281137973805972e-06,5.3611975017470444e-09,3.694935583430388e-08,3.700007843710607e-07,1.2452218434503544e-06
2021-08-24,0.0,0.0,6.142332717119592e-07,1.0830156864821652e-08,4.023987396098055e-08,3.587180243716626e-07,1.0564986860684647e-06
2021-08-25,0.0,1.985781819024305e-06,1.2289421371453075e-06,1.093900175086086e-08,3.621770956832388e-08,3.2163373590229253e-07,1.1009933942094872e-06
2021-08-26,0.0,0.0,0.0,1.1048940546191017e-08,2.868586986951577e-08,3.6177756732808605e-07,1.1462757482961613e-06
2021-08-27,0.0,2.164127937168607e-06,1.8768583005458097e-06,1.1159984244783276e-08,2.4850385608356312e-08,2.595439489312998e-07,1.1750765485700386e-06
2021-08-28,0.0,0.0,6.261470793113817e-07,1.1272143951100031e-08,2.8117851588749582e-08,2.998065000396334e-07,9.425273274687084e-07
2021-08-29,0.0,0.0,1.8185277355969648e-06,1.1385430881205382e-08,3.4797592863531634e-08,4.321098047986008e-07,1.1811850419927396e-06
2021-08-30,0.0,0.0,1.8211003103383563e-06,1.1499856363886741e-08,1.3780540411764292e-08,3.5517736530572374e-07,1.245940348029116e-06
2021-08-31,0.0,0.0,1.2145336776267204e-06,3.332883501294717e-08,2.3875988051371623e-08,2.378972419331003e-07,1.3976356414964775e-06
2021-09-01,0.0,2.4825284322151084e-06,1.828170598177579e-06,2.5219964379599664e-08,1.6865972338445333e-08,4.640667410313656e-07,1.4703198139286284e-06
2021-09-02,0.0,0.0,2.4389846148080505e-06,4.2455715392452346e-08,3.339630621939173e-08,3.997018711640883e-07,1.5066199153739736e-06
2021-09-03,0.0,0.0,6.098196388395629e-07,1.7152960970329752e-08,2.975760667831058e-08,2.276142583036086e-07,1.934811300796682e-06
2021-09-04,0.0,2.606502587009493e-06,2.4398164257967273e-06,2.5988026641104665e-08,1.636750752479696e-08,3.767705549666362e-07,1.3394342150158147e-06
2021-09-05,0.0,2.744781443292744e-06,2.43876657700201e-06,2.624921065103558e-08,1.944557772457618e-08,2.569646279018215e-07,1.219824039297109e-06
2021-09-06,0.0,5.505712559832626e-06,1.2416521872539034e-06,0.0,2.246077282560204e-08,3.8063674342578445e-07,1.1648789215395845e-06
2021-09-07,0.0,0.0,1.240238849597702e-06,5.355895976166218e-08,2.2237284401865127e-08,2.5963963874171724e-07,1.5612393135391906e-06
2021-09-08,0.0,3.2587888755602213e-06,1.9005042120171925e-06,4.5081030213434265e-08,2.2016019725099536e-08,4.258682479065479e-07,1.3026813287162607e-06
2021-09-09,0.0,0.0,3.8573565225123365e-06,9.106820419881141e-09,3.425236047931218e-08,4.1434501405108045e-07,1.6389459307831093e-06
2021-09-10,0.0,0.0,6.42349711134805e-07,3.679338194682584e-08,3.3911543798059596e-08,3.471674170488725e-07,1.7020490932358587e-06
2021-09-11,0.0,0.0,1.925612712071882e-06,4.645395197872882e-08,3.0521925726769574e-08,2.653023499588376e-07,1.6586359328144158e-06
2021-09-12,0.0,0.0,6.498722658838523e-07,4.692082195783497e-08,2.7196404742343408e-08,3.650728330964194e-07,1.450264463613706e-06
2021-09-13,0.0,0.0,1.2992127491600121e-06,3.791390724659016e-08,2.0942285772902806e-08,3.671368527840727e-07,1.7679101804353081e-06
2021-09-14,0.0,3.5726354849889888e-06,3.1714138884547417e-06,9.573737087308011e-09,2.369589319747427e-08,3.952838156726734e-07,2.1036747637527123e-06
2021-09-15,0.0,7.173967303967945e-06,3.2312471240645866e-06,9.669954744655352e-09,2.346011512069744e-08,3.105370799961886e-07,2.1836137993273993e-06
2021-09-16,0.0,0.0,2.6449023675479017e-06,9.767139405535482e-09,1.4516676921864281e-08,2.2583641678071756e-07,1.967120619846266e-06
2021-09-17,0.0,0.0,3.957620401244811e-06,1.9730601576990954e-08,2.012112700231496e-08,2.964284771479153e-07,2.1073081174625806e-06
2021-09-18,0.0,0.0,4.032442829960316e-06,2.98933461292663e-08,1.1383381967707328e-08,3.5294797662604556e-07,1.7331964888575929e-06
2021-09-19,0.0,0.0,2.7147296204730072e-06,4.0258372336760376e-08,2.2540230849263833e-08,3.530402041201693e-07,1.940085005541695e-06
2021-09-20,0.0,3.6764381842016537e-06,1.354053266234623e-06,2.0331487852640737e-08,0.0,4.944348303004688e-07,2.258502652751385e-06
2021-09-21,0.0,3.6978843535821578e-06,1.3508771286877477e-06,3.080373405394427e-08,0.0,4.0986347837443045e-07,2.448936348078306e-06
2021-09-22,0.0,3.9669723947878625e-06,1.430622116252151e-06,5.185552788000446e-08,0.0,4.5251682180493365e-07,2.258375541342993e-06
2021-09-23,0.0,0.0,1.4258139807197642e-06,2.09506738397745e-08,0.0,3.962137787282943e-07,2.4048049845737824e-06
2021-09-24,0.0,0.0,1.4632283345008293e-06,2.116123161239014e-08,0.0,2.5490247434056533e-07,2.6154145862565474e-06
2021-09-25,0.0,0.0,2.188691711512895e-06,0.0,0.0,4.3937605683330566e-07,2.862643691732757e-06
2021-09-26,0.0,0.0,1.4551731948464087e-06,1.0794358423788484e-08,0.0,2.9792723427172626e-07,2.399795716705674e-06
2021-09-27,0.0,4.1064142474532955e-06,7.3641033645172435e-06,0.0,0.0,4.1185857525443864e-07,2.7677581642790362e-06
2021-09-28,0.0,8.275868301890819e-06,2.1729179800189346e-06,2.7118934848425994e-08,0.0,3.83898115730037e-07,2.9183073456349765e-06
2021-09-29,0.0,0.0,4.437128071717374e-06,2.739148467479735e-08,0.0,4.555615834190748e-07,2.521498807125732e-06
2021-09-30,0.0,4.574369225240004e-06,2.9525846724793395e-06,1.3833386836231243e-08,0.0,2.8511147749523745e-07,2.306539273612546e-06
2021-10-01,1.0181101084031134e-05,4.653598289543551e-06,3.910816282872295e-06,1.3986626055307322e-08,0.0,3.572238916092191e-07,2.0461171852704497e-06
2021-10-02,1.0256723457584655e-05,0.0,1.5221288295589986e-06,5.650877593642776e-08,0.0,2.592000315541706e-07,1.2794005369945812e-06
2021-10-03,0.0,9.457393637399882e-06,3.043835560037809e-06,1.426917464407767e-08,0.0,3.4308637877804394e-07,1.5361269291780014e-06
2021-10-04,0.0,9.76717506863781e-06,2.2814088963377285e-06,0.0,0.0,2.8311004206607216e-07,1.925713636840106e-06
2021-10-05,1.0489775426416263e-05,5.160915963567398e-06,5.223752578269135e-06,7.278715546481922e-08,0.0,3.270085584269404e-07,1.6922607442836194e-06
2021-10-06,1.0569546926876494e-05,1.0383361447746872e-05,3.626707282972761e-06,4.361675010364105e-08,0.0,3.006294282690656e-07,1.8130191268681674e-06
2021-10-07,0.0,0.0,1.4298641055922962e-06,7.260928106624721e-08,0.0,2.2895239652145826e-07,1.973797945420328e-06
2021-10-08,0.0,5.254770890101258e-06,1.4180983985786109e-06,4.351874376902436e-08,0.0,2.266742821125434e-07,1.3048994034733117e-06
2021-10-09,1.2395515248502529e-05,0.0,2.838049657112127e-06,2.8984180539295337e-08,0.0,3.2540731121506663e-07,9.090656893487967e-07
2021-10-10,1.2442835900763755e-05,5.572034141932513e-06,7.100465810994481e-07,2.8958763674781947e-08,0.0,1.4442078988965956e-07,1.3433650479616527e-06
2021-10-11,0.0,1.121591985814202e-05,1.421303506341364e-06,1.4468121355384205e-08,0.0,1.8697878794946739e-07,1.9355406370243254e-06
2021-10-12,0.0,1.128889303375146e-05,2.845311964037778e-06,7.229153848784893e-08,0.0,2.831221332955159e-07,2.2465235271921747e-06
2021-10-13,2.848890473154125e-05,5.676065921325028e-06,2.074098846022108e-06,1.4449939882573752e-08,0.0,2.875279333057048e-07,1.8656644230796181e-06
2021-10-14,4.294015322905976e-05,0.0,1.3847818403176952e-06,1.4443017073607632e-08,0.0,2.3581338796169553e-07,2.3643169866144986e-06
2021-10-15,0.0,2.2898860280137783e-05,4.32992823910911e-06,5.7750154313539046e-08,0.0,2.341272821192038e-07,2.6737911967728324e-06
2021-10-16,0.0,0.0,2.9473645108635587e-06,5.77340153962042e-08,0.0,3.135096533950206e-07,1.36046663675887e-06
2021-10-17,1.6180966126491465e-05,0.0,2.214469281022782e-06,0.0,0.0,2.1873283133968618e-07,1.4940887630930932e-06
2021-10-18,3.254454188558754e-05,6.03525469102115e-06,2.958182170228526e-06,2.4526843300612716e-08,0.0,4.150531008066588e-07,1.8534806930536448e-06
2021-10-19,4.909560899925186e-05,1.2601316567762677e-05,3.775467837733196e-06,1.2314307678625014e-07,0.0,5.178773635561547e-07,2.7597236187805133e-06
2021-10-20,1.6459771590645166e-05,0.0,1.4721264313132522e-06,8.909694100120893e-08,0.0,4.1359211141752607e-07,2.431812394696021e-06
2021-10-21,3.474762039700939e-05,3.169599024282552e-05,2.952094722603115e-06,1.19096037998792e-07,0.0,5.161546144324143e-07,2.7591882895848224e-06
2021-10-22,5.481307288033204e-05,1.2713404045762875e-05,3.700289743140092e-06,5.970403218284285e-08,0.0,2.9204339977454673e-07,2.198230423805765e-06
2021-10-23,0.0,1.2749683345394663e-05,1.4636233658009613e-06,2.993300790963076e-08,0.0,2.4016455588374654e-07,1.7776587747979134e-06
2021-10-24,0.0,1.2787237623985763e-05,7.622671124645332e-07,6.003398610715063e-08,0.0,4.111659414807806e-07,1.9588717215379708e-06
2021-10-25,0.0,3.20448079698227e-05,8.355094827008806e-06,3.010397992183946e-08,0.0,4.4488419372482464e-07,2.246892597721985e-06
2021-10-26,2.0184840878279294e-05,1.2360647994668386e-05,1.5109533018621014e-06,6.038795442636506e-08,0.0,4.4438310630224746e-07,2.822552481475315e-06
2021-10-27,8.108589478349559e-05,2.5273956286941788e-05,5.457022267862777e-06,1.211479757096346e-07,0.0,5.069748826464829e-07,2.3444231653996657e-06
2021-10-28,0.0,0.0,3.911867434848772e-06,6.076607873253352e-08,0.0,3.620152622447401e-07,2.241954756903647e-06
2021-10-29,0.0,6.333340831049302e-06,3.881347338602687e-06,6.769563232351445e-08,0.0,1.9906799557772923e-07,2.460206209858251e-06
2021-10-30,6.491022777884303e-05,0.0,1.5852056088182513e-06,7.604521115543485e-08,0.0,2.1714273151232696e-07,2.6795480269853584e-06
2021-10-31,4.3431650490116814e-05,6.852360076083437e-06,3.1802823816234067e-06,1.5281021079710104e-07,0.0,5.428552284849062e-07,2.36127456261553e-06
2021-11-01,2.1869169292242778e-05,1.3704657143906858e-05,3.198029793383365e-06,0.0,0.0,5.379288304961068e-07,2.1408740139473972e-06
2021-11-02,4.385231728923378e-05,0.0,1.6037299388872922e-06,1.5446587220767465e-07,0.0,6.757288671073788e-07,2.2514775534667526e-06
2021-11-03,0.0,2.9471974188201052e-05,6.864948289895071e-06,1.552325708316976e-07,0.0,3.6661243765587505e-07,3.4848932369824455e-06
2021-11-04,2.2046721170022045e-05,7.630635077631219e-06,6.700293063159647e-06,1.1701109463162345e-07,0.0,4.981318413005115e-07,2.885965250292027e-06
2021-11-05,0.0,1.529497893170506e-05,1.5216007208374374e-06,1.5681261646192857e-07,0.0,5.22060974075869e-07,3.2059108317096888e-06
2021-11-06,4.435220535571082e-05,7.665108609393354e-06,4.579302696093652e-06,7.88130607370082e-08,0.0,5.025350569385115e-07,3.3833563293062168e-06
2021-11-07,0.0,2.3026092849301987e-05,6.121992923897055e-06,4.214090100921571e-08,0.0,6.864188996928913e-07,2.749041714425866e-06
2021-11-08,6.940767016128199e-05,2.3059162498897317e-05,2.2597123347763123e-06,8.475515335557936e-08,0.0,6.898550689485467e-07,3.5507956625850864e-06
2021-11-09,0.00012019075770945754,6.25815472227714e-05,3.0211351088402805e-06,8.523698027869239e-08,0.0,5.259974115272937e-07,2.805128728449299e-06
2021-11-10,4.987516200328564e-05,2.3509519427419453e-05,4.6715426915727265e-06,1.7145466194172867e-07,0.0,4.806446318783724e-07,5.081361980234076e-06
2021-11-11,2.4999322970691612e-05,1.5685946437725e-05,3.794262018981711e-06,1.7245250893514616e-07,0.0,6.039473294945734e-07,3.823101356754371e-06
2021-11-12,2.5885100024185742e-05,1.570044853155247e-05,2.2817512497803664e-06,8.6733800661584e-08,0.0,7.042931466778096e-07,3.9984319294091235e-06
2021-11-13,0.0,0.0,5.4801904321513865e-06,1.3087503046190924e-07,0.0,5.371624849295476e-07,2.948082972538925e-06
2021-11-14,0.0,1.57341645002467e-05,7.842892163495565e-07,1.3166244754355156e-07,0.0,5.891861824397385e-07,2.697732863879659e-06
2021-11-15,2.6956041717223162e-05,2.3630072620107636e-05,1.571545029648253e-06,1.968338042540678e-07,0.0,5.453347060573702e-07,2.188958510541385e-06
2021-11-16,8.360645012897675e-05,7.878957185184275e-06,5.5064994144685984e-06,1.483440657420126e-07,0.0,6.85763876508924e-07,2.5449146184515247e-06
2021-11-17,2.8792553018127214e-05,2.364603419785103e-05,7.013570112005203e-06,1.0612388508728321e-07,0.0,8.19023366957537e-07,2.8718176172277583e-06
2021-11-18,8.663696200892138e-05,2.364536648265102e-05,1.6020548294447467e-06,1.6003587184583098e-07,0.0,5.277144715263067e-07,3.1369728926615714e-06
2021-11-19,2.896830957728658e-05,1.5748448908371737e-05,3.2075013885678574e-06,2.1453589304171388e-07,0.0,7.30546795119221e-07,3.018713305568549e-06
2021-11-20,0.0,1.5734895019657385e-05,3.2056809293821857e-06,5.3928019347601114e-08,0.0,6.686902247073392e-07,2.5776981295542473e-06
2021-11-21,0.0,0.0,1.6007072850614764e-06,1.0845491656329737e-07,0.0,5.049854016645074e-07,2.5372503829352e-06
2021-11-22,0.0,1.6210562718130965e-05,2.3981012662414396e-06,1.6359696002014236e-07,0.0,5.085036337594995e-07,3.7234824544273913e-06
2021-11-23,8.823567926657146e-05,1.571040746769955e-05,3.1384676953595446e-06,2.193705400368959e-07,0.0,6.637553565287195e-07,4.3236264316380964e-06
2021-11-24,0.00011812862655662026,1.5444566724769946e-05,4.703567398517963e-06,1.103168686418742e-07,0.0,5.57519834214517e-07,2.330937453418473e-06
2021-11-25,2.9655373429727112e-05,0.0,3.916586345546762e-06,0.0,0.0,6.81675212585555e-07,2.739029036964731e-06
2021-11-26,2.8949467587158625e-05,0.0,4.632339003699815e-06,5.090187678841895e-08,4.562868563236703e-08,6.885261623691755e-07,2.7478052479683355e-06
2021-11-27,2.9032996886245294e-05,2.309393250855769e-05,2.3130424152546773e-06,2.0513249462669263e-07,2.880453846675206e-08,5.140252787316399e-07,2.689615845645446e-06
2021-11-28,2.911942950921484e-05,1.5864628514312914e-05,1.568344170010511e-06,1.0333899776005823e-07,4.655044622580042e-08,4.886506528643566e-07,2.658044730380167e-06
2021-11-29,8.767512475478019e-05,0.0,3.1337030839205203e-06,1.0412208219266227e-07,6.465014323379192e-08,8.328853241517901e-07,3.905449793732726e-06
2021-11-30,0.0,7.910265913388148e-06,3.913789000924797e-06,1.0491557892025425e-07,6.529988797530692e-08,7.789407044643215e-07,3.720311221955885e-06
2021-12-01,9.701876093686147e-05,3.2236901373628306e-05,2.350111274036193e-06,1.0569361229798758e-07,4.7951645952111594e-08,7.232634660676728e-07,3.6522489812055195e-06
2021-12-02,3.242017827588271e-05,2.3675471941404318e-05,5.480007130888974e-06,1.0650797273466522e-07,7.265035200883678e-08,6.975347994800477e-07,3.3300304527994287e-06
2021-12-03,6.500802323531218e-05,0.0,2.347272554702832e-06,1.6099947608605995e-07,2.44601667284164e-08,5.434761871976841e-07,2.603624638044017e-06
2021-12-04,3.256315436677073e-05,8.14050654742113e-06,3.12457950746609e-06,1.0816872876793153e-07,7.411798647283078e-08,5.432860044097309e-07,2.8777870042085396e-06
2021-12-05,3.26255534584581e-05,8.107577404690725e-06,1.5806013002290189e-06,1.0901529044150749e-07,5.614716346561863e-08,8.87375863874548e-07,3.4219798855790866e-06
2021-12-06,0.0,8.116095757259733e-06,1.5780646500042278e-06,2.197455074699479e-07,4.410890698647237e-08,1.0292315872028688e-06,3.431112734448727e-06
2021-12-07,0.0,4.181828287748978e-05,4.727057422678489e-06,3.3024408993624847e-07,5.728141140632543e-08,8.263890883326667e-07,4.449960164946609e-06
2021-12-08,3.2748518581027064e-05,1.623759815801009e-05,3.3148209176954593e-06,5.515049055862885e-08,6.428566573530664e-08,6.221066598753986e-07,4.174624564918456e-06
2021-12-09,9.838815276445791e-05,1.623714770800265e-05,4.138189549727972e-06,1.0524889545266952e-07,3.246587370853172e-08,6.244837146857084e-07,3.7860968672013162e-06
2021-12-10,3.2818921873459904e-05,0.0,1.6533067098960376e-06,2.1041984896570973e-07,7.870118679320632e-08,5.920941506996758e-07,2.996471900702355e-06
2021-12-11,0.0,0.0,3.303005863899273e-06,1.0518147459316375e-07,4.637041900761687e-08,6.993615721492799e-07,3.1531636860642283e-06
2021-12-12,9.344746983266984e-05,1.6086211081011358e-05,4.9495929170180634e-06,2.103270858771669e-07,6.690921352343759e-08,1.0884281772750929e-06,3.780911182193145e-06
2021-12-13,0.0,0.0,4.9396305549017316e-06,1.5773419158890038e-07,7.433982852870026e-08,6.346188937414198e-07,3.652532230053971e-06
2021-12-14,3.113916284021478e-05,7.93084423320142e-06,6.5713329679289376e-06,2.6289807053421674e-07,4.095652157804841e-08,7.081229948380403e-07,3.8692895841114686e-06
2021-12-15,0.0,1.636748289991415e-05,7.647592037219196e-06,0.0,3.447345121924511e-08,1.1378955174536574e-06,3.87968676299025e-06
2021-12-16,3.108574031393017e-05,1.638094636148127e-05,5.084589774263998e-06,1.051969785822172e-07,6.26758472951396e-08,1.0704655752870331e-06,3.94997072236513e-06
2021-12-17,9.319107962546403e-05,1.5913259268432673e-05,5.819455075741539e-06,2.6307908059515716e-07,4.9237805580909206e-08,1.0026437403834588e-06,3.3967913772890277e-06
2021-12-18,6.207087764923488e-05,2.3902206426304848e-05,4.911376141320873e-06,3.6769901740971574e-07,4.262798893187582e-08,6.468984915269556e-07,3.0515648383241263e-06
2021-12-19,3.0982346989585024e-05,7.970931425749156e-06,7.951006117374608e-07,2.0925732267300601e-07,5.740854312413766e-08,5.410874859963655e-07,3.5389999089589086e-06
2021-12-20,0.0,0.0,6.341794417171965e-06,1.5631638526390325e-07,5.073732000276967e-08,5.069372045917902e-07,3.2769609860834483e-06
2021-12-21,0.0,7.964300978854556e-06,2.3463251060507963e-06,2.5950901715307077e-07,1.0249447709240081e-07,8.703959298435637e-07,3.690032167218004e-06
2021-12-22,6.010647948513603e-05,7.71274625381085e-06,2.4035715736466227e-06,3.1022001198113173e-07,6.147255138103364e-08,1.1960056344270172e-06,3.215019534723013e-06
2021-12-23,0.0,2.3093229670631923e-05,2.3980396258989178e-06,0.0,4.1393573862335424e-08,4.873466091545066e-07,2.5806615068380333e-06
2021-12-24,0.0,7.675470002922786e-06,2.351152999298414e-06,5.1321890929261886e-08,4.1809586195862746e-08,8.241297352765181e-07,3.4929677725970352e-06
2021-12-25,0.0,7.653964335698139e-06,3.060287017121441e-06,1.5341662945200823e-07,7.390211416498942e-08,8.236014687210987e-07,3.5503873441885514e-06
2021-12-26,3.000888420229013e-05,7.633224071285386e-06,2.289922069425822e-06,1.5288292790702359e-07,4.265419586298333e-08,1.0850686966803531e-06,2.885000211856461e-06
2021-12-27,6.001059924480118e-05,2.248496464320065e-05,3.7387723088533633e-06,1.0141138291733204e-07,6.46243164873707e-08,8.589001506605087e-07,5.4931813740919045e-06
2021-12-28,2.997677457657053e-05,2.2438236164970407e-05,3.6898080914230015e-06,5.0455477559724904e-08,2.175793388858965e-08,1.0809617193850055e-06,3.973321176757216e-06
2021-12-29,8.976991863681473e-05,0.0,2.209935224527532e-06,5.021030925058615e-08,8.790641903830502e-08,7.813958621586212e-07,3.770354687969807e-06
2021-12-30,0.0,0.0,2.9388380627361804e-06,0.0,6.659241992805816e-08,8.915479789162155e-07,4.195284292395015e-06
2021-12-31,2.851526681740023e-05,7.3068449187773295e-06,6.912529432756467e-07,4.973501183568623e-08,1.1210280812479039e-07,8.159811649974288e-07,3.232068563104668e-06
2022-01-01,5.45114730481374e-05,0.0,2.788642002115832e-06,1.4707780369397805e-07,7.836401394932485e-08,8.468684898330896e-07,2.837509604790789e-06
2022-01-02,2.7147378944150418e-05,1.4268495406929275e-05,6.738664973684576e-07,9.760577449869587e-08,9.045895472331617e-08,7.721762057105807e-07,3.44981913053659e-06
2022-01-03,5.408347224949886e-05,7.12296246722233e-06,0.0,1.45754160790292e-07,9.13680823325447e-08,1.138440867669186e-06,2.653111920175493e-06
2022-01-04,5.387759500299157e-05,1.4224779066325128e-05,2.0080045029678034e-06,1.4462414194321724e-07,1.6150110694575686e-07,8.051436720722436e-07,4.43997230875244e-06
2022-01-05,2.7632345905578123e-05,6.866019159024391e-06,1.2929010777195335e-06,1.361512348530605e-07,6.991038002350278e-08,9.483406425138431e-07,3.759108394120254e-06
2022-01-06,0.00010995780188897997,6.859221029283251e-06,3.9307611518104936e-06,4.493216914367215e-08,3.530649551182833e-08,8.323244065986093e-07,3.910875159094456e-06
2022-01-07,0.0,0.0,1.9084195000988935e-06,8.897017318136423e-08,1.0698399507263593e-07,7.540052959244216e-07,3.112525317064784e-06
2022-01-08,2.6415561798297343e-05,0.0,6.339581872446457e-07,1.761698103336887e-07,7.203946806563182e-08,8.550144248737911e-07,2.8584570110579903e-06
2022-01-09,2.6262005669378948e-05,0.0,1.180803968478836e-06,8.720844571624548e-08,1.09145215134519e-07,8.130442631322764e-07,3.3181161737779495e-06
2022-01-10,0.0,6.740931865697486e-06,5.680402568935112e-07,1.7268141436578438e-07,3.674738092768613e-08,1.0172456181912885e-06,3.4744467176856224e-06
2022-01-11,2.5962756985781777e-05,6.73562809803611e-06,3.3999752390325554e-06,4.2740801396104004e-08,1.2372232748638315e-07,9.398329403902909e-07,3.804558501046405e-06
2022-01-12,0.0,0.0,1.1306829790204228e-06,1.692620932660759e-07,3.7489727264899035e-08,8.290392150103271e-07,3.9443817279881895e-06
2022-01-13,0.0,0.0,2.2563078952069368e-06,4.1894476824528656e-08,6.311084214641862e-08,1.0284428456354008e-06,3.6988060713900394e-06
2022-01-14,0.0,0.0,0.0,1.6591047926053187e-07,1.147412099786628e-07,6.464366945113466e-07,2.8528744379682126e-06
2022-01-15,0.0,0.0,5.513575577677063e-07,4.1064910602283606e-08,7.615871113835706e-08,7.766626655905469e-07,3.7329632129780317e-06
2022-01-16,0.0,1.2752136429360733e-05,1.6200165002350538e-06,0.0,6.319241518793212e-08,7.038418141667603e-07,2.9913668132387596e-06
2022-01-17,2.354212777037207e-05,0.0,1.0774219937866297e-06,1.207553126754567e-07,5.0340445643796814e-08,1.0978427923183642e-06,2.8091327450774485e-06
2022-01-18,4.680132998834233e-05,0.0,2.1498814610275797e-06,7.97025181591098e-08,5.013199322376282e-08,8.585973959199916e-07,2.6200593235796776e-06
2022-01-19,4.486083779911143e-05,6.128960499344428e-06,5.362834811048943e-07,3.945473242640835e-08,4.9928554044828e-08,8.850948962557347e-07,2.8262716252542164e-06
2022-01-20,0.0,0.0,5.351502257479084e-07,7.8124302558767e-08,8.702768858508364e-08,8.786579300525313e-07,3.549544947297123e-06
2022-01-21,0.0,6.110788792636475e-06,0.0,1.9336738190019244e-07,1.3622574496630015e-07,7.351602107365437e-07,2.9106507965324565e-06
2022-01-22,0.0,1.2189485512678897e-05,1.0660883069293055e-06,0.0,3.7011086256171854e-08,6.083286294721015e-07,2.6196897317338183e-06
2022-01-23,0.0,1.2142857902998583e-05,1.008891647551331e-06,7.581538047974772e-08,6.145566291985332e-08,6.934133313692217e-07,1.9543843040551297e-06
2022-01-24,1.9963720880852924e-05,6.0447836706649585e-06,9.785963099621518e-07,7.506100483960415e-08,3.6739396618155224e-08,9.816572413624234e-07,2.7916671272990193e-06
2022-01-25,0.0,6.260029350557896e-06,0.0,1.4862827072499117e-07,9.762418521247081e-08,7.364730350143361e-07,3.1244827642719866e-06
2022-01-26,1.8857894332427904e-05,5.9926294689867025e-06,9.741048687800182e-07,0.0,1.0944720968595303e-07,6.100127816239205e-07,3.13148940347588e-06
2022-01-27,0.0,0.0,9.838948318927026e-07,2.6709116559272395e-08,6.059897545558404e-08,5.564564315175781e-07,2.876521857445812e-06
2022-01-28,1.857202883673278e-05,0.0,1.0221067701942513e-06,0.0,8.456000766937913e-08,8.156404131144586e-07,1.9384452558014082e-06
2022-01-29,0.0,0.0,0.0,2.1324144673666283e-08,4.816566044124255e-08,5.233247558126815e-07,3.116799484652721e-06
2022-01-30,0.0,0.0,5.075640520930843e-07,2.1111965889006513e-08,6.002016638270629e-08,4.717586530946951e-07,2.064279538693793e-06
2022-01-31,0.0,0.0,5.058956067941575e-07,6.270569495558702e-08,5.983925928051465e-08,7.718942623199025e-07,3.6254340328836987e-06
2022-02-01,0.0,5.545464212269323e-06,1.4365649162536694e-06,4.1445885428109886e-08,5.972897954807986e-08,8.816983741494663e-07,3.6745599570482553e-06
2022-02-02,0.0,5.523577819003157e-06,9.384611252113624e-07,2.0516745988843626e-08,5.955983984874815e-08,6.442798417413728e-07,2.6577960036185786e-06
2022-02-03,0.0,1.0988911702849617e-05,9.055992736462298e-07,4.062520191065709e-08,1.4255197483928323e-07,5.476728221043646e-07,2.9266773919444347e-06
2022-02-04,1.588846774519654e-05,0.0,0.0,4.022097439767244e-08,5.923941223243689e-08,4.973925510251898e-07,2.377258932016691e-06
2022-02-05,0.0,5.190780196016605e-06,0.0,5.97311535234677e-08,1.1817618454485734e-07,6.220506952154226e-07,2.7397754898002576e-06
2022-02-06,1.5432039401593568e-05,0.0,0.0,1.6437753342398033e-08,1.0609682610759832e-07,3.4042287804978975e-07,2.809852061634779e-06
2022-02-07,0.0,0.0,8.171408638799796e-07,2.46895430570131e-08,7.056379726390006e-08,6.331489033198901e-07,2.5503755812090897e-06
2022-02-08,1.444243722416331e-05,4.628089750006996e-06,2.8486123266090063e-06,0.0,7.040343356126434e-08,5.652614031429441e-07,3.0449606134936485e-06
2022-02-09,1.4341232059857538e-05,0.0,8.107189980698852e-07,2.4200657349034252e-08,8.195846197076354e-08,3.833241130713812e-07,2.4433377891900324e-06
2022-02-10,0.0,0.0,8.06243306956633e-07,4.791971357006388e-08,1.043266649766325e-07,3.8996376382333537e-07,2.350102735011325e-06
2022-02-11,0.0,0.0,1.6036964816918955e-06,3.558217834001212e-08,8.033557569000457e-08,2.797716470312204e-07,2.0598032541355917e-06
2022-02-12,1.4046181611555293e-05,0.0,0.0,3.5228129749962245e-08,1.249854938451943e-07,2.4783125445930744e-07,2.3042320466921236e-06
2022-02-13,0.0,0.0,1.1801707205367968e-06,2.3251736001496165e-08,5.624630336476921e-08,2.1649878730172214e-07,1.928084628295019e-06
2022-02-14,0.0,7.5867207016614634e-06,3.132456992150579e-06,1.151018868133041e-08,2.227465731811801e-08,3.429513413999464e-07,1.8410617565016625e-06
2022-02-15,1.3763773674849152e-05,0.0,2.3385789833844785e-06,1.7879541486564893e-08,1.2129161426042338e-07,3.6165641746520997e-07,2.071060907842022e-06
2022-02-16,0.0,7.502678525625436e-06,3.880081804171973e-07,8.850818538142462e-09,8.733435820632753e-08,3.2101740605619043e-07,2.0532848157907683e-06
2022-02-17,0.0,0.0,1.1588759942350933e-06,0.0,1.2969805023414727e-07,2.444794073050158e-07,1.8659583278827495e-06
2022-02-18,1.1029082093654654e-05,7.190136959763454e-06,7.275994601783748e-07,8.675560588766077e-09,7.49043942919468e-08,2.0573977707381212e-07,1.9250633683710395e-06
2022-02-19,0.0,0.0,1.8118387445676922e-06,2.576771195576606e-08,1.0594154730832006e-08,3.235118274331178e-07,1.5247462529893244e-06
2022-02-20,0.0,3.5505360375943748e-06,1.6990532912327797e-06,0.0,7.342118790981234e-08,2.253912514205521e-07,1.3906486957563617e-06
2022-02-21,0.0,3.528803505683149e-06,1.2699869611754527e-06,2.5257477073192513e-08,1.2461251694361622e-07,2.583825558917664e-07,1.8924817201133477e-06
2022-02-22,0.0,0.0,1.3498947165117876e-06,8.335386992412556e-09,9.252945126231946e-08,2.558116065043284e-07,1.7865451236032845e-06
2022-02-23,9.10750921258016e-06,3.486394953751762e-06,1.6823022953691034e-06,2.004401527135476e-08,9.160876783916114e-08,3.2390228741851625e-07,1.5758162262652988e-06
2022-02-24,8.208841707307189e-06,1.0397144078523203e-05,1.6774044267299332e-06,9.922286993535282e-09,7.054230195376593e-08,1.9597074799480275e-07,1.9822025738501176e-06
2022-02-25,0.0,3.4453810062877625e-06,1.0025646857703585e-06,0.0,6.984039432160958e-08,6.442142504702981e-08,1.4291052569468981e-06
2022-02-26,0.0,0.0,9.363428272906186e-07,0.0,6.91454707870859e-08,1.0505010543620577e-07,1.327935113797381e-06
2022-02-27,0.0,0.0,9.757567241075787e-07,0.0,8.801673667362302e-08,8.171808811763777e-08,1.6777632487295886e-06
2022-02-28,1.4424213129250095e-05,6.726144611236902e-06,7.337543908001753e-07,0.0,8.714095551086477e-08,1.1400247119137188e-07,2.152546432154299e-06
2022-03-01,7.44287943834069e-06,6.796218259644164e-06,1.4710038431549867e-06,0.0,6.725596290368083e-08,1.0202731519065602e-07,1.852896321857656e-06
2022-03-02,7.411014896673898e-06,0.0,1.4696009503189195e-06,0.0,5.707436133551093e-08,7.21515188874164e-08,1.6251537074487987e-06
2022-03-03,0.0,0.0,1.4683450188025557e-06,0.0,8.475969292734381e-08,1.0357871895489304e-07,1.580514235273567e-06
2022-03-04,7.78823837881119e-06,3.09930996323881e-06,7.336179615058486e-07,0.0,9.324035543483033e-08,9.547581117219237e-08,1.5436490117154931e-06
2022-03-05,0.0,0.0,3.665683880089601e-07,0.0,9.23125983969671e-08,6.301720731873067e-08,1.1703412162390975e-06
2022-03-06,0.0,0.0,3.6636445240927145e-07,0.0,4.3142579128961685e-08,9.70513843121607e-08,1.2803583834917509e-06
2022-03-07,7.714841405363284e-06,3.0355491097283778e-06,3.6619715356012847e-07,0.0,1.7797209705891186e-08,9.95173392927878e-08,1.3463057995831588e-06
2022-03-08,1.538384382661209e-05,2.784967598480207e-06,2.4649960501928567e-06,0.0,2.1144149412619976e-08,9.512963814536395e-08,1.743390666984553e-06
2022-03-09,0.0,5.533826622417851e-06,1.056560306798653e-06,0.0,3.4889602684553296e-08,9.754676394580883e-08,1.5645832919182088e-06
2022-03-10,0.0,2.7491357175745335e-06,1.4090658558058323e-06,0.0,2.7633956269933218e-08,9.657615742731737e-08,1.2994902596455553e-06
2022-03-11,5.0730895662821766e-06,2.5016952283308872e-06,1.4663474195555132e-06,0.0,1.367949690543958e-08,6.264444701710109e-08,1.319377042591936e-06
2022-03-12,0.0,5.4426729979551455e-06,7.337595652327871e-07,0.0,4.063015091100814e-08,6.854966376033576e-08,1.5067842788859391e-06
2022-03-13,0.0,0.0,2.2032563917674276e-06,0.0,4.357803033420116e-08,1.0664905932918568e-07,1.2339684146144775e-06
2022-03-14,0.0,0.0,1.837878679426437e-06,0.0,3.982562001922343e-08,4.413051207201321e-08,1.5050858287599644e-06
2022-03-15,5.098394511790294e-06,2.1171385091527474e-06,3.4709255825235317e-07,0.0,4.271512751890551e-08,4.369140614016233e-08,1.629834274412012e-06
2022-03-16,0.0,4.207211278553557e-06,6.954805469316296e-07,0.0,2.927776492984633e-08,4.623988796363406e-08,1.6710993700373027e-06
2022-03-17,1.0228206778478427e-05,3.7206906404915647e-06,6.96845525992815e-07,0.0,1.9324297534227717e-08,4.1349490804752576e-08,1.441014073317801e-06
2022-03-18,0.0,0.0,6.133438068729152e-07,0.0,2.5509356748108818e-08,1.2492235763440884e-07,1.2946759513097072e-06
2022-03-19,5.131857976232782e-06,0.0,9.193452954249221e-07,0.0,4.735412701408753e-08,9.69842690758443e-08,1.2629896561524325e-06
2022-03-20,0.0,1.8284224425715779e-06,9.187668158361375e-07,0.0,2.8129767346580606e-08,1.1347484555114371e-07,1.5098289965666797e-06
2022-03-21,5.094369560177363e-06,3.6362971425054697e-06,9.182802136945778e-07,0.0,3.4038731814859335e-08,1.0568324441961641e-07,1.162038851497511e-06
2022-03-22,5.076390438387516e-06,1.8080565163061456e-06,9.178854403396238e-07,0.0,3.3700040774334005e-08,1.060075578113967e-07,1.294732044513622e-06
2022-03-23,0.0,3.596290537035811e-06,6.11721637529074e-07,0.0,3.6397876108330425e-08,9.81622818898136e-08,1.3575400070607912e-06
2022-03-24,0.0,3.576827673509954e-06,0.0,0.0,3.903868712236497e-08,1.4772187470326284e-07,1.67645914183786e-06
2022-03-25,5.025491994603432e-06,0.0,8.558587178934669e-07,0.0,4.162334151799733e-08,1.3586384064217947e-07,1.1921778287162037e-06
2022-03-26,0.0,0.0,2.5731610230541097e-06,0.0,4.120918234997809e-08,1.0741116005742316e-07,1.1870040606102925e-06
2022-03-27,0.0,0.0,8.586242677163427e-07,0.0,2.3313796648305694e-08,1.0364309926792739e-07,1.1988339795267528e-06
2022-03-28,0.0,2.6054804294821023e-06,2.8653801918564774e-07,0.0,4.039318586750468e-08,1.2481992160616998e-07,1.3787856298858532e-06
2022-03-29,0.0,2.5967130778513765e-06,6.590260202198006e-07,0.0,3.713474788467067e-08,1.1692856577453771e-07,1.2559210226144112e-06
2022-03-30,0.0,0.0,1.651642930035537e-06,0.0,3.676525096953547e-08,1.3832920082614486e-07,1.4628064508513483e-06
2022-03-31,4.077133468028447e-06,1.2899782721150896e-06,9.935315851145697e-07,0.0,2.5199605807016557e-08,1.556955155039954e-07,1.389403189595555e-06
2022-04-01,0.0,0.0,9.338348954539634e-07,0.0,0.0,1.7327972467529403e-07,1.6631119453831708e-06
2022-04-02,0.0,0.0,1.283710439886512e-06,0.0,0.0,7.162663486767198e-08,1.5055086266934445e-06
2022-04-03,4.129805951010552e-06,0.0,1.9330060568403273e-06,0.0,0.0,8.741868087322061e-08,1.199025009843864e-06
2022-04-04,0.0,0.0,9.692760545804136e-07,0.0,0.0,9.134198609200764e-08,1.3114407252275504e-06
2022-04-05,0.0,1.4964866479005753e-06,1.620243348589757e-06,0.0,0.0,1.0148598714543527e-07,1.4051642648119366e-06
2022-04-06,4.121301280469003e-06,1.381241490700262e-06,6.500754527588898e-07,0.0,0.0,1.1803714104157722e-07,1.6167303067097843e-06
2022-04-07,0.0,1.3815355216317955e-06,1.6302964354222099e-06,0.0,0.0,1.1608597524088831e-07,1.419766301046221e-06
2022-04-08,0.0,0.0,1.308453815959458e-06,0.0,0.0,7.288678783319783e-08,1.2422702644397207e-06
2022-04-09,0.0,1.3825380908241264e-06,6.56400665026563e-07,0.0,0.0,8.322183121556062e-08,1.33396567960918e-06
2022-04-10,0.0,0.0,6.58640062686902e-07,0.0,0.0,1.0022326770208271e-07,1.1554326361066285e-06
2022-04-11,0.0,2.541955450002029e-06,9.600779412521196e-07,0.0,0.0,1.1429253193830156e-07,1.365219700180731e-06
2022-04-12,0.0,1.2730886225620423e-06,9.639468158692719e-07,0.0,0.0,1.3852942917690493e-07,1.3257172891435522e-06
2022-04-13,0.0,1.2753268300462372e-06,1.316186502778908e-06,0.0,0.0,1.199328626453205e-07,1.194828643826736e-06
2022-04-14,0.0,0.0,1.648880512069926e-06,0.0,0.0,1.0094850662815711e-07,1.2330505601601694e-06
2022-04-15,3.2442505542643717e-06,2.5603721656561255e-06,6.610771140365984e-07,0.0,0.0,9.17667503880006e-08,1.301085330709136e-06
2022-04-16,0.0,1.2828076140550208e-06,3.2088738371994883e-07,0.0,0.0,1.0642072846027059e-07,8.539866242568124e-07
2022-04-17,3.207146372330477e-06,0.0,1.6090998618055425e-06,0.0,0.0,9.362056171573904e-08,1.1178636866609158e-06
2022-04-18,6.378152553753254e-06,0.0,9.669624651986742e-07,0.0,0.0,9.105918755892195e-08,1.1536293920516616e-06
2022-04-19,0.0,3.20238635857483e-06,1.2858485554042317e-06,0.0,0.0,1.1673667196455557e-07,1.1890255492157348e-06
2022-04-20,0.0,2.138043558757154e-06,1.316647110635126e-06,0.0,0.0,1.0361778653505524e-07,1.5463629353888123e-06
2022-04-21,0.0,2.1413766846020067e-06,6.569059891431775e-07,0.0,0.0,8.30055427538054e-08,1.0545583635059682e-06
2022-04-22,6.23993480995057e-06,1.0724619749499028e-06,0.0,0.0,0.0,1.2393703996223344e-07,1.2775933304696757e-06
2022-04-23,0.0,0.0,1.04534800662558e-06,0.0,0.0,9.940973393787704e-08,1.160767968887149e-06
2022-04-24,0.0,1.0763311696108923e-06,1.3922124535304916e-06,0.0,0.0,1.0784650862365247e-07,1.3501403502870714e-06
2022-04-25,0.0,3.2352813556370187e-06,2.341935437182194e-06,0.0,0.0,1.239552646140422e-07,1.263578371500399e-06
2022-04-26,0.0,1.080630911091e-06,1.9521218659620375e-06,0.0,0.0,7.587941559659124e-08,1.1717047806290566e-06
2022-04-27,0.0,1.082942767627965e-06,1.17169564885137e-06,0.0,0.0,8.430621804174463e-08,1.22833919841538e-06
2022-04-28,0.0,2.170725838688297e-06,2.3444706973336387e-06,0.0,0.0,1.238596503553432e-07,1.02259784841458e-06
2022-04-29,2.909038326706955e-06,1.0878916082567378e-06,2.4736771741047912e-06,0.0,0.0,9.773785979406333e-08,1.2556957930430902e-06
2022-04-30,0.0,1.0905290872367327e-06,1.2368637081206027e-06,0.0,0.0,1.1451536427391349e-07,1.0335149843067334e-06
2022-05-01,0.0,0.0,8.259686189207167e-07,0.0,0.0,1.0771970461540783e-07,9.334233745136079e-07
2022-05-02,0.0,0.0,4.1307528886705664e-07,0.0,0.0,1.4104002583617582e-07,1.0968764244510972e-06
2022-05-03,0.0,0.0,1.6528303045874897e-06,0.0,0.0,1.2210642999547265e-07,1.2600749996179254e-06
2022-05-04,0.0,5.221325841119644e-06,4.133811845286435e-07,0.0,0.0,1.2333362001897842e-07,1.1904513740330342e-06
2022-05-05,0.0,3.2265798280200012e-06,1.6543845254934116e-06,0.0,0.0,1.5364021032562616e-07,1.1073995362365665e-06
2022-05-06,0.0,2.15177480709209e-06,1.6554097527034573e-06,0.0,0.0,1.0485427034476043e-07,9.836075858466288e-07
2022-05-07,0.0,3.2290673621670596e-06,7.864479851900398e-07,0.0,0.0,1.0381095292272038e-07,9.556539902292888e-07
2022-05-08,0.0,1.0769318077076997e-06,1.1185355427725046e-06,0.0,0.0,1.6187551615266756e-07,1.146142072497044e-06
2022-05-09,0.0,0.0,1.4945604129488453e-06,0.0,0.0,1.87874958395887e-07,1.1657041696414457e-06
2022-05-10,0.0,0.0,1.8723619493597298e-06,0.0,0.0,1.4419075031953541e-07,1.2344201883292258e-06
2022-05-11,0.0,0.0,1.1260263721731876e-06,0.0,0.0,1.8597160435223062e-07,7.674836759317186e-07
2022-05-12,0.0,0.0,1.8812469638435214e-06,0.0,0.0,1.4803829633638043e-07,9.82729562724429e-07
2022-05-13,0.0,0.0,7.54388573464997e-07,0.0,0.0,1.2626923983769348e-07,9.08247144634727e-07
2022-05-14,0.0,2.165304551256295e-06,3.774799265570182e-07,0.0,0.0,1.2566113841626926e-07,7.769120778113439e-07
2022-05-15,0.0,2.167967935555877e-06,1.5112132587550446e-06,0.0,0.0,1.4069880361508026e-07,9.724354469974175e-07
2022-05-16,0.0,2.1708481184556604e-06,3.783758514811202e-07,0.0,0.0,1.8153708806782957e-07,8.971487471343166e-07
2022-05-17,0.0,1.0869726939881676e-06,1.136958678521825e-06,0.0,0.0,1.9619399128844443e-07,8.66884365627746e-07
2022-05-18,0.0,1.0886300269237175e-06,1.8912027602032429e-06,0.0,0.0,1.6961148273239064e-07,8.822331869005905e-07
2022-05-19,0.0,1.0903962237691548e-06,3.7753270227776103e-07,0.0,0.0,1.5862693830032058e-07,7.926077171487285e-07
2022-05-20,0.0,0.0,1.1305878182991389e-06,0.0,0.0,1.2736914556147842e-07,9.233893851016957e-07
2022-05-21,0.0,2.188511853156919e-06,2.6336113754742956e-06,0.0,0.0,1.572643365978107e-07,8.621160608083379e-07
2022-05-22,0.0,0.0,1.1260698620196235e-06,0.0,0.0,1.9196945329147988e-07,7.948108642240989e-07
2022-05-23,0.0,0.0,7.490411616499066e-07,0.0,0.0,1.4087129020487486e-07,7.566248571083941e-07
2022-05-24,0.0,1.100866730431613e-06,1.8162946218042846e-06,0.0,0.0,1.4531640195903225e-07,8.054200618347714e-07
2022-05-25,0.0,2.191408084576978e-06,1.4504072746778481e-06,0.0,0.0,2.0463938091909672e-07,7.785241642926817e-07
2022-05-26,0.0,1.0906509254626837e-06,1.4479238938484129e-06,0.0,0.0,1.740199138139695e-07,7.706188966940585e-07
2022-05-27,0.0,1.3180770884865813e-06,7.227926533074849e-07,0.0,0.0,1.238321966580044e-07,6.578723126412823e-07
2022-05-28,0.0,0.0,1.0825434593376352e-06,0.0,0.0,1.0363654408826777e-07,7.358044995764038e-07
2022-05-29,0.0,1.3132084077645744e-06,1.0810061939620992e-06,0.0,0.0,1.1801646482809688e-07,6.130162841214647e-07
2022-05-30,0.0,1.3109711687352867e-06,2.8788720802848013e-06,0.0,0.0,1.5190383202459398e-07,6.913306175630667e-07
2022-05-31,0.0,0.0,0.0,0.0,0.0,1.1720122902401462e-07,7.893491392839296e-07
2022-06-01,0.0,1.3153309469651421e-06,2.513071473915952e-06,0.0,0.0,1.7030156821343772e-07,8.177743802015062e-07
2022-06-02,0.0,2.62694893962488e-06,1.406863411061871e-06,0.0,0.0,1.3579998693213616e-07,1.0032998594262806e-06
2022-06-03,0.0,1.3117493412012845e-06,7.457014248719394e-07,0.0,0.0,1.3537229940538237e-07,7.642711002069337e-07
2022-06-04,0.0,0.0,1.8644332009271538e-06,0.0,0.0,1.590578187251976e-07,7.179841752822966e-07
2022-06-05,0.0,3.926077357992396e-06,3.3566387121868512e-06,0.0,0.0,1.1533499568408411e-07,6.422875960488829e-07
2022-06-06,0.0,0.0,1.492281479721446e-06,0.0,0.0,1.629210744061589e-07,7.614160945792163e-07
2022-06-07,0.0,0.0,7.185351693620296e-07,0.0,0.0,1.768025380964825e-07,7.050841591712722e-07
2022-06-08,0.0,0.0,1.5886986058551228e-06,0.0,0.0,1.2390496283821048e-07,8.449418796657203e-07
2022-06-09,0.0,0.0,9.547118400274211e-07,0.0,0.0,1.8537404236629527e-07,7.531453591672881e-07
2022-06-10,0.0,1.1898587834587182e-06,6.659981787721341e-07,0.0,0.0,9.00839585293799e-08,6.135122487517946e-07
2022-06-11,0.0,0.0,6.674067748282055e-07,0.0,0.0,1.229752031823868e-07,7.078404559402483e-07
2022-06-12,0.0,1.190877195101352e-06,6.674881796440135e-07,0.0,0.0,1.132522325829951e-07,6.469231359749593e-07
2022-06-13,0.0,0.0,6.67636333834028e-07,0.0,0.0,9.416684859605715e-08,6.827118138753262e-07
2022-06-14,0.0,0.0,6.650633872659506e-07,0.0,0.0,1.221561295105025e-07,8.331738640474715e-07
2022-06-15,0.0,2.3865963592759724e-06,6.625569475908212e-07,0.0,0.0,1.9692761559834284e-07,7.535589187686851e-07
2022-06-16,0.0,2.3886874331755083e-06,9.901751462438755e-07,0.0,0.0,1.6378815986346335e-07,7.506330186577868e-07
2022-06-17,0.0,0.0,9.866138894412918e-07,0.0,0.0,1.2144700460096382e-07,7.193853907347541e-07
2022-06-18,0.0,1.196793213086338e-06,9.81060396138953e-07,0.0,0.0,1.2123494953359255e-07,7.450061251321824e-07
2022-06-19,0.0,0.0,0.0,0.0,0.0,1.4431098307416644e-07,6.201531842474263e-07
2022-06-20,0.0,9.704813127014778e-07,3.096039334147827e-07,0.0,0.0,1.4408703446146252e-07,9.456633119368102e-07
2022-06-21,0.0,0.0,6.159755264018562e-07,0.0,0.0,1.717247517056218e-07,9.517295760046522e-07
2022-06-22,0.0,9.63157624890572e-07,6.555020636769357e-07,0.0,0.0,1.8076165701115742e-07,8.927322453973853e-07
2022-06-23,0.0,1.9192808730191137e-06,6.528217170986473e-07,0.0,0.0,8.79525685337533e-08,7.415069012206335e-07
2022-06-24,0.0,9.562192129718956e-07,1.300413306472177e-06,0.0,0.0,1.3408769841916192e-07,7.299051107191821e-07
2022-06-25,0.0,0.0,1.3294710448708557e-06,0.0,0.0,1.1085137515205948e-07,6.908023553186554e-07
2022-06-26,0.0,0.0,1.324843783797126e-06,0.0,0.0,5.241232712370523e-08,5.14248673138845e-07
2022-06-27,0.0,9.465279579454885e-07,6.601745041029083e-07,0.0,0.0,4.9815183125022124e-08,6.134683666670176e-07
2022-06-28,0.0,9.434872679873804e-07,6.57993134307811e-07,0.0,0.0,8.219918961852085e-08,6.821857403887432e-07
2022-06-29,0.0,9.40540927542313e-07,6.55877564374474e-07,0.0,0.0,7.120863226411631e-08,6.957939491314093e-07
2022-06-30,0.0,1.8753772839475727e-06,6.538275827441409e-07,0.0,0.0,5.6400075627675187e-08,8.977663871495052e-07
2022-07-01,0.0,0.0,1.3071127784017229e-06,0.0,0.0,5.987364636546307e-08,6.666108877132871e-07
2022-07-02,0.0,0.0,6.516319304324289e-07,0.0,0.0,5.3350104267074866e-08,4.415758169652862e-07
2022-07-03,0.0,0.0,6.078108087663847e-07,0.0,0.0,3.7169110197860996e-08,5.841193986604274e-07
2022-07-04,0.0,9.225858952633938e-07,1.2128680373804729e-06,0.0,0.0,5.423050517978474e-08,6.686168233108614e-07
2022-07-05,0.0,0.0,9.066286114059746e-07,0.0,0.0,6.71136282967241e-08,7.620216352425773e-07
2022-07-06,0.0,9.179295346760736e-07,6.024645722621744e-07,0.0,0.0,6.264893159247657e-08,7.682042137591956e-07
2022-07-07,0.0,0.0,7.749699959184216e-07,0.0,0.0,4.886862642424409e-08,8.221791025922748e-07
2022-07-08,0.0,9.136403581418471e-07,5.156475207310065e-07,0.0,0.0,5.5825817846392e-08,6.104528253084883e-07
2022-07-09,0.0,9.116329220114303e-07,5.146999426981792e-07,0.0,0.0,4.4216273342185384e-08,5.591672890001055e-07
2022-07-10,0.0,9.097166499329113e-07,7.707057526328099e-07,0.0,0.0,4.924835333036822e-08,5.271012830557738e-07
2022-07-11,0.0,9.078913502774852e-07,7.442615664556612e-07,0.0,0.0,3.7923140910006604e-08,5.23400255476474e-07
2022-07-12,0.0,0.0,2.563358813712919e-07,0.0,0.0,3.397000893860799e-08,6.098418402077645e-07
2022-07-13,0.0,2.7135388415670925e-06,1.081613339916656e-06,0.0,0.0,4.779284452407464e-08,5.230369215890204e-07
2022-07-14,0.0,0.0,0.0,0.0,0.0,6.308973036727991e-08,6.082969166470967e-07
2022-07-15,0.0,6.756701726451239e-07,2.8463349778801376e-07,0.0,0.0,6.072692214303294e-08,6.245155371334382e-07
2022-07-16,0.0,6.689471420965764e-07,5.695952600342614e-07,0.0,0.0,4.4662561670486264e-08,5.528691519358909e-07
2022-07-17,0.0,8.949946268455531e-07,5.69980484493163e-07,0.0,0.0,4.591886028577985e-08,4.687952736597642e-07
2022-07-18,0.0,0.0,1.1408454149509988e-06,0.0,0.0,5.2197065175870965e-08,6.186837702109705e-07
2022-07-19,0.0,0.0,8.563829598059056e-07,0.0,0.0,5.6678763025329946e-08,6.574353396053893e-07
2022-07-20,0.0,0.0,5.71478331605465e-07,0.0,0.0,3.79600117040511e-08,6.551607603056816e-07
2022-07-21,0.0,0.0,9.223520251170616e-07,0.0,0.0,5.392243513615238e-08,5.562181127941999e-07
2022-07-22,0.0,0.0,1.2021666053001607e-06,0.0,0.0,6.471017932351268e-08,6.990159255281688e-07
2022-07-23,0.0,0.0,0.0,3.367429968425479e-09,0.0,4.004143892570162e-08,5.526212087341561e-07
2022-07-24,0.0,0.0,0.0,1.77805370357145e-08,0.0,3.805729915340961e-08,5.50905739113571e-07
2022-07-25,0.0,0.0,1.9300208008011286e-06,5.9864114679232216e-09,0.0,4.395839314973814e-08,5.89045748969899e-07
2022-07-26,0.0,0.0,0.0,1.8139727710231288e-08,0.0,6.061853547719191e-08,5.079558557051933e-07
2022-07-27,0.0,0.0,0.0,0.0,0.0,6.463193796910511e-08,5.302605448061105e-07
2022-07-28,0.0,8.530648393602473e-07,8.772019848683674e-07,1.2337449678465628e-08,0.0,4.113568249791369e-08,6.956386733620138e-07
2022-07-29,0.0,0.0,1.7251525109235322e-06,0.0,0.0,3.167606992528067e-08,5.463655298558125e-07
2022-07-30,0.0,0.0,1.7281169467992727e-06,2.8982313947001382e-08,0.0,4.0321141410022904e-08,4.197102887056141e-07
2022-07-31,0.0,0.0,1.2984406468573458e-06,1.951572736310304e-08,0.0,3.9919939349569875e-08,5.064091018419895e-07
2022-08-01,0.0,0.0,1.2403269897780823e-06,2.988279863086882e-08,0.0,4.3956586581187595e-08,5.488633249660098e-07
2022-08-02,0.0,0.0,1.2864629420267632e-06,3.0183125750051595e-08,0.0,1.0864383021764593e-07,5.432666052845377e-07
2022-08-03,0.0,0.0,0.0,1.5243235603481036e-08,0.0,1.0895236000590464e-07,4.516538867668684e-07
2022-08-04,0.0,1.083694458783664e-06,1.2343068597679287e-06,4.6189298004598085e-08,0.0,1.0927178512095792e-07,6.974970015908297e-07
2022-08-05,0.0,1.083396656759836e-06,8.840285849357176e-07,2.0613944256115606e-08,0.0,9.742412222718524e-08,5.62613316517655e-07
2022-08-06,0.0,0.0,4.872185618947751e-07,2.7571484329620897e-08,0.0,5.7007714916078816e-08,3.8350869122051247e-07
2022-08-07,0.0,2.641651513449563e-06,9.379739956814947e-07,1.1139432941556842e-07,0.0,1.6241394889959718e-07,4.2832574876955734e-07
2022-08-08,0.0,0.0,2.3601713594970506e-06,2.812846525960594e-08,0.0,1.749358756402901e-07,6.045910773376322e-07
2022-08-09,0.0,0.0,9.845700172480924e-07,8.523348310585858e-08,0.0,2.016063516548928e-07,7.063218751374461e-07
2022-08-10,0.0,0.0,1.4867982691263526e-06,2.8696697950746025e-08,0.0,2.3662447057248545e-07,5.380785785994335e-07
2022-08-11,0.0,1.3406054612406253e-06,1.4947898254717225e-06,1.1594041823965971e-07,0.0,2.0405588016443506e-07,6.140688380338904e-07
2022-08-12,0.0,0.0,2.1754704045146055e-06,2.9276409703694152e-08,0.0,1.9162377855648313e-07,7.318721018408613e-07
2022-08-13,0.0,0.0,3.8294370538846384e-06,5.914128502568168e-08,0.0,1.514971580810046e-07,5.781861339975016e-07
2022-08-14,0.0,0.0,1.1858451523191601e-06,5.973566482176218e-08,0.0,2.4253079090177287e-07,5.559089007520676e-07
2022-08-15,0.0,1.6935855465987884e-06,1.917806333613094e-06,7.383675121303995e-08,0.0,2.0920082489724312e-07,6.001432813641145e-07
2022-08-16,0.0,0.0,2.658641410022423e-06,1.864470572492079e-07,0.0,1.6119156695208125e-07,6.78320930185115e-07
2022-08-17,0.0,0.0,2.73273334831367e-06,3.766417626538277e-08,0.0,2.0351446141563564e-07,7.019826684671177e-07
2022-08-18,0.0,1.8471054233807815e-06,7.162137792819034e-07,7.608541505987486e-08,0.0,1.703209901985803e-07,7.072007513729786e-07
2022-08-19,0.0,0.0,2.1951877596273265e-06,4.1800226341681235e-08,0.0,1.48304090179325e-07,9.454386642746602e-07
2022-08-20,0.0,0.0,4.591774175416423e-06,8.444065120114235e-08,0.0,1.4979457106489273e-07,8.745205298485049e-07
2022-08-21,0.0,2.281539914082394e-06,7.920747403310367e-07,5.970250569808684e-07,0.0,1.9366404036146712e-07,7.459265024615256e-07
2022-08-22,0.0,0.0,1.5954021077427021e-06,1.2921969826220602e-07,0.0,2.191922603136347e-07,8.180597065303288e-07
2022-08-23,0.0,2.554715512785491e-06,2.4745573852157426e-06,3.045428815807161e-07,0.0,2.84650944625727e-07,1.0451329158502407e-06
2022-08-24,0.0,0.0,4.273282976793147e-06,1.318301093249556e-07,0.0,1.8368805239270226e-07,1.1019430695441529e-06
2022-08-25,0.0,2.713587374797125e-06,7.026778570172478e-06,1.7754003193386073e-07,0.0,3.3073478558413863e-07,9.598031764131958e-07
2022-08-26,0.0,2.9710951485552225e-06,4.597264245608749e-06,1.4056858402971425e-07,0.0,2.860340736002658e-07,1.1758763884786174e-06
2022-08-27,0.0,0.0,3.821091941320403e-06,2.746063478132516e-07,0.0,2.5902165033188133e-07,9.298255408554633e-07
2022-08-28,0.0,3.4940529005933813e-06,4.814396988018022e-06,4.707873659437071e-07,0.0,3.0187483984169264e-07,1.0998437532084284e-06
2022-08-29,0.0,3.5830542628033467e-06,5.926430144788146e-06,4.1739244162962603e-07,0.0,2.947451080065878e-07,1.6288940917252506e-06
2022-08-30,0.0,0.0,8.080059385105276e-06,4.215873054076726e-07,0.0,4.1934342322591875e-07,1.7413884016467092e-06
2022-08-31,0.0,0.0,6.23632883324622e-06,5.204213323586511e-07,0.0,2.662363909511342e-07,1.7353583860364709e-06
2022-09-01,0.0,7.916502244778371e-06,3.2461410242532564e-06,4.012648839677343e-07,0.0,4.058845723665149e-07,1.893101527493163e-06
2022-09-02,0.0,0.0,5.522955493179229e-06,9.119734941987803e-08,0.0,3.416364834464037e-07,1.866891144227751e-06
2022-09-03,0.0,0.0,3.411415017952689e-06,3.785934088772784e-07,0.0,5.797175784743074e-07,1.7226138910368577e-06
2022-09-04,0.0,4.552060804740077e-06,3.5331189057725656e-06,6.833900313343305e-07,0.0,3.067134384283637e-07,1.8891527018882143e-06
2022-09-05,0.0,4.7089872225776584e-06,3.6239521828748405e-06,3.110316746292149e-07,0.0,5.210204777302979e-07,2.1006305023839322e-06
2022-09-06,0.0,0.0,7.4131854564651585e-06,8.580292200749943e-07,1.901678959156792e-08,3.840252474544738e-07,1.9625678789863663e-06
2022-09-07,0.0,0.0,6.361506340330876e-06,1.0833156963748079e-07,2.1128702654804406e-08,5.602779944030104e-07,1.9539083026280346e-06
2022-09-08,0.0,0.0,7.89895611101038e-06,1.0942032001282766e-07,7.645132299902822e-08,4.2657175385602997e-07,2.3405799294678273e-06
2022-09-09,0.0,0.0,8.085497987764243e-06,5.526000625567985e-07,3.860983578448707e-08,4.772437803208288e-07,2.5075220379177512e-06
2022-09-10,0.0,6.0054094689251406e-06,4.062816902757434e-06,7.306114434227845e-07,7.019616795338422e-08,4.089713684997471e-07,2.2820484775590213e-06
2022-09-11,0.0,1.8603549905837782e-05,6.839763522454231e-06,8.743672638392735e-07,4.7267767446656036e-08,4.951803019771457e-07,2.7368264292776594e-06
2022-09-12,0.0,0.0,4.192730343494669e-06,5.44443285763799e-07,1.0344276888224615e-07,6.521486624356278e-07,2.5171038838500685e-06
2022-09-13,0.0,6.710842223800919e-06,5.66730357578597e-06,5.897060716806374e-07,5.625974630401015e-08,8.100304320227206e-07,2.48239880539779e-06
2022-09-14,0.0,1.378026638029471e-05,1.5992389142338275e-05,4.4616004000814603e-07,7.306092791290075e-08,7.960586333913824e-07,3.465384760149416e-06
2022-09-15,0.0,0.0,7.37061463255443e-06,4.561678327119487e-07,9.839360326099967e-08,7.885945156883185e-07,3.6599522617006043e-06
2022-09-16,0.0,7.135407099509737e-06,6.070778483196689e-06,1.1092802034468323e-06,4.9691237706893024e-08,5.622494275289255e-07,2.4709206887979025e-06
2022-09-17,0.0,7.438118513417442e-06,3.0997073378860176e-06,6.557350341633502e-07,4.1825535790388685e-08,5.639941582186964e-07,3.2155649618819964e-06
2022-09-18,0.0,7.743940765082774e-06,9.331629646550093e-06,3.3058041981840606e-07,7.900349681648785e-08,7.925737652080543e-07,3.635317299105088e-06
2022-09-19,0.0,1.594721723853794e-05,1.2705808393671088e-05,9.999791426178105e-07,1.0972155584462475e-07,1.1007414879655197e-06,4.147891204929973e-06
2022-09-20,0.0,8.039293938264263e-06,1.2953539863677618e-05,7.121006809434628e-07,8.059947331898045e-08,7.239755882901679e-07,2.7386461312362422e-06
2022-09-21,0.0,0.0,1.0029142666772988e-05,7.174720354513596e-07,6.10571336195491e-08,1.007202118761377e-06,4.817201960491865e-06
2022-09-22,0.0,0.0,6.821430002375489e-06,5.49789715920938e-07,1.0278461335684327e-07,8.984769429381072e-07,4.168965152076015e-06
2022-09-23,0.0,0.0,8.7184634754718e-06,7.792215029417262e-07,9.343585430528502e-08,1.4595974663396664e-06,4.886770692944372e-06
2022-09-24,0.0,1.797089458482377e-05,7.0880669849664405e-06,7.846582628259004e-07,1.3631930036501852e-07,8.233033390762377e-07,3.6107670672886454e-06
2022-09-25,0.0,1.858425540946812e-05,7.206763406017422e-06,4.0816254303314195e-07,9.532338376879651e-08,1.0284296901407651e-06,4.3449711675039855e-06
2022-09-26,0.0,9.364216904127669e-06,5.4952758673673365e-06,1.051979990660925e-06,8.287258473055944e-08,1.1909820493163563e-06,5.635516544642773e-06
2022-09-27,0.0,9.675129986165569e-06,1.4863454230104821e-05,1.0585664630197944e-06,8.886265467852409e-08,9.141340524627699e-07,5.865642044489345e-06
2022-09-28,0.0,1.985981149136994e-05,7.604265144282824e-06,6.467586383446799e-07,1.0471502907318364e-07,1.1713026200027938e-06,4.894373787437515e-06
2022-09-29,0.0,0.0,7.69882594849943e-06,1.3221043684047257e-06,1.8131559876273025e-07,8.158030664628394e-07,5.755706128046641e-06
2022-09-30,0.0,3.1655387704591055e-05,3.843856409075288e-06,0.0,7.630743784385904e-08,1.1619552693927415e-06,3.209695320531111e-06
2022-10-01,2.3404218560546165e-05,1.0722466954545064e-05,1.1681408969796297e-05,1.189920210988797e-06,1.38941018537489e-07,8.939020433895207e-07,3.816634248347091e-06
2022-10-02,2.4460623359573554e-05,4.413898268063227e-05,5.948558553165806e-06,9.584643798078696e-07,1.4033739898863524e-07,1.2816903597746064e-06,3.730778747785625e-06
2022-10-03,2.5117050957329932e-05,0.0,1.0056180900989167e-05,2.2019180649551405e-06,6.299902813183492e-08,6.445197238872814e-07,3.0445171355606675e-06
2022-10-04,2.619067000813217e-05,1.1544520138113615e-05,1.6148576561567077e-05,1.2307534011220822e-06,3.027024330303622e-07,9.00359333884375e-07,3.830048329025267e-06
2022-10-05,0.00013226945308880106,6.974051374210808e-05,1.8357542867039953e-05,9.987987396146137e-07,1.1871711143931149e-07,1.0143195118287395e-06,4.688576449207255e-06
2022-10-06,5.338589481155279e-05,1.1699560334694975e-05,2.0571813106739776e-05,1.2563129964932343e-06,2.4154943820591203e-07,9.11016073663778e-07,3.765138187436286e-06
2022-10-07,5.386934702155471e-05,2.3713831923803387e-05,1.0402282816340428e-05,1.7699544811406947e-06,1.6265136694597889e-07,7.853140431852094e-07,3.11530509980324e-06
2022-10-08,2.798687698123522e-05,4.774483784307794e-05,1.2691289472150801e-05,7.630603255639758e-07,1.6428604036025434e-07,6.772601998076353e-07,3.20689440895963e-06
2022-10-09,5.804648178402788e-05,6.124494928075699e-05,2.1380801542023864e-05,1.2794083955125412e-06,1.9359333293471641e-07,1.3451185125232066e-06,4.070318672909795e-06
2022-10-10,8.766804116504616e-05,5.0240632528424413e-05,6.494773495362824e-06,1.544613028389022e-06,2.3490023330423466e-07,1.0828978799834278e-06,3.2887198039404093e-06
2022-10-11,3.0246230669094158e-05,5.050799743709771e-05,8.711522808726465e-06,1.5540904447530148e-06,2.3726101989705227e-07,7.773128344067052e-07,5.284260667178783e-06
2022-10-12,6.256195312026129e-05,2.5630339445042275e-05,2.189402018759495e-05,5.212410904855208e-07,2.6960122438827495e-07,1.2499278640674649e-06,4.5889146157763866e-06
2022-10-13,3.1505833044890066e-05,7.803489776589307e-05,2.413339529869299e-05,1.323955842874043e-06,3.025675130438594e-07,1.020727651866177e-06,4.695356728492431e-06
2022-10-14,9.520152041762677e-05,2.6149943842088626e-05,1.5387025451982932e-05,1.5988466740101142e-06,2.1392585697293393e-07,8.681462204405139e-07,5.010123057007869e-06
2022-10-15,0.0001278600825759466,1.3137595470242373e-05,1.111461703740506e-05,2.1449444460810073e-06,9.260393467677248e-08,6.337833138170806e-07,5.506148101151856e-06
2022-10-16,0.0,2.670756354362006e-05,6.677171740663533e-06,1.886778585120859e-06,1.247128262572339e-07,1.0339077727589237e-06,4.617653090371783e-06
2022-10-17,6.64256302094717e-05,6.762517321526237e-05,2.2555938805626344e-05,5.417559394915251e-07,2.5193242199731576e-07,6.78706072594897e-07,5.635536118639061e-06
2022-10-18,6.681673069834743e-05,6.788404193950787e-05,1.8068389715175574e-05,1.087646625191297e-06,3.18080481165385e-07,7.616355599140579e-07,5.538215044414748e-06
2022-10-19,6.716089445053656e-05,5.547245111895478e-05,1.137790147801466e-05,8.189176027263288e-07,2.8914951883257866e-07,8.711923140641951e-07,5.134626931460828e-06
2022-10-20,6.745815588270109e-05,5.5668723262995335e-05,2.0554738584314934e-05,1.6640138308644355e-06,2.5960490649702483e-07,8.919091498115556e-07,4.9547129436151825e-06
2022-10-21,0.0,1.3967640581438236e-05,1.3680790431716571e-05,1.1128356896078725e-06,3.277674739789872e-07,7.236838612847344e-07,5.7795292501812095e-06
2022-10-22,0.00013946365982113698,1.4131723962826756e-05,2.0536510936907788e-05,2.509006086977515e-06,3.641677510429549e-07,7.254183988540766e-07,4.733073204377794e-06
2022-10-23,3.5006237213046315e-05,2.8341018396090944e-05,1.8151435082594186e-05,2.234343764459877e-06,3.3438881617054755e-07,9.838932949388173e-07,3.955068564458486e-06
2022-10-24,0.0001054501803711049,0.0001299870428545256,9.172956503135278e-06,2.5179219168098147e-06,2.7019958371531095e-07,1.3907684614756278e-06,6.03261928108117e-06
2022-10-25,7.05947961393223e-05,1.4239903453234713e-05,2.2934505691299e-05,2.801074236503587e-06,3.7525831018186845e-07,9.461652009585556e-07,7.278675172473503e-06
2022-10-26,0.00018134727138430863,2.8536260101792923e-05,3.898593601209112e-05,1.1215634522929963e-06,3.439507058433839e-07,9.039055074573918e-07,6.399537704529595e-06
2022-10-27,7.281062139399076e-05,4.323003094036405e-05,2.540613981469129e-05,8.421070254483193e-07,4.161502664361906e-07,1.5868854592852831e-06,6.869826385409494e-06
2022-10-28,3.651799844581798e-05,5.7706481034840256e-05,1.4003273108393048e-05,8.431256730811948e-07,2.7824196270353054e-07,5.908024209094359e-07,6.799501451169949e-06
2022-10-29,3.663433802491693e-05,5.776301234081679e-05,1.8660396502767503e-05,2.8140954466132845e-07,2.7907823887774006e-07,9.100304677375985e-07,5.559462604469551e-06
2022-10-30,0.0,7.22424520671108e-05,1.8648823555850386e-05,1.4073688307128378e-06,3.4992802888550434e-07,1.2295045837415846e-06,6.482326701419844e-06
2022-10-31,0.00018849604034266152,7.226484425675345e-05,3.4304153668532525e-05,1.390907018875483e-06,5.265648784024945e-07,1.3663132157368074e-06,7.951445082190712e-06
2022-11-01,0.00015489196762659343,5.849921003929692e-05,2.2535641269204405e-05,8.349423543503081e-07,2.820668398707692e-07,1.4120999074924177e-06,6.740626005995454e-06
2022-11-02,0.0001552433986430462,7.310147770982686e-05,1.8129391538790216e-05,5.59698691505107e-07,2.830163281592611e-07,9.665997456496618e-07,8.57166957545794e-06
2022-11-03,3.887513050213008e-05,7.306658190846526e-05,3.1546872120268336e-05,2.7939913400122695e-06,2.839941183164167e-07,1.241979217325357e-06,7.750350869621687e-06
2022-11-04,7.788659777788978e-05,2.920772866217086e-05,1.8034929416836387e-05,1.6734628186307454e-06,2.137502310915498e-07,1.2405534485886338e-06,7.364278269259978e-06
2022-11-05,0.00019507680819050722,0.00010385823161209269,2.919998615859215e-05,1.6697022915654053e-06,2.1452624864702208e-07,1.1015570988716153e-06,5.758560665062107e-06
2022-11-06,0.00015625547170352604,4.447473592824885e-05,1.794448105620755e-05,1.387760020523775e-06,4.30647438012263e-07,1.4206219209221376e-06,7.4906699053532e-06
2022-11-07,0.00015635529041181718,8.932132164513303e-05,3.583745368391393e-05,1.6411543838234836e-06,2.51839720374764e-07,1.2434099733303502e-06,6.687006563508795e-06
2022-11-08,0.00023462374307900931,5.946226066275273e-05,3.603503767589874e-05,1.6372951053733983e-06,3.797714506917579e-07,1.8634849148955475e-06,7.881668122800313e-06
2022-11-09,0.00015641878732660562,0.00013256994285978176,2.2588479270370462e-05,2.6695115323006365e-06,4.571199387710985e-07,1.5251332853114167e-06,9.32538887118929e-06
2022-11-10,0.0001954094447784262,0.00017653524728677763,4.0534595387098796e-05,2.1286403649833097e-06,4.5855984908689926e-07,8.99817517443213e-07,6.58824764941749e-06
2022-11-11,0.00015956128786214716,7.343730822888722e-05,1.7802984342653123e-05,1.8560678882314211e-06,4.600456157697432e-07,1.4361677564566626e-06,8.40296112824344e-06
2022-11-12,0.0002788981512445126,0.00013266193482838724,3.5785517852291414e-05,2.3752765588962797e-06,2.6925347598189643e-07,1.0535409561430358e-06,7.517045522492979e-06
2022-11-13,7.956108608692184e-05,5.915578785384262e-05,2.6427491617366492e-05,1.546377572494514e-06,3.859627642905993e-07,1.3257301466565572e-06,7.607707508657148e-06
2022-11-14,0.00015888988455778547,2.951304411294624e-05,2.584486854261646e-05,1.4983977810238393e-06,5.422428232871771e-07,1.5952149283739298e-06,7.483294837508119e-06
2022-11-15,7.928182697118946e-05,2.9451145627976752e-05,1.5131221640694909e-05,1.2415336935939035e-06,6.990031795590733e-07,1.444042731099474e-06,8.647560812505008e-06
2022-11-16,7.91266399122517e-05,0.0001028175937092768,2.176430702349107e-05,2.7159587929582127e-06,3.884590494873696e-07,1.2657770827114925e-06,7.876730273005969e-06
2022-11-17,0.00023677334856941359,4.466240269955395e-05,1.7217675966081142e-05,1.7181195560885523e-06,4.66346214538037e-07,1.4934287047152496e-06,9.688230090997914e-06
2022-11-18,0.00011809522746712033,2.9210926561361487e-05,1.7158108431939186e-05,1.9511987785673944e-06,4.665882047013075e-07,1.1200349811087879e-06,9.434446590279956e-06
2022-11-19,7.84888107870227e-05,2.91113409431088e-05,2.8156914388499176e-05,1.6943252958682634e-06,7.781280901231215e-08,1.0730951844408832e-06,8.918795465361592e-06
2022-11-20,0.0002738936160652466,2.8542176315314686e-05,2.751179431583491e-05,9.603380558233063e-07,6.618839379879572e-07,1.5398509920333923e-06,9.360519573088379e-06
2022-11-21,0.00011948528979045265,2.8437367765360468e-05,1.8977142885032014e-05,2.381465657247963e-06,5.455266256725204e-07,1.4907919165451234e-06,1.0055325170235486e-05
2022-11-22,0.00015874704523089164,7.040542329160951e-05,1.4556350021245473e-05,1.4167306678493393e-06,5.070249919005937e-07,1.7391679418998803e-06,1.1311626510597163e-05
2022-11-23,0.0,2.8523033333470446e-05,2.666600510047154e-05,1.3648558026805012e-06,5.051126766767917e-07,1.5631629660258337e-06,1.1836035698769271e-05
2022-11-24,0.0,5.6819021808742914e-05,2.847155051361716e-05,1.3529875595811485e-06,3.478442417314922e-07,1.2369700842795741e-06,1.0839753673071249e-05
2022-11-25,7.675744078939084e-05,4.209387654913492e-05,2.6243384256193314e-05,1.3412546163652477e-06,6.136703347094616e-07,1.4449066177578163e-06,9.409930220920843e-06
2022-11-26,0.0001911678702740896,2.7951837850609696e-05,1.586730350971437e-05,6.648278998643494e-07,6.470755410034281e-07,1.1003342924231865e-06,1.0314721754943719e-05
2022-11-27,0.00015061035721202078,1.3921943271103888e-05,1.9652098754387993e-05,1.0818800361014788e-06,5.288632254470228e-07,1.180146185230351e-06,1.1166945591528259e-05
2022-11-28,0.00010991955227121205,8.175147762348907e-05,2.1221054463880917e-05,1.2871203591500118e-06,7.12355597295797e-07,1.258833093356237e-06,1.10202659635161e-05
2022-11-29,0.0001781953083014537,1.3403166001620416e-05,2.2799537802218286e-05,8.507422587245121e-07,5.203228833092273e-07,1.7964679459787376e-06,1.3955929290090747e-05
2022-11-30,0.00010634121433549888,6.5526302837453e-05,2.08117490149966e-05,8.434893529505096e-07,7.000199875233029e-07,1.6481507831613236e-06,1.3876202561126867e-05
2022-12-01,0.0001856848254309535,2.6004581913045948e-05,1.3044609607816533e-05,1.2548098117486032e-06,6.574041916135507e-07,1.3121857078428038e-06,1.3165622098596507e-05
2022-12-02,7.382619241271262e-05,9.14065873760656e-05,1.0997643130742653e-05,1.036401306417688e-06,3.6921996618846415e-07,1.2969760602380034e-06,1.248087794335862e-05
2022-12-03,0.0,0.0,9.045528660282054e-06,1.2326776928470228e-06,4.7602607734235215e-07,1.077988889955356e-06,9.508303948393482e-06
2022-12-04,3.6476410449895034e-05,5.0334529664424404e-05,1.0608331326253408e-05,1.20983360985286e-06,3.631644628031729e-07,1.1157942299763614e-06,9.09369776936449e-06
2022-12-05,3.536560345885758e-05,7.372297816116278e-05,2.0797701954673357e-05,1.1543311845946806e-06,5.402870050609517e-07,1.113429061045295e-06,1.0467459487203294e-05
2022-12-06,0.0,1.1990367343164664e-05,1.3807306456321156e-05,9.62359893949271e-07,2.5007796103168225e-07,1.4815669812642579e-06,8.827636126977291e-06
2022-12-07,6.987302965510788e-05,4.749505432425968e-05,1.1913953499167623e-05,5.427804502259882e-07,2.8348227928314967e-07,1.6019358756565222e-06,8.60320523202899e-06
2022-12-08,0.0,2.3742449266261455e-05,1.5182102089192158e-05,1.0768170445525046e-06,4.920816652399469e-07,1.453091970919223e-06,9.132710187691961e-06
2022-12-09,3.3687421322236645e-05,4.653511886051543e-05,1.3268311205533061e-05,1.7798659470039159e-07,3.24681924105201e-07,1.09614984527431e-06,9.746748212425186e-06
2022-12-10,3.348663901494885e-05,4.63035974102807e-05,1.1323384991608192e-05,6.861467949051677e-07,4.6496641355223136e-07,9.440923670830607e-07,8.080185285851522e-06
2022-12-11,3.328920539946818e-05,1.1520012183993408e-05,1.2775115046409821e-05,9.610156344041746e-07,4.20707615715645e-07,5.648931142382638e-07,7.48931043255606e-06
2022-12-12,3.2226097633360834e-05,2.2940068939997856e-05,1.879698186856121e-05,7.819761600310683e-07,4.187605629505148e-07,9.765379832153583e-07,1.0063543677274733e-05
2022-12-13,3.204394922912038e-05,0.0,7.64015502897368e-06,1.5316035841722344e-06,3.751698479315832e-07,1.221779848478374e-06,8.764846880332322e-06
2022-12-14,0.00012746002098602496,3.302075460337005e-05,1.210357222567781e-05,1.216443617990124e-06,4.56491085728503e-07,1.1408495983199962e-06,8.439762118816616e-06
2022-12-15,3.1660304444407684e-05,4.288204457923308e-05,1.5062745422324644e-05,7.423668036190623e-07,1.5779279737953328e-07,1.022755207141854e-06,9.208517309846238e-06
2022-12-16,6.295264945244517e-05,1.0593793686945713e-05,1.1837788765654397e-05,4.422706699001044e-07,3.371883332456981e-07,9.811129391254384e-07,8.896241045718214e-06
2022-12-17,3.042648956783275e-05,3.129615914819213e-05,1.0078357997472664e-05,4.3916548506432147e-07,4.0056902690431197e-07,9.445876810137636e-07,9.443924769831842e-06
2022-12-18,3.1143991934996635e-05,3.153839363738357e-05,9.88565288751713e-06,5.814722895240234e-07,4.361826070217227e-07,7.249309027772193e-07,9.397246560078584e-06
2022-12-19,6.197374400411809e-05,1.0240158490224925e-05,5.582399682402038e-06,9.407483578865171e-07,4.71709809654538e-07,9.097403979669445e-07,8.105487630312668e-06
2022-12-20,3.080390743558082e-05,3.0195331536625384e-05,2.183125098753211e-05,7.890387550785787e-07,4.3470981514732446e-07,8.473243752232829e-07,1.0281071891270073e-05
2022-12-21,5.9510040373216907e-05,9.794366743157684e-06,1.2038690645737959e-05,8.441637533395074e-07,3.2552899646798326e-07,1.2914233310467745e-06,7.865644782664437e-06
2022-12-22,2.8717842090791357e-05,9.725599131972442e-06,9.248602788609463e-06,7.681032098820203e-07,3.972933369122606e-07,7.079974771725391e-07,8.503060013464033e-06
2022-12-23,2.7692269429455643e-05,1.91593961901802e-05,7.72498206442678e-06,5.447198547695971e-07,3.2461987911416415e-07,5.220400500075953e-07,6.167002460913433e-06
2022-12-24,0.0,1.8871876900372373e-05,1.2865058148282062e-05,2.1235178717965772e-07,1.8011890874464565e-07,7.746559730192402e-07,6.46934765269377e-06
2022-12-25,0.0,9.404212820114191e-06,3.757592887533849e-06,1.0044760382647742e-07,4.317874853870846e-07,6.204826404182372e-07,5.909810726588805e-06
2022-12-26,2.6396316270724077e-05,2.7413778671490825e-05,6.118241457224306e-06,4.78882066055691e-07,3.9538837148743397e-07,7.835810898774057e-07,6.723680632661624e-06
2022-12-27,0.0,0.0,1.08720505931641e-05,3.805708171058681e-07,3.795935600264272e-07,7.456700335606201e-07,7.6176614595333885e-06
2022-12-28,2.5734247005454943e-05,1.7472982910517495e-05,8.254266088230338e-06,9.578988002504846e-08,5.853015228742531e-07,1.115397902467817e-06,7.96870761658795e-06
2022-12-29,5.010749734859607e-05,1.7417268397455963e-05,1.0374305490106982e-05,4.260917537018525e-07,3.435394021296658e-07,8.955300413533723e-07,7.853914425468388e-06
2022-12-30,7.227573137043387e-05,1.712779423041781e-05,6.6303975247855265e-06,2.541753097818434e-07,3.7709995953342373e-07,7.591336643740601e-07,6.795817323730664e-06
2022-12-31,4.7093546559356236e-05,2.502809813284051e-05,8.60827771596297e-06,8.174793733335574e-08,2.7370493602503245e-07,1.066901132967727e-06,5.937171677765484e-06
2023-01-01,4.356506155847529e-05,3.2328492640169435e-05,4.152954220193907e-06,2.1175254137429643e-07,4.7243114576701615e-07,8.897981676855402e-07,6.898845575259291e-06
2023-01-02,6.340151483237336e-05,1.5741615613608434e-05,4.059350980173723e-06,3.512177093789174e-07,5.052592518173846e-07,9.153834269820781e-07,6.484149513292436e-06
2023-01-03,2.1051904318832e-05,3.863355288852799e-05,9.893938849279015e-06,4.433292672757173e-07,4.0351424189878753e-07,9.6823502626188e-07,6.711670487128226e-06
2023-01-04,2.0561275264957656e-05,4.620702862539223e-05,9.637938714316004e-06,1.744160757234128e-07,2.921736277925092e-07,7.052869271749116e-07,6.575119753296136e-06
2023-01-05,4.0992372424060636e-05,2.2329526700745442e-05,4.781373254585319e-06,5.793290297652777e-08,3.8549672034654115e-07,8.344823698978871e-07,5.7064749931531086e-06
2023-01-06,1.9594606551781463e-05,1.4477613520799355e-05,4.59048171766325e-06,1.1053293333897857e-07,2.964438130612609e-07,7.559830289225239e-07,7.086202508036243e-06
2023-01-07,1.954195408108879e-05,2.093583931114111e-05,3.6242168864354813e-06,1.03616396583353e-07,4.445719980341352e-07,6.451745799617507e-07,4.911051480646571e-06
2023-01-08,1.8652715579066315e-05,0.0,5.357107357390973e-06,8.362197278735397e-08,2.3707879149155216e-07,6.672951609977844e-07,6.4955346136308015e-06
2023-01-09,5.58369302301535e-05,1.3401104873900618e-05,4.371125055521308e-06,0.0,1.7780716908121077e-07,7.325511825422666e-07,6.871464134499798e-06
2023-01-10,3.5414593677449144e-05,1.9341260392953436e-05,6.748669345480937e-06,1.8925947640415737e-07,3.260088799162042e-07,7.030015812002808e-07,5.677792741581113e-06
2023-01-11,6.892700774492784e-05,6.1966098412562695e-06,2.453939146638046e-06,2.074945335295211e-07,2.9642777364532294e-07,9.210780427287171e-07,5.47300147387819e-06
2023-01-12,0.0,0.0,4.064788765776146e-06,3.4638045974212516e-08,2.652220929628945e-07,6.059695449464226e-07,6.082953119035047e-06
2023-01-13,0.0,3.018832689629728e-05,6.406502365547353e-06,6.544796191099526e-08,2.679721451002977e-07,7.50897993524304e-07,5.927073673207247e-06
2023-01-14,1.6263951937714212e-05,6.255930874239497e-06,2.3810561157548335e-06,1.3122468578657585e-07,2.1613177618910188e-07,7.504688417401467e-07,4.983158463053687e-06
2023-01-15,0.0,1.2323017719812866e-05,3.0878664038855623e-06,1.3156657032909412e-07,1.7789043542979156e-07,6.104846273637667e-07,4.087057613266198e-06
2023-01-16,1.5352995593480238e-05,6.146226609235085e-06,1.4786000321870387e-06,3.2980402909571114e-08,3.9769682320467434e-08,6.339143695667149e-07,5.114328610133433e-06
2023-01-17,0.0,5.977644915293076e-06,2.9069891455674314e-06,1.4570993120184508e-07,1.400424681915749e-07,6.417898892082723e-07,5.209243413678767e-06
2023-01-18,0.0,1.1942839402177371e-05,7.017586264251369e-06,1.0966970098748534e-07,1.874423103970612e-07,7.108127844468579e-07,5.548011698352558e-06
2023-01-19,2.7241626974950502e-05,1.2050552442188151e-05,4.146259672748353e-06,7.337861375671827e-08,1.8883251932523557e-07,7.098479031822058e-07,5.643157845923132e-06
2023-01-20,0.0,1.771268742292832e-05,6.133201118007713e-06,1.841285786107609e-07,3.0438657866032546e-07,7.744374495728392e-07,5.447774531823709e-06
2023-01-21,0.0,0.0,5.4213268210593625e-06,1.0349809936160521e-07,1.340073499017968e-07,6.544286151986863e-07,3.494121436785376e-06
2023-01-22,2.558000061442731e-05,3.465753231357465e-05,5.391461452200651e-06,2.426738720461937e-07,2.697179449727291e-07,7.915008528301157e-07,4.812557853000119e-06
2023-01-23,0.0,1.1544055798844918e-05,1.9478358129033557e-06,1.7419746178910152e-07,3.2961562548136916e-07,6.724737823687366e-07,4.9633701955045845e-06
2023-01-24,3.5905871725374715e-05,5.731862225995121e-06,3.875332148077895e-06,7.002954537462057e-08,1.5611744250968554e-07,7.392122969221671e-07,4.858511697375493e-06
2023-01-25,1.1959541335814911e-05,5.6149181203518e-06,1.8489839785977119e-06,1.4011703241931487e-07,2.3570589205961408e-07,8.055014624702632e-07,5.013522570987132e-06
2023-01-26,1.1951654727271484e-05,1.139126741135853e-05,5.51995175279669e-06,1.4018898590939507e-07,1.3840119483185802e-07,6.191254486281137e-07,4.336673991328043e-06
2023-01-27,2.3889926588321056e-05,1.0922568852827891e-05,2.98098679304557e-06,1.7534369801861344e-07,1.5922414422524844e-07,8.637693833906017e-07,4.747731977088332e-06
2023-01-28,0.0,1.6746063832777943e-05,4.054868922058305e-06,6.339124213710366e-08,3.1763042380373693e-07,5.379649580440818e-07,3.87030821516323e-06
2023-01-29,0.0,5.585530924089131e-06,5.734851231692078e-06,3.797677271527232e-07,1.776713545102084e-07,4.5396440626599055e-07,2.999667746120883e-06
2023-01-30,0.0,1.0930435518605099e-05,6.339229212534495e-06,6.320432976200232e-08,1.570607670349563e-07,6.174178513717094e-07,4.053396762220831e-06
2023-01-31,1.0996458803587774e-05,1.091093718062709e-05,2.3296989757776094e-06,2.5248143527012305e-07,2.1478482764686393e-07,9.237826092932645e-07,2.879756208931249e-06
2023-02-01,1.1222608053006971e-05,1.56448524276523e-05,5.071836788261097e-06,9.472513659511383e-08,9.725567581798801e-08,5.571765090576834e-07,4.113151048671798e-06
2023-02-02,2.240553627759037e-05,0.0,4.489486651782121e-06,1.5687365599082084e-07,2.7087436151161286e-07,7.359406463850246e-07,3.828651607800551e-06
2023-02-03,1.0326664666743213e-05,1.596540950163456e-05,4.466638100773784e-06,1.2471021745555687e-07,1.9247137028195707e-07,4.2201401629978424e-07,3.8638502489426675e-06
2023-02-04,0.0,1.039172601480321e-05,2.153990993833623e-06,1.5491747655516029e-07,2.8583437222368927e-07,4.941051214087042e-07,3.5783901690981467e-06
2023-02-05,1.025244067242288e-05,1.0368771339424964e-05,3.0628377726219114e-06,1.8475520780115394e-07,1.697941636199168e-07,7.118971823547146e-07,3.002972919094782e-06
2023-02-06,0.0,1.573499359831567e-05,5.356569402478787e-06,3.3125205731028966e-07,2.2413957795130352e-07,5.09857138668097e-07,3.635197873989529e-06
2023-02-07,0.0,5.22758214829787e-06,2.42374175089914e-06,1.3186286718880795e-07,1.6643201391547259e-07,5.631588363162217e-07,3.3908599389059265e-06
2023-02-08,0.0,5.21068919306168e-06,6.273596170761834e-06,1.5140251781719162e-07,2.3800976002202085e-07,5.256383771814584e-07,3.6631690828095486e-06
2023-02-09,1.0027865423635047e-05,1.0155322195967638e-05,2.360263839149525e-06,1.763886991719931e-07,2.175152523142902e-07,5.425896315226346e-07,3.1211404372954274e-06
2023-02-10,0.0,1.011816800947461e-05,3.192297352081323e-06,1.6613668413707478e-07,2.3329685100764404e-07,5.264094364015314e-07,3.592997422121625e-06
2023-02-11,0.0,5.0410128241071815e-06,1.8169802614770983e-06,1.6588317322704906e-07,1.776734681187095e-07,3.8536189139277864e-07,2.6539432141072775e-06
2023-02-12,9.902295984590811e-06,5.023445748960327e-06,2.9671590900414057e-06,6.625850030903297e-08,8.795279378628324e-08,4.3719174159247284e-07,2.133581165198099e-06
2023-02-13,0.0,9.546137192736245e-06,2.0662111973468825e-06,2.646814289299713e-07,1.5673976795859223e-07,5.574028258343085e-07,3.396118430911243e-06
2023-02-14,0.0,9.517652019371554e-06,1.2334388880041877e-06,2.3131090936386334e-07,2.0690690827904992e-07,5.726077120266311e-07,3.0816178437994037e-06
2023-02-15,1.9571278560715486e-05,2.8003731005007688e-05,3.2727317400451057e-06,3.6307652809638245e-07,3.4141358357204616e-08,3.506331925126792e-07,3.0766803949714523e-06
2023-02-16,9.720159591565988e-06,0.0,7.825959126944413e-07,1.317266209047987e-07,1.3546099442741878e-07,4.853706420083581e-07,2.796491553872294e-06
2023-02-17,9.655651926833553e-06,4.522952580862382e-06,2.2737721613895495e-06,6.571929309138796e-08,1.1921167556654488e-07,4.8241729378185e-07,2.658526058188372e-06
2023-02-18,0.0,0.0,2.1916014041570703e-06,1.31163695428904e-07,5.901274978780875e-08,3.7461889663026247e-07,2.4024251086858465e-06
2023-02-19,0.0,4.4994387271597e-06,1.4550067059289428e-06,1.3090192115387835e-07,1.168511262330026e-07,4.7665503320998536e-07,2.9201006715137744e-06
2023-02-20,1.7238088637487585e-05,1.3469785118600395e-05,3.894297608802741e-06,9.798992788504006e-08,1.8799371191312933e-07,4.003060461397747e-07,2.709502092000398e-06
2023-02-21,8.566807430267919e-06,1.7612384825669256e-05,2.469867397969797e-06,2.282308326179429e-07,1.4317164863498667e-07,4.941839216252673e-07,2.5798735695656137e-06
2023-02-22,2.5546281689022313e-05,0.0,4.220215538258905e-06,9.764628147610594e-08,1.133976535429303e-07,4.641808619834012e-07,2.9148600210737795e-06
2023-02-23,8.450620403271798e-06,8.298189513481237e-06,3.0288592915990604e-06,2.2747459859276426e-07,4.210099801414646e-08,5.159940458478984e-07,2.4044345885673616e-06
2023-02-24,8.386658645952032e-06,8.28109095410372e-06,3.1408951789378712e-06,9.734169488173002e-08,1.1115222955887935e-07,4.86236194458119e-07,2.551297836736075e-06
2023-02-25,8.323535561485762e-06,0.0,2.8162928696663184e-06,1.6200668388575558e-07,8.25346847967134e-08,3.761990932415329e-07,2.0553671471062067e-06
2023-02-26,0.0,3.893697349362581e-06,3.7390130483082963e-06,1.2943472835095117e-07,6.80945424679384e-08,2.817839084984619e-07,2.1361980305997093e-06
2023-02-27,0.0,7.7773724851001e-06,1.4111298092813873e-06,9.695778988049673e-08,1.0786718471937292e-07,5.468672878854894e-07,2.5758387789317394e-06
2023-02-28,1.6278271274316533e-05,3.8840640076023575e-06,8.436908025571268e-07,1.6141538226261097e-07,9.344465226110522e-08,4.917908682540079e-07,2.067653329984153e-06
2023-03-01,7.616435340837206e-06,7.687267579938647e-06,2.3281520730227806e-06,9.692395709301773e-08,2.6480900157524705e-07,3.878446043892147e-07,2.606696896100343e-06
2023-03-02,0.0,1.1519471490560774e-05,1.344562289483024e-06,1.9366919326736354e-07,7.865223239545697e-08,4.2179521193344166e-07,1.9079685543094278e-06
2023-03-03,0.0,1.0815786266983065e-05,1.976354125417658e-06,1.2900655961960659e-07,1.5573925921424619e-07,4.3055625790727916e-07,2.328090445055054e-06
2023-03-04,7.458949481338094e-06,3.60451959708554e-06,1.414195451596414e-06,1.9336983673665791e-07,1.5418962769328302e-07,4.53982423251953e-07,1.8317300613759044e-06
2023-03-05,1.4815905842509329e-05,1.4385757058738284e-05,2.058408247544112e-06,2.2545736638684197e-07,8.904899223708889e-08,3.578777738773026e-07,1.8975808780154462e-06
2023-03-06,0.0,0.0,1.3669192454335075e-06,1.6095652559912152e-07,1.5113646850261854e-07,4.121808529002953e-07,2.3241189913249336e-06
2023-03-07,0.0,1.790678384289092e-05,1.3617030189012534e-06,1.2871053679546593e-07,1.745714081001962e-07,4.769367502187748e-07,2.5398858344421695e-06
2023-03-08,0.0,7.143573996250748e-06,1.5807645341101963e-06,1.282290666778976e-07,1.3579845208832368e-07,3.7167706148022124e-07,2.396045538362947e-06
2023-03-09,0.0,2.1329256683359418e-05,1.895884173717833e-06,1.9164062936078248e-07,2.0778209032076975e-07,4.3568350439224613e-07,1.9710452498927223e-06
2023-03-10,0.0,3.536396146370985e-06,1.4161611466153211e-06,1.273045486182371e-07,9.680688187206243e-08,3.1440418387849476e-07,2.3300266956249143e-06
2023-03-11,0.0,3.5182698214103772e-06,1.6456425769432456e-06,1.2686140822356853e-07,5.990227331450672e-08,3.6427794445197083e-07,1.4786040886229382e-06
2023-03-12,1.4142886260111766e-05,6.7698548857345714e-06,1.6031834766414385e-06,6.321547703772027e-08,8.933107924878058e-08,2.0671434858061403e-07,1.7444747440230421e-06
2023-03-13,7.0262363505216305e-06,1.6843264599622464e-05,1.1414834702538494e-06,1.890197146921193e-07,1.437186077581946e-07,2.5582188305725564e-07,1.9018508766033922e-06
2023-03-14,6.981732200477648e-06,1.6763576325404567e-05,1.1379500350620787e-06,1.570099170000533e-07,1.0945275670589416e-07,2.749858196008266e-07,1.8271872454912828e-06
2023-03-15,0.0,1.6666318684149798e-05,1.3614364749865306e-06,1.8782292745505905e-07,8.669094686404694e-08,2.2926287577193858e-07,1.8755960319797583e-06
2023-03-16,0.0,1.6570727688652095e-05,1.5837138947940332e-06,1.575518322750451e-07,6.437126814773072e-08,2.4116802654554297e-07,1.9642042078484275e-06
2023-03-17,1.1914336169410725e-05,1.6463963287306175e-05,2.0304560676167474e-06,5.243196538281813e-08,1.6994870220769045e-07,1.9663277083637746e-07,1.990578122050012e-06
2023-03-18,5.924338264637433e-06,1.2624804702821096e-05,1.6079807534354404e-06,7.852784487127944e-08,8.412884218330542e-08,2.2943985673265687e-07,1.3373111046059072e-06
2023-03-19,0.0,9.398416587013411e-06,1.604999701855195e-06,9.135372394244554e-08,8.249369591528001e-08,1.8585563892021813e-07,1.659602455246078e-06
2023-03-20,4.965229430311474e-06,6.2194463309344944e-06,3.201905481919791e-06,1.1418232312513593e-07,2.361056391886944e-08,2.4534179255240984e-07,1.8456931550577181e-06
2023-03-21,4.943074934695272e-06,1.1423264039379854e-05,1.823816532628662e-06,1.1418390964967964e-07,2.921954360325099e-08,1.9566992852552365e-07,1.5351694138176128e-06
2023-03-22,0.0,1.0418069565123702e-05,2.723868890434883e-06,1.1419691466034193e-07,3.471456514395025e-08,1.870428774406681e-07,1.3158585604874694e-06
2023-03-23,0.0,1.0347751786787656e-05,2.258485794062747e-06,1.1422133945763464e-07,2.864095787453551e-08,2.0046539203428208e-07,1.9762153480054977e-06
2023-03-24,9.75913740518421e-06,7.944656613404508e-06,1.701657029713476e-06,1.7901286516099207e-08,2.268478046568065e-08,2.5100709724729765e-07,1.5505970958333372e-06
2023-03-25,9.718757307712472e-06,2.6280958985820883e-06,1.3642885979169035e-06,5.387998772217373e-08,1.9651680237598062e-08,1.502615792415873e-07,1.3598437995872639e-06
2023-03-26,7.870908233421455e-06,2.4541452264805843e-06,1.880994644283316e-07,5.406150393972218e-08,0.0,1.65931811340908e-07,1.546377092186519e-06
2023-03-27,0.0,9.28204493665588e-06,7.495662303895058e-07,7.233123513695469e-08,0.0,1.926050315820685e-07,1.4984418367427194e-06
2023-03-28,3.0111802293215793e-06,2.3059418086759266e-06,1.6803215107050704e-06,7.225795500872958e-08,0.0,2.6359891871655197e-07,1.5426089030290192e-06
2023-03-29,3.0107384509189716e-06,0.0,1.4882551436311963e-06,9.023987592027564e-08,0.0,1.499224206935773e-07,1.5932252019621541e-06
2023-03-30,9.031793246611235e-06,0.0,1.2976599942164629e-06,7.147357932193156e-08,0.0,1.6492296409216563e-07,1.244433957655398e-06
2023-03-31,0.0,4.52722279232722e-06,7.389865741922499e-07,3.538120266256815e-08,0.0,1.7416741672625987e-07,1.2222039240449984e-06
2023-04-01,0.0,2.136782730478699e-06,1.4724369594601034e-06,1.7540292609798223e-08,0.0,1.5634248661498345e-07,1.3254055940735265e-06
2023-04-02,0.0,0.0,9.172920117374238e-07,1.736576378224249e-08,0.0,1.4411189750998587e-07,1.0115392225779386e-06
2023-04-03,0.0,4.224812703718818e-06,9.963277540709354e-07,8.596485772768251e-08,0.0,1.8495291133282788e-07,1.2217225978342713e-06
2023-04-04,0.0,2.1005356302462946e-06,7.932583453138695e-07,6.808759448125036e-08,0.0,1.5504085706027153e-07,1.119712203805861e-06
2023-04-05,0.0,6.266624891839971e-06,7.91729155885983e-07,3.370505579827135e-08,0.0,1.8498497983517863e-07,9.64987049199497e-07
2023-04-06,2.8499521683036075e-06,4.154846373768297e-06,4.741674840200769e-07,1.1679389711354743e-07,0.0,1.0988014270333226e-07,8.374841199565741e-07
2023-04-07,1.9035585525793537e-06,0.0,6.311265222028093e-07,7.639735391988689e-08,0.0,1.2596368286036407e-07,8.113716965498358e-07
2023-04-08,1.8846178285129964e-06,2.009323204446181e-06,4.7256963416775747e-07,1.5127437509452076e-08,0.0,6.295786416909759e-08,9.181825081280439e-07
2023-04-09,0.0,3.997894418017003e-06,6.291221787208456e-07,5.990766796513582e-08,0.0,9.465142004098256e-08,8.857897961522645e-07
2023-04-10,0.0,7.955084439830073e-06,1.8846432738804707e-06,4.448368253188731e-08,0.0,8.913842156956586e-08,1.0190945152276444e-06
2023-04-11,0.0,1.976224912042228e-06,1.0959351769726302e-06,1.4680354165081934e-08,0.0,9.730291324593112e-08,1.054342655547857e-06
2023-04-12,0.0,1.9638763382650013e-06,9.36518318810828e-07,2.9068564401036547e-08,0.0,6.27295936350797e-08,1.0284842929846533e-06
2023-04-13,1.7927039324202027e-06,3.6720532075524677e-06,9.337572814002885e-07,2.877932735257322e-08,0.0,6.875957629415961e-08,7.286828078851365e-07
2023-04-14,0.0,5.4756624095050665e-06,1.5518160341600378e-07,0.0,0.0,7.027138795220229e-08,8.928790460620282e-07
2023-04-15,0.0,3.6291950523236316e-06,2.8146184798143136e-07,7.052364622413272e-08,0.0,6.739804546066986e-08,8.435331376777907e-07
2023-04-16,0.0,0.0,5.618272985485834e-07,1.3964384843917547e-08,0.0,8.179490647508043e-08,7.865822551353802e-07
2023-04-17,1.276958980697834e-06,0.0,9.393126348889008e-07,5.530174757251987e-08,0.0,6.393239491356484e-08,7.403354258517758e-07
2023-04-18,1.2642530265443978e-06,0.0,5.360051142572354e-07,2.737574299510588e-08,0.0,5.598063952423395e-08,9.183992604977506e-07
2023-04-19,0.0,3.5478173579748645e-06,1.0706275047863939e-06,6.775837450266131e-08,0.0,2.6646960863051694e-08,7.361881794929035e-07
2023-04-20,1.2392191393428686e-06,3.5283648926187166e-06,5.33274897421758e-07,5.366733392917896e-08,0.0,3.26301447658445e-08,6.105276270116742e-07
2023-04-21,1.2268887028851943e-06,1.754632633346072e-06,6.290577440699798e-07,1.1955000382727563e-07,0.0,1.7183760319487037e-08,5.578550756227053e-07
2023-04-22,0.0,6.981033140433277e-06,8.777874557430909e-07,7.890697427593776e-08,0.0,2.4498401828390924e-08,3.5824934181476863e-07
2023-04-23,0.0,6.944233856613855e-06,1.061879519302002e-06,1.302030612725701e-08,0.0,2.5602118582725347e-08,3.8653744180794534e-07
2023-04-24,1.1906286618760595e-06,0.0,1.0925511820038467e-07,3.867225574996223e-08,0.0,2.2012192556130854e-08,4.965440732897873e-07
2023-04-25,1.1787817087473871e-06,1.4890860612446674e-06,1.1993525815159173e-06,8.933740754389597e-08,0.0,2.245356659824754e-08,5.108507634091835e-07
2023-04-26,2.3341052695438216e-06,4.448051645425492e-06,5.440994541296448e-07,6.31774896331542e-08,0.0,1.896101018977808e-08,4.012278944365482e-07
2023-04-27,0.0,1.3992982720081243e-06,7.014396082959889e-07,4.602413371305424e-08,0.0,2.2008956190607114e-08,3.692564485735365e-07
2023-04-28,0.0,0.0,3.9879463103939863e-07,3.645294874484707e-08,0.0,2.050820086353252e-08,3.4457180934166796e-07
2023-04-29,0.0,1.101818629183627e-06,9.92016271405594e-08,2.7067676883377083e-08,0.0,2.4745671667561303e-08,3.453035462430436e-07
2023-04-30,0.0,2.1992264525922233e-06,1.0858596844331662e-06,1.7865565998909124e-08,0.0,0.0,3.995321530052962e-07
2023-05-01,0.0,0.0,2.9434546387169266e-07,3.542486924698468e-08,0.0,0.0,3.212091047374216e-07
2023-05-02,0.0,1.0963965277410617e-06,3.8988898658377816e-07,3.50723859085632e-08,1.2794522893526304e-08,0.0,2.998694544099424e-07
2023-05-03,0.0,0.0,2.9051725792164987e-07,2.6042557378469744e-08,7.179505547982474e-09,0.0,2.3263483838231072e-07
2023-05-04,0.0,9.769619109698972e-07,4.810780464555947e-07,5.156685920591428e-08,1.0152325089649974e-08,0.0,2.193489920063212e-07
2023-05-05,0.0,1.9529102875642325e-06,3.8240701699785444e-07,2.5526880191891095e-08,8.789449416937499e-09,0.0,1.8213958902553397e-07
2023-05-06,0.0,8.988534621351123e-07,4.7498729731450834e-07,8.424294496705569e-09,1.6991612716750684e-08,0.0,2.1038181480618364e-07
2023-05-07,0.0,1.798620051008506e-06,1.8810443789567826e-07,2.502141409775214e-08,1.7162381263583505e-08,0.0,2.9706067438965485e-07
2023-05-08,0.0,3.1362707177775846e-06,5.58698302398291e-07,1.65149645784324e-08,3.962255100078792e-08,0.0,2.511480878921838e-07
2023-05-09,0.0,2.3575688375616066e-06,4.3464461389001e-07,7.321814821748873e-08,2.2511679895488827e-08,0.0,2.6076211170017384e-07
2023-05-10,0.0,0.0,8.080302808812877e-08,1.2827494123986163e-07,2.779079849306908e-08,0.0,2.967177681975925e-07
2023-05-11,0.0,0.0,7.158152459511904e-08,5.5041836014344885e-08,1.275913666423949e-08,0.0,2.3389899846033653e-07
2023-05-12,0.0,2.375083052611281e-06,3.280416953434161e-07,7.348560192143469e-08,2.061978899130373e-08,0.0,2.3291982052567487e-07
2023-05-13,0.0,0.0,1.9486657556252664e-07,1.839735944462663e-08,1.3016888322441636e-08,0.0,1.805335022911314e-07
2023-05-14,0.0,1.3501016343398754e-06,1.2861841382596608e-07,5.527547448051073e-08,2.366587840499664e-08,0.0,1.820406117802228e-07
2023-05-15,0.0,1.3517884709132354e-06,3.820159176764384e-07,9.227399703442109e-08,2.390372443716046e-08,0.0,1.8355516248861727e-07
2023-05-16,0.0,1.3536104874601806e-06,1.8910739789254682e-07,7.394514459567172e-08,4.023993476947972e-08,0.0,1.6035473018272918e-07
2023-05-17,0.0,5.928783582482243e-07,4.368600783032588e-07,4.811238000721735e-08,2.7096235224912674e-08,0.0,1.4218879599548558e-07
2023-05-18,9.682670279036072e-07,0.0,2.471504273690227e-07,4.829203585787009e-08,2.1894845533019975e-08,0.0,1.527790967577344e-07
2023-05-19,0.0,5.811385801871966e-07,3.05864049409671e-07,3.358355175695585e-08,2.7643615486136096e-08,0.0,1.3464215039019037e-07
2023-05-20,0.0,5.753561546995615e-07,3.633847815214706e-07,1.130702402113102e-08,4.746644534898984e-08,0.0,1.4072325328647517e-07
2023-05-21,0.0,1.1392625306137233e-06,3.597690425323097e-07,2.284132300353618e-08,2.8202053562140424e-08,0.0,1.3471259726985095e-07
2023-05-22,0.0,5.639633395153864e-07,1.7809464037360532e-07,1.1535441058072583e-08,2.2788391130045274e-08,0.0,1.5748173786133246e-07
2023-05-23,0.0,1.6750554315835024e-06,1.1754837939567052e-07,3.495412250428736e-08,2.8771772835602e-08,0.0,1.5907727812791224e-07
2023-05-24,0.0,5.52796117186629e-07,3.4913626043450323e-07,2.3536944850490615e-08,2.9060933959907532e-08,0.0,1.4098310977252712e-07
2023-05-25,0.0,0.0,2.8805191383248843e-07,3.5660242618333344e-08,1.1741200480730633e-08,1.8597131316864408e-08,1.4108330020308117e-07
2023-05-26,0.0,5.418500206754595e-07,3.4222289928118184e-07,2.4012422676606377e-08,2.668320339149405e-08,1.7488584863272344e-08,1.2601506154560975e-07
2023-05-27,0.0,5.364585228867219e-07,0.0,4.8507503073203867e-08,3.892976250788358e-08,1.1776232042142588e-08,1.1701186423058701e-07
2023-05-28,0.0,5.311206713973233e-07,5.5907738641767624e-08,1.2248752895981342e-08,2.72222398562087e-08,2.048511885530165e-08,1.3234156484046e-07
2023-05-29,0.0,0.0,1.1070289469514796e-07,7.423112945495185e-08,3.6661103886891866e-08,2.402825541971977e-08,1.507623818114925e-07
2023-05-30,0.0,5.206037774694494e-07,5.4800691244241454e-08,2.4992388236273542e-08,3.394375793090807e-08,2.5618062479286196e-08,1.5704302443324753e-07
2023-05-31,0.0,0.0,9.167583065147705e-08,7.573069774164146e-08,3.116808942688932e-08,1.6342438918468846e-08,1.236610187562889e-07
2023-06-01,0.0,4.408137576715958e-07,1.3616123239235508e-07,1.2772767118656384e-08,4.0985546264997766e-08,1.9951097567021824e-08,1.3557379036776278e-07
2023-06-02,0.0,0.0,3.1454827948397697e-07,2.5802271124652094e-08,3.502861818330506e-08,1.7372077095761147e-08,1.3577732898979912e-07
2023-06-03,0.0,0.0,3.5590682492479797e-07,5.2123176521211705e-08,2.5731390290018042e-08,1.9652269697953308e-08,1.4057852788904714e-07
2023-06-04,0.0,4.277857422591346e-07,2.620681412917414e-07,3.94852673656556e-08,3.248749382717583e-08,2.7647905478144067e-08,1.3010268231602783e-07
2023-06-05,0.0,4.2352920300392065e-07,0.0,3.9882100900043483e-08,3.6095398425113304e-08,2.0765317304719854e-08,1.7020353388180959e-07
2023-06-06,0.0,0.0,1.3015724461858115e-07,4.028292267775657e-08,4.308692015757446e-08,2.8929672018190426e-08,2.3147766867095893e-07
2023-06-07,0.0,4.151427628911105e-07,1.94607565423022e-07,5.4250363708408865e-08,3.6824573842100244e-08,2.6298378050097075e-08,2.796625526842548e-07
2023-06-08,0.0,1.2330360701475426e-06,3.233312080614802e-07,4.109669169604145e-08,4.057600032219997e-08,2.508697663556855e-08,2.0894989873439988e-07
2023-06-09,0.0,0.0,3.2368000599009693e-07,6.918286719032202e-08,3.0737846928784005e-08,1.4905355848466254e-08,2.2503208446930005e-07
2023-06-10,0.0,1.2086203200979964e-06,1.0772268208661414e-07,1.3975633312989311e-08,3.794604907649828e-08,1.9571704314750018e-08,2.2872524506491424e-07
2023-06-11,0.0,3.98864782326296e-07,1.6134420180176068e-07,1.2704481686602727e-07,3.4843102918091933e-08,2.204937281476233e-08,2.3499456851629563e-07
2023-06-12,0.0,0.0,5.3706838342744795e-08,2.851591966726853e-08,4.2231938308979544e-08,1.9967078968515406e-08,2.9723090526252656e-07
2023-06-13,0.0,0.0,3.218258808809567e-07,2.8802509424483294e-08,3.554698028772756e-08,2.8700261676472126e-08,2.3754998404169038e-07
2023-06-14,0.0,0.0,1.0714763818724067e-07,2.909197945664267e-08,3.9494656716852527e-08,2.2720876187803257e-08,2.234527272112316e-07
2023-06-15,0.0,7.664501410177907e-07,5.351534880030224e-08,7.34608967774778e-08,2.9012061538755463e-08,2.6114635105622393e-08,2.453660232168531e-07
2023-06-16,0.0,3.7941191734584503e-07,1.069244601729209e-07,1.4839838212848853e-08,4.7618411107598687e-08,2.0781950919581075e-08,2.805231548627349e-07
2023-06-17,0.0,0.0,4.138806476785335e-08,7.494490533195003e-08,3.329791206612416e-08,3.552291430542097e-08,1.645992608681296e-07
2023-06-18,0.0,7.437981160383392e-07,1.2439589526097767e-07,6.055849132211463e-08,2.6158659057955384e-08,2.6094491294186933e-08,2.1820773311109263e-07
2023-06-19,0.0,3.6819860056335106e-07,4.154667863719499e-08,6.116711427826702e-08,2.2647049673301963e-08,3.5416876485681405e-08,1.9521209931215475e-07
2023-06-20,0.0,3.645349632744221e-07,3.637066667490755e-08,3.089092699841001e-08,3.812442717747016e-08,3.078126545215321e-08,2.0989491762561526e-07
2023-06-21,0.0,3.609077797856006e-07,3.651271811652089e-08,4.680207896419329e-08,3.423851406810196e-08,3.1930909402550275e-08,1.7559960123904415e-07
2023-06-22,0.0,3.5731668737551535e-07,7.331684172074648e-08,3.151496511844657e-08,2.277897837094652e-08,2.206703499492313e-08,2.1413507622645822e-07
2023-06-23,0.0,3.5376132693193234e-07,3.680778947686042e-08,0.0,3.0312744817748496e-08,2.5717860442701102e-08,1.332678519271518e-07
2023-06-24,0.0,7.004826858316894e-07,3.696083890296855e-08,8.037902411183915e-08,4.538482466096616e-08,2.4244573954717727e-08,1.7874072958333433e-07
2023-06-25,0.0,6.935127666518349e-07,1.484703377750711e-07,3.2474738693690206e-08,4.118880160113097e-08,3.148487482351772e-08,1.7162169124802783e-07
2023-06-26,0.0,3.433060996632873e-07,1.0701979204263036e-07,1.6400557621788245e-08,4.077896617752718e-08,2.650108589676515e-08,2.2736593017452625e-07
2023-06-27,0.0,0.0,5.404767941698586e-08,1.6565385966160743e-08,4.0373208684523734e-08,3.6582149191850694e-08,1.9173917323368626e-07
2023-06-28,0.0,3.36508183428071e-07,8.188630143845717e-08,6.560223048715298e-08,2.1802630116018104e-08,2.7036443344043968e-08,1.8510624707521564e-07
2023-06-29,0.0,3.3315987105819625e-07,5.5139514966545484e-08,1.6237369346845103e-08,2.5183305375268053e-08,3.0038980528714586e-08,1.9187367524737311e-07
2023-06-30,0.0,0.0,5.569367630489925e-08,1.6075804822367832e-08,3.205636367147829e-08,2.5743774680541044e-08,1.7857646856117963e-07
2023-07-01,0.0,3.2878300042247043e-07,8.465234666784319e-08,1.5975231503424735e-08,2.1237301641797546e-08,2.6063632999102138e-08,1.893045691981886e-07
2023-07-02,0.0,2.465505121454913e-07,0.0,1.5816275294070132e-08,2.4530318119699693e-08,3.1026572734414186e-08,1.8943705755028946e-07
2023-07-03,0.0,2.440972935604159e-07,2.8787479168981037e-08,1.5658900725425207e-08,4.510301227012821e-08,2.8489449976767404e-08,2.052016595114462e-07
2023-07-04,0.0,0.0,1.4538399072280653e-07,4.6509276179705867e-08,3.7784348291992196e-08,2.5898196338252967e-08,2.053860829524734e-07
2023-07-05,0.0,0.0,2.9369024824186775e-08,0.0,2.3805337655786608e-08,3.1002640045784884e-08,1.720707660686659e-07
2023-07-06,0.0,0.0,1.1865675372307573e-07,0.0,4.377001680712948e-08,3.4249930048135536e-08,1.700223811615736e-07
2023-07-07,0.0,0.0,5.99246369618288e-08,1.0531434512006235e-07,3.0000806212913195e-08,2.3721701189307678e-08,1.7694511879900364e-07
2023-07-08,0.0,0.0,6.05268895757533e-08,2.979041425072007e-08,1.3201019201526987e-08,2.595678393726267e-08,1.5474703481774874e-07
2023-07-09,0.0,0.0,0.0,4.4240992014366377e-08,3.267416716447842e-08,3.125951048218439e-08,1.7292921350565877e-07
2023-07-10,0.0,0.0,1.5437403463208748e-07,4.38007867887217e-08,4.5288675276718135e-08,2.444413454361263e-08,1.844329091577516e-07
2023-07-11,0.0,0.0,6.237020778943884e-08,1.4454987226085561e-08,3.202717530602489e-08,3.703470327000573e-08,1.689565962313675e-07
2023-07-12,0.0,0.0,3.149851939939849e-08,4.293347310009707e-08,2.8537649628466866e-08,3.11724235214849e-08,2.0534629489723802e-07
2023-07-13,0.0,1.2576558143755658e-07,3.181508478226635e-08,2.833751860335032e-08,2.5114395795782785e-08,2.6238092988578558e-08,2.170153366164702e-07
2023-07-14,0.0,1.2702954654444158e-07,4.29051426324128e-08,1.4027777791055471e-08,2.4864503382325548e-08,2.90942619533859e-08,1.8798057580550452e-07
2023-07-15,0.0,0.0,1.300090394539158e-07,1.3888199069904741e-08,2.7694234619917915e-08,2.366106042250366e-08,2.087758291231374e-07
2023-07-16,0.0,1.2959571360763045e-07,1.3131565202287986e-07,8.250005508140723e-08,3.35117106882069e-08,2.444413454361263e-08,1.8646846728140814e-07
2023-07-17,0.0,1.3089817218277912e-07,8.84235975109842e-08,4.083958290882222e-08,2.7145852032689552e-08,3.125951048218439e-08,2.2561469460124612e-07
2023-07-18,0.0,0.0,4.46561347200764e-08,1.3477740756421601e-08,2.986194032438201e-08,3.2945148843448776e-08,2.2155719707277678e-07
2023-07-19,0.0,0.0,1.8041974534138514e-07,2.6687269990419183e-08,2.0695366337507387e-08,3.261733913529806e-08,3.0854573844279684e-07
2023-07-20,0.0,0.0,4.555824848183728e-08,0.0,2.0489444001827316e-08,2.152852745882805e-08,2.2939908026634935e-07
2023-07-21,0.0,0.0,9.203223298228358e-08,2.615882663878807e-08,1.7387631966533164e-08,3.972213255866189e-08,2.842333163753787e-07
2023-07-22,0.0,1.3760946498420775e-07,0.0,5.179708392961088e-08,2.2952829517010507e-08,2.3979811424308303e-08,2.2236627431779766e-07
2023-07-23,0.0,0.0,1.4083711112127046e-07,2.5640847166601476e-08,2.2724445047389252e-08,1.6144021653501528e-08,2.2335199164014319e-07
2023-07-24,0.0,0.0,1.4014284607096017e-07,5.0771432948963235e-08,1.6873749780907374e-08,2.3504979344253173e-08,2.819660016803182e-07
2023-07-25,0.0,2.836005942157892e-07,1.3946259542204308e-07,6.28328109379101e-08,2.227447088708321e-08,3.071785317751324e-08,2.7716943953325035e-07
2023-07-26,0.0,2.8645082757282727e-07,4.626543038296249e-08,1.244152280461416e-08,3.0322649773085194e-08,2.7647459483207577e-08,2.4239164706326397e-07
2023-07-27,0.0,1.4466485312566618e-07,4.604795554017022e-08,3.69531827528842e-08,3.820846192122559e-08,3.3759247286755044e-08,2.4114209214531567e-07
2023-07-28,0.0,0.0,9.167017106261078e-08,2.4390328293997083e-08,1.621212058839463e-08,3.161667029003273e-08,3.2302942668073606e-07
2023-07-29,0.0,4.427618310407354e-07,9.125359813837946e-08,2.4147640472559446e-08,1.6050807293261567e-08,2.5936008450460735e-08,3.2248264276016677e-07
2023-07-30,0.0,1.4907055380706233e-07,1.3626922597501034e-07,4.781473487058431e-08,2.3836648638350327e-08,1.8594370963600314e-08,3.06636292735819e-07
2023-07-31,0.0,0.0,6.676451579077773e-08,2.3669485154691275e-08,2.6221633357262305e-08,2.0162625679390737e-08,3.635850959653489e-07
2023-08-01,0.0,1.5520407988449678e-07,6.685552931044726e-08,1.1744565563110816e-08,3.3830023837274185e-08,3.562558852020533e-08,3.9623261790212404e-07
2023-08-02,0.0,1.5676390681948054e-07,0.0,3.48831155496422e-08,2.83405772487739e-08,2.666839872539054e-08,3.614718969035792e-07
2023-08-03,0.0,0.0,6.691928996832839e-08,2.3024015167050855e-08,3.060936413836806e-08,2.980988807596871e-08,2.736278030353711e-07
2023-08-04,0.0,3.1986149561012707e-07,1.3392241302634181e-07,4.558984477675404e-08,2.5253996563632536e-08,2.1924146945029926e-08,3.1508335603694084e-07
2023-08-05,0.0,0.0,1.3401963846893188e-07,3.3852163681406785e-08,2.5002715099326452e-08,2.0871151959633852e-08,2.389189000830805e-07
2023-08-06,0.0,3.2632312644441387e-07,1.3413026598705224e-07,0.0,2.9704720712839162e-08,2.3143098191123815e-08,3.372139880264956e-07
2023-08-07,0.0,0.0,1.3425430664354692e-07,5.5303076548463435e-08,1.9606102535541256e-08,2.1276190479665463e-08,3.7560221524367363e-07
2023-08-08,0.0,3.3291529088031155e-07,6.719588642129245e-08,2.1901120697049496e-08,2.1837395875254486e-08,2.5925524735025748e-08,4.6878780568058286e-07
2023-08-09,0.0,0.0,2.01814017496351e-07,1.0841600452517158e-08,2.4022344617567188e-08,2.8876006635493713e-08,4.7365107947817493e-07
2023-08-10,0.0,0.0,6.735351909958438e-08,2.1467449451179038e-08,5.8455200628391905e-09,1.6676733248472746e-08,4.165334960478093e-07
2023-08-11,0.0,0.0,1.3488486888351305e-07,1.0626922380079236e-08,1.4468390415978418e-08,2.9876680249758445e-08,4.0369532215387425e-07
2023-08-12,0.0,0.0,1.350761881671501e-07,6.312709641397656e-08,9.549618350638326e-09,2.179534907365819e-08,4.263994447573031e-07
2023-08-13,0.0,0.0,3.3229914077194986e-07,2.0832990436575067e-08,5.672758836250487e-09,2.389046191190327e-08,3.4690918112803503e-07
2023-08-14,0.0,0.0,3.33926940293694e-07,3.093854807734373e-08,0.0,2.5941723441883956e-08,4.6078061142706996e-07
2023-08-15,0.0,0.0,1.1186271092924697e-07,2.0420469586943203e-08,0.0,2.1151199160662204e-08,4.93720085270981e-07
2023-08-16,0.0,5.577769777440074e-07,2.2485525624981623e-07,1.010864125981653e-08,0.0,2.3184392056817283e-08,4.459685802280612e-07
2023-08-17,0.0,1.1267654591320737e-06,2.2600757635414351e-07,0.0,0.0,2.073237735612805e-08,3.8864657130233526e-07
2023-08-18,0.0,0.0,2.2718249740444648e-07,0.0,0.0,1.686071411989895e-08,4.456551164620709e-07
2023-08-19,0.0,0.0,2.2838013689380928e-07,0.0,0.0,2.3950750346645253e-08,3.73969882239528e-07
2023-08-20,0.0,0.0,0.0,0.0,0.0,2.2275319041357054e-08,3.1087352136458685e-07
2023-08-21,0.0,0.0,6.925321576000249e-07,0.0,0.0,2.0630858112727468e-08,4.010488289085817e-07
2023-08-22,0.0,5.922679797902047e-07,4.642211501542569e-07,0.0,0.0,1.972124738100132e-08,4.57043258888658e-07
2023-08-23,0.0,1.4430704573190867e-06,0.0,0.0,0.0,2.6498238294774632e-08,5.223152978206591e-07
2023-08-24,0.0,0.0,2.3471338289195778e-07,0.0,0.0,2.5544192828429895e-08,4.1499923548852834e-07
2023-08-25,0.0,0.0,5.901248211148773e-07,0.0,0.0,2.1188938912279867e-08,3.381556544551846e-07
2023-08-26,0.0,0.0,3.5611511878424617e-07,0.0,0.0,1.2857548500034042e-08,3.879758517157328e-07
2023-08-27,0.0,2.2468346708811633e-06,7.163819134164163e-07,0.0,0.0,2.5459227509761133e-08,4.811692290127476e-07
2023-08-28,0.0,1.130682023454885e-06,7.206052280526684e-07,0.0,0.0,2.5205903963421253e-08,4.811253980251204e-07
2023-08-29,0.0,0.0,6.472097091764265e-07,0.0,0.0,7.970941077991802e-08,6.889777046734187e-07
2023-08-30,0.0,0.0,9.117962281246912e-07,1.7017057989119334e-08,0.0,7.997198988964444e-08,5.63984076343529e-07
2023-08-31,0.0,2.3063149297470806e-06,6.105889132096258e-07,1.0312849359114576e-08,0.0,7.632829473988128e-08,6.200417700643654e-07
2023-09-01,0.0,0.0,7.688345951037887e-07,3.482836282956226e-09,0.0,5.116333065452675e-08,5.770468930041595e-07
2023-09-02,0.0,0.0,6.17952430797643e-07,1.7589196847633695e-08,0.0,2.416703567872365e-08,6.02151408611391e-07
2023-09-03,0.0,0.0,7.761237265878707e-07,1.065958272889724e-08,0.0,3.25465579002985e-08,5.994071741391505e-07
2023-09-04,0.0,1.5892623990653203e-06,6.239076221584949e-07,2.612913508391263e-08,0.0,3.424339192209485e-08,6.321352128113898e-07
2023-09-05,0.0,0.0,6.269786543288338e-07,4.398622876211791e-08,0.0,3.3204041983142924e-08,6.072246265179428e-07
2023-09-06,0.0,1.6137935206827205e-06,3.150561924435448e-07,4.442829771057963e-08,0.0,4.890921605637556e-08,7.638062836296724e-07
2023-09-07,0.0,0.0,5.073393352275743e-07,2.6924885715501672e-08,0.0,4.516641083400943e-08,9.206046598030645e-07
2023-09-08,0.0,1.6389701812259274e-06,5.101095887284384e-07,2.7195485315664594e-08,0.0,4.134343385859433e-08,8.537363215146728e-07
2023-09-09,0.0,0.0,5.129308536132682e-07,9.156268162340687e-09,0.0,4.6078832857055396e-08,7.409836193015873e-07
2023-09-10,0.0,1.664802451694852e-06,6.877378826812041e-07,1.849658037447932e-08,0.0,6.355524716404603e-08,7.087841847341681e-07
2023-09-11,0.0,1.6779676594363566e-06,3.458183674530511e-07,7.472989639091432e-08,0.0,1.0403853230360874e-07,8.681552730792198e-07
2023-09-12,0.0,0.0,1.527566754492403e-07,3.7740472167912785e-08,0.0,6.707498102326701e-08,8.226782835373603e-07
2023-09-13,0.0,0.0,1.0532887267550953e-06,5.7179655328553564e-08,0.0,7.23861155091788e-08,8.775680725031973e-07
2023-09-14,0.0,1.7184754218064938e-06,1.9857176336297953e-07,2.887716020921033e-08,0.0,1.030237204546917e-07,9.639230447035953e-07
2023-09-15,0.0,0.0,1.7038109509723839e-06,2.9167380494229184e-08,0.0,6.550193356981789e-08,8.233048256086902e-07
2023-09-16,0.0,3.49267518270581e-06,1.2996138793783701e-06,1.9640345027735796e-08,0.0,1.654005973663266e-07,7.838534494854737e-07
2023-09-17,0.0,0.0,5.676072550317059e-07,2.9756600665282872e-08,0.0,1.3947100400617636e-07,1.0209336445400954e-06
2023-09-18,0.0,0.0,1.575590273254668e-06,1.0018553157941946e-08,0.0,1.1815130591599074e-07,1.0527577286633978e-06
2023-09-19,0.0,0.0,6.633296578524843e-07,3.035772387336264e-08,0.0,1.2851864984178673e-07,9.58173245891657e-07
2023-09-20,0.0,0.0,1.045163593086731e-06,9.198847221175492e-08,0.0,1.1590203905904318e-07,1.3700852744337452e-06
2023-09-21,0.0,2.7877822146281184e-06,7.018154533787227e-07,1.5444470781103086e-08,0.0,1.6389362348377525e-07,1.236970661693391e-06
2023-09-22,0.0,0.0,7.500686799243135e-07,6.239876117191888e-08,0.0,1.6081104516142214e-07,1.4138596297960192e-06
2023-09-23,0.0,2.8377091422096384e-06,1.1335243161090343e-06,1.1029528850819814e-07,0.0,1.522057568300116e-07,1.1561980987821654e-06
2023-09-24,0.0,2.8630970107036575e-06,2.664804253318237e-06,7.731478577919445e-08,0.0,1.7081716679702834e-07,1.2673981772117423e-06
2023-09-25,0.0,0.0,1.6378210636333237e-06,7.809181229435201e-08,0.0,1.6103164733990379e-07,1.5921059223043775e-06
2023-09-26,0.0,0.0,8.468451275759876e-07,5.915748604186181e-08,0.0,2.785688580977384e-07,1.5748070416459464e-06
2023-09-27,0.0,3.446136897945621e-06,3.6441272664941476e-06,5.975202866086186e-08,0.0,3.1178674022456023e-07,2.3176803594912794e-06
2023-09-28,0.0,3.4777623581504386e-06,9.183575608693669e-07,1.2070509306504304e-07,0.0,2.7617584084701206e-07,1.949714154570337e-06
2023-09-29,0.0,0.0,9.25775141636584e-07,6.095909970912839e-08,0.0,2.3668608234484192e-07,1.7822593233819835e-06
2023-09-30,0.0,0.0,0.0,4.787557557213371e-08,0.0,9.39183209717126e-08,8.078771803869626e-07
2023-10-01,1.0812594647039336e-05,1.2600647674763328e-05,1.5702245937713319e-06,1.4714439906206338e-07,0.0,3.3711081980516494e-07,1.8433615130204417e-06
2023-10-02,1.1826059276292587e-05,4.489422044909226e-06,2.278830595206829e-06,2.080725148013912e-07,0.0,4.0161401625702666e-07,2.4043847283708538e-06
2023-10-03,1.2397311271185163e-05,9.04649324115877e-06,1.849485847961525e-06,1.8014029572065855e-07,0.0,2.987414617004886e-07,2.526268049042506e-06
2023-10-04,1.2521906320855014e-05,9.115047049361972e-06,6.291060673494079e-07,1.2130049052749502e-07,0.0,3.6806379744203863e-07,2.872317759705693e-06
2023-10-05,1.355254981802903e-05,0.0,3.3104500178360763e-06,1.225195807246879e-07,0.0,3.604973576765716e-07,2.592647736082506e-06
2023-10-06,1.4141153331335293e-05,0.0,3.3868524135790967e-06,2.0105681492736705e-07,0.0,3.186053643102945e-07,3.2050443456919726e-06
2023-10-07,2.9923742939811794e-05,1.965627496408925e-05,2.0459766532326163e-06,6.769248983693255e-08,0.0,3.5628676589718856e-07,2.875390996074276e-06
2023-10-08,0.0,1.4845855806933587e-05,3.5056393272575306e-06,7.523077976093135e-08,0.0,3.4572905175750904e-07,2.70480108285709e-06
2023-10-09,3.233783513868641e-05,0.0,2.1180949526570125e-06,8.627381530359234e-08,1.5868522213446997e-08,5.36277089972196e-07,3.654670786872191e-06
2023-10-10,5.166433427064219e-05,1.0560410140673116e-05,5.03771427464601e-06,9.742783519857352e-08,1.8942185969992963e-08,4.3121332348072825e-07,2.8902970300398276e-06
2023-10-11,1.8284696976320374e-05,1.0896148008887966e-05,4.460274760296503e-06,3.444245042733879e-07,3.7886266174368136e-08,4.6828361644245184e-07,4.1627959854517865e-06
2023-10-12,5.536195292199902e-05,1.122711063537382e-05,4.752648050548881e-06,1.5680922726537949e-07,1.766170591366883e-08,4.989690827552147e-07,3.445974928673818e-06
2023-10-13,0.0,1.6955048188023283e-05,1.682694626658089e-06,3.6956543446605034e-07,3.515032415103482e-08,5.338989168153993e-07,4.080516279123871e-06
2023-10-14,3.9287656177144445e-05,1.1889117949047228e-05,3.391059306935461e-06,3.7327962883096727e-07,5.917265130302564e-08,2.9443845006421603e-07,2.9676400886089255e-06
2023-10-15,0.0,1.2481201640129564e-05,2.618520530268912e-06,2.6930796533559625e-07,8.367428486960797e-08,3.2870261680792966e-07,3.489564099546553e-06
2023-10-16,2.086853918248842e-05,1.881900060652223e-05,3.518458228497663e-06,2.176116443074531e-07,5.4331216337054435e-08,5.348524860390657e-07,4.547476337918542e-06
2023-10-17,0.0,1.2358768811707059e-05,3.6036904502802643e-06,1.6484900826915266e-07,9.146209023187987e-08,4.997429939607239e-07,3.749689267546288e-06
2023-10-18,4.422120168680737e-05,0.0,6.5058307324045105e-06,4.3651924310936625e-07,8.006379291783385e-08,8.395406988997657e-07,4.465757654073896e-06
2023-10-19,2.2714358676131954e-05,0.0,2.8745841455932813e-06,1.257493471957433e-07,5.598584820972713e-08,8.319027418230132e-07,4.300271186538206e-06
2023-10-20,2.377728752341268e-05,0.0,2.9597671657666786e-06,3.272656678498524e-07,6.39675646851304e-08,7.330180551199088e-07,5.321564115318544e-06
2023-10-21,2.3917261981815007e-05,2.029444773923519e-05,9.936290915751098e-07,2.640048782500458e-07,5.025257175414257e-08,7.125133401251158e-07,4.648453736188539e-06
2023-10-22,2.405962818634663e-05,1.4121733325172024e-05,3.0137833591926574e-06,6.655590573200986e-08,9.4264148636693e-08,6.549163123366688e-07,4.169433221413458e-06
2023-10-23,0.0,2.2055275917101776e-05,5.0604239046240525e-06,4.335643461938437e-07,8.167319090548511e-08,6.802945507477026e-07,5.465059042350182e-06
2023-10-24,0.0,2.2937870810938824e-05,2.082689774880237e-06,2.1813765705578002e-07,1.0311752515047799e-07,8.347407567487468e-07,4.333044445651594e-06
2023-10-25,7.898727431418264e-05,3.842544656696831e-05,0.0,7.317165165404191e-08,1.4581542291056471e-07,9.620028894567228e-07,4.940721439245968e-06
2023-10-26,2.7404336059036346e-05,1.5449980410286634e-05,7.654722843551796e-06,7.878154500039485e-08,9.468057360488432e-08,6.875971350179078e-07,5.587468565992178e-06
2023-10-27,0.0,0.0,2.2177746649154785e-06,8.273600274364809e-08,9.563212918923826e-08,8.667842654139417e-07,5.1572766669071354e-06
2023-10-28,5.737073548561069e-05,0.0,4.5988223438301365e-06,4.998232114621424e-07,7.512808182927045e-08,6.493751020375264e-07,4.010193931319051e-06
2023-10-29,5.7764560073519204e-05,0.0,4.633837463100459e-06,2.5164019460003153e-07,9.756402634847273e-08,9.102020543337608e-07,4.825213186452882e-06
2023-10-30,0.0,1.5784719778325053e-05,1.1859020519231309e-06,1.6892929846543514e-07,7.664576975586149e-08,1.1792509479543547e-06,4.531588201232659e-06
2023-10-31,0.0,0.0,2.404595862619256e-06,8.50576801340687e-08,1.3271326722549012e-07,1.0003378674304897e-06,4.6173680948972355e-06
2023-11-01,2.9956981208307204e-05,1.6746573151459075e-05,2.434152996554006e-06,3.440950822239226e-07,1.5528686040437583e-07,1.1159603596417449e-06,5.775439488483514e-06
2023-11-02,0.0,8.642351283575783e-06,7.355367594728814e-06,1.7327293960290017e-07,1.7110638468808982e-07,7.687887609754289e-07,5.465716617009972e-06
2023-11-03,0.00012521152532434348,1.791717765894632e-05,2.555310956895874e-06,5.235469965965818e-07,2.3043470992449738e-07,1.0110263611983795e-06,5.249503456635084e-06
2023-11-04,3.244917077327874e-05,1.8027345055693798e-05,3.855076080626196e-06,3.5155168634694234e-07,2.182037036824035e-07,8.260604101362545e-07,6.737613501194327e-06
2023-11-05,6.53174675303775e-05,0.0,9.095136104818468e-06,4.4263399636386516e-07,2.6447602483535514e-07,1.2470628637271665e-06,6.021182529783482e-06
2023-11-06,3.284155657431761e-05,6.388584753208668e-05,7.834928272172886e-06,2.6752358913753104e-07,2.0777093016921661e-07,1.0119724639481335e-06,5.713403416614821e-06
2023-11-07,0.0,1.8354882980516673e-05,1.0840412108982371e-05,2.6949353303859375e-07,1.9486912968031808e-07,1.3139705394638297e-06,7.351555006271407e-06
2023-11-08,0.0,2.8455880078176918e-05,8.037068537735675e-06,6.334776618742579e-07,1.816870126090631e-07,1.2025128050508911e-06,7.323529666529579e-06
2023-11-09,0.0,1.9046805938266702e-05,5.3807215232766675e-06,4.558574487756316e-07,2.2939124680350941e-07,1.0196540355692823e-06,6.979904205060484e-06
2023-11-10,0.00010825421094092475,9.553823844346302e-06,9.76160232132769e-06,1.8337330969466484e-07,1.6605544847831019e-07,1.1249003588423229e-06,7.066571705135654e-06
2023-11-11,3.7228193692808154e-05,1.9170400219810473e-05,2.839054236000605e-06,3.6884395472571613e-07,1.509519001326783e-07,1.0970331952803294e-06,8.36711629123405e-06
2023-11-12,7.670902495148836e-05,4.8087674517314265e-05,5.702108297011976e-06,5.564672621474192e-07,1.3552799284505276e-07,1.0290143719618383e-06,7.856078197620009e-06
2023-11-13,0.00015429880572344847,2.9746544447418985e-05,7.245409440987415e-06,1.8634990240047777e-07,1.3689007181772746e-07,1.2582238835969192e-06,8.582829789645565e-06
2023-11-14,0.0,3.0254334757988028e-05,8.85873154209828e-06,3.7445870512802913e-07,3.027147137241988e-07,1.9163573066199255e-06,9.617088747446962e-06
2023-11-15,7.985002899759044e-05,3.074317774407446e-05,7.41036088123763e-06,6.584463403659147e-07,1.4268662201544945e-07,1.4717209311835559e-06,8.098652357726794e-06
2023-11-16,8.02423199758225e-05,3.081609725446294e-05,5.982384108701969e-06,7.837266705355734e-07,2.5835056168319264e-07,2.0206272346576627e-06,8.707177172317437e-06
2023-11-17,0.0,3.089209840025703e-05,4.501949744139266e-06,2.954051632077433e-07,2.6094702799439734e-07,1.2180788793723362e-06,9.08887797063261e-06
2023-11-18,8.0930984525987e-05,5.289885934198944e-05,7.529269342463507e-06,3.9592315430285236e-07,3.7679958177301423e-07,1.3205772659560413e-06,9.489898416342614e-06
2023-11-19,0.0,1.059254479274681e-05,7.551304901299813e-06,4.969533277219592e-07,2.790967523865237e-07,1.3817021941047843e-06,8.128615088663943e-06
2023-11-20,8.153199221429588e-05,3.1819130941206474e-05,1.3822865348749e-05,7.971347889100671e-07,2.0501943373138685e-07,1.658002022478929e-06,8.963355228770619e-06
2023-11-21,4.0892349282030843e-05,3.1059559368539784e-05,8.976010304456365e-06,7.354785388243068e-07,2.847348807818471e-07,1.6457240925901273e-06,9.665030759737688e-06
2023-11-22,0.0,2.099084530348708e-05,6.078883866239769e-06,3.161742396242016e-07,3.398867891644672e-07,1.4065064197331194e-06,1.0054230936597603e-05
2023-11-23,0.00012892436203082555,4.3089467594653434e-05,6.087036599515222e-06,2.1145000591218992e-07,2.1126320503709015e-07,1.3235523038780646e-06,9.923712263786859e-06
2023-11-24,0.0001320183363693908,1.0649976456790204e-05,6.0920083269068405e-06,4.2427666117009125e-07,3.2007965331967474e-07,1.7715162607862427e-06,1.093836107073243e-05
2023-11-25,0.0002251798990613307,1.0659675878373789e-05,3.077104564940738e-06,2.1267923621904984e-07,2.694137560964833e-07,1.5117022790784676e-06,8.694216428055848e-06
2023-11-26,9.027576252671091e-05,2.1870249267418344e-05,1.3859014193928321e-05,6.397242298617275e-07,2.4490926842402367e-07,1.7409679238551595e-06,1.0708394953589883e-05
2023-11-27,0.00018097718616074448,5.540979437694449e-05,9.245453553099045e-06,5.598269935471822e-07,4.3977003998603805e-07,1.9263510536492072e-06,1.0286802477444058e-05
2023-11-28,9.065046040200227e-05,0.0,1.0946927998742119e-05,8.963094843682202e-07,3.6028929821537994e-07,2.4279480093568483e-06,1.208778979906671e-05
2023-11-29,4.4930234836783705e-05,4.4398483689516266e-05,1.9042482179393694e-05,4.478181731833864e-07,3.0740893460721867e-07,2.1282466470803776e-06,1.2194309053948954e-05
2023-11-30,0.00017985883642253,5.5528979461127866e-05,6.351603958934015e-06,6.712895795597457e-07,2.813346556700892e-07,2.135125217189317e-06,1.1603403597937825e-05
2023-12-01,9.48329813677935e-05,2.2356377579999006e-05,8.027771201367264e-06,2.2356453336164194e-07,4.249274152870145e-07,2.2351043601169496e-06,1.0117730390593946e-05
2023-12-02,9.39945482687303e-05,2.2636790024516893e-05,6.504013700395535e-06,6.698838534930402e-07,3.0745365124065675e-07,1.6318056683369647e-06,1.0803923994705154e-05
2023-12-03,9.406103692350481e-05,2.2909888084667492e-05,1.4723513360439307e-05,6.691410958447424e-07,5.865256240625043e-07,1.603794850703124e-06,9.207631037616304e-06
2023-12-04,0.00014111055318494057,2.2900878466871092e-05,4.956247959580781e-06,4.456435019090989e-07,1.8598356752177055e-07,2.2302653030567894e-06,1.243517985503473e-05
2023-12-05,9.409577477168999e-05,1.118293117381041e-05,6.604561712472117e-06,7.791656331257133e-07,4.6691778857569687e-07,2.42711074097204e-06,1.3539993830538883e-05
2023-12-06,0.0001411908856139652,6.871697345585462e-05,1.4849005173319436e-05,1.0319762370289962e-06,3.751386804119395e-07,2.796158982307253e-06,1.2056772155422505e-05
2023-12-07,0.00018820984509469686,3.4344813224780974e-05,4.918669257319592e-06,8.007612544794392e-07,3.767806441439793e-07,2.866597238604653e-06,1.249028263161106e-05
2023-12-08,9.216195953613177e-05,1.1438992861505091e-05,1.5127580636985034e-05,6.645572431844299e-07,5.046137150058913e-07,1.6928330023803182e-06,1.0591578568561322e-05
2023-12-09,0.0,1.1430858556901867e-05,6.628537408166623e-06,4.419158027949981e-07,2.5323557723593966e-07,2.4150302752741625e-06,1.0972183132028398e-05
2023-12-10,9.205057325496578e-05,3.508005540474873e-05,1.4896325921562228e-05,6.612564531233804e-07,2.2241591814547666e-07,2.058412373772212e-06,1.1490253919130691e-05
2023-12-11,9.202786476786942e-05,4.619735750710655e-05,8.336832566287188e-06,8.796071043341665e-07,4.146497605466689e-07,2.525564952328499e-06,1.3502707533339956e-05
2023-12-12,0.0001408318566826369,3.4070296315506146e-05,1.1810078976676785e-05,4.3813863525193164e-07,5.427613570820076e-07,1.5998471043874169e-06,1.6330516603591463e-05
2023-12-13,9.383982929551025e-05,2.266879611045398e-05,1.5163600515817403e-05,5.203208967633039e-07,4.474586846459799e-07,1.5486762294662732e-06,1.3088195198937755e-05
2023-12-14,0.00014060686283999473,0.0,1.5531958432943457e-05,7.260415143105655e-07,4.479821744069485e-07,2.6337559307654557e-06,1.2259948832485452e-05
2023-12-15,4.679106602819573e-05,2.2586123026036875e-05,1.2061372510992435e-05,6.193075309108524e-07,3.524325064532467e-07,2.6861750805845222e-06,1.3611942235640867e-05
2023-12-16,4.6686242103457494e-05,2.2548176440792547e-05,6.896451384525703e-06,3.0784044036101687e-07,2.2458180326523798e-07,1.8603834763831414e-06,1.1717877200901757e-05
2023-12-17,4.658608684183495e-05,3.3768727037973755e-05,5.162058548402334e-06,3.060578995671781e-07,5.462120242594955e-07,1.981116369364834e-06,1.3051491554955891e-05
2023-12-18,4.649059022771845e-05,2.3018013118207796e-05,1.9051407586559434e-05,1.0143532160611508e-06,3.8616403721618006e-07,2.791041518686175e-06,1.459275792539427e-05
2023-12-19,0.000185598970845468,5.8154304353151255e-05,1.5555599346701422e-05,8.068918957855555e-07,4.512728059803024e-07,2.441821864986182e-06,1.2799479669302312e-05
2023-12-20,9.262707041590655e-05,8.134333730980693e-05,3.466996714939241e-06,5.014886928651132e-07,4.1977559885088423e-07,2.4633087276963002e-06,1.2596675083715418e-05
2023-12-21,4.6231959096655094e-05,8.123259435318005e-05,5.190444177964639e-06,3.9897608012115955e-07,4.515797905717374e-07,1.675656986269692e-06,1.4861760647285535e-05
2023-12-22,4.712339369390018e-05,2.3165329738976157e-05,8.528150282575525e-06,9.920027597268044e-07,4.833629035362088e-07,1.4365844858619446e-06,1.2124826926746456e-05
2023-12-23,4.70291739935088e-05,3.465910156624641e-05,1.1760528721684892e-05,3.9466580810134174e-07,4.5074274360946596e-07,1.998844283588462e-06,1.1893427097875427e-05
2023-12-24,9.381608486235332e-05,2.3049116308711928e-05,1.3068502181451028e-05,1.9628498961083058e-07,4.3329197903818797e-07,2.0683109026280234e-06,1.2488369658036702e-05
2023-12-25,0.0,0.0,1.1311017858809145e-05,2.928850557502841e-07,2.3323969807211194e-07,1.623982576831394e-06,1.3223022927198125e-05
2023-12-26,0.00017916344310394227,4.588424566459368e-05,9.548085686625652e-06,3.8849588777862527e-07,3.9975712229563e-07,1.8315427260769364e-06,1.4109627918313726e-05
2023-12-27,4.4681486392619975e-05,1.1234716385928096e-05,2.026276213969051e-05,1.9325860890136538e-07,3.330956151894057e-07,2.921111336522887e-06,1.595725689093466e-05
2023-12-28,0.000133729740585385,0.0,4.643780012380575e-06,4.807214998383941e-07,6.994965704402605e-07,2.200956653979647e-06,1.4570677831104343e-05
2023-12-29,4.541290434837911e-05,4.3140444183061884e-05,6.1211681750675375e-06,3.8267563997916886e-07,4.663748661484857e-07,2.3261221578504535e-06,1.1959088531137914e-05
2023-12-30,0.00018105361261453387,1.049922197925127e-05,1.373183113878531e-05,2.704136496118042e-07,2.329677277078141e-07,2.4769070241491596e-06,1.3408870703231497e-05
2023-12-31,0.00013526044055517473,2.0962371764937726e-05,1.04958422589705e-05,5.383918812575957e-07,3.657835017701801e-07,2.1637566761046373e-06,1.1620761144333595e-05
2024-01-01,3.951937648544164e-05,3.0109540420764846e-05,8.958477465596069e-06,2.669007623743231e-07,6.611570484804755e-07,2.370495959609529e-06,1.2746315893839803e-05
2024-01-02,3.934868147834021e-05,4.005114094756374e-05,1.1904146250820456e-05,3.408705440564229e-07,4.955482815877751e-07,2.213010476628265e-06,1.2704360330277166e-05
2024-01-03,3.872656614873245e-05,2.9957517492437937e-05,2.913631396108367e-06,3.394942325311139e-07,2.9631979453302866e-07,3.2689058760345597e-06,1.2942192386970449e-05
2024-01-04,0.00011823184195624355,1.9404640635142475e-05,8.645625662962062e-06,3.381518707119708e-07,3.6097141952639735e-07,2.4613135094201476e-06,1.2633000647186615e-05
2024-01-05,3.8382353347587856e-05,0.0,0.0,1.6819765097094647e-07,4.2400661292473534e-07,1.6685069628648342e-06,1.160362382819665e-05
2024-01-06,7.473302430683084e-05,2.8972879747626066e-05,5.609746667085518e-06,2.510042797367548e-07,3.2419464627006784e-07,2.1230044257522526e-06,1.3861812622265522e-05
2024-01-07,3.721682301413899e-05,1.875242405558323e-05,8.386504789274522e-06,8.839196135543126e-08,3.862634926000076e-07,2.2125420261812047e-06,1.2892597624365649e-05
2024-01-08,0.00010865106417591107,0.0,2.7585612409403914e-06,2.540002609879702e-07,4.794150454338512e-07,1.6082537501757033e-06,1.320095847479589e-05
2024-01-09,3.608325687466369e-05,2.7231476856947244e-05,4.059826882780032e-06,3.965118327835114e-07,3.4910235581595027e-07,1.797243218140821e-06,1.4474337429959763e-05
2024-01-10,3.509926651690621e-05,2.641077615151873e-05,3.91891033559084e-06,2.3661878681445463e-07,2.8363793632383604e-07,1.7423789276231405e-06,1.2968799793952732e-05
2024-01-11,3.4525846264146865e-05,2.634775460355034e-05,2.5183607684187243e-06,3.1380551471288914e-07,4.068639415600067e-07,1.622087382616329e-06,1.2071223954819664e-05
2024-01-12,3.435864818571547e-05,3.501607082067597e-05,2.4934370489388037e-06,7.803767362153722e-08,1.86493536229187e-07,1.74208521387443e-06,1.202828523219308e-05
2024-01-13,3.3312613679186205e-05,3.389189483360391e-05,7.28742836550533e-06,3.105270895889837e-07,5.55667092972986e-07,1.6905975261246196e-06,1.2225766665828003e-05
2024-01-14,0.0,1.6897350983183832e-05,2.4002440229373306e-06,2.241344064139226e-07,1.8396971481025527e-07,2.0950180912002855e-06,1.1879174376800264e-05
2024-01-15,3.1835427305985696e-05,8.416783903541982e-06,3.589674413831323e-06,2.973846008688792e-07,3.65470924841943e-07,1.816018899615104e-06,1.1909827310944756e-05
2024-01-16,9.754488567266208e-05,3.35260595119244e-05,8.252319257856895e-06,2.818294816760865e-07,2.1177273101857816e-07,1.5588062839634227e-06,1.1841899405658683e-05
2024-01-17,3.148149843032444e-05,0.0,3.5250277991208244e-06,4.6890538552026836e-07,4.296068845890415e-07,1.5694432153866541e-06,1.152441825765382e-05
2024-01-18,3.0459764322173302e-05,8.062656512948123e-06,4.647986390159036e-06,3.0767490455714635e-07,2.845788767632858e-07,1.564313359567498e-06,1.1031510157780308e-05
2024-01-19,0.0,7.905711408950036e-06,8.052202989916751e-06,1.2236931863712788e-07,2.955151280615429e-07,1.1877092659991668e-06,1.0305678460942203e-05
2024-01-20,5.8609821649985e-05,1.6018600593662573e-05,6.619416018944078e-06,1.7495487189711298e-07,3.7383045113213873e-07,1.4361333473165344e-06,9.388052161621148e-06
2024-01-21,2.9148875710646195e-05,5.587065232516396e-05,5.2799305398241436e-06,4.6404214095907026e-07,1.891232045909336e-07,1.9318583145677e-06,1.1283358104173995e-05
2024-01-22,0.0,2.3078252683465272e-05,7.360841631669483e-06,3.4618827109497874e-07,2.8122835231293684e-07,1.1829962064752295e-06,9.239879753642808e-06
2024-01-23,2.7146362305178772e-05,7.407295542114067e-06,3.0851314958262158e-06,4.5917274078167386e-07,2.091000156067967e-07,1.5787567644482804e-06,1.1302093547336963e-05
2024-01-24,2.7015933329797903e-05,1.4756958801987936e-05,3.071290502088745e-06,2.2840351888004977e-07,2.5336627207796925e-07,1.4712774916918643e-06,7.655637326127083e-06
2024-01-25,2.6888205970263368e-05,2.2025888604396306e-05,5.0252052160645025e-06,2.8349435686460923e-07,3.196978848670028e-07,1.5154096536982765e-06,8.718883443737018e-06
2024-01-26,2.5909333257525022e-05,7.311298592485834e-06,3.9178253210070065e-06,3.9661406399647616e-07,2.264011252328844e-07,1.2623634520505767e-06,9.25876416766758e-06
2024-01-27,2.536854977414155e-05,7.112463957356619e-06,2.8582914985142e-06,1.477589173982839e-07,2.2446925871910117e-07,1.1220448855932999e-06,9.495813383824303e-06
2024-01-28,4.881535331387836e-05,7.084939558235065e-06,3.7635164173584705e-06,1.4074913934816947e-07,2.5738163197793054e-07,1.3277503763660843e-06,8.911412917922812e-06
2024-01-29,0.0,7.04968541314285e-06,4.6813273095319556e-06,2.3311244906631042e-07,3.406422899734782e-07,1.3557107558742034e-06,7.611460434831573e-06
2024-01-30,2.416119483534064e-05,2.0285351997942773e-05,6.480319348627019e-06,1.853330485265381e-07,2.7054504819320444e-07,1.2740022681914493e-06,9.74650176513019e-06
2024-01-31,2.3159311913807343e-05,1.2948584506570115e-05,3.6815141708774543e-06,2.0502168297168825e-07,1.5645847061601e-07,1.8692861778309853e-06,7.5718501635559095e-06
2024-02-01,4.5706774794600974e-05,6.383608921565137e-06,5.366622618717701e-06,3.6687138748966096e-07,1.7475040559197032e-07,1.3537763327479707e-06,8.452531020438196e-06
2024-02-02,6.561585530380525e-05,1.27173585401835e-05,3.4952196922775044e-06,1.6215131475595995e-07,1.3501085573837865e-07,1.9007350430183116e-06,7.406355229960401e-06
2024-02-03,2.090122162065e-05,6.334385491844286e-06,4.2314609303114654e-06,2.8218607761268527e-07,1.915974722110751e-07,1.0574501861725344e-06,6.658122724378853e-06
2024-02-04,0.0,6.310725157424679e-06,7.495438848199931e-06,0.0,7.613658130968389e-08,9.171295056382301e-07,5.981890894603586e-06
2024-02-05,1.9839065369766072e-05,1.2575391801559538e-05,7.151648386608848e-06,1.5806728263531936e-07,2.458358092336772e-07,1.4014714223758592e-06,6.765716338320226e-06
2024-02-06,3.947802956196035e-05,1.8770826122842594e-05,3.9417747607600105e-06,1.5743092863886733e-07,2.0667503407410456e-07,1.5613168663593338e-06,8.417354014341048e-06
2024-02-07,1.9640938110121616e-05,1.244527438304987e-05,6.874884451585269e-06,6.272412714658883e-08,2.613619531325436e-07,1.309737996830673e-06,8.824812664185341e-06
2024-02-08,1.954482554944157e-05,0.0,3.002189290632065e-06,1.562053882565392e-07,2.4115844091880504e-07,1.218833292781943e-06,7.1339210689567425e-06
2024-02-09,3.8901334975207754e-05,5.967787819895517e-06,2.9779039397610323e-06,3.11232158631207e-08,6.243788975981232e-08,8.069315221436533e-07,7.639196337212417e-06
2024-02-10,1.9330224860143136e-05,1.145641586909129e-05,0.0,2.170592649571919e-07,2.794179288164e-07,9.27379724479851e-07,6.133721709208093e-06
2024-02-11,0.0,0.0,1.3797816806845173e-06,1.2358727141709595e-07,1.6982368072961817e-07,8.086344544693784e-07,6.0439097979365335e-06
2024-02-12,1.8273107695921912e-05,5.424663198035112e-06,3.4767367935684595e-06,2.1551781295537393e-07,1.991303943746257e-07,1.1568403767707553e-06,8.374296960985018e-06
2024-02-13,5.455170683536324e-05,1.6201104491595894e-05,2.0489671251468665e-06,1.5341389492266022e-07,1.0638922450427527e-07,1.1391708762310596e-06,7.915043027674058e-06
2024-02-14,1.809651526636805e-05,0.0,3.3894067931676283e-06,6.116073455781352e-08,1.206457480117087e-07,1.1166136788907008e-06,7.624047725555895e-06
2024-02-15,5.493175503668816e-05,1.6060187531870138e-05,6.301762501269817e-06,2.7432912271943774e-07,2.2446726665815099e-07,1.0832309120849832e-06,5.754858343790001e-06
2024-02-16,5.4723364394985294e-05,5.075733023655275e-06,1.8761739873835004e-06,0.0,2.821451900968895e-07,9.8163177806767e-07,7.162040615098559e-06
2024-02-17,3.459535512927443e-05,5.051902552764588e-06,1.862006843348278e-06,1.2116576439330903e-07,1.7683793085110685e-07,8.700665396996413e-07,5.56298878395821e-06
2024-02-18,0.0,1.0057154552678219e-05,2.9211259844012155e-06,9.060360974149024e-08,1.3494727167567884e-07,1.0269010403122507e-06,6.093258814587699e-06
2024-02-19,4.63243217883092e-05,1.5017264585495278e-05,4.4895844526974225e-06,1.5056992770746016e-07,2.0367857537229404e-07,1.2995413065838131e-06,6.10978892299809e-06
2024-02-20,1.4528461902683073e-05,4.983433026982069e-06,2.2295197136579356e-06,1.5014889629734938e-07,1.4462322338875488e-07,1.0041314141790817e-06,5.70023478287572e-06
2024-02-21,4.341908750438282e-05,9.421610782610012e-06,2.146205812196123e-06,1.7969145588239136e-07,2.1566431878880897e-07,9.833127600268978e-07,5.682512789473383e-06
2024-02-22,1.3571468916659518e-05,9.133143075659753e-06,3.581771402130214e-06,1.194814703355301e-07,1.0322448871603907e-07,8.047535408776185e-07,5.793488713792481e-06
2024-02-23,4.049738782613732e-05,0.0,3.0504598597180582e-06,8.938543874705076e-08,1.5981927772763715e-07,9.29459600956207e-07,5.160792961890857e-06
2024-02-24,0.0,4.408642571485539e-06,4.966561229599035e-07,2.6360928457476507e-08,1.2807163537558985e-07,7.929974537714753e-07,4.492080668603518e-06
2024-02-25,0.0,4.385317975773092e-06,1.974282946629916e-06,1.0530044478949002e-07,9.366247992344387e-08,8.599820456890543e-07,4.380775772761434e-06
2024-02-26,0.0,8.223255534459445e-06,3.433742954880213e-06,1.30619818001291e-07,9.570984983680879e-08,8.627703707806261e-07,6.096275151878929e-06
2024-02-27,1.3223199632438959e-05,8.183346993536068e-06,4.870740583049071e-07,1.555525705276438e-07,6.616712076975531e-08,9.331532039390298e-07,5.502976666202476e-06
2024-02-28,1.3157539961101403e-05,0.0,1.3869885285567108e-06,1.2864742903368226e-07,5.873794936452462e-08,7.813831398739642e-07,5.124080923911218e-06
2024-02-29,1.309319605472461e-05,8.1059810271933e-06,1.8367127895882197e-06,1.8443836951224563e-07,8.799983116639413e-08,9.476155237752529e-07,4.667024576874881e-06
2024-03-01,1.2246519381722517e-05,7.624988106191839e-06,1.739651389842648e-06,4.075750643908116e-08,4.401659851909505e-08,8.023202488368688e-07,4.453941910288451e-06
2024-03-02,1.1340918840083075e-05,3.5512124858023967e-06,2.160320966670171e-06,6.071991635517343e-08,7.32863003204801e-08,7.175509608972476e-07,4.74880362219448e-06
2024-03-03,1.0445015371294463e-05,3.537365807556398e-06,1.7170349839471776e-06,1.4072250521924165e-07,8.786271816028719e-08,5.312488516716742e-07,3.392727432393509e-06
2024-03-04,0.0,0.0,1.6490753554556447e-06,1.3977927797753645e-07,8.779066228103344e-08,9.164647592388997e-07,4.460947517395806e-06
2024-03-05,1.0411935809278483e-05,0.0,2.8678337280808788e-06,7.934287358863548e-08,8.772738554116688e-08,6.902392884073172e-07,4.3012589291053355e-06
2024-03-06,0.0,3.1334449502608545e-06,2.0357659784836127e-06,7.327743324789957e-08,9.49789550807076e-08,7.488229340346801e-07,4.262493934633907e-06
2024-03-07,1.0326262733916624e-05,6.249264179609935e-06,3.8331549545738904e-07,4.352898636278925e-08,4.3813572522988576e-08,7.460581459381674e-07,4.352665740576183e-06
2024-03-08,2.0569954528953006e-05,3.1161316951619294e-06,1.438922433987434e-06,8.619173142349858e-08,8.029099032764413e-08,5.3062209523557e-07,3.5855146672097005e-06
2024-03-09,1.0244720301333674e-05,6.2158858325703856e-06,1.464362948992201e-06,5.6889406244258465e-08,5.83746377181222e-08,5.85154600497434e-07,3.385511646869822e-06
2024-03-10,1.0205487818758271e-05,0.0,1.733961939998935e-06,5.632334719421699e-08,1.0213291451588396e-07,7.333173200016804e-07,3.4184207081113335e-06
2024-03-11,9.741264492648183e-06,2.9538906084364257e-06,1.100929447247953e-06,1.2546657118312019e-07,1.1068100869683538e-07,5.763918101766241e-07,3.77402898033566e-06
2024-03-12,0.0,8.085233176467163e-06,1.774855874292521e-06,9.661412284294268e-08,4.042650552664806e-08,6.101865797135386e-07,3.7080058607244194e-06
2024-03-13,9.67632272162944e-06,8.050842352199184e-06,6.734125634313041e-07,1.0931748143825954e-07,6.599029809355052e-08,6.441394045344097e-07,3.828017033716725e-06
2024-03-14,2.8935914687731153e-05,8.017256618875482e-06,1.6785975390948632e-06,1.0822975432382663e-07,4.589593185537649e-08,5.660169054444998e-07,3.1637446197116187e-06
2024-03-15,9.615251608718698e-06,4.833739185058717e-06,1.0042989184585268e-06,5.0138979919878985e-08,6.660457895627265e-08,4.5148431038185556e-07,3.393317670450175e-06
2024-03-16,9.586159854700624e-06,0.0,1.0015397441889002e-06,1.9856035493611624e-08,4.633040397796998e-08,4.862269017573006e-07,2.8096424945942257e-06
2024-03-17,9.558026724656512e-06,2.384359092596516e-06,5.80556167104455e-07,7.863385855747107e-08,7.241823350316172e-08,5.658735262639419e-07,3.549932497685717e-06
2024-03-18,9.530849405249916e-06,4.736924612484756e-06,1.1575034875655836e-06,4.86571491199249e-08,5.71797219643242e-08,4.5667049845550015e-07,3.3700625625582274e-06
2024-03-19,0.0,2.108181087990371e-06,2.308020784471206e-06,9.634600479378025e-09,7.765480065817393e-08,4.682963060989282e-07,3.966717498057961e-06
2024-03-20,8.635806389524512e-06,6.2855713633307266e-06,1.6388788265540806e-06,4.769367301423934e-08,7.218868414609306e-08,4.9319674185821e-07,2.4688469895015063e-06
2024-03-21,7.767851188158262e-06,2.0008689149874823e-06,2.5084695360309627e-06,5.666293564636182e-08,5.1361980909377994e-08,4.913867087827378e-07,3.2505861053738106e-06
2024-03-22,7.761258551542405e-06,5.942879809911706e-06,1.0005123257600426e-06,8.414869502463047e-08,6.651547791331405e-08,5.425583353052161e-07,2.8458047918094387e-06
2024-03-23,1.5510884094498886e-05,7.844996223725829e-06,1.2405123856177997e-06,2.7770467173114952e-08,8.155942430480958e-08,3.692321282674837e-07,2.6944910421299464e-06
2024-03-24,7.750401093624092e-06,1.941734301765652e-06,8.260313732860245e-07,4.582357734646531e-08,5.0788625646499236e-08,3.2854780038608394e-07,2.6603041463410525e-06
2024-03-25,7.746135186566795e-06,0.0,1.1523413239310565e-06,4.536762513366013e-08,4.554692100664301e-08,4.977345073496452e-07,2.9123575666944098e-06
2024-03-26,7.742643899483286e-06,0.0,9.599775539273462e-07,7.186593555387965e-08,7.060454125121174e-08,4.79638540554362e-07,2.719086058075919e-06
2024-03-27,0.0,1.6397261003841885e-06,8.886297397610615e-07,4.4469285967091855e-08,9.046977043506733e-08,5.309475938687474e-07,2.7202485848489505e-06
2024-03-28,0.0,6.004399652113711e-06,8.892226573818289e-07,4.402680917866351e-08,4.508566029979167e-08,4.20264538144401e-07,2.168090896573967e-06
2024-03-29,0.0,4.4584911580040565e-06,1.016666807982575e-06,1.743549404313686e-08,4.4940943985651176e-08,4.021197649279169e-07,2.090693970731008e-06
2024-03-30,0.0,0.0,5.090507198236071e-07,0.0,3.484500584705789e-08,4.569854169936928e-07,2.5813395833491117e-06
2024-03-31,2.0654323355633392e-05,1.4567357060084914e-06,1.0196378823042385e-06,1.7090248129530587e-08,5.95533063074447e-08,3.635608698224019e-07,2.4817659228192015e-06
2024-04-01,6.824301779164827e-06,4.297516142753402e-06,5.102756601322028e-07,4.2301619984665284e-08,8.907803482531174e-08,4.518402074556574e-07,2.5110734174666127e-06
2024-04-02,6.806426631109846e-06,5.673006856889829e-06,6.801065013336039e-07,5.86329965663937e-08,4.563445259731923e-08,5.505115448079843e-07,2.6329219315127428e-06
2024-04-03,6.789232131390016e-06,2.808279747760833e-06,5.099351002808711e-07,4.146399178769544e-08,2.660373273100641e-08,4.644228350128103e-07,2.3979555373810066e-06
2024-04-04,6.772716560541038e-06,0.0,6.797884246620196e-07,1.6420567270393897e-08,3.418717951159656e-08,3.272401089671153e-07,2.1595145652765605e-06
2024-04-05,6.728789017857175e-06,4.129008124544096e-06,5.097985212688772e-07,7.315730953254229e-08,3.0375980928048016e-08,2.825304689924574e-07,2.142364802369107e-06
2024-04-06,6.68553435968244e-06,1.2411562628515928e-06,9.769615492261554e-07,8.047709126692214e-09,2.2774796601895648e-08,3.4867967284671393e-07,1.9635163691825923e-06
2024-04-07,0.0,3.6864196550788742e-06,6.516695137382562e-07,3.1870532331773155e-08,4.933475084718815e-08,3.529684496369137e-07,1.5254545805727444e-06
2024-04-08,0.0,3.6497391666405042e-06,6.506759164923232e-07,3.9441769045711866e-08,4.553450083673803e-08,2.605435103480903e-07,1.9447302300528345e-06
2024-04-09,2.8665524835083167e-05,1.2044745517200862e-06,8.121842342253387e-07,3.904931688648012e-08,5.6351781229079816e-08,2.2237160267633745e-07,2.20927853488155e-06
2024-04-10,5.7007246607846816e-06,0.0,9.733257503226224e-07,3.0928615753182575e-08,5.579107163731995e-08,2.818034793731123e-07,1.9765355633306812e-06
2024-04-11,0.0,4.72249743051111e-06,9.72127752960978e-07,3.0620870884530307e-08,2.945916863958216e-08,1.7437467993955435e-07,1.8278205222464758e-06
2024-04-12,0.0,1.1688769489895994e-06,6.47351312789826e-07,2.273714109636298e-08,4.3749067521010523e-08,2.390673170151731e-07,1.4733261631681865e-06
2024-04-13,0.0,2.3144928580407755e-06,4.850116444573049e-07,3.0014537016514055e-08,3.9704277273702803e-08,2.443236722226909e-07,1.600545443658567e-06
2024-04-14,0.0,0.0,6.460777411878186e-07,4.4573831074887e-08,1.786782414270924e-08,2.494517551608445e-07,1.46616601101922e-06
2024-04-15,0.0,1.7827228038974364e-06,9.68306847117624e-07,2.2065157022627688e-08,3.184206537950758e-08,2.9935717421264515e-07,1.8642854729953964e-06
2024-04-16,0.0,8.82492207809754e-07,1.2901252185935424e-06,8.929073610732313e-09,4.9039249054773634e-08,2.5933120549074374e-07,1.7758390047536482e-06
2024-04-17,4.679559648238597e-06,8.737112636269831e-07,5.87782681433284e-07,6.630170882879708e-09,2.080770016022686e-08,2.360579118563521e-07,1.6422956534472371e-06
2024-04-18,0.0,8.650176912986702e-07,2.9400111131305895e-07,4.376133053549087e-09,2.403410343172433e-08,2.596767737650635e-07,1.6136681834236194e-06
2024-04-19,4.640339471396069e-06,1.7128212429206752e-06,2.9414028226560897e-07,6.49888470319577e-09,3.7392080167968414e-08,2.892295650314492e-07,1.2830296157707515e-06
2024-04-20,0.0,8.478891933978289e-07,5.886177349830066e-07,8.578959626605309e-09,4.038547936781747e-08,1.7181100966483826e-07,1.2549717679851326e-06
2024-04-21,0.0,2.51835766488371e-06,4.417603257741075e-07,2.123399388015353e-09,3.665166737282247e-08,2.457021111349275e-07,1.1423029579910013e-06
2024-04-22,4.584984877254218e-06,8.310998624796868e-07,2.9473435114111484e-07,6.306813633263057e-09,3.628697718909269e-08,2.557320693722856e-07,1.2705744496933057e-06
2024-04-23,0.0,0.0,4.4248693817032726e-07,6.244059789099074e-09,2.939393105453542e-08,1.6673322694370184e-07,1.372419156378384e-06
2024-04-24,8.98839218763224e-06,2.443928947764047e-06,2.952777324610265e-07,1.0303217260195675e-08,2.2634466208493457e-08,2.2621279754795368e-07,1.0127657596415536e-06
2024-04-25,3.6061186556969007e-06,4.8392228968571484e-06,1.4779685041390656e-07,1.6321117656861258e-08,4.481849901344022e-08,2.6633312093482634e-07,1.2096029999203733e-06
2024-04-26,0.0,3.992559853757156e-06,1.4796961440550577e-07,0.0,3.803361214040892e-08,2.17271714551239e-07,8.918910057934381e-07
2024-04-27,0.0,1.5811332877783502e-06,7.407858774092697e-07,0.0,3.137930948041016e-08,1.0111140862011079e-07,9.213673720128656e-07
2024-04-28,3.499541742867008e-06,0.0,4.122374152432498e-07,0.0,1.5533540067121883e-08,1.7518433326534856e-07,9.316081158977827e-07
2024-04-29,3.4647207207237547e-06,1.5958270891040922e-06,5.498065552250942e-07,0.0,1.845477451318808e-08,2.0317400060050016e-07,1.0184153832081394e-06
2024-04-30,0.0,5.266494480866419e-07,5.443358885948074e-07,0.0,3.04519107311004e-08,1.4718467232927697e-07,9.67230398727879e-07
2024-05-01,0.0,0.0,4.048731792107306e-07,0.0,3.020206616547181e-09,5.8331817943925616e-08,1.6429712590160538e-07
2024-05-02,0.0,0.0,0.0,0.0,0.0,0.0,0.0
2024-05-03,0.0,0.0,0.0,0.0,0.0,0.0,0.0
2024-05-04,0.0,0.0,0.0,0.0,0.0,0.0,0.0
2024-05-05,0.0,0.0,0.0,0.0,0.0,0.0,0.0
2024-05-06,0.0,0.0,0.0,0.0,0.0,0.0,0.0
2024-05-07,0.0,0.0,0.0,0.0,0.0,0.0,0.0
2024-05-08,0.0,0.0,0.0,0.0,0.0,0.0,0.0
2024-05-09,0.0,0.0,0.0,0.0,0.0,0.0,0.0
2024-05-10,0.0,0.0,0.0,0.0,0.0,0.0,0.0
2024-05-11,0.0,0.0,0.0,0.0,0.0,0.0,0.0
2024-05-12,0.0,0.0,0.0,0.0,0.0,0.0,0.0
2024-05-13,0.0,0.0,0.0,0.0,0.0,0.0,0.0
2024-05-14,0.0,0.0,0.0,0.0,0.0,0.0,0.0
2024-05-15,0.0,0.0,0.0,0.0,0.0,0.0,0.0
2024-05-16,0.0,0.0,0.0,0.0,0.0,0.0,0.0
2024-05-17,0.0,0.0,0.0,0.0,0.0,0.0,0.0
2024-05-18,0.0,0.0,0.0,0.0,0.0,0.0,0.0
2024-05-19,0.0,0.0,0.0,0.0,0.0,0.0,0.0
2024-05-20,0.0,0.0,0.0,0.0,0.0,0.0,0.0
2024-05-21,0.0,0.0,0.0,0.0,0.0,0.0,0.0
2024-05-22,0.0,0.0,0.0,0.0,0.0,0.0,0.0
2024-05-23,0.0,0.0,0.0,0.0,0.0,0.0,0.0
2024-05-24,0.0,0.0,0.0,0.0,0.0,0.0,0.0
2024-05-25,0.0,0.0,0.0,0.0,0.0,0.0,0.0
2024-05-26,0.0,0.0,0.0,0.0,0.0,0.0,0.0
2024-05-27,0.0,0.0,0.0,0.0,0.0,0.0,0.0
2024-05-28,0.0,0.0,0.0,0.0,0.0,0.0,0.0
2024-05-29,0.0,0.0,0.0,0.0,0.0,0.0,0.0
2024-05-30,0.0,0.0,0.0,0.0,0.0,0.0,0.0
2024-05-31,0.0,0.0,0.0,0.0,0.0,0.0,0.0
2024-06-01,0.0,0.0,0.0,0.0,0.0,0.0,0.0
2024-06-02,0.0,0.0,0.0,0.0,0.0,0.0,0.0
2024-06-03,0.0,0.0,0.0,0.0,0.0,0.0,0.0
2024-06-04,0.0,0.0,0.0,0.0,0.0,0.0,0.0
2024-06-05,0.0,0.0,0.0,0.0,0.0,0.0,0.0
2024-06-06,0.0,0.0,0.0,0.0,0.0,0.0,0.0
2024-06-07,0.0,0.0,0.0,0.0,0.0,0.0,0.0
2024-06-08,0.0,0.0,0.0,0.0,0.0,0.0,0.0
2024-06-09,0.0,0.0,0.0,0.0,0.0,0.0,0.0
2024-06-10,0.0,0.0,0.0,0.0,0.0,0.0,0.0
2024-06-11,0.0,0.0,0.0,0.0,0.0,0.0,0.0
2024-06-12,0.0,0.0,0.0,0.0,0.0,0.0,0.0
2024-06-13,0.0,0.0,0.0,0.0,0.0,0.0,0.0
2024-06-14,0.0,0.0,0.0,0.0,0.0,0.0,0.0
2024-06-15,0.0,0.0,0.0,0.0,0.0,0.0,0.0
2024-06-16,0.0,0.0,0.0,0.0,0.0,0.0,0.0
2024-06-17,0.0,0.0,0.0,0.0,0.0,0.0,0.0
2024-06-18,0.0,0.0,0.0,0.0,0.0,0.0,0.0
2024-06-19,0.0,0.0,0.0,0.0,0.0,0.0,0.0
2024-06-20,0.0,0.0,0.0,0.0,0.0,0.0,0.0
2024-06-21,0.0,0.0,0.0,0.0,0.0,0.0,0.0
2024-06-22,0.0,0.0,0.0,0.0,0.0,0.0,0.0
2024-06-23,0.0,0.0,0.0,0.0,0.0,0.0,0.0
2024-06-24,0.0,0.0,0.0,0.0,0.0,0.0,0.0
2024-06-25,0.0,0.0,0.0,0.0,0.0,0.0,0.0
2024-06-26,0.0,0.0,0.0,0.0,0.0,0.0,0.0
2024-06-27,0.0,0.0,0.0,0.0,0.0,0.0,0.0
2024-06-28,0.0,0.0,0.0,0.0,0.0,0.0,0.0
2024-06-29,0.0,0.0,0.0,0.0,0.0,0.0,0.0
2024-06-30,0.0,0.0,0.0,0.0,0.0,0.0,0.0
2024-07-01,0.0,0.0,0.0,0.0,0.0,0.0,0.0
2024-07-02,0.0,0.0,0.0,0.0,0.0,0.0,0.0
2024-07-03,0.0,0.0,0.0,0.0,0.0,0.0,0.0
2024-07-04,0.0,0.0,0.0,0.0,0.0,0.0,0.0
2024-07-05,0.0,0.0,0.0,0.0,0.0,0.0,0.0
2024-07-06,0.0,0.0,0.0,0.0,0.0,0.0,0.0
2024-07-07,0.0,0.0,0.0,0.0,0.0,0.0,0.0
2024-07-08,0.0,0.0,0.0,0.0,0.0,0.0,0.0
2024-07-09,0.0,0.0,0.0,0.0,0.0,0.0,0.0
2024-07-10,0.0,0.0,0.0,0.0,0.0,0.0,0.0
2024-07-11,0.0,0.0,0.0,0.0,0.0,0.0,0.0
2024-07-12,0.0,0.0,0.0,0.0,0.0,0.0,0.0
2024-07-13,0.0,0.0,0.0,0.0,0.0,0.0,0.0
2024-07-14,0.0,0.0,0.0,0.0,0.0,0.0,0.0
2024-07-15,0.0,0.0,0.0,0.0,0.0,0.0,0.0
2024-07-16,0.0,0.0,0.0,0.0,0.0,0.0,0.0
2024-07-17,0.0,0.0,0.0,0.0,0.0,0.0,0.0
2024-07-18,0.0,0.0,0.0,0.0,0.0,0.0,0.0
2024-07-19,0.0,0.0,0.0,0.0,0.0,0.0,0.0
2024-07-20,0.0,0.0,0.0,0.0,0.0,0.0,0.0
2024-07-21,0.0,0.0,0.0,0.0,0.0,0.0,0.0
2024-07-22,0.0,0.0,0.0,0.0,0.0,0.0,0.0
2024-07-23,0.0,0.0,0.0,0.0,0.0,0.0,0.0
2024-07-24,0.0,0.0,0.0,0.0,0.0,0.0,0.0
2024-07-25,0.0,0.0,0.0,0.0,0.0,0.0,0.0
2024-07-26,0.0,0.0,0.0,0.0,0.0,0.0,0.0
2024-07-27,0.0,0.0,0.0,0.0,0.0,0.0,0.0
2024-07-28,0.0,0.0,0.0,0.0,0.0,0.0,0.0
2024-07-29,0.0,0.0,0.0,0.0,0.0,0.0,0.0
2024-07-30,0.0,0.0,0.0,0.0,0.0,0.0,0.0
2024-07-31,0.0,0.0,0.0,0.0,0.0,0.0,0.0
2024-08-01,0.0,0.0,0.0,0.0,0.0,0.0,0.0
2024-08-02,0.0,0.0,0.0,0.0,0.0,0.0,0.0
2024-08-03,0.0,0.0,0.0,0.0,0.0,0.0,0.0
2024-08-04,0.0,0.0,0.0,0.0,0.0,0.0,0.0
2024-08-05,0.0,0.0,0.0,0.0,0.0,0.0,0.0
2024-08-06,0.0,0.0,0.0,0.0,0.0,0.0,0.0
2024-08-07,0.0,0.0,0.0,0.0,0.0,0.0,0.0
2024-08-08,0.0,0.0,0.0,0.0,0.0,0.0,0.0
2024-08-09,0.0,0.0,0.0,0.0,0.0,0.0,0.0
2024-08-10,0.0,0.0,0.0,0.0,0.0,0.0,0.0
2024-08-11,0.0,0.0,0.0,0.0,0.0,0.0,0.0
2024-08-12,0.0,0.0,0.0,0.0,0.0,0.0,0.0
2024-08-13,0.0,0.0,0.0,0.0,0.0,0.0,0.0
2024-08-14,0.0,0.0,0.0,0.0,0.0,0.0,0.0
2024-08-15,0.0,0.0,0.0,0.0,0.0,0.0,0.0
2024-08-16,0.0,0.0,0.0,0.0,0.0,0.0,0.0
2024-08-17,0.0,0.0,0.0,0.0,0.0,0.0,0.0
2024-08-18,0.0,0.0,0.0,0.0,0.0,0.0,0.0
2024-08-19,0.0,0.0,0.0,0.0,0.0,0.0,0.0
2024-08-20,0.0,0.0,0.0,0.0,0.0,0.0,0.0
2024-08-21,0.0,0.0,0.0,0.0,0.0,0.0,0.0
2024-08-22,0.0,0.0,0.0,0.0,0.0,0.0,0.0
2024-08-23,0.0,0.0,0.0,0.0,0.0,0.0,0.0
2024-08-24,0.0,0.0,0.0,0.0,0.0,0.0,0.0
2024-08-25,0.0,0.0,0.0,0.0,0.0,0.0,0.0
2024-08-26,0.0,0.0,0.0,0.0,0.0,0.0,0.0
2024-08-27,0.0,0.0,0.0,0.0,0.0,0.0,0.0
2024-08-28,0.0,0.0,0.0,0.0,0.0,0.0,0.0
2024-08-29,0.0,0.0,0.0,0.0,0.0,0.0,0.0
2024-08-30,0.0,0.0,0.0,0.0,0.0,0.0,0.0
2024-08-31,0.0,0.0,0.0,0.0,0.0,0.0,0.0
2024-09-01,0.0,0.0,0.0,0.0,0.0,0.0,0.0
2024-09-02,0.0,0.0,0.0,0.0,0.0,0.0,0.0
2024-09-03,0.0,0.0,0.0,0.0,0.0,0.0,0.0
2024-09-04,0.0,0.0,0.0,0.0,0.0,0.0,0.0
2024-09-05,0.0,0.0,0.0,0.0,0.0,0.0,0.0
2024-09-06,0.0,0.0,0.0,0.0,0.0,0.0,0.0
2024-09-07,0.0,0.0,0.0,0.0,0.0,0.0,0.0
2024-09-08,0.0,0.0,0.0,0.0,0.0,0.0,0.0
2024-09-09,0.0,0.0,0.0,0.0,0.0,0.0,0.0
2024-09-10,0.0,0.0,0.0,0.0,0.0,0.0,0.0
2024-09-11,0.0,0.0,0.0,0.0,0.0,0.0,0.0
2024-09-12,0.0,0.0,0.0,0.0,0.0,0.0,0.0
2024-09-13,0.0,0.0,0.0,0.0,0.0,0.0,0.0
2024-09-14,0.0,0.0,0.0,0.0,0.0,0.0,0.0
2024-09-15,0.0,0.0,0.0,0.0,0.0,0.0,0.0
2024-09-16,0.0,0.0,0.0,0.0,0.0,0.0,0.0
2024-09-17,0.0,0.0,0.0,0.0,0.0,0.0,0.0
2024-09-18,0.0,0.0,0.0,0.0,0.0,0.0,0.0
2024-09-19,0.0,0.0,0.0,0.0,0.0,0.0,0.0
2024-09-20,0.0,0.0,0.0,0.0,0.0,0.0,0.0
2024-09-21,0.0,0.0,0.0,0.0,0.0,0.0,0.0
2024-09-22,0.0,0.0,0.0,0.0,0.0,0.0,0.0
2024-09-23,0.0,0.0,0.0,0.0,0.0,0.0,0.0
2024-09-24,0.0,0.0,0.0,0.0,0.0,0.0,0.0
2024-09-25,0.0,0.0,0.0,0.0,0.0,0.0,0.0
2024-09-26,0.0,0.0,0.0,0.0,0.0,0.0,0.0
2024-09-27,0.0,0.0,0.0,0.0,0.0,0.0,0.0
2024-09-28,0.0,0.0,0.0,0.0,0.0,0.0,0.0
2024-09-29,0.0,0.0,0.0,0.0,0.0,0.0,0.0
2024-09-30,0.0,0.0,0.0,0.0,0.0,0.0,0.0
2024-10-01,0.0,1.006130336437893e-06,2.284625441567447e-07,2.1720483927320193e-08,0.0,2.11350783266302e-07,5.707594137952036e-07
2024-10-02,0.0,1.016242114427544e-06,2.3075863089799414e-07,1.253012903264134e-08,0.0,2.134748939514981e-07,5.960378663964599e-07
2024-10-03,2.127965523649217e-06,1.2765154848513603e-06,1.215749837899095e-07,3.164014730751392e-08,0.0,1.8327729945838785e-07,5.674855479701398e-07
2024-10-04,0.0,0.0,7.367809961415186e-07,2.5566508859617698e-08,0.0,1.9056395126246445e-07,5.283306129546052e-07
2024-10-05,4.341906557515336e-06,1.3023028082102618e-06,3.7209288412859037e-07,1.936759240906179e-08,0.0,1.2648629910560128e-07,4.631596131879637e-07
2024-10-06,6.578315165823314e-06,0.0,2.505549865232751e-07,1.956223994879093e-08,0.0,1.4221432951774845e-07,4.322198673739893e-07
2024-10-07,2.2148094441240525e-06,3.985833210170148e-06,7.592193180048165e-07,4.336581200001828e-08,0.0,2.0406062587810075e-07,5.748724681933925e-07
2024-10-08,0.0,1.3378819958637402e-06,2.5561653300143104e-07,6.988766011966786e-08,0.0,2.15690676012172e-07,6.034206220626212e-07
2024-10-09,0.0,2.694573421970511e-06,3.283973392942889e-07,5.800563434658051e-08,0.0,1.665551653430232e-07,5.519865057838942e-07
2024-10-10,4.564520867081397e-06,1.3568261559006124e-06,3.316977874241927e-07,3.9059067109057865e-08,0.0,2.725515689584227e-07,6.307636771490377e-07
2024-10-11,0.0,0.0,1.8214316476852684e-07,1.9725808629827815e-08,0.0,1.791087292130336e-07,6.292194331567392e-07
2024-10-12,2.2754748739794452e-06,2.7526261289822033e-06,1.839737340076897e-07,7.969622520971163e-08,0.0,1.324075480668597e-07,5.579053009678505e-07
2024-10-13,2.2724235822176932e-06,1.386262476873333e-06,1.8582270077356529e-07,4.0248592794523364e-08,0.0,2.1805608700997683e-07,5.238246582241905e-07
2024-10-14,0.0,1.396350516658473e-06,9.262905434242782e-07,4.0653097877010967e-08,0.0,2.4404474071217746e-07,5.600204813088286e-07
2024-10-15,2.2670024490428264e-06,0.0,1.052619613865373e-06,4.627887119582572e-08,0.0,1.84366195426474e-07,7.342842129787596e-07
2024-10-16,0.0,5.008558918439408e-06,1.5947979252911891e-06,7.01159723757157e-08,0.0,2.2170324917220147e-07,8.063981660469423e-07
2024-10-17,2.2624881470746793e-06,3.5318427894773644e-06,8.712365342904729e-07,7.082064961336055e-08,0.0,2.001312381677553e-07,7.813753696795148e-07
2024-10-18,2.6655682373411915e-06,0.0,9.677573788133209e-07,4.7688272649989424e-08,0.0,1.921262770846917e-07,8.108984119347798e-07
2024-10-19,0.0,1.7942082054567857e-06,1.0213658880590297e-06,7.225132163711578e-08,0.0,2.337965336785459e-07,7.54227759582127e-07
2024-10-20,0.0,3.6009127155788125e-06,7.170087811865275e-07,0.0,0.0,1.763601832420881e-07,6.876448512769926e-07
2024-10-21,2.6735049516326736e-06,0.0,1.0863222588574016e-06,8.003445913702367e-08,0.0,1.9669374651288018e-07,8.731833021626265e-07
2024-10-22,2.6766848490689427e-06,3.5943305611329345e-06,7.314933193774464e-07,1.495227149064164e-07,0.0,1.8189206038081458e-07,9.246346122482698e-07
2024-10-23,0.0,3.591578793548572e-06,1.1960321959706107e-06,1.8878180396763035e-07,0.0,2.856724151568164e-07,1.0617795128391678e-06
2024-10-24,0.0,0.0,1.2574202035063204e-06,1.2223325992296608e-07,0.0,3.750701727193814e-07,9.241310743930558e-07
2024-10-25,0.0,0.0,1.3358810654841153e-06,1.2737462677793074e-07,0.0,2.389149627891866e-07,1.0373838536534118e-06
2024-10-26,0.0,1.9202945243376287e-06,2.9619081021438066e-06,1.2865476305933248e-07,0.0,2.225508357787042e-07,8.112756575239627e-07
2024-10-27,2.6966066944285124e-06,1.9209182729463098e-06,1.0411076437111326e-06,2.1657960820708807e-07,0.0,2.2213662822320501e-07,8.66719030652471e-07
2024-10-28,0.0,1.9217341149830567e-06,5.404129367054165e-07,9.04837665784439e-08,0.0,3.8805311040237473e-07,1.0216425675380345e-06
2024-10-29,0.0,2.0227661189830927e-06,1.7362678992975778e-06,1.827862871019242e-07,0.0,2.6881227591124543e-07,1.075669554069371e-06
2024-10-30,2.7117925160607983e-06,2.024971669629557e-06,2.396800090240126e-06,1.0274606569932014e-07,1.3641093845165337e-08,3.315407010945331e-07,1.3772299140681536e-06
2024-10-31,0.0,6.0821391573914015e-06,6.315515144386162e-07,2.2425241091019606e-07,1.3778189117520064e-08,1.9957404576965992e-07,1.2951519004641219e-06
2024-11-01,0.0,4.561566185239752e-06,1.9826601796149046e-06,2.836644048974643e-07,3.1879794545762405e-08,2.0785389058268596e-07,1.0741916265249092e-06
2024-11-02,0.0,6.8583352158231004e-06,6.785167496369141e-07,1.7818156759688712e-07,2.2137631867694934e-08,2.4094647490569026e-07,1.1887428202020377e-06
2024-11-03,3.0998756726045185e-06,0.0,4.899906371064346e-06,2.51910524466984e-07,4.806837047511882e-08,2.398106008681541e-07,1.2798534688490542e-06
2024-11-04,3.110499783792085e-06,0.0,1.439158644964535e-06,1.908317004961032e-07,3.236764375323831e-08,3.109291451482468e-07,1.6432921645074337e-06
2024-11-05,0.0,0.0,2.93236029063855e-06,5.782487729131348e-07,3.2692943981079185e-08,3.823558489057969e-07,1.4304436215213569e-06
2024-11-06,3.940148484294824e-06,2.3097181252972024e-06,5.388313606009571e-06,3.506129270235909e-07,3.9625816236674844e-08,4.469649080105346e-07,1.5391624895248619e-06
2024-11-07,0.0,4.88253156256713e-06,3.197885184615186e-06,4.2496397462645655e-07,3.701860257082525e-08,5.770439535977507e-07,1.3886838701809452e-06
2024-11-08,9.55865555216045e-06,4.8984637538198405e-06,3.300347671904996e-06,1.430783111920682e-07,5.8756728975818444e-08,4.083941218371554e-07,1.5392835020589208e-06
2024-11-09,0.0,2.7075832134370327e-06,1.6918737897461862e-06,2.890325442513382e-07,3.283511977316e-08,3.1990093174777026e-07,1.6953596031717355e-06
2024-11-10,0.0,2.9686942482687876e-06,6.1861802674308965e-06,2.1895302721036972e-07,1.326604728524357e-07,4.0446790905805204e-07,1.5369760596576886e-06
2024-11-11,9.732570990526261e-06,8.94735233116269e-06,1.843846218885042e-06,6.064691775381242e-07,4.522020538229584e-08,5.042281563392565e-07,2.352479623299668e-06
2024-11-12,5.669573612522712e-06,3.2425627200777428e-06,2.8353654335291337e-06,3.8285268381486275e-07,1.217991360052488e-07,4.948336506133031e-07,2.066454563529932e-06
2024-11-13,6.481383171221136e-06,3.5054878598023793e-06,1.9517722730220193e-06,1.546801669023297e-07,1.2302323767280887e-07,4.330116681770095e-07,2.111519008080054e-06
2024-11-14,0.0,3.5211121732891864e-06,2.954972142003093e-06,7.265777773820414e-07,6.212982088332795e-08,4.73026716434186e-07,2.332616279828577e-06
2024-11-15,0.0,3.537088600927592e-06,5.080848967648343e-06,5.707955597900688e-07,5.490995646860048e-08,4.4374655373169366e-07,2.0799697410006194e-06
2024-11-16,0.0,7.106837480747347e-06,2.13785542050671e-06,4.112398616953616e-07,6.33849265207935e-08,4.6281936135661704e-07,2.47995033144421e-06
2024-11-17,0.0,0.0,1.1002538482422258e-06,4.148097335838302e-07,1.0403567788728594e-07,5.982517491584773e-07,2.495259892873402e-06
2024-11-18,6.992525338422858e-06,7.674574076011783e-06,6.791452064446122e-06,1.0460266073617208e-06,1.212476005762706e-07,5.074576060266857e-07,2.48928854863027e-06
2024-11-19,7.020796421300081e-06,0.0,3.4228882927283892e-06,8.793454456123106e-07,8.980851676178551e-08,5.873577165056797e-07,2.801391195136709e-06
2024-11-20,0.0,3.877503096055562e-06,1.1721069504515234e-06,5.447987919390796e-07,5.7725250138705387e-08,5.904290471811414e-07,2.8206826841587495e-06
2024-11-21,0.0,1.1694575221016114e-05,3.6107610396208193e-06,1.830376281448036e-07,1.3326948239445663e-07,5.466994669438723e-07,2.4768905640229466e-06
2024-11-22,7.109833842751418e-06,3.911103909050282e-06,3.7238896178567247e-06,5.534818886757814e-07,9.254359328482228e-08,6.489722235753122e-07,3.220378874819941e-06
2024-11-23,0.0,4.1745475070840605e-06,2.522216828194159e-06,7.438749887563412e-07,5.948324572902984e-08,4.4928766860234914e-07,2.965887214111347e-06
2024-11-24,0.0,8.38151437080458e-06,3.8105031964955095e-06,2.9164719253953556e-07,9.441309788006679e-08,5.522855193470624e-07,2.9346495437234352e-06
2024-11-25,1.4948852007105967e-05,0.0,6.506650351056703e-06,7.840545294073631e-07,1.4737758271889283e-07,4.999000178260053e-07,2.9300298043108793e-06
2024-11-26,0.0,0.0,9.329888450567046e-06,5.459672198155242e-07,1.313459576908928e-07,5.609355342390727e-07,3.634931094266365e-06
2024-11-27,0.0,8.749014543434535e-06,1.2321895452947786e-05,3.400650955991583e-07,5.306640260460653e-08,4.456861763007121e-07,3.187219559962745e-06
2024-11-28,0.0,1.7584751906318973e-05,5.512951889763449e-06,5.695365830639828e-07,8.039959322600783e-08,4.6332427229541844e-07,3.3134425588465323e-06
2024-11-29,0.0,8.836616607806758e-06,7.010824715765601e-06,3.4341297655737396e-07,1.6241524514285672e-07,3.339940415781879e-07,3.731215098710373e-06
2024-11-30,7.701919964252594e-06,0.0,7.144148716480089e-06,2.342738298130472e-07,1.1847878285645896e-07,5.281957367755384e-07,3.5350609719056017e-06
2024-12-01,0.0,0.0,1.0263516839001711e-05,2.354741301300928e-07,6.440657100858852e-08,6.923133676949756e-07,2.935025320016365e-06
2024-12-02,0.0,4.722382051696286e-06,5.992017121269824e-06,5.917822028952952e-07,1.4869455499095583e-07,5.509672555895235e-07,4.001481799547832e-06
2024-12-03,2.7155025126459812e-05,4.748724464747443e-06,4.576769754679276e-06,1.1898765183576029e-06,1.220285300919108e-07,7.482030730392107e-07,3.7490472774542065e-06
2024-12-04,9.12082250146361e-06,4.767405781151189e-06,1.5483774855073e-06,2.4745355738685445e-07,9.481149016028455e-08,6.901960279008766e-07,3.7940692006837575e-06
2024-12-05,0.0,1.9146255368423608e-05,1.5568280094775412e-06,5.112919772661179e-07,1.844565453991186e-07,7.417527033634221e-07,4.03077814498446e-06
2024-12-06,2.7785582086950468e-05,4.803488572416584e-06,6.258869653436126e-06,1.0278577458952703e-06,1.0479958003133337e-07,6.156660848857169e-07,3.8192013250455994e-06
2024-12-07,9.32016872694285e-06,0.0,3.1582526309279032e-06,2.583085809723613e-07,1.058528333209989e-07,6.989375141370706e-07,3.501057575656787e-06
2024-12-08,9.934717071935994e-06,9.677561664282518e-06,7.929846604417851e-06,5.193571130885202e-07,1.4255556264294337e-07,7.327867085986065e-07,3.9774275938257e-06
2024-12-09,0.0,1.4586259823738287e-05,8.050290444625283e-06,7.828139781907953e-07,1.679863148439963e-07,7.190968879255359e-07,4.6951176615973824e-06
2024-12-10,0.0,1.3924805626102976e-05,1.3169541293397677e-05,2.622235229329923e-07,9.695691735773267e-08,6.099102150105995e-07,5.0154969531979016e-06
2024-12-11,1.0976334598067158e-05,9.83504897579931e-06,1.1779482027182211e-05,1.0514109536671776e-06,8.568993175500078e-08,7.399203190116184e-07,3.866190621937046e-06
2024-12-12,0.0,2.473603557044063e-05,1.3516819263262683e-05,7.905247181804489e-07,1.9783115402644455e-07,9.437960785043587e-07,4.798903538853258e-06
2024-12-13,0.0,4.973316478585107e-06,6.784212110335429e-06,1.235127563261433e-06,1.4440809825834485e-07,8.461192286740251e-07,4.966355543610682e-06
2024-12-14,0.0,0.0,6.98347613741758e-06,1.1001206091957478e-06,2.678724194005377e-07,5.812482587519137e-07,5.012388646089321e-06
2024-12-15,1.2133271238958372e-05,1.5828723941338376e-05,1.0637439998060129e-05,4.186491913819369e-07,3.216179085320082e-07,6.264826294208489e-07,5.103539674515825e-06
2024-12-16,2.4446860975239185e-05,1.0612710668645044e-05,1.599900266488557e-05,1.4510012017912708e-06,1.4437787655556248e-07,8.563523084784543e-07,6.056084430679566e-06
2024-12-17,0.0,2.7308028569433173e-05,1.2628584151323841e-05,1.8907408806517353e-06,3.098864089686819e-07,1.07510815930266e-06,5.902287069515296e-06
2024-12-18,0.0,5.573852477284981e-06,2.0369578924444154e-05,1.603774001617198e-06,2.7617719337287937e-07,6.623776724930152e-07,6.114344455862529e-06
2024-12-19,0.0,5.853624154410477e-06,1.4933489307387694e-05,1.6347204067281516e-06,1.8533124802658387e-07,1.2082741702340812e-06,5.882700370319722e-06
2024-12-20,1.3446172404596653e-05,1.1774498911878366e-05,1.3320891195038877e-05,1.065398066009214e-06,3.1715693070917314e-07,8.30624942851395e-07,6.1972281929611955e-06
2024-12-21,2.7102153126612836e-05,5.913327514268369e-06,1.5389716350631934e-05,1.5444461430446068e-06,2.2537585110389853e-07,8.356893001713032e-07,6.258089908119805e-06
2024-12-22,2.7314671681930236e-05,2.3759987641107085e-05,9.744223178255638e-06,1.253259985905577e-06,3.2143990926351543e-07,8.548399282450163e-07,6.008710674346408e-06
2024-12-23,0.0,5.967260310926215e-06,2.769622059844975e-05,6.338436028697208e-07,2.469842946471283e-07,1.1051387350649484e-06,5.342006836897444e-06
2024-12-24,1.4267434341649102e-05,0.0,1.9814611481585636e-05,1.7671052224470766e-06,3.054600596833678e-07,8.664491890304686e-07,5.366590806810519e-06
2024-12-25,0.0,1.2545583058808494e-05,2.3991020397090034e-05,9.646629490254586e-07,2.890957742471693e-07,1.0278326985810309e-06,6.17889471090471e-06
2024-12-26,4.451153946000721e-05,3.2767847979251534e-05,6.071252547628804e-06,1.149667928294773e-06,3.736926341527389e-07,1.3757103680941642e-06,7.057264139527891e-06
2024-12-27,4.4754316808516275e-05,1.316840659060285e-05,1.4181984234052405e-05,1.3141283410095402e-06,2.913407257176904e-07,1.178436826578797e-06,7.4202117680212055e-06
2024-12-28,0.0,1.3729413717400418e-05,2.4334485652168848e-05,3.338471404180127e-07,4.3809113878124377e-07,1.319979763584513e-06,6.987072056991398e-06
2024-12-29,1.5030050929850955e-05,2.7564116730256143e-05,1.4258032682215034e-05,1.0020627582386332e-06,1.878908579644576e-07,1.4066291211187257e-06,6.867722980202131e-06
2024-12-30,1.5088275283693712e-05,2.797190048565834e-05,1.4418656834491404e-05,1.3578190726013573e-06,4.2480584448533486e-07,1.2911930264501056e-06,7.488585955655892e-06
2024-12-31,4.5444025432915337e-05,1.4026752898616037e-05,1.6632692206949457e-05,5.094170910398053e-07,3.1311084052176404e-07,1.6358624445859516e-06,7.4749302115865295e-06
2025-01-01,4.099150520200589e-05,2.807619249209197e-05,2.4654657878968443e-05,5.031173911478192e-07,3.086771696300912e-07,1.6533845925919385e-06,7.427931233129375e-06
2025-01-02,1.3679531891483774e-05,2.1084382771869675e-05,1.2328340427263068e-05,1.2108303674118857e-06,3.9707164649304314e-07,1.3963201483921444e-06,8.466893733061418e-06
2025-01-03,0.0,2.111372963051793e-05,6.165292379679148e-06,1.0384261024066642e-06,3.531665367238841e-07,1.1378705507949722e-06,6.90026477760191e-06
2025-01-04,1.4515265835487157e-05,1.4096791919816051e-05,8.248960458986723e-06,5.195507238250839e-07,2.8715035028490215e-07,1.3623977779339332e-06,8.246417977440076e-06
2025-01-05,1.4543114302245347e-05,2.1178760665339242e-05,8.332879077698653e-06,1.0196527885411355e-06,3.0948788204489057e-07,1.335015911170283e-06,6.8240765981615136e-06
2025-01-06,4.371725127765919e-05,3.535741890778328e-05,8.363264549658448e-06,6.804915365687047e-07,3.097678743675368e-07,1.6406305111612309e-06,8.556343502449244e-06
2025-01-07,0.0,2.1228314040321987e-05,1.0446325359732994e-05,5.183637934501346e-07,3.322273325740291e-07,1.2062571162542086e-06,8.334246840382602e-06
2025-01-08,1.4609531010263413e-05,0.0,1.853456867614659e-05,1.2248600739859487e-06,3.5476665285343744e-07,1.5794950933430413e-06,7.3256718142142846e-06
2025-01-09,1.463027845270021e-05,7.169799152175898e-06,1.4465956689471326e-05,7.003163813795557e-07,4.43991201569378e-07,1.4266629280862534e-06,8.87057960261014e-06
2025-01-10,3.088952232472355e-05,7.177371992354973e-06,6.193752313699417e-06,5.283198694459176e-07,2.889695162653714e-07,9.828613626229156e-07,7.739346805318761e-06
2025-01-11,1.547639937419913e-05,1.3891948583297934e-05,1.4133487855086064e-05,1.4104036909942205e-06,3.7841169445787707e-07,1.2280547839053392e-06,9.615746828795246e-06
2025-01-12,6.203834095548375e-05,0.0,8.066482259981348e-06,5.295357893789128e-07,3.1209954326579474e-07,1.1146768592491157e-06,7.864653880194073e-06
2025-01-13,1.5535700339250357e-05,1.4151512560717139e-05,1.4329795360875195e-05,8.934620887589047e-07,3.349255035045199e-07,1.4269436134893254e-06,8.447032552590603e-06
2025-01-14,1.5563369022610168e-05,2.8295212644114058e-05,1.0277987843805894e-05,5.365429625161149e-07,2.4602756350605834e-07,1.3273799231587565e-06,6.903022820763103e-06
2025-01-15,3.1185188111683505e-05,7.317087736501735e-06,1.4369387031415421e-05,1.0599667479762586e-06,2.432982788954934e-07,1.8357982037040443e-06,8.267462516653507e-06
2025-01-16,0.0,2.9276027341910978e-05,4.098583522609746e-06,6.854644682623671e-07,2.439141363702841e-07,1.4379485244457099e-06,1.0172645880305109e-05
2025-01-17,1.560399201697138e-05,1.4887845991065302e-05,1.2070723076346836e-05,8.306953485263858e-07,4.157424552853562e-07,1.254064654093498e-06,6.140993086161701e-06
2025-01-18,0.0,0.0,1.0042922272734333e-05,1.3282915097078348e-06,2.94262908235208e-07,1.520203885487856e-06,9.239597842391878e-06
2025-01-19,1.5621631782963793e-05,1.5401759320066968e-05,9.997400606888926e-06,1.1611812774966096e-06,2.459083170434086e-07,1.8421475824315556e-06,7.79474612651383e-06
2025-01-20,1.5606929243003067e-05,7.701480998621254e-06,1.7958494235340577e-05,3.314924580269337e-07,4.439198428693902e-07,1.4307474701794784e-06,8.222289514859247e-06
2025-01-21,1.5593787408972465e-05,2.310855747518042e-05,1.9907833321562607e-05,1.6975330241748595e-07,5.194572919840109e-07,1.6904325031891202e-06,8.404739729896818e-06
2025-01-22,3.1164409933355255e-05,0.0,2.1372747958935335e-05,1.216728930946426e-06,3.9699813088189017e-07,1.4978951997619099e-06,1.0096443456096557e-05
2025-01-23,0.0,1.4936436566114821e-05,5.754942426755371e-06,8.729543318689055e-07,3.484766053465648e-07,1.4077734141102217e-06,9.001382140427514e-06
2025-01-24,0.0,1.5437633235253673e-05,1.1527727276146919e-05,1.0465031186998222e-06,3.238257909027175e-07,1.0887820597376284e-06,7.296247489647604e-06
2025-01-25,3.1913841068830654e-05,7.648193554233446e-06,1.5341461384909422e-05,1.0455656903409166e-06,1.9944525871015346e-07,1.511716151546491e-06,7.030812612619812e-06
2025-01-26,4.670188436246976e-05,0.0,1.3198537055768868e-05,1.3929770925631371e-06,3.493578415706666e-07,1.0677018230258247e-06,7.711512641610732e-06
2025-01-27,1.5554176804939667e-05,7.915171424896413e-06,1.6812597322490424e-05,8.700036855469538e-07,4.746219223573736e-07,1.6025060435378622e-06,9.101035899759475e-06
2025-01-28,3.108522850606352e-05,3.168807861189493e-05,1.4803100268048918e-05,8.593697316538963e-07,4.001371014972854e-07,1.6748915868979572e-06,1.0287881148102283e-05
2025-01-29,1.5506740768278458e-05,4.087095199105186e-05,1.1078101090464915e-05,1.3744597121541463e-06,4.188757231940435e-07,1.462236326160255e-06,8.783282661303454e-06
2025-01-30,0.0,2.453129468729874e-05,1.4790584213489513e-05,1.1315094344100514e-06,5.597504119610945e-07,1.5338232974198896e-06,8.855259709606127e-06
2025-01-31,1.5439642427460935e-05,3.2723295106503855e-05,7.263004250872735e-06,4.851381450406916e-07,3.3663350110267237e-07,1.7120580046697924e-06,8.530061480398881e-06
2025-02-01,1.552055818812558e-05,7.957789657097754e-06,1.2553554936083629e-05,9.52677870856725e-07,4.7575924917532353e-07,1.8305679370794914e-06,7.911741126090119e-06
2025-02-02,3.252527310444973e-05,1.5928513508200382e-05,2.1202104353747843e-05,1.7322317007277893e-06,4.1934470390991605e-07,1.4512559112076118e-06,7.329827053112421e-06
2025-02-03,1.621624317360275e-05,2.389093130369518e-05,1.0311785801431364e-05,6.296226656831793e-07,3.065363883403931e-07,1.6594493789993527e-06,8.343606404456942e-06
2025-02-04,1.617147143281157e-05,1.5927654305419553e-05,1.1907762480012166e-05,7.859168718670946e-07,3.333643429539596e-07,1.5497731864649685e-06,8.672332507703106e-06
2025-02-05,1.6128316852639936e-05,2.3882606007344105e-05,8.408748189614403e-06,7.7767431647763e-07,3.600552473754654e-07,1.0920634480469354e-06,8.405557932428248e-06
2025-02-06,1.6060721655146677e-05,3.9307430477758076e-05,1.1504302452831975e-05,1.0875083453171396e-06,3.866173184557661e-07,1.0923504492484124e-06,7.2957646845932076e-06
2025-02-07,0.0,7.850558532251771e-06,1.1463648711188611e-05,1.2005321320584475e-06,3.3090291381056464e-07,1.757767861041715e-06,8.053360888079842e-06
2025-02-08,0.0,1.5680832062694612e-05,9.631867448770286e-06,1.0201640538886438e-06,3.029149247906636e-07,1.5150864206044725e-06,6.7468814829771805e-06
2025-02-09,1.6673605398733038e-05,1.518914176567526e-05,1.7347889196723853e-05,1.3089084042942398e-06,2.7502951848474424e-07,1.7311703177656261e-06,7.071897953428316e-06
2025-02-10,3.324099323403236e-05,7.588348624292507e-06,1.0914365913994633e-05,1.0014158514454104e-06,5.219477380112224e-07,1.5140717874361636e-06,7.576370681239619e-06
2025-02-11,0.0,0.0,9.222944337695407e-06,1.5377774446144587e-06,4.736380542407819e-07,1.2062264842393261e-06,7.537433047109797e-06
2025-02-12,6.442391527525915e-05,7.578180084414191e-06,1.062216096305048e-05,8.518227629877385e-07,2.3668133768712428e-07,1.1378893709385842e-06,6.6268071164616e-06
2025-02-13,0.0,7.566356270701991e-06,7.518254234695848e-06,1.2744757577640467e-06,2.623827720235772e-07,1.3296746997215435e-06,7.843120205977289e-06
2025-02-14,1.5192444840806843e-05,7.547412583405629e-06,2.933929594532834e-06,6.805084713412292e-07,3.927187776693076e-07,1.0142463901591775e-06,5.735939422980499e-06
2025-02-15,1.5133008795274581e-05,7.410980295786116e-06,7.189171982294025e-06,6.785304176552708e-07,2.424611598179703e-07,1.2349197051283622e-06,6.664580595646582e-06
2025-02-16,2.8585699299913205e-05,1.477368862025838e-05,1.4133361010825134e-05,2.7047999702169586e-07,3.3898249056082423e-07,1.5764761763595325e-06,5.746891108265363e-06
2025-02-17,1.4244217821443238e-05,4.276176191590172e-05,9.756584548544551e-06,6.73937188015966e-07,2.766472587689906e-07,1.5541196846189654e-06,6.658209657266696e-06
2025-02-18,0.0,6.867540256109009e-06,9.502707382606028e-06,6.713215527358276e-07,2.2989944812083287e-07,1.4016098922766106e-06,7.4794464056053935e-06
2025-02-19,1.4151222744594786e-05,2.054301113759125e-05,1.0626720278594357e-05,2.634717950711252e-07,1.9910001457688518e-07,1.248310767704437e-06,6.938054612663292e-06
2025-02-20,2.664922756679677e-05,2.6336488255083567e-05,5.225343888149458e-06,3.9377897735974746e-07,4.414168475864709e-07,1.2672678223762405e-06,6.298011024960725e-06
2025-02-21,1.2507198901336947e-05,6.3236088968432535e-06,7.664898562382548e-06,3.918853703119547e-07,1.9819501217461187e-07,1.3653927151315182e-06,5.929281202662381e-06
2025-02-22,0.0,0.0,1.0162724534804681e-05,6.374346337638759e-07,1.9777226260169237e-07,1.3968653883576596e-06,6.609348025145203e-06
2025-02-23,2.4808410462226122e-05,6.282204412806045e-06,2.483439989847614e-06,6.345344832717068e-07,3.289488173664063e-07,1.3689105946456454e-06,6.608759492794082e-06
2025-02-24,2.470914317203218e-05,1.252489105733226e-05,1.0715824110684418e-05,5.053582294053165e-07,2.188733948127913e-07,1.2810201249272339e-06,6.396134796676402e-06
2025-02-25,0.0,0.0,4.644823983304155e-06,1.132063668984018e-06,2.1846946556985474e-07,1.4008849707189424e-06,5.933983128832747e-06
2025-02-26,0.0,1.1976635801359271e-05,7.924670182019567e-06,9.743532769764395e-07,3.0532233683774723e-07,1.290823914130381e-06,6.580173576097161e-06
2025-02-27,1.1825837703622957e-05,5.970159665217074e-06,6.748087783929483e-06,4.845869819041502e-07,2.177271102612983e-07,9.203655162346752e-07,6.311807361890766e-06
2025-02-28,2.3569940698365708e-05,1.7857795352088547e-05,6.639759317680785e-06,4.739709344280256e-07,1.3043316597571735e-07,1.0106865870928721e-06,5.444464814410289e-06
2025-03-01,0.0,0.0,5.438510311113715e-06,7.073743778052534e-07,1.7379291336807894e-07,8.716418951663663e-07,4.856600024501908e-06
2025-03-02,1.173041534149642e-05,0.0,4.210132280719455e-06,5.859578990233107e-07,3.037242007877216e-07,1.1302483173231135e-06,4.572019932759457e-06
2025-03-03,1.1666598294566401e-05,2.865536912439795e-05,8.284324406814251e-06,1.1649914923075584e-06,2.3833949531424072e-07,1.2058900121107508e-06,4.998936247428953e-06
2025-03-04,0.0,1.1430304390539078e-05,7.1985460315916055e-06,5.619158362674743e-07,2.8134645062793787e-07,9.910108481694702e-07,5.2539057683290125e-06
2025-03-05,0.0,1.0927975492306299e-05,7.1495581469977656e-06,8.934413563841169e-07,1.9457106031914622e-07,1.1368466198125107e-06,4.601440419417363e-06
2025-03-06,0.0,0.0,3.972508179818515e-06,1.0088464617894104e-07,2.1535451545215487e-07,8.047725998101708e-07,5.7476346527011795e-06
2025-03-07,2.0761859068675947e-05,1.0847912823151198e-05,3.843735970882875e-06,4.846827550911256e-07,2.789026493682573e-07,7.921633482792752e-07,5.813521778814486e-06
2025-03-08,2.0666504933118912e-05,5.400828270828583e-06,3.876883057255593e-06,4.819994772739711e-07,2.3512273158513596e-07,1.1134686159236994e-06,4.413384858500849e-06
2025-03-09,0.0,0.0,5.694030596838303e-06,1.917457599224846e-07,1.916790759604785e-07,1.1957916123514025e-06,4.882816899427851e-06
2025-03-10,1.0240993668163343e-05,0.0,3.7035894465448277e-06,6.533429915660044e-07,1.9100417596408401e-07,1.395577296996893e-06,5.4196538846795855e-06
2025-03-11,9.409081600207617e-06,1.0150591089011851e-05,4.458356317738964e-06,6.499284908648141e-07,2.3264801577655807e-07,1.3325995563384011e-06,5.594239458582774e-06
2025-03-12,2.8120032805057565e-05,1.0097603944501204e-05,4.324672077335082e-06,2.76701457721203e-07,2.3186974814802069e-07,1.2696425242774856e-06,5.496883325242761e-06
2025-03-13,0.0,2.0248888035920037e-05,6.785201499135034e-06,7.377055611404032e-07,2.7527852302132803e-07,1.27279880479308e-06,4.9145876877647965e-06
2025-03-14,1.8905184113639156e-05,5.07676801093634e-06,5.846958533648626e-06,5.27935129204336e-07,1.7021456668293033e-07,8.623931577157781e-07,4.918742240354644e-06
2025-03-15,0.0,0.0,5.020971522922883e-06,9.288867605300162e-07,5.836863649451614e-08,7.066267024338965e-07,4.6775433190502195e-06
2025-03-16,1.9028551441339387e-05,5.093146596067342e-06,4.189111152202988e-06,5.905839933996663e-07,1.174339650194582e-07,9.275482366998901e-07,4.42878721347582e-06
2025-03-17,0.0,5.10295251204636e-06,2.494737238369815e-06,5.901585422268666e-07,1.7724608605960096e-07,9.308199356128405e-07,4.498846703851569e-06
2025-03-18,0.0,1.0211256107541657e-05,2.4987936443833124e-06,5.055735536421821e-07,3.766074333297442e-07,8.28479385169721e-07,4.847721540794368e-06
2025-03-19,9.073617552840963e-06,4.8594632300065455e-06,3.2654947771194807e-06,2.526935828595475e-07,1.1972895656243356e-07,1.0734417587921001e-06,5.774829145595644e-06
2025-03-20,0.0,4.856062530948171e-06,7.08923572841909e-06,5.052933391672969e-07,1.7994459844759983e-07,1.02425226855972e-06,5.02260836414569e-06
2025-03-21,8.319681742584267e-06,1.3797479569467398e-05,3.034785999739135e-06,5.052945401209268e-07,2.404487536243161e-07,1.0760179416545944e-06,4.954085412534461e-06
2025-03-22,0.0,4.5977137371327565e-06,3.803015691692406e-06,6.738578486910328e-07,2.6111309865708454e-07,9.355156198288268e-07,4.398288097355843e-06
2025-03-23,8.418094240526906e-06,9.194274175317734e-06,6.1015519304949655e-06,1.5742708304935802e-07,2.3491222137259514e-07,8.360919813021989e-07,4.891998914011595e-06
2025-03-24,1.513700087697002e-05,4.5974545861804805e-06,1.4352263430668214e-06,6.301298000425257e-07,2.0251166087963365e-07,1.129913604040665e-06,5.654000161730141e-06
2025-03-25,1.5189675904654272e-05,4.334463904211741e-06,5.569498250740205e-06,2.3084624099547258e-07,1.33477893459776e-07,1.057375666336558e-06,4.777043293321396e-06
2025-03-26,0.0,0.0,2.0956445634742447e-06,2.1395403991300895e-07,3.1288916155855255e-07,8.625696644428062e-07,3.8344635659334135e-06
2025-03-27,1.530748114779916e-05,4.2049634947243405e-06,6.766978065860065e-07,4.28525824975078e-07,2.2458767380263008e-07,8.270809255857741e-07,4.485721534962859e-06
2025-03-28,6.776889463412931e-06,1.2354510190375103e-05,3.15061751466375e-06,7.154071172194941e-08,1.5050127450143437e-07,8.061519135341692e-07,3.900036651852939e-06
2025-03-29,6.811338955372464e-06,7.695506255922776e-06,2.4800693092728307e-06,1.3745713389396023e-07,1.8071176722653087e-07,7.903487114687529e-07,3.6185843625900218e-06
2025-03-30,6.817010766920402e-06,7.706824689218537e-06,1.75427421388155e-06,2.596241598799034e-07,6.028741538993097e-08,1.0130183852389522e-06,3.5594637019821558e-06
2025-03-31,0.0,3.860012942460325e-06,1.7011669173483013e-06,3.1330396450938503e-07,1.2070290716030276e-07,8.942847893314179e-07,3.5939848728716558e-06
2025-04-01,1.3757080267435321e-05,1.1561679952463476e-05,2.1758971609090926e-06,4.2321512299019146e-07,1.5124232494655443e-07,9.568421743124251e-07,4.203912537836083e-06
2025-04-02,0.0,0.0,3.609861287591644e-06,3.515784941075971e-07,1.3632829331691262e-07,9.873725601684548e-07,4.383703304105761e-06
2025-04-03,6.416816749864957e-06,0.0,1.5564326520021056e-06,2.8101391272930617e-07,1.0622371530391136e-07,7.10680437362547e-07,4.12680710379754e-06
2025-04-04,0.0,3.5889218678671956e-06,4.5389751609956235e-06,1.6895560298863397e-07,1.3438864449825372e-07,6.450212165321071e-07,4.12997513163686e-06
2025-04-05,0.0,0.0,3.3654826736718004e-06,3.130922821783943e-07,1.2123167854669254e-07,7.641378204805718e-07,3.2799381168141396e-06
2025-04-06,0.0,0.0,2.4218997532490996e-06,1.5695496394892647e-07,1.8907509770831433e-07,8.216717129906371e-07,3.5574501830880335e-06
2025-04-07,0.0,0.0,2.9290872986816006e-06,1.4756001233593258e-07,2.3025757300246173e-07,7.372325058363192e-07,3.706825176481033e-06
2025-04-08,0.0,3.034096308782761e-06,9.65675610341769e-07,3.4540989889597596e-07,2.0381942490190979e-07,6.29500174739024e-07,4.049180453041157e-06
2025-04-09,0.0,2.9433464191854115e-06,3.6686910410314085e-06,1.384362935993377e-07,8.225505200374777e-08,7.664364906129297e-07,3.6572163267026516e-06
2025-04-10,0.0,2.9577837175261214e-06,1.3135938828212116e-06,4.632271755014985e-08,1.5334626928597802e-07,4.797555061873475e-07,3.920467076157343e-06
2025-04-11,0.0,1.0604078954204557e-05,2.581755773655263e-06,1.3954894629285875e-07,8.29161597435473e-08,7.770792291102274e-07,3.6671389591668015e-06
2025-04-12,6.097329083608647e-06,0.0,1.303812706789535e-06,7.937851178754865e-08,4.759530016338372e-08,5.500222813186017e-07,3.729636464349608e-06
2025-04-13,0.0,8.048201661449104e-06,2.195767255179303e-06,1.5953412261875145e-07,1.0761361691621141e-07,6.395136197897768e-07,3.399599182844713e-06
2025-04-14,0.0,2.7003387415924327e-06,1.3012563979111983e-06,8.018780625775696e-08,1.20201381404579e-07,9.020483028197457e-07,3.4751601539803233e-06
2025-04-15,0.0,2.719194570411488e-06,1.5063402255006155e-06,1.6128499128778272e-07,1.208829599995548e-07,8.492872241648479e-07,3.911528101694776e-06
2025-04-16,1.0186607397860245e-05,2.7393725469319486e-06,3.6885505218859944e-07,8.113302748619268e-08,1.2161826637366886e-07,5.71415695119241e-07,3.2365103360040506e-06
2025-04-17,5.12647750119068e-06,5.521900016979676e-06,0.0,2.591752160936532e-07,9.792831421843431e-08,5.954408518458315e-07,2.933399181401676e-06
2025-04-18,0.0,0.0,2.2758376827600033e-06,1.3674502294501793e-07,1.2326270542835385e-07,7.219185356004936e-07,2.8896459665646494e-06
2025-04-19,0.0,0.0,2.226675282294954e-06,2.755228039747949e-07,1.1176098750926753e-07,4.6623927422232093e-07,2.65389196449543e-06
2025-04-20,0.0,2.713196559077149e-06,1.50334711165533e-06,2.93668898179305e-08,1.501954934980388e-07,5.647775365330408e-07,2.6751493984060086e-06
2025-04-21,0.0,8.220799376569906e-06,2.2850602659558946e-06,1.1845890679887398e-07,1.1359728215306164e-07,5.8212540219653e-07,3.419466587503287e-06
2025-04-22,4.054497648989903e-06,0.0,1.1584552208108326e-06,1.195225828418283e-07,1.0188204826016822e-07,7.136949002942184e-07,3.2786940361167593e-06
2025-04-23,0.0,0.0,1.3522264185776151e-06,1.873930316820571e-07,1.5428192675505668e-07,5.325234282665975e-07,3.0352736680960097e-06
2025-04-24,0.0,2.620339860797346e-06,1.2960008486957366e-06,1.3520964075966202e-07,1.1688494438808921e-07,6.405501763282537e-07,3.1860917865470396e-06
2025-04-25,4.179237089443259e-06,4.475323591246506e-06,1.6415056736970893e-06,1.0933248467041089e-07,3.9328511416645e-08,5.467521285648092e-07,2.775030765601735e-06
2025-04-26,0.0,0.0,9.98672858481875e-07,8.293647703150082e-08,1.0938941623753552e-07,5.1992098845957e-07,2.564673931085866e-06
2025-04-27,0.0,2.076112129632749e-06,0.0,1.6788410031152288e-07,1.2078078671090148e-07,6.840922815644643e-07,2.067720579727617e-06
2025-04-28,0.0,0.0,2.73008057402205e-06,1.4170259991703004e-07,9.175053693995275e-08,7.106562367067551e-07,4.016488453751804e-06
2025-04-29,0.0,1.6864894885339567e-06,2.9663044623793795e-06,2.0108926714666545e-07,9.300186368377482e-08,6.56179157412378e-07,2.675403873775765e-06
2025-04-30,0.0,1.710881067408459e-06,6.687124256046253e-07,1.1657006118646103e-07,8.386394942054158e-08,4.132694733206279e-07,2.4256835252824666e-06
