Hospitalization date,<3m,3-11m,1-4y,5-17y,18-39y,40-64y,>=65y
2015-10-01,0.0,0.0,0.0,0.0,0.0,6.748439792189909e-08,2.6614272427687216e-07
2015-10-02,0.0,0.0,7.280577499702275e-07,0.0,0.0,5.0848246464610944e-08,2.0862898306126687e-07
2015-10-03,0.0,0.0,2.842148030177775e-07,0.0,0.0,5.8381860154757745e-08,1.8871014766855887e-07
2015-10-04,0.0,0.0,1.3880039958584093e-07,0.0,0.0,5.702324743119165e-08,1.4551472091298934e-07
2015-10-05,0.0,0.0,1.3567451399241467e-07,0.0,0.0,6.688685108614355e-08,1.8490891111824532e-07
2015-10-06,0.0,0.0,5.30861625527635e-07,0.0,0.0,4.634485172113239e-08,1.716002929365331e-07
2015-10-07,0.0,0.0,3.8973063845389157e-07,0.0,0.0,7.73878046145347e-08,3.1393993859998415e-07
2015-10-08,0.0,0.0,1.272473590035873e-07,0.0,0.0,5.489076790868112e-08,4.5221310035938784e-07
2015-10-09,0.0,0.0,0.0,0.0,0.0,4.8675274646633864e-08,2.836598777550211e-07
2015-10-10,0.0,0.0,1.223078982260273e-07,2.8573443683771595e-08,0.0,4.77352650708151e-08,3.477273511267013e-07
2015-10-11,0.0,0.0,2.296971613350262e-07,7.009344405428617e-09,0.0,6.163118985380109e-08,2.814930047525874e-07
2015-10-12,0.0,0.0,2.2550849572129676e-07,0.0,0.0,6.05073081124098e-08,3.936033669588441e-07
2015-10-13,0.0,0.0,4.430186646882717e-07,6.75948797273986e-09,0.0,1.2889344840815667e-07,3.783971865356737e-07
2015-10-14,0.0,0.0,2.176872824543979e-07,2.657142346098326e-08,2.5493621262318035e-08,8.444629762914087e-08,4.203726382235703e-07
2015-10-15,0.0,0.0,2.1403101389799393e-07,6.531282672953747e-09,3.938853478060905e-08,7.887654332778433e-08,3.497256002191145e-07
2015-10-16,0.0,0.0,0.0,1.9273354396154183e-08,1.7611028384594777e-08,8.575335806360475e-08,2.8927709261539113e-07
2015-10-17,0.0,0.0,2.0717512690478853e-07,6.322071236204716e-09,1.0398227141114903e-08,8.036837168759167e-08,3.923790655246272e-07
2015-10-18,0.0,0.0,4.079144004907023e-07,2.4895497222126752e-08,2.3885674708015976e-08,7.120805229042227e-08,2.6410780739400694e-07
2015-10-19,0.0,0.0,2.0086827825540883e-07,2.451845611385762e-08,4.032673253685137e-08,8.571396748773787e-08,2.4216943098223095e-07
2015-10-20,0.0,0.0,5.937027037711435e-07,2.415625107411972e-08,2.6487330513671766e-08,6.525506904754284e-08,4.2416341751285697e-07
2015-10-21,0.0,0.0,7.801926944133196e-07,5.952010100993329e-09,1.95791381223009e-08,6.053122050830902e-08,2.961181348184176e-07
2015-10-22,0.0,0.0,3.846074227096631e-07,2.347304486470561e-08,2.2520920511951383e-08,5.967950451183712e-08,4.3792732282277496e-07
2015-10-23,0.0,0.0,3.793231913495483e-07,2.3150541989130337e-08,2.8557641758012807e-08,5.97559859980608e-08,2.6253384190880867e-07
2015-10-24,0.0,0.0,5.613489936798617e-07,5.7099652508750545e-09,2.1913420143343545e-08,8.843108824171102e-08,2.2558990326494313e-07
2015-10-25,0.0,0.0,3.693256179174043e-07,5.63509457122767e-09,0.0,1.0666523364033098e-07,3.87544426589924e-07
2015-10-26,0.0,0.0,5.468888182364297e-07,2.225151328945307e-08,2.1348937257641427e-08,8.615313091921508e-08,3.1745823422024004e-07
2015-10-27,0.0,0.0,3.6002457885412076e-07,1.6479543671376978e-08,3.3128004179871276e-08,1.1815794652808602e-07,4.099364459926241e-07
2015-10-28,0.0,0.0,0.0,0.0,2.379789773202476e-08,2.1531320397457508e-07,2.8582148811939093e-07
2015-10-29,0.0,0.0,3.513514091271973e-07,1.0721695555972207e-08,1.4695424643223046e-08,1.2248244677488644e-07,4.40095965443228e-07
2015-10-30,0.0,0.0,5.208468656206754e-07,2.1191932556788962e-08,4.0664671443941745e-08,1.0830444225569158e-07,2.8995675076139633e-07
2015-10-31,0.0,0.0,5.148692639615757e-07,2.0948719168032107e-08,8.61385185669758e-09,1.0076373175377212e-07,2.675204046576841e-07
2015-11-01,0.0,0.0,5.083922517630987e-07,1.0348481547123172e-08,1.701750911341626e-08,8.08764770640052e-08,3.0051053389867354e-07
2015-11-02,0.0,0.0,6.703994441790006e-07,2.0469282094372338e-08,1.4025253890304053e-08,2.153490217936037e-07,4.179441218337459e-07
2015-11-03,0.0,0.0,0.0,1.0124374086677959e-08,2.7748294520815286e-08,1.1564424576702719e-07,3.0164712935147507e-07
2015-11-04,0.0,0.0,0.0,1.0017520261773228e-08,1.0982174313676558e-08,1.1695931971800116e-07,4.5835467663587567e-07
2015-11-05,0.0,0.0,1.6234795639935567e-07,2.9741785848760094e-08,5.434303567745825e-09,1.31183149645976e-07,4.53614809488751e-07
2015-11-06,0.0,0.0,1.6070265821673764e-07,4.906728477948437e-09,2.689615096679226e-08,2.0179303010684218e-07,4.490176982086769e-07
2015-11-07,0.0,0.0,6.364250271866978e-07,9.715971221721935e-09,2.396607097260187e-08,1.8162585612365492e-07,4.838184039956346e-07
2015-11-08,0.0,0.0,3.151133612983685e-07,3.367470720694665e-08,3.6917470076895586e-08,1.9828381941643748e-07,5.49219501873408e-07
2015-11-09,0.0,0.0,6.24207893995459e-07,9.529458577769611e-09,2.0894227809128697e-08,2.5530720479090086e-07,7.291570581633631e-07
2015-11-10,0.0,0.0,4.637708591479144e-07,1.4160298946359774e-08,2.328583331487559e-08,3.9099062823099926e-07,6.597388682320541e-07
2015-11-11,0.0,0.0,1.5316987038910345e-07,9.353460276783493e-09,2.307187698658881e-08,2.734574852132065e-07,5.205205859523769e-07
2015-11-12,0.0,0.0,1.185332499439645e-06,1.3903710627587493e-08,2.0323455935731354e-08,3.604244428690984e-07,5.758082021929588e-07
2015-11-13,0.0,0.0,8.391763121950588e-07,4.593571975830315e-09,1.5107753269088473e-08,2.3405121438765733e-07,6.89613354529257e-07
2015-11-14,0.0,0.0,1.6637809692297666e-07,9.107380085815842e-09,1.7472683638461164e-08,2.8672317333702296e-07,6.836260501629742e-07
2015-11-15,0.0,0.0,3.2992028836840345e-07,1.3544644035614957e-08,7.42447421760904e-09,2.727690418154737e-07,4.0228872076264035e-07
2015-11-16,0.0,0.0,8.178995524564318e-07,1.7908419999990284e-08,2.9449412376972503e-08,3.2968388115403487e-07,4.4878808403616637e-07
2015-11-17,0.0,0.0,1.6223597686474866e-07,1.3320966511459512e-08,1.2169776254720926e-08,3.9547725662148813e-07,6.238104752158392e-07
2015-11-18,0.0,0.0,4.827809833712628e-07,8.808991878703681e-09,2.1728854454621388e-08,4.079778493939059e-07,6.847703960505369e-07
2015-11-19,0.0,0.0,1.5965168027130982e-07,1.65499145663174e-08,3.1137394364449706e-08,3.1134208206528873e-07,1.0807741125216986e-06
2015-11-20,0.0,0.0,3.168176263786853e-07,4.9263227052421015e-08,3.80246078690146e-08,3.864130571100109e-07,7.966106050700984e-07
2015-11-21,0.0,0.0,1.5851700300520266e-07,2.4879165357701584e-08,1.1141003096761786e-08,2.2377946503105805e-07,6.785583476561302e-07
2015-11-22,0.0,0.0,4.7592313396038345e-07,8.376401708820376e-09,3.00079254383186e-08,4.3391540428529845e-07,7.605202739854798e-07
2015-11-23,0.0,0.0,1.5878095053838627e-07,2.5381757836674393e-08,3.78868876285287e-08,2.8215627854321777e-07,8.250665434190625e-07
2015-11-24,0.0,0.0,1.5893673465068314e-07,3.4182464991763816e-08,3.061412574359561e-08,3.6042760186943034e-07,1.1201167909535135e-06
2015-11-25,0.0,0.0,6.364336502755713e-07,8.631501119069943e-09,6.053967191486117e-08,4.400181979733632e-07,7.623046312854057e-07
2015-11-26,0.0,0.0,3.1859200292190034e-07,1.7436498295007555e-08,5.503329515954361e-08,3.473008443652462e-07,7.699253931276177e-07
2015-11-27,0.0,0.0,3.1899904017180147e-07,8.805869008117597e-09,2.4705061764928606e-08,3.2135354254754834e-07,9.120605300905576e-07
2015-11-28,0.0,0.0,4.791569663873297e-07,3.5577477851881905e-08,3.119168970436354e-08,4.970402962627206e-07,1.0212994644063046e-06
2015-11-29,0.0,0.0,7.997721476881582e-07,3.5559297443027374e-08,3.78062056770359e-08,4.075407210760263e-07,1.359046254848669e-06
2015-11-30,0.0,0.0,3.174440412628771e-07,1.7772336496774996e-08,7.000796799499898e-08,8.181751820218622e-07,1.3051428475790496e-06
2015-12-01,0.0,0.0,1.566548891419169e-07,1.2614413562475283e-08,7.640696056352831e-08,5.40535265192201e-07,1.4312133785192894e-06
2015-12-02,0.0,0.0,3.109211759827909e-07,5.060314819630467e-08,7.71748632835852e-08,7.923950611460446e-07,1.2631418913374423e-06
2015-12-03,0.0,0.0,4.6284549908767217e-07,1.2688425624924323e-08,5.154232912353883e-08,8.189845165852745e-07,1.3461785243145357e-06
2015-12-04,0.0,0.0,0.0,5.090933221563475e-08,7.100486754242565e-08,8.255633656394189e-07,1.4000769169216028e-06
2015-12-05,0.0,0.0,6.078819668274459e-07,3.69488835739325e-08,8.635776406599209e-08,4.428974010501353e-07,1.4389246026351756e-06
2015-12-06,0.0,0.0,0.0,7.4293017229566e-08,6.93684299035882e-08,3.465763736532563e-07,1.3931459843621995e-06
2015-12-07,0.0,0.0,3.298800483663579e-07,7.469569667490102e-08,1.1319357636466802e-07,7.57117636121757e-07,1.5845258721626107e-06
2015-12-08,0.0,0.0,4.919706812455423e-07,1.3143523006626275e-07,1.4518242126454057e-07,5.578659484383618e-07,2.0924214264049077e-06
2015-12-09,0.0,0.0,8.152841456994155e-07,0.0,7.297082598896909e-08,7.10538203855928e-07,1.879451694528721e-06
2015-12-10,0.0,0.0,5.090221728707927e-07,3.7974358807229884e-08,1.373159611610369e-07,5.199254188969566e-07,1.5452073899419524e-06
2015-12-11,0.0,0.0,3.3769780158042364e-07,3.819076234370444e-08,1.1056479710420053e-07,8.944043965498317e-07,1.258358732672172e-06
2015-12-12,0.0,0.0,1.6804062898761296e-07,7.473726316284366e-08,9.737689661999218e-08,5.594119485814867e-07,1.5824545642440262e-06
2015-12-13,0.0,0.0,3.344983227758944e-07,1.0032723410947854e-07,8.62734056201917e-08,7.147280402448836e-07,1.7976681039441258e-06
2015-12-14,0.0,0.0,4.99423256531385e-07,1.8576379657424418e-07,6.952216178645395e-08,9.31671541256266e-07,2.425660887336725e-06
2015-12-15,0.0,0.0,4.971489716407688e-07,3.119240941424883e-08,2.451139297280399e-07,5.269775036323228e-07,1.65191799683319e-06
2015-12-16,0.0,0.0,1.6497480068720301e-07,1.5713652666529415e-07,2.172719199184234e-07,8.141993339239524e-07,1.5040108945034364e-06
2015-12-17,0.0,0.0,6.569991004467916e-07,3.166534400859164e-08,1.947024086444066e-07,1.2300205100207643e-06,2.1205982449640095e-06
2015-12-18,0.0,0.0,4.906235239517378e-07,1.785558414251048e-07,2.0930136896525846e-07,1.0716188167783186e-06,1.989907674128281e-06
2015-12-19,0.0,1.0234492742187605e-06,3.256978568864209e-07,0.0,1.3190188211707306e-07,6.553706432748125e-07,2.1308821960285895e-06
2015-12-20,0.0,2.584337776067073e-07,3.243459345287877e-07,3.772110468133326e-08,2.4402418250167497e-07,1.1900793108758384e-06,1.9782732561551897e-06
2015-12-21,0.0,2.610310802518475e-07,8.075661175872411e-07,3.8025448104628046e-08,6.41320254846186e-08,6.062135957378491e-07,2.740827959728916e-06
2015-12-22,0.0,0.0,0.0,3.833359410442126e-08,2.587550758311552e-07,9.53320959625436e-07,2.1550235532385926e-06
2015-12-23,0.0,0.0,3.385666215257836e-07,1.1593672048670908e-07,3.9151188817057355e-07,1.0635841660658534e-06,2.9845126471344404e-06
2015-12-24,0.0,3.5512525268386974e-07,3.525940318805091e-07,1.1688425242881732e-07,2.3037601656387055e-07,1.2128284092466173e-06,2.829949045402205e-06
2015-12-25,0.0,7.173886416182999e-07,5.276069943056036e-07,0.0,1.7249893563190727e-07,7.4135734105583e-07,2.6593441871386487e-06
2015-12-26,3.1269808786533355e-07,3.6229925866542407e-07,3.5091713461969857e-07,1.3022833492414316e-07,2.0882603958054156e-07,7.18916647832163e-07,2.8276149617066476e-06
2015-12-27,0.0,7.318808534989636e-07,7.00262730083111e-07,4.757992989088028e-08,4.0412166070476416e-07,1.1232441452870887e-06,4.090870498611977e-06
2015-12-28,6.380300165280351e-07,0.0,5.511944675223215e-07,1.7820680253561316e-07,4.559440591024483e-07,1.55343349984548e-06,5.192739566048447e-06
2015-12-29,3.2222116239942814e-07,0.0,7.338577827694177e-07,1.198605161294044e-07,5.547380887255275e-07,1.2103310503380312e-06,4.878228721432499e-06
2015-12-30,3.2545953891959733e-07,0.0,1.8321574880805842e-07,6.046424169328187e-08,5.427413646980558e-07,1.0704662593849539e-06,4.621744726113309e-06
2015-12-31,3.2873046166487553e-07,0.0,5.489561209539707e-07,1.220085435928358e-07,3.7815072976324956e-07,1.3655788014839338e-06,4.316351589562735e-06
2016-01-01,0.0,0.0,5.375697492769397e-07,6.302264689398649e-08,3.7302619181665713e-07,8.256921164697297e-07,5.101829239503998e-06
2016-01-02,0.0,9.26122670077035e-07,3.9258290609226533e-07,2.2428067160477548e-07,2.8235075015967773e-07,1.0832645300146176e-06,5.5857192360049455e-06
2016-01-03,3.305394322391187e-07,1.6513558063521552e-06,1.9581379220439357e-07,2.5984923318075494e-07,5.399090044265668e-07,1.3105679855907473e-06,4.96760930162592e-06
2016-01-04,0.0,1.1119681387476037e-06,7.814228516202141e-07,8.74233211170274e-08,5.271682529612076e-07,2.3255077829656392e-06,7.315723130450566e-06
2016-01-05,1.0116503151060958e-06,1.1231436043342886e-06,1.0301349027010096e-06,6.176728150513753e-07,6.917213763026084e-07,2.2700968531512373e-06,6.478593255922195e-06
2016-01-06,6.812117132024422e-07,1.134431385217363e-06,4.6476626238822997e-07,3.562538000455959e-07,6.024336382313531e-07,1.753329308740315e-06,5.7974342939987894e-06
2016-01-07,0.0,1.1458326101843216e-06,1.0183356103957707e-06,6.814001706232676e-07,7.18647096367497e-07,1.615610712359132e-06,6.628809957964268e-06
2016-01-08,0.0,0.0,0.0,1.962770861501935e-07,7.667205226357447e-07,1.6337249303772413e-06,6.703780895655312e-06
2016-01-09,1.617336757527564e-06,1.4196847889151833e-06,5.772350431535903e-07,2.9683205570602127e-07,9.72909393662174e-07,1.948335796058148e-06,5.862194365367972e-06
2016-01-10,8.167956310860414e-07,1.433952858250633e-06,7.370223842217974e-07,4.1392965149496233e-07,5.246325368999444e-07,2.0497089144740327e-06,5.749105151182139e-06
2016-01-11,2.475013690956224e-06,0.0,2.46752369116373e-07,3.130355276704872e-07,9.924288479571487e-07,1.951005206670227e-06,6.199266121938846e-06
2016-01-12,0.0,0.0,1.2392764280067637e-06,3.156551205333836e-07,5.485417986402909e-07,2.245138090489827e-06,6.785419020718023e-06
2016-01-13,1.683341522732071e-06,4.198792352576873e-06,0.0,4.244083722285067e-07,4.84274887391914e-07,1.723296165707073e-06,7.78211775384615e-06
2016-01-14,2.5503890794428695e-06,3.1807431879539983e-06,1.0005423541911793e-06,6.419785374050996e-07,3.550284855845053e-07,2.3208491427876484e-06,8.284634665083967e-06
2016-01-15,1.7173472772139382e-06,8.075481069411706e-06,5.02626406082904e-07,2.3814105091513046e-07,6.4419829674135e-07,1.5500249209893442e-06,8.587367929983948e-06
2016-01-16,0.0,3.4957032871904274e-06,7.575478471945249e-07,2.4019719263509606e-07,8.658796530627982e-07,2.6766044757494896e-06,7.696517884424134e-06
2016-01-17,8.760199967524802e-07,2.353890459535578e-06,7.612318406807054e-07,3.6341603141173537e-07,4.3645741624533555e-07,2.1264151507396887e-06,6.714029449786193e-06
2016-01-18,2.6544724322667448e-06,1.1887737259758699e-06,1.0199892773137543e-06,1.23176918623142e-07,8.06700862118456e-07,2.5016249268507196e-06,7.490113444527261e-06
2016-01-19,8.937167745771146e-07,3.602163301641589e-06,5.143122954241154e-07,6.21529914997535e-07,1.1090597252894477e-06,2.1027566969180533e-06,7.12834849434461e-06
2016-01-20,0.0,0.0,1.0373627676989823e-06,0.0,7.454558182094084e-08,2.5029489946015347e-06,8.167776837640119e-06
2016-01-21,0.0,2.449954551553301e-06,5.231023408454876e-07,2.527168313648694e-07,8.267743356717768e-07,1.8279531557174379e-06,6.97449434451221e-06
2016-01-22,2.7628035072999028e-06,3.7118655062175443e-06,7.91363412767233e-07,2.659761416208075e-07,8.164939500656408e-07,1.8676509398906807e-06,8.43649232715059e-06
2016-01-23,9.301900480563307e-07,1.2497234582496639e-06,1.3302540854449722e-06,4.0230616629607684e-07,9.733495123912901e-07,3.044212493154737e-06,6.7653346859499015e-06
2016-01-24,9.395386134593272e-07,1.5104936576886149e-06,1.3417021761283156e-06,5.40188530969819e-07,4.5274597852820964e-07,2.7396476505864757e-06,7.950515184786147e-06
2016-01-25,1.897962267013242e-06,4.5770231139838845e-06,1.0806931476090903e-06,2.720114297573955e-07,9.886478236770932e-07,2.040248313593288e-06,7.84005979966461e-06
2016-01-26,2.8755556573742573e-06,0.0,5.440663122654348e-07,5.479115907990685e-07,6.131968571175237e-07,2.634223624933328e-06,9.98428952260619e-06
2016-01-27,3.8726072962542575e-06,6.225980152293059e-06,8.217606867164118e-07,6.898188921237757e-07,4.7594527370085616e-07,1.921144280602769e-06,8.534343875452004e-06
2016-01-28,0.0,4.716414219814738e-06,1.930842857505673e-06,6.94817278212779e-07,6.477464751791563e-07,2.3735739162332808e-06,9.354094955239862e-06
2016-01-29,9.877097882589962e-07,3.175876647174682e-06,1.4321139562463509e-06,4.1993108796517186e-07,4.888064992599724e-07,2.5800990372978535e-06,9.485624626563175e-06
2016-01-30,9.976364366616674e-07,4.811692107176242e-06,1.152960470805666e-06,4.2301380246141675e-07,4.994806062561533e-07,2.102975709404507e-06,7.778512939339704e-06
2016-01-31,5.038314247696857e-06,4.860050416810936e-06,1.7405176104332034e-06,0.0,9.215286379486431e-07,2.9690613222482295e-06,9.227455354147204e-06
2016-02-01,0.0,1.6277866709527402e-06,1.4551305870853048e-06,7.118427084416022e-07,1.3682899814060126e-06,2.423547363543859e-06,7.471045746667398e-06
2016-02-02,0.0,8.220730994865983e-06,1.1716974907697858e-06,8.584332917274369e-07,3.438967838281334e-07,3.6463446944863352e-06,1.0874936589199169e-05
2016-02-03,2.098443232494413e-06,9.964020857902063e-06,1.769111523895234e-06,1.1503215698259834e-06,6.05072058972024e-07,1.9358824487290813e-06,8.585209471014614e-06
2016-02-04,0.0,1.6773601553923527e-06,5.936179080874811e-07,4.3356766892411405e-07,9.537584596168228e-07,3.046985885502241e-06,8.624246276294445e-06
2016-02-05,0.0,1.6942179052143718e-06,1.1951826743240854e-06,7.26346843819474e-07,1.0691109322169375e-06,2.838469434469197e-06,1.0235602749392684e-05
2016-02-06,1.0811751715839707e-06,1.7112450782387653e-06,1.2032490517366306e-06,1.3131852963069353e-06,8.934590658743797e-07,3.758308469201401e-06,9.305966675195518e-06
2016-02-07,3.276123488116931e-06,5.161146720701789e-06,1.21143575505706e-06,8.791122926937886e-07,9.856898717076955e-07,2.531846678969059e-06,6.6811380313222705e-06
2016-02-08,1.56089583799402e-06,1.729691441886774e-06,2.4394872059250567e-06,4.4142781657240943e-07,1.0770633100711382e-06,3.278737269780152e-06,1.2613630057919162e-05
2016-02-09,4.729749305900527e-06,1.7391736141252215e-06,3.0704335656118737e-06,7.389060499123993e-07,8.169766975095167e-07,2.4802349020354383e-06,1.0968265551882124e-05
2016-02-10,1.5924280255636847e-06,6.995318820697591e-06,1.545907584866345e-06,2.968691853699458e-07,6.363558705160989e-07,4.142808015026017e-06,1.3825485899963834e-05
2016-02-11,3.2168643865802238e-06,1.7559736349970887e-06,2.1774295542957296e-06,4.473084569112911e-07,5.462991915980298e-07,2.1363870572258062e-06,1.0695740630538078e-05
2016-02-12,4.873791616728697e-06,1.7632931636465964e-06,1.876387760850766e-06,7.489297783101881e-07,1.2768119572988996e-06,3.6728750415041748e-06,1.1098251812209393e-05
2016-02-13,0.0,1.7707890230818839e-06,0.0,9.029044264441988e-07,9.237566196908431e-07,3.4971288441437635e-06,1.0998030901331026e-05
2016-02-14,1.6374841413720037e-06,1.778461962895142e-06,1.580825704590454e-06,7.553800205414546e-07,9.251414376507001e-07,2.6653122536123777e-06,9.547197745023266e-06
2016-02-15,1.6441729076844119e-06,5.3589382511602404e-06,3.1792940317292207e-06,6.062472558344308e-07,1.5743727352333199e-06,3.907037941934759e-06,1.3435884969171716e-05
2016-02-16,3.302052185315474e-06,5.383026511925966e-06,1.9166173664262144e-06,1.516990873858755e-07,6.488012092166523e-07,2.519660796662611e-06,1.1433683560644554e-05
2016-02-17,3.3160887632323753e-06,1.7998639809552203e-06,1.6048749809572715e-06,9.111091850897892e-07,1.111595664974777e-06,3.7396230291532915e-06,1.3809701772701637e-05
2016-02-18,0.0,5.416697337499315e-06,2.580366899298443e-06,7.600957979517455e-07,1.18628155814808e-06,3.321461107188334e-06,1.389783410501869e-05
2016-02-19,5.017737286224489e-06,3.6228962709204333e-06,9.724469504645606e-07,1.0654139326252947e-06,6.91357857456343e-07,3.234412146920422e-06,1.4982081299550574e-05
2016-02-20,1.6800969737251796e-06,0.0,2.8018014431737225e-06,7.893960981157365e-07,1.1842067583226029e-06,2.310004157907171e-06,1.1637987991716838e-05
2016-02-21,1.6877828631396537e-06,7.295027573489446e-06,3.1254493586740724e-07,4.7308159892393626e-07,9.861225331760768e-07,2.8662029955661222e-06,1.2155913528908754e-05
2016-02-22,6.78255012898773e-06,7.309989920889645e-06,2.148640421161222e-06,3.1432117956021236e-07,1.1819850631126893e-06,2.9356363276259494e-06,1.5501737366353485e-05
2016-02-23,0.0,5.494262455030207e-06,1.0795446849860032e-06,7.832151472108959e-07,1.1795000981505898e-06,3.4612177979830894e-06,1.6452305485746218e-05
2016-02-24,1.7118563683903862e-06,1.835527300072418e-06,2.8901133304056106e-06,3.122822670754655e-07,1.5695107789083004e-06,3.230918109237341e-06,1.3068294631449246e-05
2016-02-25,1.7202221573236912e-06,1.8398173360610513e-06,7.236970766089781e-07,7.782742593837905e-07,7.829800368330846e-07,2.9325680210685784e-06,1.3264632759273091e-05
2016-02-26,3.4575199398125036e-06,3.6885827106329546e-06,1.129534936511214e-06,7.747083700509303e-07,1.3672452200193292e-06,2.220739212013565e-06,1.3714553600796093e-05
2016-02-27,0.0,3.689838473525603e-06,1.8793531005543778e-06,9.036247189437225e-07,8.761911742681318e-07,2.5748790849413344e-06,1.1156906419117072e-05
2016-02-28,1.7164569413196332e-06,5.5371948350107185e-06,1.1247169304223387e-06,4.498742342977345e-07,1.2612228146999013e-06,2.5776335899874277e-06,1.202744554413041e-05
2016-02-29,3.421126401970001e-06,5.54018568383088e-06,1.1219344731423602e-06,5.968232055882497e-07,8.577837367330143e-07,3.8648785341416e-06,1.319006859041897e-05
2016-03-01,1.7329725274284216e-06,9.09105144984373e-06,1.1148869548271838e-06,7.393252648597739e-07,1.4163765806820621e-06,3.672736901670989e-06,1.6019793960395276e-05
2016-03-02,0.0,1.8175718509888908e-06,1.4831181660084075e-06,5.885819212012425e-07,1.5029464083436743e-06,2.6681901167187187e-06,9.440710067118964e-06
2016-03-03,1.7218576310592965e-06,1.8091835935726693e-06,7.399343526498864e-07,4.3932186689795444e-07,1.308336248204804e-06,3.1806286659412867e-06,1.3051254197862264e-05
2016-03-04,0.0,5.40292876807039e-06,1.4767672326948964e-06,1.4575040848258978e-07,9.996633553467108e-07,2.9174641371838115e-06,1.3042961176356581e-05
2016-03-05,3.4228630014020055e-06,8.951525792776535e-06,1.8422667975549163e-06,0.0,7.231591071879619e-07,2.8247637270718503e-06,1.328361500452784e-05
2016-03-06,0.0,1.2458691651664527e-05,1.4710070259649555e-06,7.184458663226511e-07,1.0790439541375037e-06,2.2710018950159595e-06,1.1433290035054818e-05
2016-03-07,0.0,0.0,1.468347715814418e-06,5.707206415224984e-07,7.156381018584566e-07,2.0966916593487397e-06,1.1947140977175886e-05
2016-03-08,6.788298772756787e-06,0.0,7.329176208295445e-07,9.90952741922051e-07,5.339888490238475e-07,2.6963813914390804e-06,1.4908178556530732e-05
2016-03-09,3.385258258999131e-06,1.7494006854965976e-06,1.8221341962723745e-06,5.618534041598392e-07,8.855042016395788e-07,3.25673423679303e-06,1.0018804952961101e-05
2016-03-10,1.688352830133413e-06,0.0,7.248626221635856e-07,5.430039733648551e-07,7.048924315179987e-07,2.710442033242284e-06,9.939988253154513e-06
2016-03-11,1.6842453674572394e-06,6.920008576663991e-06,3.6047202634224614e-07,4.041411637970139e-07,5.260889936661738e-07,2.324574936189511e-06,1.2774506377890108e-05
2016-03-12,0.0,1.7205628566032986e-06,1.4341951564229119e-06,5.340352534127383e-07,9.59862333891311e-07,2.5213034801422463e-06,6.164326767129339e-06
2016-03-13,0.0,1.711295626760067e-06,7.133228140938242e-07,1.3231725643329085e-07,5.210859089606802e-07,2.5942042475983046e-06,9.905518404014534e-06
2016-03-14,0.0,1.6942679507694827e-06,1.064429074278059e-06,3.7710394406749367e-07,7.594476313939099e-07,2.480375211566556e-06,1.3709133605939633e-05
2016-03-15,3.338991842129743e-06,1.67740970298587e-06,3.385768112582048e-07,3.737706263921201e-07,8.400834312580793e-07,3.5477016078989505e-06,1.0372741409234033e-05
2016-03-16,1.6662268168671342e-06,0.0,6.738786491292122e-07,6.174578101514373e-07,8.364201700105676e-07,2.5930872127500112e-06,1.2444798825309982e-05
2016-03-17,1.663124336739611e-06,6.5767790618345126e-06,6.706710641684952e-07,1.2240526452231452e-07,1.4700580449515977e-06,2.193151664742731e-06,9.325756186290529e-06
2016-03-18,3.320376340863406e-06,3.2556695083871342e-06,1.6688263671827237e-06,6.066560382139929e-07,4.061633872925379e-07,1.9508041463529536e-06,1.174482931820666e-05
2016-03-19,1.657418024324333e-06,1.6116375277604592e-06,3.2473196892687566e-07,7.216157039109393e-07,6.994127575787001e-07,1.540133955473113e-06,8.667468999645586e-06
2016-03-20,3.309627242801163e-06,0.0,3.2301190564018126e-07,3.5765816206841336e-07,6.955298479267594e-07,1.7635581507417708e-06,7.684558678056636e-06
2016-03-21,1.6523747012179865e-06,3.159449933124362e-06,2.2492690066925987e-06,5.637189805253188e-07,9.222886557856289e-07,1.5263296850463703e-06,1.0125883835733581e-05
2016-03-22,3.3002020397649928e-06,3.128012881028595e-06,3.196685146684278e-07,5.588587247183425e-07,5.863906666232218e-07,2.094086893049843e-06,8.102618325080288e-06
2016-03-23,3.2959847000481672e-06,3.0968886328276166e-06,3.1804485264148545e-07,2.1074650877954066e-07,1.4573946503265595e-06,2.2167564844181177e-06,8.826252986396455e-06
2016-03-24,1.6460484807740044e-06,0.0,0.0,3.134327005957118e-07,2.1734375621618952e-07,2.0147780977103255e-06,1.0493581309125872e-05
2016-03-25,1.6442692177437147e-06,3.0355661292764013e-06,1.889356701908722e-06,0.0,5.268098665646372e-07,1.7499174970450529e-06,8.972895391155283e-06
2016-03-26,1.642654383005428e-06,1.5026808708123532e-06,3.1336406147883853e-07,6.163046809363181e-07,6.543674623881568e-07,1.6701445833102264e-06,1.0073957574517204e-05
2016-03-27,0.0,2.9754578926516507e-06,3.118666759735089e-07,1.9645552103567402e-07,6.348327376300652e-07,1.917133862521429e-06,7.768527800801692e-06
2016-03-28,4.919752106677212e-06,0.0,3.104004773956664e-07,2.8815000994971264e-07,8.833609626323725e-07,3.4020269123906863e-06,7.422897701199434e-06
2016-03-29,0.0,1.2224995896926134e-06,1.2358612764969252e-06,4.762745879985352e-07,7.080982721790331e-07,2.070894337295572e-06,8.294377144254566e-06
2016-03-30,0.0,0.0,6.151221152843614e-07,4.723467872699126e-07,9.184924557177357e-07,1.5823553912029728e-06,8.586712025601064e-06
2016-03-31,0.0,1.1982924759347525e-06,1.2247502100887838e-06,2.810797329681844e-07,6.846954936173748e-07,2.1384374478012565e-06,8.9143202493895e-06
2016-04-01,0.0,0.0,5.912867673694139e-07,2.785545304703681e-07,7.933223216997789e-07,1.71709224045664e-06,9.162475288926397e-06
2016-04-02,0.0,0.0,0.0,4.604733520416134e-07,6.196270662914527e-07,1.6303650401050163e-06,9.1516166459278e-06
2016-04-03,1.2259046296619691e-06,3.2489220087840426e-06,8.583042297888265e-07,9.134704020364265e-08,5.472959831659409e-07,2.055734455183052e-06,6.679913993776931e-06
2016-04-04,0.0,0.0,8.550210088505359e-07,4.3493196197363246e-07,2.7191342873124423e-07,2.0078367446095393e-06,7.770582312596226e-06
2016-04-05,0.0,1.0615296808957456e-06,5.678821938171001e-07,4.133542326710303e-07,5.249704387378933e-07,1.7071569079172854e-06,9.797035588354808e-06
2016-04-06,1.1896736724118958e-06,0.0,2.74269697599933e-07,2.1346699888542123e-07,4.103516561052639e-07,1.577216844753048e-06,6.6887430687223065e-06
2016-04-07,1.1778362215871596e-06,0.0,5.46692770232064e-07,7.062326854514067e-08,6.561725640110975e-07,1.7654379481967616e-06,7.643545268206954e-06
2016-04-08,0.0,0.0,2.7245040749843207e-07,2.102937995425451e-07,2.660653181762016e-07,1.3564645050700898e-06,7.043603791219539e-06
2016-04-09,0.0,1.884497270224927e-06,5.431633502972494e-07,2.0873882300486784e-07,3.8122937749608014e-07,1.035357056800195e-06,6.176008334516989e-06
2016-04-10,0.0,1.8657462090869498e-06,1.082960404770604e-06,1.9851199414811308e-07,4.1937342423365886e-07,1.3126243999449839e-06,6.870511692779648e-06
2016-04-11,0.0,0.0,5.053156524916375e-07,1.6393739534414178e-07,2.4912035336481196e-07,1.5952948784846064e-06,6.607615237732211e-06
2016-04-12,0.0,0.0,2.506043188795486e-07,0.0,1.5825103915754558e-07,1.2684395112785869e-06,5.36871211745149e-06
2016-04-13,0.0,0.0,4.97151744308008e-07,8.561081008531548e-08,3.968884537213677e-07,1.6933022886769631e-06,6.3752745706776675e-06
2016-04-14,1.0982072138692408e-06,9.435698092829799e-07,4.7155984741239996e-07,8.47589682920982e-08,2.1433055324934795e-07,1.5190824195329788e-06,4.698058112336851e-06
2016-04-15,0.0,2.81003950660816e-06,4.160134302807078e-07,2.0978900616585707e-07,2.4035813450582766e-07,1.4192823262835514e-06,5.3851825071044365e-06
2016-04-16,0.0,9.298835305532497e-07,1.8435229471017375e-07,1.028880280998704e-07,2.379665311077549e-07,9.869091852767972e-07,5.881587465609632e-06
2016-04-17,0.0,8.043402176339521e-07,4.827997190875227e-07,1.0186427511505641e-07,3.36254879615266e-07,1.730290332199693e-06,5.166124699271056e-06
2016-04-18,0.0,7.989116982979382e-07,2.970791353779203e-07,1.0085070864264111e-07,2.3223302737423314e-07,1.1951455917706154e-06,5.138596054328697e-06
2016-04-19,0.0,7.935630707975161e-07,2.941231485912566e-07,8.898077017199481e-08,3.4471504841915586e-07,8.878746455577315e-07,6.0838043794228185e-06
2016-04-20,0.0,0.0,2.911965743645555e-07,0.0,4.3879509820057067e-07,8.275349093252978e-07,6.061481190449086e-06
2016-04-21,0.0,2.1710500837144614e-06,1.441495600189777e-07,2.9072944290800877e-08,2.237018223380022e-08,9.513731382947837e-07,5.666072420121535e-06
2016-04-22,0.0,0.0,2.8543049586360915e-07,2.014856456319436e-07,3.98656713627225e-07,9.061569118138385e-07,4.558490447815727e-06
2016-04-23,0.0,1.4381953743799891e-06,2.8259041497670883e-07,8.549178426889267e-08,1.241513331263697e-07,1.0748133508907572e-06,4.895784885087388e-06
2016-04-24,0.0,0.0,2.79778593366799e-07,1.7347251780974516e-08,1.2291600672149992e-07,9.107436035574836e-07,3.9312997538366435e-06
2016-04-25,5.675463597431626e-07,0.0,2.769947498493755e-07,5.1523931225276327e-08,2.2310378203617647e-07,8.933072297526626e-07,4.62193583535284e-06
2016-04-26,0.0,3.957753632751057e-07,1.371193030188833e-07,6.801501272491787e-08,2.2088386231372712e-07,1.0229005604193354e-06,4.398669591331002e-06
2016-04-27,0.0,7.893092241353454e-07,5.430197726305888e-07,5.284964250323542e-08,2.5844712773641235e-07,8.303738694119492e-07,3.7771808671761026e-06
2016-04-28,5.50772829894467e-07,0.0,1.8246944167473578e-07,1.3080944943507796e-08,1.180964011607931e-07,7.902644070765943e-07,2.356078446420114e-06
2016-04-29,0.0,3.9253139889362397e-07,9.032692019718784e-08,3.8852362099805746e-08,7.79475482237455e-08,7.419195202214798e-07,2.9947597569978504e-06
2016-04-30,0.0,3.9152872460392156e-07,8.942815232430019e-08,7.69315492753503e-08,1.1575793574011174e-07,6.85483828554464e-07,2.9095172297824043e-06
2016-05-01,0.0,0.0,8.859195503936858e-08,0.0,1.3380782049866782e-07,1.0316275918591369e-06,2.9371938469502925e-06
2016-05-02,0.0,0.0,8.771045035824063e-08,7.196096346650728e-09,3.5957882833454956e-07,7.925270052462103e-07,2.7163403020535537e-06
2016-05-03,0.0,1.507231432601635e-07,2.605131503857224e-07,2.8497975966578198e-08,1.3115824813086264e-07,6.335660323891578e-07,3.141906251032542e-06
2016-05-04,0.0,1.5223793603337913e-07,5.158420024577129e-07,1.4107208183949265e-08,1.6695411654444776e-07,8.541626067527275e-07,3.1282380463897886e-06
2016-05-05,0.0,1.5376795272706348e-07,2.553546443870483e-07,6.983419558591937e-09,2.0202464984602962e-07,5.707795055031563e-07,2.454170838471459e-06
2016-05-06,0.0,1.5531334634416094e-07,1.6854254881498342e-07,1.3827866745969269e-08,1.6122693333270505e-07,5.658824892098127e-07,2.0937641982871896e-06
2016-05-07,0.0,3.13748542850642e-07,8.343276121696768e-08,3.422569293238131e-08,1.0452434760247845e-07,5.243138538623213e-07,1.6517284624987886e-06
2016-05-08,4.985366304710172e-07,0.0,1.4792694841963536e-07,2.7108113278123357e-08,1.3305125952845232e-07,2.054004015424528e-07,2.4104968965789163e-06
2016-05-09,0.0,0.0,7.322752534494086e-08,2.0128787283194732e-08,9.380077719595405e-08,3.9491561380560066e-07,2.2881308852427976e-06
2016-05-10,0.0,0.0,2.899955971744868e-07,1.3285668335532874e-08,1.4593455465033825e-07,5.353685271549933e-07,2.780440063966733e-06
2016-05-11,0.0,1.632764318930552e-07,1.4355504638529567e-07,1.9730210590261364e-08,1.1589440756757842e-07,4.1770867489585196e-07,2.5086943263626912e-06
2016-05-12,0.0,0.0,2.1318997471142414e-07,6.511297238241446e-09,4.5896495577895744e-08,4.1441772867140193e-07,2.6842517832757295e-06
2016-05-13,0.0,1.6657483461208226e-07,1.4071246601335654e-07,6.4465087482123605e-09,1.0223959008727147e-07,4.808571196386977e-07,3.069937279107586e-06
2016-05-14,0.0,0.0,2.0896853037443866e-07,3.191182457215103e-08,1.237161312059276e-07,2.937832065898667e-07,2.1572171765513968e-06
2016-05-15,0.0,1.6993986948598155e-07,1.37926172504014e-07,2.527543728983259e-08,5.4447431348290306e-08,4.5220810702527383e-07,2.1107931108848754e-06
2016-05-16,0.0,1.7164779356857737e-07,2.0483067623588717e-07,2.502394248673628e-08,6.28899487468514e-08,4.511904816135009e-07,1.7895102038103817e-06
2016-05-17,0.0,1.7337288257357034e-07,6.759752565135659e-08,2.4774950098741995e-08,9.784371661635046e-08,3.683139023600367e-07,2.1128414125098535e-06
2016-05-18,0.0,0.0,1.3384983806596144e-07,0.0,9.687015536941849e-08,4.7543152509003287e-07,2.2858010652386847e-06
2016-05-19,0.0,0.0,6.625900496227908e-08,3.642655982704196e-08,7.835706955185479e-08,2.4215464670471505e-07,1.960100970972107e-06
2016-05-20,0.0,3.5730574582505243e-07,1.967991505418691e-07,6.0106849168028354e-09,3.103096147315434e-08,3.2659392932740473e-07,1.4954682386381346e-06
2016-05-21,0.0,0.0,1.9484096627595502e-07,1.1901755205198558e-08,6.14443964951466e-08,3.1125965447406275e-07,1.5160061982306558e-06
2016-05-22,0.0,0.0,6.430075542301218e-08,2.3566661524460258e-08,6.843714135169257e-08,2.9694308235840544e-07,1.5303906713764807e-06
2016-05-23,0.0,1.840936628965341e-07,6.366095221649912e-08,1.1666084662157399e-08,7.148068723552077e-08,2.1541035145733188e-07,1.6846961338566288e-06
2016-05-24,0.0,0.0,6.302751515825868e-08,1.155000518027265e-08,5.790227114765752e-08,3.914872111415121e-07,2.1057624189333313e-06
2016-05-25,0.0,1.8781260157747794e-07,6.24003809040572e-08,2.8587701771327414e-08,8.91739861031251e-08,3.1508487921826684e-07,1.7644267474348366e-06
2016-05-26,0.0,1.8970014960384388e-07,2.471179469597863e-07,2.2642599508778804e-08,5.675572936038192e-08,3.256550475269023e-07,1.5499983960916647e-06
2016-05-27,0.0,1.916066678032542e-07,6.116477057599304e-08,2.241730187931545e-08,6.243444490839876e-08,3.659666918415897e-07,1.1318663644506453e-06
2016-05-28,0.0,0.0,0.0,5.5485614996802945e-09,0.0,3.1892828241882833e-07,1.4084295371059814e-06
2016-05-29,0.0,0.0,1.7986088091510132e-07,1.0986704780611018e-08,0.0,3.4278351728627173e-07,1.1360015683720863e-06
2016-05-30,0.0,3.9488391914717724e-07,5.935707841599166e-08,0.0,0.0,2.7569145689934606e-07,7.365288491395829e-07
2016-05-31,0.0,0.0,2.9383232808794437e-07,0.0,0.0,3.313788612604123e-07,1.598777309105113e-06
2016-06-01,0.0,1.9494994431105624e-07,7.486587755967596e-08,0.0,0.0,3.7622093413134174e-07,1.245614505587338e-06
2016-06-02,0.0,1.9301015995457082e-07,1.482418992628855e-08,0.0,0.0,3.3257509257888975e-07,1.0391074905485015e-06
2016-06-03,0.0,1.9108967677492317e-07,0.0,0.0,0.0,3.1100887550248665e-07,1.2305863352911394e-06
2016-06-04,0.0,0.0,1.4530651298595404e-08,0.0,0.0,2.2260388029385814e-07,8.652235006840705e-07
2016-06-05,0.0,0.0,0.0,0.0,0.0,2.6769698924851087e-07,1.2742938786300392e-06
2016-06-06,0.0,1.854421233334523e-07,0.0,0.0,0.0,3.13012107410798e-07,1.2112888463538515e-06
2016-06-07,0.0,1.8359694337637716e-07,0.0,0.0,0.0,2.7049048495576423e-07,1.2411395460151146e-06
2016-06-08,0.0,0.0,0.0,0.0,0.0,2.505277759266354e-07,1.1810455797943518e-06
2016-06-09,0.0,0.0,0.0,0.0,0.0,2.7234683695384294e-07,1.2501833273504102e-06
2016-06-10,0.0,0.0,0.0,0.0,0.0,3.1536440565132607e-07,6.777696703694639e-07
2016-06-11,0.0,1.7639800425667026e-07,0.0,0.0,0.0,2.4158611562229046e-07,9.4915502717936e-07
2016-06-12,0.0,0.0,0.0,0.0,0.0,1.5744587764659713e-07,8.669598130882287e-07
2016-06-13,0.0,0.0,0.0,0.0,0.0,2.8323240776964164e-07,1.0000254472852437e-06
2016-06-14,0.0,1.7118465535775638e-07,0.0,0.0,0.0,3.254250653225083e-07,1.1783380484330674e-06
2016-06-15,0.0,1.6948133957735533e-07,0.0,0.0,0.0,2.1699400994935773e-07,1.0346672425697963e-06
2016-06-16,0.0,1.6779497207214696e-07,0.0,0.0,0.0,2.031249984948058e-07,8.598786404896573e-07
2016-06-17,0.0,0.0,0.0,0.0,0.0,2.2051825198879156e-07,8.881423238392914e-07
2016-06-18,0.0,3.28944818025325e-07,0.0,0.0,0.0,1.1050323714192076e-07,7.487789277346636e-07
2016-06-19,0.0,1.6283588119931168e-07,0.0,0.0,0.0,1.4055498865483433e-07,8.132312395758055e-07
2016-06-20,0.0,0.0,0.0,0.0,0.0,1.6344410108131266e-07,8.906640121938637e-07
2016-06-21,0.0,0.0,0.0,0.0,0.0,1.7907999830029407e-07,9.886612773986874e-07
2016-06-22,0.0,1.580233536113075e-07,0.0,0.0,0.0,1.4989604085381966e-07,8.765722562531727e-07
2016-06-23,0.0,0.0,0.0,0.0,0.0,2.3338929625557648e-07,8.775607533378985e-07
2016-06-24,0.0,0.0,0.0,0.0,0.0,2.7984301701736913e-07,7.79436054800151e-07
2016-06-25,0.0,1.533530577084499e-07,0.0,0.0,0.0,1.6717181648862896e-07,7.378977182061999e-07
2016-06-26,0.0,0.0,0.0,0.0,0.0,1.9850669687094564e-07,4.954605771495883e-07
2016-06-27,0.0,0.0,0.0,0.0,0.0,1.9179476188766047e-07,9.462482265320679e-07
2016-06-28,0.0,0.0,0.0,0.0,0.0,2.312842553963621e-07,8.877715276463515e-07
2016-06-29,0.0,0.0,0.0,0.0,0.0,1.9369827095484067e-07,8.155684160174888e-07
2016-06-30,0.0,1.4587394082943356e-07,0.0,0.0,0.0,1.635303872170283e-07,6.540464524447773e-07
2016-07-01,0.0,1.4433211081467004e-07,0.0,0.0,0.0,2.113940721900575e-07,6.477554954373711e-07
2016-07-02,0.0,0.0,0.0,0.0,0.0,1.259234185124846e-07,1.032858354630528e-06
2016-07-03,0.0,0.0,0.0,0.0,0.0,1.7405969373917448e-07,1.0844987665104662e-06
2016-07-04,0.0,0.0,0.0,0.0,0.0,1.5721428901659143e-07,1.0632862280255104e-06
2016-07-05,0.0,0.0,0.0,0.0,0.0,1.9526026796958184e-07,1.269317107817859e-06
2016-07-06,0.0,1.3729295070721186e-07,0.0,0.0,0.0,1.7850042478930375e-07,1.0522611686105388e-06
2016-07-07,0.0,0.0,0.0,0.0,0.0,2.5450066768904886e-07,1.3211715662501065e-06
2016-07-08,0.0,1.345743681375788e-07,0.0,0.0,0.0,1.3029082330048555e-07,1.3884018110713202e-06
2016-07-09,0.0,1.3323533080150926e-07,0.0,0.0,0.0,1.5233914261740166e-07,7.384202195395253e-07
2016-07-10,0.0,1.3190961710954964e-07,0.0,0.0,0.0,1.3626917797142865e-07,1.1540324892386048e-06
2016-07-11,0.0,0.0,0.0,0.0,0.0,2.4079423043297933e-07,1.159526707848569e-06
2016-07-12,0.0,0.0,0.0,0.0,0.0,2.468361060990141e-07,1.2753758769731691e-06
2016-07-13,0.0,0.0,0.0,0.0,0.0,1.8589230748509514e-07,1.2630540187244562e-06
2016-07-14,0.0,1.267373670414819e-07,0.0,0.0,0.0,1.774139081096053e-07,9.78784283121831e-07
2016-07-15,0.0,0.0,0.0,0.0,0.0,2.0578709966753833e-07,9.693708542414865e-07
2016-07-16,0.0,0.0,0.0,0.0,0.0,1.4552820272397843e-07,1.3369024831755455e-06
2016-07-17,0.0,0.0,0.0,0.0,0.0,1.5848819020395906e-07,1.0685095658662397e-06
2016-07-18,0.0,0.0,0.0,0.0,0.0,1.9970517173426423e-07,1.1191359574444455e-06
2016-07-19,0.0,1.205563127136046e-07,0.0,0.0,0.0,1.9771807207435736e-07,1.4739443058137046e-06
2016-07-20,0.0,0.0,0.0,0.0,0.0,1.6079525431741938e-07,1.2880658962350668e-06
2016-07-21,0.0,0.0,0.0,0.0,0.0,1.3150917309946555e-07,1.4073460700465895e-06
2016-07-22,0.0,0.0,0.0,0.0,0.0,2.329906099348926e-07,1.0609593014321432e-06
2016-07-23,0.0,0.0,0.0,0.0,0.0,1.4247407668395033e-07,1.518762432224861e-06
2016-07-24,0.0,0.0,0.0,0.0,0.0,1.6120735535372714e-07,1.2076396323915023e-06
2016-07-25,0.0,0.0,0.0,0.0,0.0,1.463030390865089e-07,1.1681603968218712e-06
2016-07-26,0.0,0.0,0.0,0.0,0.0,2.1727094928689426e-07,1.1936303348612674e-06
2016-07-27,0.0,0.0,0.0,0.0,0.0,1.825167843078903e-07,1.1393339032590967e-06
2016-07-28,0.0,0.0,0.0,0.0,1.6839056920242886e-08,9.680395283596048e-08,1.3770999985574768e-06
2016-07-29,0.0,0.0,0.0,0.0,1.9134328787810035e-08,1.34177032376107e-07,1.2653267935935034e-06
2016-07-30,0.0,0.0,0.0,0.0,2.147403554352326e-08,1.6447098397714084e-07,1.176281029695919e-06
2016-07-31,0.0,0.0,0.0,0.0,2.3858838507577734e-08,9.233345552092195e-08,1.417296966621717e-06
2016-08-01,0.0,0.0,0.0,0.0,1.5345894185514066e-08,1.203598174418911e-07,1.477827994120304e-06
2016-08-02,0.0,0.0,0.0,0.0,1.3285819702400957e-08,2.097255023572271e-07,1.8308319147100496e-06
2016-08-03,0.0,0.0,0.0,0.0,1.3419344410260217e-08,1.0853841070590611e-07,1.5906528761561605e-06
2016-08-04,0.0,0.0,0.0,0.0,1.8072281418324435e-08,1.4016317670623644e-07,1.448226126567668e-06
2016-08-05,0.0,0.0,0.0,0.0,1.5972172007899364e-08,1.29517294476047e-07,1.4550679079383317e-06
2016-08-06,0.0,0.0,0.0,0.0,1.6132695005275826e-08,9.617143189773927e-08,1.2603924114761635e-06
2016-08-07,0.0,0.0,0.0,0.0,1.3966998244797231e-08,1.3148670450911956e-07,1.41852701434088e-06
2016-08-08,0.0,0.0,0.0,0.0,2.116105336623259e-08,1.1222274994782741e-07,1.8591569967238443e-06
2016-08-09,0.0,0.0,0.0,0.0,7.124575162746742e-09,1.2888309331731635e-07,1.708706642873653e-06
2016-08-10,0.0,0.0,0.0,0.0,1.6791082778250802e-08,1.1880063786279186e-07,1.5812638934041533e-06
2016-08-11,0.0,0.0,0.0,0.0,2.1805503384466704e-08,1.263310370813042e-07,1.6412845875438904e-06
2016-08-12,0.0,0.0,0.0,0.0,1.7130285150871656e-08,2.521177699796343e-07,1.3347661158686697e-06
2016-08-13,0.0,0.0,0.0,0.0,1.9774225575814124e-08,2.0320770547421202e-07,1.7581226179213765e-06
2016-08-14,0.0,0.0,0.0,0.0,1.2483099904256928e-08,1.5436736173147008e-07,1.5867610391345726e-06
2016-08-15,0.0,0.0,0.0,0.0,3.278224857445998e-08,2.3552930636069534e-07,1.6506979749727229e-06
2016-08-16,0.0,0.0,0.0,0.0,2.0376440400017256e-08,1.7863152185102042e-07,1.6887362342986108e-06
2016-08-17,0.0,0.0,0.0,0.0,2.058122703061802e-08,1.623668201615736e-07,1.871210149461405e-06
2016-08-18,0.0,0.0,0.0,0.0,1.5591053850804696e-08,2.1106485991322255e-07,1.856024020537585e-06
2016-08-19,0.0,0.0,0.0,0.0,2.6246244245039244e-08,2.435468772441677e-07,1.4693941854791482e-06
2016-08-20,0.0,0.0,0.0,0.0,1.8557016369523643e-08,1.217908662780336e-07,1.7208338165114675e-06
2016-08-21,0.0,0.0,0.0,0.0,8.03293606483757e-09,1.7054866237094542e-07,1.7245216442537619e-06
2016-08-22,0.0,0.0,0.0,0.0,2.9750117519707298e-08,2.146249940887425e-07,1.6739121229755252e-06
2016-08-23,0.0,0.0,0.0,0.0,3.004911117155399e-08,1.3492462237274625e-07,2.2814687929296356e-06
2016-08-24,0.0,0.0,0.0,0.0,5.5183835926470625e-09,1.7163735296003879e-07,1.9247593304984885e-06
2016-08-25,0.0,0.0,0.0,0.0,2.229537707915079e-08,1.3684810788432447e-07,1.6975099184946467e-06
2016-08-26,0.0,0.0,0.0,0.0,2.5334380512000886e-08,2.1762683621070612e-07,1.7154049572960924e-06
2016-08-27,0.0,0.0,0.0,0.0,3.127543866225825e-08,1.9727952792213158e-07,1.6467717869892508e-06
2016-08-28,0.0,0.0,0.0,0.0,2.297437239741425e-08,2.0607443253373934e-07,2.1493212445681443e-06
2016-08-29,0.0,0.0,0.0,0.0,1.4503292924163851e-08,2.520654303447489e-07,2.147971823718953e-06
2016-08-30,0.0,0.0,0.0,0.0,2.929810688264466e-08,2.016445986561171e-07,1.9120268828906348e-06
2016-08-31,0.0,0.0,0.0,0.0,2.071479042644554e-08,1.5799758760325225e-07,2.1123873082014613e-06
2016-09-01,0.0,0.0,0.0,0.0,3.584134029368583e-08,1.5150145776723897e-07,1.973565003295022e-06
2016-09-02,0.0,0.0,0.0,0.0,2.715116381411842e-08,3.205407987882607e-07,1.6892195376208301e-06
2016-09-03,0.0,0.0,0.0,0.0,3.351826811297547e-08,2.1530706040821105e-07,1.766022524257813e-06
2016-09-04,0.0,0.0,0.0,0.0,1.53886965035831e-08,2.3162275642862088e-07,1.8015124819085774e-06
2016-09-05,0.0,0.0,0.0,0.0,2.4869368759442654e-08,9.633260157756284e-08,2.2045597425144005e-06
2016-09-06,0.0,0.0,0.0,0.0,4.0818878864973374e-08,2.015515749466449e-07,2.166682853331506e-06
2016-09-07,0.0,0.0,0.0,0.0,3.488617458425403e-08,1.684776843731883e-07,2.4594283876811685e-06
2016-09-08,0.0,0.0,0.0,0.0,6.4066884486824095e-09,1.5599000381350155e-07,2.3118483398075703e-06
2016-09-09,0.0,0.0,0.0,0.0,3.235538369023938e-08,1.3607258449502083e-07,2.0782077264377137e-06
2016-09-10,0.0,0.0,0.0,0.0,2.2876392491679056e-08,2.3871181638196953e-07,2.0407726202988042e-06
2016-09-11,0.0,0.0,0.0,0.0,2.3106304058503437e-08,2.0457895395769882e-07,2.8729790055426354e-06
2016-09-12,0.0,0.0,0.0,0.0,7.140315473726336e-08,1.4759643330491286e-07,2.0042694850404295e-06
2016-09-13,0.0,0.0,0.0,0.0,7.867720186113771e-08,1.6398778233271994e-07,2.283999159291638e-06
2016-09-14,0.0,0.0,0.0,0.0,5.2978613923704656e-08,2.1080931065717848e-07,2.391525099922515e-06
2016-09-15,0.0,0.0,0.0,0.0,4.013329338414413e-08,1.5406120249644486e-07,2.7388667921109884e-06
2016-09-16,0.0,0.0,0.0,0.0,5.3499145693966746e-08,2.593492388712033e-07,2.739884532692589e-06
2016-09-17,0.0,0.0,0.0,0.0,6.68657293769502e-08,1.9210087750700783e-07,1.7349216860827234e-06
2016-09-18,0.0,0.0,0.0,0.0,3.343210663255063e-08,1.675726793198365e-07,2.499714332876542e-06
2016-09-19,0.0,0.0,0.0,0.0,5.349550690423937e-08,1.6925681274574255e-07,2.3971667691724218e-06
2016-09-20,0.0,0.0,0.0,0.0,8.694561328646032e-08,2.0694900294007016e-07,2.778818516752042e-06
2016-09-21,0.0,0.0,0.0,0.0,7.358976518157444e-08,2.0803138107616314e-07,1.354563174571723e-06
2016-09-22,0.0,0.0,0.0,0.0,8.031002652267127e-08,2.501453943032485e-07,2.327112339438385e-06
2016-09-23,0.0,0.0,0.0,0.0,6.026125521035642e-08,2.6276577320378457e-07,1.427123860016299e-06
2016-09-24,0.0,0.0,0.0,0.0,5.359645929284296e-08,2.654066131284832e-07,1.7847565700684744e-06
2016-09-25,0.0,0.0,0.0,7.417551161612779e-09,5.363271808929555e-08,2.371423792507829e-07,2.3215228299391493e-06
2016-09-26,0.0,0.0,0.0,2.9744752274980693e-08,6.038363272753257e-08,2.707681823656413e-07,2.6170629365008376e-06
2016-09-27,0.0,0.0,0.0,4.506553800783214e-08,5.3721329793955776e-08,3.3660239734091387e-07,2.1940938349867093e-06
2016-09-28,0.0,0.0,0.0,6.069127225939838e-08,6.049540300883366e-08,2.1249081729695098e-07,2.4265147314578634e-06
2016-09-29,0.0,0.0,0.0,9.195184452923409e-08,7.401821727688786e-08,2.0389506623890494e-07,2.429004763330837e-06
2016-09-30,0.0,0.0,0.0,9.287597593045035e-08,6.063137225795442e-08,1.6258756241229744e-07,1.5939019624553982e-06
2016-10-01,0.0,0.0,0.0,6.242004662155379e-08,6.055942338090052e-08,2.2695043080260499e-07,1.739791338841204e-06
2016-10-02,0.0,0.0,2.9284472021641163e-08,1.576184462987549e-08,3.369020334801339e-08,2.37436595064886e-07,1.7320303976378496e-06
2016-10-03,0.0,0.0,4.436817878764545e-08,3.1840507603920865e-08,6.747930328787308e-09,1.8324403531003411e-07,1.369491200006662e-06
2016-10-04,0.0,0.0,0.0,8.04012750634625e-08,5.406795829302489e-08,1.722660354128602e-07,1.369606942839992e-06
2016-10-05,0.0,0.0,4.5264475453702574e-08,3.2483728524652175e-08,5.415788079663741e-08,2.366159443496383e-07,1.6139159016042548e-06
2016-10-06,0.0,0.0,0.0,1.6405097711920844e-08,1.3563304783365325e-08,1.7191981948960683e-07,1.3663617012582168e-06
2016-10-07,0.0,0.0,0.0,6.627988673983101e-08,5.4353982837409706e-08,1.8250828968737232e-07,1.6553570925152752e-06
2016-10-08,0.0,0.0,0.0,1.1715551868280056e-07,3.403761374058562e-08,1.930976705097496e-07,1.3237469764753279e-06
2016-10-09,0.0,0.0,1.5703917913460176e-08,1.69047073171993e-08,4.09288703970348e-08,2.2513234276607333e-07,1.2044737112799413e-06
2016-10-10,0.0,0.0,3.172348982473302e-08,1.707460245024611e-08,2.734446481767605e-08,3.10723377020022e-07,1.7739912457950192e-06
2016-10-11,0.0,0.0,6.408463239592899e-08,6.898482023106732e-08,4.7960063386546137e-08,2.3502634757578752e-07,1.5081564632450364e-06
2016-10-12,0.0,0.0,3.236434682951778e-08,1.7419532300165212e-08,3.4337220991760506e-08,2.2304918952279212e-07,1.2354250899276994e-06
2016-10-13,0.0,0.0,1.6344806961362198e-08,7.037840604123974e-08,5.507310016157981e-08,2.428990049805257e-07,1.3865927598477356e-06
2016-10-14,0.0,0.0,3.3018150004564726e-08,0.0,5.5212154092253384e-08,2.4153033058662214e-07,1.2817706914704868e-06
2016-10-15,0.0,0.0,5.002498189338108e-08,7.180014415221991e-08,3.4597955802716526e-08,1.04428612794371e-07,1.420433496300065e-06
2016-10-16,0.0,0.0,3.368516087986137e-08,2.0906701342077482e-08,6.93835502443734e-08,1.973235145183943e-07,1.3066692886067364e-06
2016-10-17,0.0,0.0,5.1035553562441584e-08,2.111681718374416e-08,5.566250183692641e-08,1.962523972433724e-07,1.3466826804271573e-06
2016-10-18,0.0,0.0,3.436564626865142e-08,2.1329044724726623e-08,3.4889831109327084e-08,1.7465344164829068e-07,1.7721819265930273e-06
2016-10-19,0.0,0.0,1.7355513377803393e-08,4.308681037591164e-08,3.4994087582761063e-08,1.9416893375307073e-07,1.658879486187992e-06
2016-10-20,0.0,0.0,7.011975674832731e-08,4.3519840019313414e-08,6.318331828940729e-08,1.728241287486841e-07,1.5454139695656645e-06
2016-10-21,0.0,5.028496530920778e-07,7.082447201954923e-08,6.593583252447567e-08,7.134394855008256e-08,1.576033963775265e-07,1.236314500352035e-06
2016-10-22,0.0,0.0,7.153626979699369e-08,2.219949955272679e-08,5.1233009225361744e-08,1.6826420777892744e-07,1.3798531749536736e-06
2016-10-23,0.0,0.0,1.8063805315257897e-08,8.969043292966643e-08,9.272012137970646e-08,1.4558292782336337e-07,1.4013625020350286e-06
2016-10-24,0.0,0.0,3.649069915370425e-08,1.1323979595807616e-07,7.47508817335688e-08,2.541830759511056e-07,1.4996500016059329e-06
2016-10-25,0.0,0.0,5.5286155165825635e-08,4.575114993121278e-08,1.0029825134522624e-07,2.8363926566691155e-07,1.638581454848082e-06
2016-10-26,0.0,2.6431565305920594e-07,3.722786017512228e-08,0.0,6.308668142984003e-08,3.103956050791804e-07,1.5453372146423764e-06
2016-10-27,0.0,2.6697206953541196e-07,0.0,7.001307670138243e-08,5.0794611591703254e-08,2.427415207151262e-07,1.966056279945347e-06
2016-10-28,0.0,2.6965518344104893e-07,9.49497820924711e-08,4.7144479880205344e-08,1.6615611201482356e-07,3.2794492530014267e-07,2.257684382313609e-06
2016-10-29,0.0,8.170957892692305e-07,3.8361617306842314e-08,4.7618289780097604e-08,6.432552004087575e-08,1.491382867552674e-07,2.1071013185242025e-06
2016-10-30,0.0,2.751025794917188e-07,1.9373578985197497e-08,4.8096861548649924e-08,5.1801020606865664e-08,2.83528663421422e-07,1.7210519300757227e-06
2016-10-31,0.0,2.7786740638089616e-07,0.0,9.716048608687589e-08,1.1733031198408287e-07,3.034749198649895e-07,2.710872501985292e-06
2016-11-01,0.0,2.82493862777497e-07,1.9737887713653867e-08,4.907174637634253e-08,1.041463081793905e-07,2.6897079884233254e-07,2.2532772109931637e-06
2016-11-02,0.0,2.8533297329866293e-07,5.980877034919391e-08,1.2391231406634177e-07,5.2018108008534404e-08,3.5369561362367255e-07,2.8838846711214984e-06
2016-11-03,0.0,0.0,2.0136619494767315e-08,1.251576535264944e-07,9.09444616176652e-08,4.279011534357864e-07,2.8730824630252e-06
2016-11-04,0.0,0.0,4.067799177040008e-08,2.5283101771259618e-08,1.0555961609427565e-07,4.4845058792126e-07,2.4869990420692464e-06
2016-11-05,0.0,0.0,4.108681238434102e-08,1.2768600584233402e-07,1.0426959903037224e-07,3.8823738491926297e-07,2.980980247383254e-06
2016-11-06,0.0,2.9697763284159737e-07,0.0,5.1587708614143804e-08,1.1760221902478079e-07,3.3214773367260907e-07,3.2412098000876204e-06
2016-11-07,0.0,1.0517275101884617e-06,8.383364210386521e-08,7.8159260557808e-08,1.0272999842751321e-07,3.683522807957861e-07,3.939330344534658e-06
2016-11-08,0.0,0.0,1.0737369872884636e-07,1.0525969891411865e-07,1.4727366048663137e-07,5.116660138086754e-07,2.2272226062747628e-06
2016-11-09,0.0,3.57657938412424e-07,1.4460376312202185e-07,7.973818235657606e-08,1.1824392628104542e-07,7.505772983078592e-07,2.3985617662547433e-06
2016-11-10,0.0,7.225049209048959e-07,3.65142637755994e-08,1.0738608588299669e-07,7.417546791496923e-08,6.102229065494351e-07,3.4637768512206197e-06
2016-11-11,0.0,0.0,1.4752495290999826e-07,2.7116333497158904e-08,1.3402061912320137e-07,5.989893028755498e-07,5.107859209675611e-06
2016-11-12,0.0,3.6855024424155e-07,3.725190083395693e-08,1.1548396079797676e-07,1.1959004282049307e-07,5.439921811982086e-07,3.0881495399791256e-06
2016-11-13,0.0,0.0,0.0,2.3328918779907588e-07,9.949263886946913e-08,4.223976557663924e-07,4.7816681249784496e-06
2016-11-14,0.0,7.519909060848348e-07,3.80044391493467e-08,1.5660576277641007e-07,1.3864942680165138e-07,8.695363174385675e-07,4.223456843624713e-06
2016-11-15,0.0,7.595485403367624e-07,3.8386390112737725e-08,1.1718808736900735e-07,2.390011598807964e-07,5.282089355404258e-07,5.579931499975067e-06
2016-11-16,0.0,0.0,1.5508871898851517e-07,1.5591142874946816e-07,1.296164289346293e-07,7.422256979358141e-07,3.2817317913166193e-06
2016-11-17,0.0,3.874462193334657e-07,3.9161846631804834e-08,1.1669074920979607e-07,2.1448168108284118e-07,9.736935224725621e-07,4.6051798581633935e-06
2016-11-18,0.0,3.913401185738962e-07,7.911085946755806e-08,3.881986534321819e-08,1.9187268437765065e-07,7.237858461566377e-07,5.76480531187742e-06
2016-11-19,0.0,7.905463043046041e-07,1.1985890523506878e-07,1.5498678520822145e-07,2.434911582055076e-07,4.6289423840057766e-07,4.561830077706687e-06
2016-11-20,0.0,1.1977371401259555e-06,1.6141800967894223e-07,1.5470960785124698e-07,3.372301013448054e-07,5.527566321055599e-07,5.1538021062849846e-06
2016-11-21,0.0,8.065163990047565e-07,6.221598358414175e-08,1.4915331544741772e-07,4.94099757742834e-07,9.556489974948557e-07,6.122433295773584e-06
2016-11-22,0.0,8.14622023570876e-07,0.0,1.4930346476498413e-07,1.7128418751025802e-07,9.983010527048716e-07,5.6352623841858145e-06
2016-11-23,0.0,0.0,2.501101805292e-07,9.964569636896468e-08,1.7259316496593112e-07,1.0097501163736213e-06,5.608423227791793e-06
2016-11-24,8.796459778920906e-07,4.1553924003115755e-07,1.6925195491069547e-07,1.995314284278971e-07,2.087032822583147e-07,8.791860510320408e-07,7.431438661422161e-06
2016-11-25,8.884865669448223e-07,0.0,1.7003566389569705e-07,0.0,1.910058387601176e-07,9.045083706695792e-07,6.469560713779896e-06
2016-11-26,8.974160053946567e-07,4.2393368951348667e-07,8.541818829439257e-08,1.0003569286715385e-07,3.850504241198335e-07,8.402956182694285e-07,8.020053941039902e-06
2016-11-27,0.0,4.28194293925705e-07,2.574812595928443e-07,1.0018568067346558e-07,2.937293042858012e-07,9.228918540762679e-07,6.990989461041002e-06
2016-11-28,1.8310900225301742e-06,8.649954362482914e-07,2.5873370264303853e-07,5.0172843565666524e-08,3.807412133308845e-07,1.3354901899905913e-06,7.810153195320007e-06
2016-11-29,9.247463916013779e-07,5.633782150987424e-07,2.600120192791093e-07,4.29545623784045e-07,5.118247179296194e-07,1.4502913407849232e-06,7.854627581476675e-06
2016-11-30,0.0,1.1380805205841302e-06,3.4842178311171375e-07,1.231306440671892e-07,1.7201522254990258e-07,1.0325736065480488e-06,9.283075675213235e-06
2016-12-01,9.896092740174468e-07,5.6812900670215e-07,1.7449806316411374e-07,1.8451994604064496e-07,5.880999910556051e-07,1.2145053245184776e-06,8.736660770793778e-06
2016-12-02,0.0,5.73838798144869e-07,1.7539944142962356e-07,1.8515916281581433e-07,1.5565403144251575e-07,1.6374720906462006e-06,7.872059704077792e-06
2016-12-03,0.0,0.0,3.5263671957088615e-07,2.4775586088208683e-07,8.084774166809594e-07,1.4078842222774791e-06,9.15747887028676e-06
2016-12-04,0.0,1.1708622216534768e-06,3.5450982024834715e-07,3.7298642070346e-07,4.892997870130895e-07,1.6681604885738657e-06,7.319090937329505e-06
2016-12-05,3.0899879839141978e-06,0.0,8.91045930508147e-08,1.2461161367639965e-07,4.6378817869127747e-07,1.7461154068793524e-06,1.0587556991552482e-05
2016-12-06,0.0,0.0,4.479532078655088e-07,2.4981376343371393e-07,4.240106115866703e-07,1.4608287831759973e-06,1.079994211458971e-05
2016-12-07,1.0508032939519462e-06,0.0,1.8017129846841052e-07,1.4733041182134717e-07,1.8333103755506605e-07,1.5007176256082893e-06,1.1949104356413874e-05
2016-12-08,1.0613640426287576e-06,6.093230076958875e-07,1.8117933107060763e-07,1.4787295941894297e-07,4.3157700793554545e-07,1.6017122800922244e-06,8.095236187240558e-06
2016-12-09,0.0,6.154468057314589e-07,2.7330822263534264e-07,2.2264544165356282e-07,5.59831825246773e-07,1.701965292371679e-06,1.121435028148304e-05
2016-12-10,1.082805018546073e-06,6.13465588561632e-07,2.748747797147949e-07,8.003017912074796e-08,3.2111894600588004e-07,1.1072298921651869e-06,6.382539856536458e-06
2016-12-11,0.0,7.366198951327014e-07,1.8431254966752114e-07,3.215171407621307e-07,5.175952484805337e-07,1.3482057222441853e-06,9.182654081669362e-06
2016-12-12,0.0,0.0,1.8539367760040678e-07,8.073642925581941e-07,5.214519433078382e-07,1.5108024111390887e-06,8.896296405786008e-06
2016-12-13,2.231562681496846e-06,3.6774505013802833e-06,2.797400175833216e-07,4.866098821878739e-07,4.5921332200930077e-07,2.2846293335406646e-06,9.86814109992811e-06
2016-12-14,1.1269951296523418e-06,0.0,9.38058310003029e-08,3.258999001563731e-07,5.353928039745232e-07,1.911890803819584e-06,9.876914615039175e-06
2016-12-15,0.0,1.469309022532376e-06,9.437437013410374e-08,3.2742580244909674e-07,4.0420002656749203e-07,1.8957852681787416e-06,1.1174658006493856e-05
2016-12-16,1.1497619414749465e-06,2.2030408047256333e-06,2.848570403506909e-07,1.6449222379746053e-07,8.137917409871662e-07,1.9112579582656384e-06,1.059676467882467e-05
2016-12-17,1.161317241093787e-06,0.0,3.8215927498731615e-07,1.652879957298297e-07,6.827206739096739e-08,1.305301789930389e-06,7.0816698702630085e-06
2016-12-18,3.518966020213514e-06,2.20185619408591e-06,9.613684477158592e-08,4.1525074149878086e-07,3.5150815332308237e-07,1.5739894022721479e-06,8.846194585356405e-06
2016-12-19,3.55433221668017e-06,1.4677294627047103e-06,3.8697393824373703e-07,3.3385841527454463e-07,4.24722993142331e-07,2.454047052056167e-06,1.5387435585138258e-05
2016-12-20,3.5900538493304465e-06,3.6692539254704906e-06,8.762381890142271e-07,4.1943702933726033e-07,4.464784393659685e-07,1.9909773381061076e-06,1.372200925958829e-05
2016-12-21,2.4174229935715857e-06,8.589844011967123e-07,2.9395754717638266e-07,8.431859672676114e-08,3.5936527169372207e-07,1.674592091796315e-06,1.7264136203943092e-05
2016-12-22,1.220859249285045e-06,8.603742486360119e-07,6.903518860335362e-07,1.6951643903201723e-07,5.07096380612821e-07,2.4857873928464853e-06,1.2308417952495277e-05
2016-12-23,0.0,1.7237002684343126e-06,2.978022276083193e-07,8.520631819783977e-08,3.650943506536243e-07,2.5031361754368736e-06,1.478817984662351e-05
2016-12-24,4.336455626640284e-06,0.0,3.996921888975946e-07,8.566293758249622e-08,2.2060352188634927e-07,1.7002733928836124e-06,1.6909260801783202e-05
2016-12-25,0.0,2.5951818563483266e-06,4.023547105360646e-07,1.7667940091894823e-07,6.665174817496483e-07,1.9804369750723448e-06,1.4216647893293674e-05
2016-12-26,1.1060144603162454e-05,4.3339776940919125e-06,4.050574679808849e-07,5.330143548781762e-07,8.950547335251427e-07,2.2635939739961847e-06,1.5168792450198436e-05
2016-12-27,4.468520361759718e-06,6.06888678935304e-06,4.078007315100523e-07,2.68021904439588e-07,8.430537578670419e-07,3.5509562750589394e-06,2.1526467535647736e-05
2016-12-28,9.026859476028823e-06,8.672588143876799e-07,6.13022762821469e-07,3.815336830769505e-07,7.715121252268703e-07,3.933680628294756e-06,2.258658601494539e-05
2016-12-29,6.838185691506163e-06,8.676205283290826e-07,7.018383238563035e-07,1.9192363245825915e-07,4.660133370944018e-07,2.4593866254163736e-06,1.874530385767621e-05
2016-12-30,4.604607066838912e-06,1.736138010092675e-06,4.694409636334018e-07,2.896494238518386e-07,6.255546676996486e-07,2.7332102476132505e-06,2.193523519892477e-05
2016-12-31,6.976326205826374e-06,3.474417157549961e-06,1.177591639625417e-07,2.9144236420004903e-07,4.848987577232911e-07,2.4775547919378203e-06,1.9069621974306636e-05
2017-01-01,6.948434974077118e-06,2.5290946035849576e-06,1.1554463027194848e-07,2.843502297531895e-07,1.0279643167963064e-06,3.171520628114994e-06,2.164481719589059e-05
2017-01-02,0.0,5.906034644849928e-06,6.9574655945986e-07,3.801305665433312e-07,7.162073969566821e-07,2.060487147431089e-06,2.1828616321060585e-05
2017-01-03,7.0888026716422516e-06,2.5334739241662067e-06,6.982949125237658e-07,4.5887619321767296e-07,9.598990010619746e-07,2.5590197997182534e-06,2.147669954336912e-05
2017-01-04,0.0,3.381391323867177e-06,5.840942463840319e-07,2.4459022475698166e-07,1.2866010625089752e-06,3.1527253845771116e-06,2.2389939124078398e-05
2017-01-05,4.821337323196448e-06,4.231444446828709e-06,2.3453379023052436e-07,4.0973745877978754e-07,8.079189290891339e-07,1.9335253815666623e-06,1.962291416256484e-05
2017-01-06,7.30468885329556e-06,2.5419437320766065e-06,4.7090667096380895e-07,0.0,1.1639984575015178e-06,3.196311295800775e-06,2.095372048114535e-05
2017-01-07,4.918734797846029e-06,2.5452749925474894e-06,3.5459463939456684e-07,0.0,6.679391943782855e-07,1.940326463931298e-06,2.0489992930041736e-05
2017-01-08,7.4522533566106375e-06,1.6992405217591311e-06,2.373631568838087e-07,1.6649816448293192e-07,1.3773962265620502e-06,2.5542975455582554e-06,2.1801853092723433e-05
2017-01-09,2.5090499159993756e-06,1.7018009739548166e-06,4.767072480361289e-07,4.1849768508364743e-07,6.252672061960708e-07,2.9690393906351513e-06,2.1397790343105457e-05
2017-01-10,1.013706514751075e-05,8.522658038330351e-07,4.200799377304057e-07,4.1903516167776606e-07,8.059965066178998e-07,2.889967424093715e-06,2.5782877617945884e-05
2017-01-11,5.119472172993165e-06,8.537163479792689e-07,4.1992101562833353e-07,1.678458168548998e-07,1.0763520981942175e-06,3.389511507819447e-06,2.1424019272376897e-05
2017-01-12,5.170923723714495e-06,2.5657567934151994e-06,5.247551074721993e-07,2.5214153064037594e-07,8.268797761027024e-07,2.315633009011968e-06,1.8228081937609054e-05
2017-01-13,2.5817417061088586e-06,1.7137474138067154e-06,2.0846907469429903e-07,2.5253955036158494e-07,4.602736236818212e-07,3.0657694007423735e-06,1.917831971189916e-05
2017-01-14,2.578279726682539e-06,8.585808374197359e-07,1.0352847674045625e-07,1.6864188283218695e-07,8.292935585770132e-07,1.941553449017665e-06,1.801844717646985e-05
2017-01-15,0.0,8.603738267353427e-07,7.198293834739776e-07,2.534113946282037e-07,1.2913872604479565e-06,3.0644002304298587e-06,1.875200425424971e-05
2017-01-16,6.982291096090078e-06,2.5867585624518105e-06,4.0858937903026767e-07,2.5388530635876676e-07,9.224999427745754e-07,2.8579953211201472e-06,1.8945321532302027e-05
2017-01-17,3.4976923939671573e-06,1.7284362151396518e-06,6.498443623484983e-07,1.6958973788769166e-07,1.0149399310200043e-06,3.075194602351693e-06,2.158041412179446e-05
2017-01-18,0.0,1.7246191130954364e-06,1.0367216579798556e-06,1.692369050248701e-07,1.1998189507044752e-06,2.3538739734018557e-06,1.863050609268831e-05
2017-01-19,3.5118360919413998e-06,0.0,6.461225057699061e-07,2.694937533841107e-07,1.1079539264964381e-06,3.0638420935538074e-06,2.4019937147809216e-05
2017-01-20,0.0,3.4350038691711795e-06,9.021020233279834e-07,2.6917745760172804e-07,9.230819159489134e-07,1.9358678791898794e-06,1.972618332993366e-05
2017-01-21,3.527384571177524e-06,4.285502865990441e-06,3.855954640852222e-07,8.962935992980692e-08,9.209732898504806e-07,2.7552836903623103e-06,1.7556375133348924e-05
2017-01-22,1.0607062576129667e-05,2.566607669624863e-06,6.410238919722223e-07,8.954186366972222e-08,8.266138054049038e-07,3.2563137845889933e-06,1.6947924932957748e-05
2017-01-23,0.0,1.7081135217075135e-06,7.673433360709524e-07,4.473166083531147e-07,6.625386635292031e-07,3.0444673054408808e-06,1.661774617763088e-05
2017-01-24,7.106710029062568e-06,8.526630382203609e-07,1.2758912279138324e-07,3.470264901516984e-07,1.0378123561743403e-06,2.935230057527282e-06,1.4168264975628233e-05
2017-01-25,0.0,8.513545826013419e-07,2.546008971790898e-07,5.203332360677704e-07,8.458915154243182e-07,3.1291222014647384e-06,1.8970791474589843e-05
2017-01-26,0.0,8.501312631500479e-07,2.540490090772991e-07,0.0,7.491097068433889e-07,3.824239952496934e-06,2.38521579635438e-05
2017-01-27,3.5825237172567805e-06,2.546978872600541e-06,6.33806315220311e-07,0.0,8.396896005176193e-07,2.1233327381105543e-06,2.382937505701454e-05
2017-01-28,7.185923593600421e-06,0.0,6.325534889070698e-07,2.5685055534502514e-07,8.367147504962217e-07,2.8220390355909877e-06,1.7159854983741736e-05
2017-01-29,3.603759175517465e-06,1.218330051252605e-06,7.57636702163819e-07,2.5526972223225853e-07,4.531397013444626e-07,1.7886453884212411e-06,2.0398069443697212e-05
2017-01-30,0.0,6.066870938955547e-07,6.302374849506137e-07,5.920003047103614e-07,8.127553847689407e-07,3.465821531036668e-06,2.089612509295475e-05
2017-01-31,3.6264361854991192e-06,1.2085396627595417e-06,3.7750444542304385e-07,2.521844820296825e-07,1.3499009722227065e-06,1.9553856958365503e-06,2.4736140233831605e-05
2017-02-01,7.374025709070258e-06,0.0,3.7632557921783494e-07,2.500958401774323e-07,1.3120699663014304e-06,2.915106543104506e-06,2.346033430145894e-05
2017-02-02,3.699422483648479e-06,2.9891389415556405e-06,3.7576383879116967e-07,4.143660656578826e-07,7.845185935761416e-07,2.957087188713659e-06,1.8450351082843615e-05
2017-02-03,0.0,5.955977788993793e-07,2.501597833743474e-07,3.2955773437753347e-07,6.081239576879836e-07,2.0884320447601786e-06,2.3981589045070058e-05
2017-02-04,7.450705711673908e-06,5.934273297618536e-07,6.245883926867988e-07,8.191389306920771e-08,7.793069142105109e-07,3.117742394357452e-06,1.9906707615790526e-05
2017-02-05,3.738876191970907e-06,5.913162238518285e-07,4.990718290379922e-07,1.6289308800320158e-07,1.2083837109202712e-06,2.7790831309050155e-06,2.106277822988775e-05
2017-02-06,1.1258320256519393e-05,1.1785285001139074e-06,0.0,3.239493586250655e-07,8.599565051059985e-07,2.1377301563325816e-06,1.953988384305405e-05
2017-02-07,0.0,5.872712031781398e-07,4.980237267132847e-07,2.416087023371618e-07,1.1139281198412018e-06,2.958204202916002e-06,2.4459952438227574e-05
2017-02-08,7.563390282495647e-06,1.7560106517271142e-06,3.731808035166886e-07,2.402795467770994e-07,6.822987105987114e-07,2.36402934521777e-06,2.250869669244939e-05
2017-02-09,3.7967225289833e-06,1.1590253692027986e-06,6.214685506495839e-07,3.186325591625979e-07,5.093785680318608e-07,2.9830480112273897e-06,2.324194937632042e-05
2017-02-10,0.0,2.868732185225747e-06,7.45237491373173e-07,7.923106320262684e-07,1.098682089691279e-06,1.1683830936530288e-06,1.5727679368431313e-05
2017-02-11,7.655835742847884e-06,1.1360751292214552e-06,1.2413120772283597e-07,2.3643572936085182e-07,8.414003726446666e-07,2.299978577711217e-06,1.6247712746210504e-05
2017-02-12,3.8139869053988725e-06,0.0,2.481371602153835e-07,4.704038257675793e-07,1.1450621121066083e-06,2.7373378980525724e-06,1.7148987526591634e-05
2017-02-13,7.600874682485353e-06,2.227158668879342e-06,6.200917972697457e-07,2.3378131013215292e-07,5.701690207042403e-07,1.343707805181271e-06,1.7392566696670708e-05
2017-02-14,0.0,2.204998069857011e-06,4.959221629580035e-07,3.8730680951057967e-07,8.112342896176986e-07,2.2418844863470454e-06,1.636356868914521e-05
2017-02-15,7.548954073342161e-06,9.966903557212079e-07,7.437307210946641e-07,3.8501683313794555e-07,9.511732416639537e-07,1.8817503927818002e-06,1.9701580353735006e-05
2017-02-16,3.762063700203592e-06,9.86773120981181e-07,3.299919068384868e-07,3.055112648093618e-07,4.7349945858000157e-07,3.204615623118193e-06,2.059872592515268e-05
2017-02-17,1.1250079719723557e-05,4.88477282187783e-07,2.1934194819887016e-07,2.2727971086708123e-07,1.0214959011150152e-06,3.052527265049081e-06,1.8117120088188023e-05
2017-02-18,3.738364452061137e-06,1.45085055606078e-06,4.37422452432709e-07,2.254487012876282e-07,7.824449685241444e-07,2.4723084073341034e-06,1.734981911798025e-05
2017-02-19,7.454152340883216e-06,1.9152191357638174e-06,4.36204751077441e-07,1.4909349117745235e-07,9.34249434800012e-07,1.9493935386479404e-06,1.7148742290312823e-05
2017-02-20,7.43232119909006e-06,9.480811934780965e-07,2.1751533528039292e-07,1.2685507165890285e-07,7.747152775775619e-07,1.8631907584334314e-06,1.6119740206052637e-05
2017-02-21,0.0,0.0,3.254250701052852e-07,1.88832834737482e-07,6.804759153344666e-07,2.9091941170029673e-06,1.836882247164355e-05
2017-02-22,3.6954432608182106e-06,9.293079280343153e-07,2.1640645337878664e-07,3.1233657571240783e-07,5.782368978913811e-07,1.97330294630165e-06,1.757726719382217e-05
2017-02-23,7.371278842473662e-06,1.3800917394782366e-06,1.0794225042319683e-07,6.199659882270633e-08,7.196442799989256e-07,1.4138256080727723e-06,1.6559545770785995e-05
2017-02-24,0.0,0.0,6.46152410831969e-07,3.6919249328686415e-07,7.718501135082722e-07,1.1180373299712896e-06,1.5741876763158268e-05
2017-02-25,0.0,1.3527640920781796e-06,2.149053116347675e-07,1.221474377314935e-07,5.426540536779256e-07,1.4038439504866187e-06,1.6183322990828145e-05
2017-02-26,1.097530670158761e-05,4.4643462148794867e-07,3.216719655536957e-07,1.8186438881939294e-07,6.750637820973228e-07,1.685902774795848e-06,1.494446564554075e-05
2017-02-27,3.650100481417712e-06,1.3259775683520492e-06,5.35030218533094e-07,1.2035053842132113e-07,4.892435907021127e-07,1.3912012222783968e-06,1.4031281813119403e-05
2017-02-28,3.642130408729457e-06,0.0,3.2039639876664507e-07,5.97350930585908e-08,1.0930377570244376e-06,2.014502619979242e-06,1.6444361965544998e-05
2017-03-01,0.0,4.3085754129406486e-07,2.5655301124797686e-07,2.4325701882881994e-07,5.409742439409489e-07,1.710746313735528e-06,1.481285398568398e-05
2017-03-02,0.0,8.531408742555285e-07,5.987789687377047e-07,1.4498603623690362e-07,5.672348274827817e-07,1.4351322095518725e-06,1.3669609329731537e-05
2017-03-03,7.381564392155178e-06,4.2232599036065293e-07,2.567117669825663e-07,2.8806471980192216e-07,5.62753939869118e-07,1.7942141105962418e-06,1.1812289027519098e-05
2017-03-04,2.762776336006823e-06,4.1812377654451717e-07,6.473355225051299e-08,1.4309308692103596e-07,3.349975968710425e-07,1.5181543492537052e-06,1.499906292095532e-05
2017-03-05,2.7656681256384807e-06,0.0,1.2997825942758307e-07,2.9049078711104173e-07,6.291478507647903e-07,1.3746915248122151e-06,1.4587345584342697e-05
2017-03-06,0.0,2.0492218552347298e-06,2.6100482457679704e-07,2.895110013661206e-07,1.5608151658249908e-07,1.7897990061620857e-06,1.0542412470066442e-05
2017-03-07,2.7109042275576195e-06,8.115327028361226e-07,5.896782697463781e-07,2.3084813357007685e-07,4.379714295509738e-07,1.1366642861278451e-06,1.1968298722229398e-05
2017-03-08,5.367860559606676e-06,4.017289087624579e-07,6.486787476976654e-08,2.3011055105298824e-07,3.8641252381087335e-07,1.517863629467757e-06,1.8562951764269562e-05
2017-03-09,2.657224727313653e-06,0.0,6.42224286314692e-08,9.370452017965198e-08,5.753336277262438e-07,1.1774617522571583e-06,1.3930467430000595e-05
2017-03-10,0.0,8.311529729635004e-07,2.5433361915821556e-07,4.6608992361782894e-08,3.8073733571893105e-07,1.5538823075604099e-06,1.0727365047430194e-05
2017-03-11,2.6046081523907473e-06,5.485885751350936e-07,3.777044360466234e-07,9.274077114363385e-08,2.7159947560203393e-07,1.2952939153222234e-06,1.2383336611786342e-05
2017-03-12,5.157383736512374e-06,1.0862600552183847e-06,4.98594952152377e-07,2.306820792952513e-07,3.9009308063166224e-07,1.1796554052044753e-06,1.3980942030842084e-05
2017-03-13,0.0,8.065886903079929e-07,1.8511269355748823e-07,1.8362823930526657e-07,4.471941358608852e-07,1.0933996039373158e-06,1.1696054497346663e-05
2017-03-14,0.0,5.323753324955917e-07,1.2218052765430127e-07,1.827291781512867e-07,5.169695406229506e-07,5.81730448511795e-07,1.3667188860638577e-05
2017-03-15,2.5024800059470747e-06,0.0,1.209648110915266e-07,1.8184839006739673e-07,4.034788654399192e-07,8.088769958215187e-07,1.1936459467926715e-05
2017-03-16,0.0,5.218335946134217e-07,1.1976119111066545e-07,3.167251272045951e-07,1.253691446425333e-07,8.297664205881499e-07,1.186652402026181e-05
2017-03-17,0.0,0.0,5.928477367435832e-08,3.453858579669272e-08,3.1062392413404376e-07,1.0359113001363363e-06,9.055709637655127e-06
2017-03-18,2.428520544565783e-06,5.115005971269711e-07,1.7608464096046656e-07,7.60120037083832e-08,3.0785604931302173e-07,8.617999903987145e-07,1.097480664916334e-05
2017-03-19,0.0,2.53205540574079e-07,1.7433256950869186e-07,7.588628455709216e-08,3.3563085638882643e-07,7.697331097786163e-07,9.489026325186505e-06
2017-03-20,0.0,2.5068610334973517e-07,3.451958629182913e-07,9.790712886244571e-08,2.87247638907454e-07,7.880295973856232e-07,1.1975475623465132e-05
2017-03-21,0.0,0.0,2.2784073779543663e-07,1.3053061983498156e-07,3.4126737257419896e-07,1.0875003107528224e-06,1.0180404827779464e-05
2017-03-22,0.0,2.579980670195043e-07,1.1278684228782991e-07,0.0,1.6893585274055055e-07,1.1333893293504027e-06,9.620729968654585e-06
2017-03-23,0.0,1.2771547168013349e-07,2.2332918891231928e-07,1.3054534213415382e-07,2.7875818820009336e-07,6.841116795547772e-07,9.58574300824151e-06
2017-03-24,0.0,2.5288936300822554e-07,2.2110702635397823e-07,1.632153556923096e-07,4.012607436276741e-07,9.512086311597252e-07,9.570112397498603e-06
2017-03-25,0.0,0.0,1.641802310118968e-07,3.2653071077701887e-08,1.3242271083954878e-07,6.713573003639819e-07,6.644845575093013e-06
2017-03-26,2.2418070122244484e-06,1.2394090905702652e-07,1.0836440694548563e-07,1.306653454050424e-07,2.8843118227288077e-07,7.478369092217551e-07,1.0172914293288765e-05
2017-03-27,2.2195006597505348e-06,1.2270767640662987e-07,5.364308154035262e-08,0.0,2.3364101786509757e-07,6.575970220223551e-07,9.897561701047832e-06
2017-03-28,2.1974162591921856e-06,1.214867146261306e-07,1.0621864792163835e-07,6.540533706831347e-08,2.179644475365224e-07,1.0060343433462914e-06,8.434759505434814e-06
2017-03-29,0.0,2.405558032366665e-07,1.0516175471587946e-07,3.272573907674273e-08,2.1579566504676327e-07,6.54215367420444e-07,7.727244201115532e-06
2017-03-30,0.0,0.0,2.602884444330681e-07,6.550416444101587e-08,1.0385825310429523e-07,6.400503823770822e-07,7.6106415534528804e-06
2017-03-31,0.0,0.0,5.153970622755774e-08,9.834510179936603e-08,1.233898154632638e-07,6.983557211200811e-07,7.58273332136159e-06
2017-04-01,0.0,0.0,2.0379082945958207e-07,9.859802027537578e-08,1.6316277625794871e-07,5.423807163642647e-07,5.093778379686687e-06
2017-04-02,0.0,0.0,1.513223076195482e-07,6.580448300239684e-08,1.2115445963117613e-07,4.5307787135727176e-07,8.569014773565492e-06
2017-04-03,0.0,0.0,1.4981662550127416e-07,1.64708832477535e-07,1.7992342892372427e-07,6.251902006415936e-07,7.607205084903719e-06
2017-04-04,0.0,0.0,0.0,9.264584922855437e-08,1.583405874609009e-07,6.006707131099862e-07,9.086946266512347e-06
2017-04-05,1.1136548963405626e-06,0.0,4.895001918521464e-08,1.5474494502297933e-07,2.939345105463947e-07,5.123739222265674e-07,6.850447887349817e-06
2017-04-06,0.0,0.0,1.9385183342536143e-07,1.2407649276412652e-07,1.9706027092992983e-07,6.799179613802746e-07,7.820445998766996e-06
2017-04-07,0.0,0.0,1.4394223159106284e-07,1.0334307775189116e-07,1.7736317133885726e-07,3.823927591480613e-07,6.043485274287929e-06
2017-04-08,0.0,0.0,6.72147353175811e-08,1.0385767507045664e-07,1.7559837829726087e-07,4.647954504139005e-07,5.963593788945713e-06
2017-04-09,0.0,0.0,9.981890628999824e-08,0.0,6.954045809593066e-08,5.556345994231364e-07,6.265727246009197e-06
2017-04-10,2.1186826122768715e-06,0.0,3.294189719247885e-08,7.868855982638138e-08,1.3707615807240148e-07,5.176882717646088e-07,6.08314704612396e-06
2017-04-11,0.0,0.0,1.3045647935518347e-07,5.27319965946742e-08,2.2618704585092627e-07,5.51500312240502e-07,5.6079865994965685e-06
2017-04-12,0.0,0.0,2.2602722746992704e-07,1.3252556637174272e-07,1.0450367533243168e-07,5.67395988413071e-07,4.7703467227834425e-06
2017-04-13,0.0,0.0,9.590495099116572e-08,1.5988127270865054e-07,1.1824439587320117e-07,5.746322466364196e-07,5.405868004248054e-06
2017-04-14,0.0,0.0,6.330045385635047e-08,1.339565450264296e-07,1.3170132503553783e-07,5.399204367107318e-07,3.6886174704665455e-06
2017-04-15,0.0,0.0,3.1335301908363336e-08,8.081525513707034e-08,1.5936662494619704e-07,3.696459657175243e-07,4.382664782665718e-06
2017-04-16,0.0,0.0,3.1023510444855116e-08,1.6252932970228578e-07,1.8543409074560642e-07,2.610305359385473e-07,3.5673992421135138e-06
2017-04-17,0.0,0.0,9.214446407473314e-08,1.0896293479922844e-07,1.7134972466650808e-07,3.9803647167975526e-07,5.011160519502421e-06
2017-04-18,0.0,0.0,6.081840755873049e-08,2.7395969878637258e-08,7.791798959160735e-08,5.389595402407832e-07,4.50678551960896e-06
2017-04-19,0.0,0.0,3.0106627146205136e-08,8.266183703185598e-08,7.337735140214991e-08,4.2005943409536344e-07,4.914633418277271e-06
2017-04-20,9.585316522651434e-07,0.0,2.980706120084859e-08,5.5429353786925626e-08,4.6230058354233595e-08,4.0067060602790293e-07,3.8937617328515175e-06
2017-04-21,0.0,0.0,2.9510475986451417e-08,1.1151271840170116e-07,3.923148136099141e-08,2.5815532154006423e-07,4.02984250830645e-06
2017-04-22,9.395514538728256e-07,0.0,5.8433683688490085e-08,2.804447014857971e-08,6.288904653665298e-08,3.2152884471320363e-07,4.486169099815273e-06
2017-04-23,9.302027607055802e-07,0.0,8.677838823171164e-08,8.464069550135834e-08,3.1131645034128486e-08,2.294273518434284e-07,3.184516216252707e-06
2017-04-24,0.0,0.0,5.727661922788457e-08,1.1214130246509728e-07,7.045001140657605e-08,3.321473723052147e-07,4.401414549383438e-06
2017-04-25,0.0,0.0,1.417667683607038e-07,1.1143955848541467e-07,3.487451104035381e-08,2.47961585889143e-07,4.201205109531504e-06
2017-04-26,0.0,0.0,8.421369926800297e-08,5.537447927722361e-08,6.042313175077517e-08,2.674072254908159e-07,4.111638031879578e-06
2017-04-27,0.0,0.0,0.0,1.651041504174395e-07,2.1364968408735364e-08,2.2305775831447515e-07,2.8647752216920275e-06
2017-04-28,0.0,0.0,0.0,1.0940091570389139e-07,2.1152383421124677e-08,2.9942151646326504e-07,2.1641555410238892e-06
2017-04-29,0.0,0.0,0.0,1.535047123194241e-07,3.3507061903173033e-08,1.6354543439186594e-07,2.4322357270592956e-06
2017-04-30,0.0,0.0,0.0,8.727949094044394e-08,2.0733538166662213e-08,2.5873675518458604e-07,2.683692799652712e-06
2017-05-01,0.0,0.0,0.0,4.348551356168496e-08,2.4670563879774022e-08,2.7298653663073524e-07,2.359672719549477e-06
2017-05-02,0.0,0.0,0.0,1.731007418480237e-07,5.292102327994842e-08,2.0857455284751823e-07,2.5942725695321732e-06
2017-05-03,0.0,0.0,0.0,4.306918491693586e-08,3.1608101898277138e-09,2.9826301795386176e-07,2.165090513466334e-06
2017-05-04,0.0,0.0,0.0,1.286024739787458e-07,1.2517438411806416e-08,3.153147045321008e-07,2.266851271031654e-06
2017-05-05,0.0,0.0,0.0,6.400512678062549e-08,1.1360147167026527e-08,3.6632805297321635e-07,1.931961972118308e-06
2017-05-06,0.0,0.0,0.0,6.371541713789392e-08,1.2269576524451668e-08,3.057373903937228e-07,1.5924214810760556e-06
2017-05-07,0.0,0.0,0.0,1.2616287628926156e-07,5.061455082585863e-09,1.629385282392712e-07,1.5014528478517989e-06
2017-05-08,0.0,0.0,0.0,6.245376734775012e-08,1.3028841183911836e-08,2.707061940491854e-07,1.574750199005914e-06
2017-05-09,0.0,0.0,0.0,1.0305390329941537e-07,0.0,2.594015665639539e-07,1.4610143800032341e-06
2017-05-10,0.0,0.0,0.0,4.0811399931515615e-08,0.0,3.108940623850048e-07,1.4486711536659456e-06
2017-05-11,0.0,0.0,0.0,4.0405319717267846e-08,0.0,2.794836011027244e-07,1.7709927979662337e-06
2017-05-12,0.0,0.0,0.0,6.000492010299451e-08,0.0,2.1714816250707883e-07,1.7200484142764467e-06
2017-05-13,0.0,0.0,0.0,9.901310195350305e-08,0.0,3.719004099777564e-07,1.637869528045285e-06
2017-05-14,0.0,0.0,0.0,1.9605581025611023e-08,0.0,3.0965334786429224e-07,1.4095746514291796e-06
2017-05-15,0.0,0.0,0.0,9.705251117481019e-08,0.0,2.269084788715207e-07,1.6294416594200454e-06
2017-05-16,0.0,0.0,0.0,9.608682255356011e-08,0.0,2.164532303304687e-07,1.8976541662927725e-06
2017-05-17,0.0,0.0,0.0,9.5130742694638e-08,0.0,2.0009895771362772e-07,1.6215300004275232e-06
2017-05-18,0.0,0.0,0.0,5.651050559355673e-08,0.0,2.3753774914991992e-07,1.6979314585376674e-06
2017-05-19,0.0,0.0,0.0,3.729881111198818e-08,0.0,2.3688620737552775e-07,1.4049162831850913e-06
2017-05-20,0.0,0.0,0.0,3.692768174046552e-08,0.0,2.6293871276258565e-07,1.3035195408567766e-06
2017-05-21,0.0,0.0,0.0,7.312049033578015e-08,0.0,3.3662614350130195e-07,1.4657646141632283e-06
2017-05-22,0.0,0.0,0.0,5.4294696975447595e-08,0.0,3.577696724089525e-07,1.6523363320222498e-06
2017-05-23,0.0,0.0,0.0,8.959075952333892e-08,0.0,3.572970299925343e-07,1.934512996041056e-06
2017-05-24,0.0,0.0,0.0,5.321958994292603e-08,0.0,3.5960194480042324e-07,1.3063084742791686e-06
2017-05-25,0.0,0.0,0.0,5.2690046175192816e-08,0.0,2.3198718260478584e-07,1.20952334429682e-06
2017-05-26,0.0,0.0,0.0,1.217201333972998e-07,0.0,2.3199630941120492e-07,1.4446051730202e-06
2017-05-27,0.0,0.0,0.0,1.721557111913189e-08,0.0,3.4804295406284403e-07,1.3480457000053005e-06
2017-05-28,0.0,0.0,0.0,8.522136662196755e-08,0.0,3.01709415448414e-07,1.0742028098131946e-06
2017-05-29,0.0,0.0,0.0,5.062403991357351e-08,0.0,3.598525012421282e-07,1.4071728268570546e-06
2017-05-30,0.0,0.0,0.0,6.682709640019296e-08,0.0,3.1355755939172086e-07,1.5020675870060284e-06
2017-05-31,0.0,0.0,0.0,3.308107784047533e-08,0.0,4.763995825527218e-07,1.678195761451921e-06
2017-06-01,0.0,0.0,0.0,6.545040816956692e-08,0.0,2.9046070109482785e-07,1.569731920961914e-06
2017-06-02,0.0,0.0,0.0,3.239958286354746e-08,0.0,4.06945192750819e-07,1.5530385638218248e-06
2017-06-03,0.0,0.0,0.0,0.0,0.0,3.258288790618209e-07,1.5815183731771644e-06
2017-06-04,0.0,0.0,0.0,4.763704220781226e-08,0.0,2.454330700102909e-07,1.5876485304149783e-06
2017-06-05,0.0,0.0,0.0,6.288406095752883e-08,0.0,2.681522107217369e-07,1.4345034396867358e-06
2017-06-06,0.0,0.0,0.0,9.338753114471097e-08,0.0,3.3573258700506654e-07,1.808203498678214e-06
2017-06-07,0.0,0.0,0.0,1.540971828067772e-08,0.0,2.690467873171524e-07,1.2878166145510533e-06
2017-06-08,0.0,0.0,0.0,1.5256389021906495e-08,0.0,2.6953440993318966e-07,1.147549546097521e-06
2017-06-09,0.0,0.0,0.0,3.0209170829502314e-08,0.0,2.362928629379789e-07,1.6464576888485128e-06
2017-06-10,0.0,0.0,0.0,0.0,0.0,2.491575883157907e-07,1.1657097155419047e-06
2017-06-11,0.0,0.0,0.0,2.96109891687753e-08,0.0,3.1573757758777193e-07,1.5323854883818996e-06
2017-06-12,0.0,0.0,0.0,5.863270980738881e-08,0.0,4.2237513930898015e-07,1.3892885367605588e-06
2017-06-13,0.0,0.0,0.0,7.986341735471395e-09,0.0,3.4324491301801367e-07,1.1032583800117124e-06
2017-06-14,0.0,0.0,0.0,1.1860314461201247e-08,0.0,3.10650327669896e-07,1.3142936016881565e-06
2017-06-15,0.0,0.0,0.0,3.9141007868417164e-09,0.0,2.4298656582295113e-07,1.3005101284977784e-06
2017-06-16,0.0,0.0,0.0,7.750309666580257e-09,0.0,2.676548431728909e-07,1.3904015954021596e-06
2017-06-17,0.0,0.0,0.0,1.5346385593804706e-08,0.0,3.979601082658345e-07,1.3561328668405455e-06
2017-06-18,0.0,0.0,0.0,1.1395264879347736e-08,0.0,3.403092953769367e-07,1.026520320914069e-06
2017-06-19,0.0,0.0,0.0,0.0,0.0,3.014163543072055e-07,1.3884618659239818e-06
2017-06-20,0.0,0.0,0.0,1.1169623516715713e-08,0.0,2.896001855434404e-07,1.3944025551032739e-06
2017-06-21,0.0,0.0,0.0,1.4744645207686917e-08,0.0,3.331585376196163e-07,1.6038713008036611e-06
2017-06-22,0.0,0.0,0.0,1.0948450152420676e-08,0.0,2.9345640690585867e-07,1.3652320941118958e-06
2017-06-23,0.0,0.0,0.0,0.0,0.0,4.2204062754255937e-07,1.141195234368238e-06
2017-06-24,0.0,0.0,0.0,0.0,0.0,3.391995852282031e-07,1.10419326067092e-06
2017-06-25,0.0,0.0,0.0,7.083249699796752e-09,0.0,2.4478522165748125e-07,1.328084438784553e-06
2017-06-26,0.0,0.0,0.0,0.0,0.0,4.1019857954431744e-07,1.6421310786446448e-06
2017-06-27,0.0,0.0,0.0,0.0,0.0,4.1246280985928713e-07,1.6295151927640772e-06
2017-06-28,0.0,0.0,0.0,0.0,0.0,3.996368949242967e-07,1.6168092686362163e-06
2017-06-29,0.0,0.0,0.0,0.0,0.0,3.3153078979901254e-07,1.6262855023604575e-06
2017-06-30,0.0,0.0,0.0,0.0,0.0,2.769672924558058e-07,1.0532663726238126e-06
2017-07-01,0.0,0.0,0.0,0.0,0.0,3.7498430002546686e-07,1.2777677805131902e-06
2017-07-02,0.0,0.0,0.0,0.0,0.0,3.202904816068954e-07,1.2810333285687721e-06
2017-07-03,0.0,0.0,0.0,0.0,0.0,4.18932941917561e-07,1.5322988545558332e-06
2017-07-04,0.0,0.0,0.0,0.0,0.0,3.3611006726250185e-07,1.4425355321923632e-06
2017-07-05,0.0,0.0,0.0,0.0,0.0,2.8092282689814486e-07,1.4391581769254528e-06
2017-07-06,0.0,0.0,0.0,0.0,0.0,3.5222752949291384e-07,1.4653549601754278e-06
2017-07-07,0.0,0.0,0.0,0.0,0.0,3.5726247475141324e-07,1.9812907043811044e-06
2017-07-08,0.0,0.0,0.0,0.0,0.0,2.524472232890259e-07,1.3783186597537344e-06
2017-07-09,0.0,0.0,0.0,0.0,0.0,3.851989941092744e-07,1.3497023859533496e-06
2017-07-10,0.0,0.0,0.0,0.0,0.0,3.9840240571461825e-07,1.7005547819080554e-06
2017-07-11,0.0,0.0,0.0,0.0,0.0,4.6475675628402325e-07,1.9518976871840955e-06
2017-07-12,0.0,0.0,0.0,0.0,0.0,3.439222408250087e-07,1.4274511448974542e-06
2017-07-13,0.0,0.0,0.0,0.0,0.0,3.304223293273793e-07,1.3284015443656958e-06
2017-07-14,0.0,0.0,0.0,0.0,0.0,3.1701280875897326e-07,1.3296567952636219e-06
2017-07-15,0.0,0.0,0.0,0.0,0.0,2.9103605759450964e-07,1.3310450129491253e-06
2017-07-16,0.0,0.0,0.0,0.0,0.0,2.904494349790542e-07,1.3577090973063602e-06
2017-07-17,0.0,0.0,0.0,0.0,0.0,2.898918575491387e-07,1.6160885456732162e-06
2017-07-18,0.0,0.0,0.0,0.0,0.0,3.0194428126597087e-07,1.648413723481869e-06
2017-07-19,0.0,0.0,0.0,0.0,0.0,3.516600568320775e-07,1.2648882262618802e-06
2017-07-20,0.0,0.0,0.0,0.0,0.0,3.5108695181925647e-07,1.8249861596425213e-06
2017-07-21,0.0,0.0,0.0,0.0,0.0,3.380293502301126e-07,2.137845990688515e-06
2017-07-22,0.0,0.0,0.0,0.0,0.0,4.25055875304722e-07,1.5411100238301139e-06
2017-07-23,0.0,0.0,0.0,0.0,0.0,1.9975890229295452e-07,1.6653938421015826e-06
2017-07-24,0.0,0.0,0.0,0.0,0.0,3.9902297276311805e-07,2.071072471186727e-06
2017-07-25,0.0,0.0,1.271573048671509e-07,0.0,0.0,3.113812840391591e-07,2.3191884564198783e-06
2017-07-26,0.0,0.0,1.2843525702703825e-07,0.0,0.0,3.6082613043422485e-07,1.9936848894718984e-06
2017-07-27,0.0,0.0,4.324201760655268e-08,0.0,0.0,2.2374996473591877e-07,2.020225551519581e-06
2017-07-28,0.0,0.0,8.735321421711015e-08,0.0,0.0,3.353418872675319e-07,1.8095575965002413e-06
2017-07-29,0.0,0.0,4.4115564307665616e-08,0.0,0.0,2.7303822080688995e-07,1.5206459355949601e-06
2017-07-30,0.0,0.0,8.911786619994004e-08,0.0,0.0,2.838838128017606e-07,1.7621827083947258e-06
2017-07-31,0.0,0.0,9.001351564543396e-08,0.0,0.0,2.946229202045083e-07,2.2766280403947775e-06
2017-08-01,0.0,0.0,4.5459825795393754e-08,0.0,0.0,3.542504478423234e-07,2.144188269802481e-06
2017-08-02,0.0,0.0,4.5916704640254634e-08,0.0,0.0,2.9768918110381835e-07,2.3539288926799026e-06
2017-08-03,0.0,0.0,4.637817519384359e-08,0.0,0.0,2.426762634081188e-07,2.4429870694798824e-06
2017-08-04,0.0,0.0,4.684428360360053e-08,0.0,0.0,4.298896341266324e-07,1.718271206934851e-06
2017-08-05,0.0,0.0,0.0,0.0,0.0,2.9452348013950123e-07,1.8983725823215741e-06
2017-08-06,0.0,0.0,0.0,0.0,0.0,2.801851398917393e-07,1.4158139322188343e-06
2017-08-07,0.0,0.0,0.0,0.0,0.0,3.30953094034479e-07,1.6698565026467478e-06
2017-08-08,0.0,0.0,4.875603508395127e-08,0.0,0.0,3.940626548253603e-07,1.8576822912644713e-06
2017-08-09,0.0,0.0,0.0,0.0,0.0,4.3012310374353645e-07,1.588791780706539e-06
2017-08-10,0.0,0.0,4.97409723270386e-08,0.0,0.0,2.716129180850834e-07,1.8875161308310316e-06
2017-08-11,0.0,0.0,5.0240877409854325e-08,0.0,0.0,4.2356017833810927e-07,1.1679306476475052e-06
2017-08-12,0.0,0.0,0.0,0.0,0.0,4.0760476431421317e-07,1.7363054336520903e-06
2017-08-13,0.0,0.0,1.0251162091530668e-07,0.0,0.0,2.8174815641519954e-07,1.8855052733256115e-06
2017-08-14,0.0,0.0,5.1770939916787213e-08,0.0,0.0,2.4472372146401437e-07,1.752601895854653e-06
2017-08-15,0.0,0.0,1.0458249302611068e-07,0.0,0.0,3.0078567831719666e-07,2.2536283027745687e-06
2017-08-16,0.0,0.0,5.281678227755097e-08,0.0,0.0,2.641551426524922e-07,2.39602999098595e-06
2017-08-17,0.0,0.0,5.3347599764288486e-08,0.0,0.0,2.813893268682008e-07,2.1548744635554924e-06
2017-08-18,0.0,0.0,1.0776750411091783e-07,0.0,0.0,2.295789862638954e-07,2.1958138303403258e-06
2017-08-19,0.0,0.0,5.442529276673816e-08,0.0,0.0,2.4786923677515224e-07,1.8337079036213146e-06
2017-08-20,0.0,0.0,0.0,0.0,0.0,2.5606971967901076e-07,2.024777093131118e-06
2017-08-21,0.0,0.0,2.776237830598739e-07,0.0,0.0,2.3481326796666755e-07,2.4149058548988098e-06
2017-08-22,0.0,0.0,5.6082789693232876e-08,0.0,0.0,1.4579873032583668e-07,2.772581441590635e-06
2017-08-23,0.0,0.0,1.6993929330058838e-07,0.0,0.0,2.8005057978960687e-07,2.2383502634314876e-06
2017-08-24,0.0,0.0,1.1443147439494982e-07,0.0,0.0,3.4541580360904316e-07,2.194259186269713e-06
2017-08-25,0.0,0.0,2.3116305966461354e-07,0.0,0.0,3.241495338473255e-07,1.9143228608465675e-06
2017-08-26,0.0,0.0,1.7511471527844783e-07,0.0,0.0,2.178948606486648e-07,1.9213844696585773e-06
2017-08-27,0.0,0.0,1.1791643161726181e-07,0.0,0.0,1.882903348931108e-07,2.495884753377157e-06
2017-08-28,0.0,0.0,0.0,0.0,0.0,2.341265432904296e-07,2.1988453958643264e-06
2017-08-29,0.0,0.0,0.0,0.0,0.0,2.103674063885485e-07,2.356161422235349e-06
2017-08-30,0.0,0.0,3.037688039690682e-07,0.0,2.2290800139860343e-08,1.1211788240240143e-07,2.182106594191242e-06
2017-08-31,0.0,0.0,1.8409303872234913e-07,0.0,2.2514826405705734e-08,1.561702125696535e-07,2.3719725953633425e-06
2017-09-01,0.0,0.0,6.188571112885891e-08,0.0,1.0324321943723156e-08,1.9577715298319078e-07,2.2226664881912705e-06
2017-09-02,0.0,0.0,5.00061382926612e-07,0.0,6.526038899260175e-08,1.3208587528561838e-07,2.888813564521734e-06
2017-09-03,0.0,0.0,2.5254354168868235e-07,0.0,1.6479066701488797e-08,1.8168047959434945e-07,2.724379388789118e-06
2017-09-04,0.0,0.0,1.2754082323934055e-07,0.0,4.993405222568973e-08,9.360766728734761e-08,2.013335759195129e-06
2017-09-05,0.0,0.0,5.152905192917932e-07,0.0,9.246581262187041e-08,1.5542005593380717e-07,1.9451466537430935e-06
2017-09-06,0.0,0.0,6.505865938844543e-08,0.0,5.943325149255045e-08,2.7755145500665385e-07,2.137166427030388e-06
2017-09-07,0.0,0.0,6.571250978557128e-08,0.0,9.43337459434951e-08,2.1500493372935146e-07,2.3497084047535393e-06
2017-09-08,0.0,0.0,0.0,0.0,7.795784933337493e-08,2.8687042975952565e-07,2.3195069569555512e-06
2017-09-09,0.0,0.0,6.703999053976112e-08,0.0,6.124326346809824e-08,1.3457639148216476e-07,2.1802313366407453e-06
2017-09-10,0.0,0.0,2.7085501458402704e-07,0.0,7.953270235551302e-08,1.975537325899096e-07,2.1399902346593014e-06
2017-09-11,0.0,0.0,1.3678857636809068e-07,0.0,6.248045945776548e-08,2.2471421955742263e-07,2.3442982614539505e-06
2017-09-12,0.0,0.0,1.3816332441579545e-07,0.0,6.31083985148116e-08,2.969446032708993e-07,2.705617513134156e-06
2017-09-13,0.0,0.0,1.3678857636809068e-07,0.0,9.106092637757104e-08,2.2522434199528973e-07,2.950896708974739e-06
2017-09-14,0.0,0.0,6.771375364600676e-08,0.0,1.1037132468300572e-07,2.1649264687822302e-07,2.8330500942256733e-06
2017-09-15,0.0,0.0,6.703999053976112e-08,0.0,1.0219052702592332e-07,2.167915748860669e-07,2.5230397962506597e-06
2017-09-16,0.0,0.0,6.637293148843629e-08,0.0,7.506731556142038e-08,2.2615852315839532e-07,2.868504287143701e-06
2017-09-17,0.0,0.0,2.628500391422851e-07,0.0,1.1373263193805895e-07,1.8121208414766898e-07,3.0966793615901384e-06
2017-09-18,0.0,0.0,3.2529329694222713e-07,0.0,1.1487566389195862e-07,2.602291578145572e-07,3.4826779984205346e-06
2017-09-19,0.0,0.0,1.9323394473442246e-07,0.0,9.66918195899813e-08,2.5362928016524285e-07,3.0534750740466407e-06
2017-09-20,0.0,0.0,0.0,0.0,2.9299076559759845e-08,2.5494049771029e-07,3.4674727287773048e-06
2017-09-21,0.0,0.0,6.313588542217059e-08,0.0,1.0850963630685666e-07,1.672359641016761e-07,3.760171635800536e-06
2017-09-22,0.0,0.0,0.0,0.0,3.985460955708468e-08,2.229119337556644e-07,2.569059321263303e-06
2017-09-23,0.0,0.0,2.4754284451543564e-07,0.0,8.051031008441533e-08,1.432702757710051e-07,2.6846502562177653e-06
2017-09-24,0.0,0.0,2.4507975205830326e-07,0.0,5.082465759547618e-08,2.1488152476907876e-07,3.0722239957329913e-06
2017-09-25,0.0,0.0,6.066029194515261e-08,0.0,1.232050893511352e-07,2.0692063813122503e-07,3.832904942656843e-06
2017-09-26,0.0,0.0,1.201134239109487e-07,0.0,1.2444332108473397e-07,2.0314524364858516e-07,3.6849286385350156e-06
2017-09-27,0.0,0.0,1.7837741306111716e-07,0.0,1.2569399725414432e-07,1.7291014292725657e-07,3.4500747132517427e-06
2017-09-28,0.0,0.0,1.766025281457657e-07,0.0,1.2695724292802544e-07,1.1151766011555684e-07,3.696434071605582e-06
2017-09-29,0.0,0.0,1.1656353575359873e-07,0.0,8.54887896213316e-08,1.491866021824275e-07,3.419757679688454e-06
2017-09-30,0.0,0.0,1.1540370919406563e-07,0.0,6.476097468063696e-08,8.108636773357608e-08,3.137514308666658e-06
2017-10-01,0.0,0.0,1.7119141947136947e-07,0.0,1.742357265062902e-07,1.4386774605362775e-07,3.316958331869426e-06
2017-10-02,0.0,0.0,5.649601212897113e-08,0.0,7.699423579299806e-08,1.6237621278212023e-07,1.9647643526219916e-06
2017-10-03,0.0,0.0,2.237354696631154e-07,0.0,1.4442636135058023e-07,1.5571478563145158e-07,2.978591228297751e-06
2017-10-04,0.0,0.0,1.661319484078196e-07,0.0,8.977099717754585e-08,2.160495401894652e-07,2.500233082994214e-06
2017-10-05,0.0,0.0,1.6447890790158717e-07,0.0,1.0200736203580413e-07,1.9331398034980474e-07,3.178774419476736e-06
2017-10-06,0.0,0.0,5.428077180773703e-08,0.0,1.0136433347462228e-07,1.5705612052356775e-07,2.985799196572878e-06
2017-10-07,0.0,0.0,1.0748133820805315e-07,0.0,7.313075854458397e-08,1.9515479409049747e-07,1.912662990915664e-06
2017-10-08,0.0,0.0,5.320594051201056e-08,0.0,7.386573488694897e-08,1.776215922855359e-07,2.339666511652154e-06
2017-10-09,0.0,0.0,1.5802959767515256e-07,0.0,1.4921619572871536e-07,1.6928746451392066e-07,3.0768078983817857e-06
2017-10-10,0.0,0.0,1.0430478460382179e-07,0.0,1.5071584342745287e-07,2.746960453876278e-07,3.8013908274435035e-06
2017-10-11,0.0,0.0,2.0653386931251309e-07,0.0,3.0446112567226025e-08,1.5951839458038392e-07,3.2567818398499452e-06
2017-10-12,0.0,0.0,5.11197057441065e-08,0.0,9.22563032567701e-08,2.3550890500063935e-07,2.197368348912728e-06
2017-10-13,0.0,2.4860659463323117e-07,1.0122211234651804e-07,0.0,1.5530582419844716e-08,2.58633871676517e-07,3.3793129922992628e-06
2017-10-14,0.0,2.511051324475211e-07,2.0042987100081965e-07,0.0,1.098066715765502e-07,1.518853008752844e-07,3.4166761883830057e-06
2017-10-15,0.0,0.0,4.9608890115682164e-08,0.0,1.4259888896509402e-07,2.9490949014928637e-07,2.3095399392393412e-06
2017-10-16,0.0,5.123555852211141e-07,1.964610936460475e-07,0.0,4.801067720840331e-08,3.299186886725533e-07,3.5525203758746087e-06
2017-10-17,0.0,2.587524222295465e-07,9.725313655122454e-08,0.0,1.454795776085155e-07,1.6467541157318568e-07,4.120079388617854e-06
2017-10-18,0.0,5.227058546127734e-07,4.814272583706249e-08,0.0,1.4694167167081525e-07,3.19852292313427e-07,2.3292360518862837e-06
2017-10-19,0.0,2.639795678937523e-07,1.4299109313364653e-07,0.0,9.854962597626213e-08,3.340796940178373e-07,3.474157227001131e-06
2017-10-20,0.0,7.99897819973673e-07,0.0,0.0,1.2982459351541658e-07,2.0430000311233423e-07,2.871451715246369e-06
2017-10-21,0.0,0.0,9.343978652285532e-08,0.0,9.33403460931598e-08,2.0038608735532098e-07,3.371699081577359e-06
2017-10-22,0.0,2.7201894260720726e-07,0.0,0.0,1.1156176642855972e-07,3.327858654937941e-07,3.4117996483015468e-06
2017-10-23,0.0,5.495055568609368e-07,1.8317910956753844e-07,0.0,2.5929463890152435e-07,2.5160749945659533e-07,5.104397422342371e-06
2017-10-24,0.0,2.77514089760534e-07,1.8135644697366207e-07,0.0,1.597327556915846e-07,4.227512679207737e-07,4.269510775025339e-06
2017-10-25,0.0,0.0,1.346639401317105e-07,0.0,1.3939063867037405e-07,3.5010934068411123e-07,5.2181359043895105e-06
2017-10-26,0.0,0.0,4.444133717980263e-08,0.0,2.979194041942241e-07,4.252757075370878e-07,4.132799000802803e-06
2017-10-27,0.0,2.859656520297256e-07,1.7599655394581722e-07,0.0,1.7830462491294267e-07,4.15404797453316e-07,4.000721057722312e-06
2017-10-28,0.0,2.8883965461295735e-07,4.356133974362071e-08,0.0,7.293832191121801e-08,2.979096615863764e-07,3.7046410405221144e-06
2017-10-29,0.0,8.32091677437933e-07,2.1563948585531357e-07,0.0,2.4064943036175266e-07,2.869108586519126e-07,3.5887718219978895e-06
2017-10-30,0.0,0.0,4.2698767424161846e-08,0.0,8.029693378576499e-08,4.964646170100361e-07,5.464627089644198e-06
2017-10-31,0.0,8.489010443472903e-07,1.6909563035834335e-07,0.0,1.4610593137079753e-07,4.940251192802735e-07,5.8114300178784264e-06
2017-11-01,0.0,4.2967682981685883e-07,2.094938974739789e-07,0.0,3.2244723248670603e-07,5.920515754310482e-07,4.5220525654720236e-06
2017-11-02,0.0,0.0,0.0,0.0,2.05610595928762e-07,5.898264960340148e-07,5.268047425136685e-06
2017-11-03,0.0,4.383568775576077e-07,0.0,6.440200641128042e-09,1.4717718549130609e-07,4.562561406835011e-07,6.2755732111900115e-06
2017-11-04,0.0,8.855248748391118e-07,2.11599346146706e-08,0.0,6.305008337060101e-08,6.172418193788432e-07,5.418317019272243e-06
2017-11-05,0.0,4.472122738942159e-07,2.1372595493038108e-08,8.760401765493333e-09,1.0212831849649425e-07,9.263678521236699e-07,6.245223212473529e-06
2017-11-06,0.0,9.03413663937887e-07,2.158739364876548e-08,2.273683555304084e-08,1.783860122232569e-07,1.396823557064506e-06,6.763396483840369e-06
2017-11-07,0.0,4.562465611032916e-07,1.795548681914717e-07,5.516634775495436e-08,5.183735265846183e-07,1.3142297536352329e-06,8.509724953874127e-06
2017-11-08,0.0,9.216638305479134e-07,1.3420757630814778e-07,1.1722904263060689e-07,5.576616892705143e-07,6.508379083341062e-07,6.9959987131780195e-06
2017-11-09,0.0,0.0,2.788271446600197e-07,2.960180352404039e-08,4.240107181819017e-07,1.338589738018798e-06,8.347006087939379e-06
2017-11-10,0.0,0.0,8.453912696318501e-08,1.6253189732265244e-07,3.5938215944103685e-07,7.611576621504133e-07,8.142408720696867e-06
2017-11-11,0.0,1.424599009453595e-06,0.0,4.461923175688412e-08,2.1360175246086675e-07,6.575498980483095e-07,7.5156580232208424e-06
2017-11-12,0.0,1.918555290035392e-06,8.62469306125334e-08,2.017379854352589e-07,2.2227571279870923e-07,6.633201020878289e-07,8.591406126949061e-06
2017-11-13,0.0,0.0,1.7422745335137197e-07,1.5282411442208002e-07,2.742206653333265e-07,8.94643823248147e-07,1.1387014533346113e-05
2017-11-14,0.0,9.78656338904764e-07,2.639677025523035e-07,5.145334076883732e-08,4.213962302631685e-07,1.1977186097785015e-06,1.1044280946126763e-05
2017-11-15,0.0,4.942459993143685e-07,2.6662062206777817e-07,1.0394091088120552e-07,9.95697299052286e-08,1.2544315029844987e-06,9.398953820727313e-06
2017-11-16,0.0,0.0,3.539399423263266e-07,2.624638360061057e-07,6.374054458825216e-07,1.1776252407201654e-06,1.2120592615080686e-05
2017-11-17,0.0,5.671473597934414e-07,3.574970978844669e-07,3.5032297289946266e-07,3.38909393816249e-07,1.41658112591637e-06,1.0412777665640955e-05
2017-11-18,0.0,5.728472855207102e-07,4.814533379337479e-07,2.948698144254373e-07,4.548183030131895e-07,1.3190082402833465e-06,1.0193638267533853e-05
2017-11-19,0.0,0.0,2.8546588144094753e-07,7.030032880091151e-08,3.5246092024286586e-07,1.0957600298908414e-06,9.175364753273646e-06
2017-11-20,0.0,1.1688391366378364e-06,1.4416743062312915e-07,2.2107082735570788e-07,5.322378679275093e-07,1.3279288700108407e-06,1.1086355261801758e-05
2017-11-21,0.0,1.1805861652555611e-06,4.3684901216696053e-07,1.5601752922885433e-07,2.4219836782372804e-07,1.3719345917239639e-06,1.4164451523460079e-05
2017-11-22,0.0,0.0,1.4707980590993073e-07,8.237065497790283e-08,1.8896955460141968e-07,1.460732838543133e-06,1.0723078282130138e-05
2017-11-23,0.0,0.0,5.942319301361301e-07,5.823894567628417e-07,5.891089584554681e-07,2.422202093954251e-06,1.1631155047243391e-05
2017-11-24,0.0,6.082701833551945e-07,1.5005101508018652e-07,0.0,3.9555462389353114e-07,1.6515818126569447e-06,1.1217562145636892e-05
2017-11-25,0.0,1.2287668006604636e-06,4.5467715855867414e-07,1.6975842977340156e-07,3.375847933826798e-07,1.1716406552871722e-06,1.0080553837478005e-05
2017-11-26,0.0,1.2411161123145798e-06,4.804066745862142e-07,1.7146453035657027e-07,3.45634914651921e-07,1.7183665727122029e-06,1.2688302404319648e-05
2017-11-27,0.0,0.0,1.6174494731138508e-07,2.758821679063133e-07,3.4770752348294017e-07,2.484646375145533e-06,1.4586121259996992e-05
2017-11-28,0.0,1.266188320912132e-06,4.901115331706533e-07,1.8576988652620957e-07,6.996298067121296e-07,1.8400583120528186e-06,1.370332763013172e-05
2017-11-29,0.0,1.2789137250973208e-06,3.300248239792641e-07,1.876369049250049e-07,8.446974360264924e-07,2.1102328562534834e-06,1.4136543359391145e-05
2017-11-30,0.0,0.0,3.333416286021789e-07,2.84284030755986e-07,6.374426808344614e-07,1.4960878960126088e-06,1.9356036786753987e-05
2017-12-01,0.0,1.2914399435108595e-06,3.3618918262921905e-07,2.8624419682527175e-07,7.104089716254569e-07,1.0361414966456518e-06,1.660427970617951e-05
2017-12-02,0.0,1.2883162652232008e-06,0.0,9.637366627674638e-08,3.574458778990541e-07,1.606157119103596e-06,1.0112239820192888e-05
2017-12-03,0.0,2.2979149798785594e-06,3.4298065462082905e-07,1.9468447545068304e-07,2.877784118968338e-07,1.8973619633406733e-06,1.2213360907074296e-05
2017-12-04,0.0,2.2973333982735525e-06,5.196415012596085e-07,3.9328217391531204e-07,5.792577991108602e-07,1.7650173069142646e-06,1.465429388521466e-05
2017-12-05,0.0,2.2969815519228232e-06,5.248639851711355e-07,5.958520882115787e-07,4.372625255180103e-07,2.674556892541143e-06,1.6562520558286016e-05
2017-12-06,0.0,0.0,5.301389559185677e-07,3.0092025062777776e-07,1.0269593327462326e-06,1.8544836159145747e-06,1.587867821371258e-05
2017-12-07,0.0,0.0,1.784889803344586e-07,2.026296996170644e-07,5.907097920416292e-07,2.3295770689842213e-06,1.328770467885196e-05
2017-12-08,0.0,7.657680624655983e-07,3.6056564881900536e-07,6.139984858632921e-07,6.511758715885831e-07,2.274525698949724e-06,1.0994933785196505e-05
2017-12-09,0.0,2.2978711599120687e-06,0.0,3.100846366178222e-07,6.552538703648254e-07,1.65944060401979e-06,1.5666909245350217e-05
2017-12-10,0.0,7.662226404860778e-07,2.261814767489309e-07,2.0880069268404323e-07,1.1722620356873795e-06,1.7101759189119538e-06,1.5891319598118746e-05
2017-12-11,0.0,1.5331297011414048e-06,1.1422731919080076e-06,4.2179834906561586e-07,6.283674864260374e-07,1.9124207391815e-06,1.6379818643406885e-05
2017-12-12,0.0,0.0,1.153753228342449e-06,3.1952811971216366e-07,1.1259682440456973e-06,2.035535170080074e-06,1.8772483357395652e-05
2017-12-13,0.0,7.67479283998611e-07,1.165348641061189e-06,1.0757981023445362e-07,4.616284248655629e-07,2.6449463687781102e-06,2.0277370627743345e-05
2017-12-14,0.0,0.0,2.3541211792303241e-07,4.4320413259448833e-07,6.201442656208944e-07,2.405261478629859e-06,1.6819618903855187e-05
2017-12-15,0.0,0.0,9.51112196167187e-07,3.437689105587015e-07,7.81057474622153e-07,3.0671255765938737e-06,2.5775208562005204e-05
2017-12-16,0.0,1.5388534213462975e-06,1.4410065489816859e-06,4.629651273975451e-07,8.657139959781869e-07,2.3029377542488684e-06,1.9641840544051585e-05
2017-12-17,0.0,1.5404592905704863e-06,9.70325937045555e-07,3.507135032115253e-07,7.305671727128986e-07,2.5332853660450473e-06,1.8705045828923486e-05
2017-12-18,0.0,3.0683355485157945e-06,4.900389374194823e-07,3.54238232517475e-07,9.789415828994293e-07,3.501432643395538e-06,2.274923135691181e-05
2017-12-19,0.0,0.0,4.949639106182962e-07,2.3853225729458396e-07,1.147873413348361e-06,3.8339954665809286e-06,2.8348721576628954e-05
2017-12-20,0.0,1.522044381985487e-06,9.998767612412867e-07,4.818590926707166e-07,9.056586584547087e-07,3.457107211295334e-06,2.1838966388120853e-05
2017-12-21,0.0,2.2743169405145043e-06,1.5148885346330076e-06,1.2167546426577075e-07,6.614598868876762e-07,3.475979441771116e-06,2.691591194572568e-05
2017-12-22,0.0,8.785758640217208e-07,7.6505670875998e-07,8.977387483943068e-07,4.982438083520581e-07,3.0696428037910794e-06,3.287424169885712e-05
2017-12-23,0.0,0.0,5.151637710079211e-07,5.178697807769555e-07,6.672567017791983e-07,1.7002401697651053e-06,2.4068809546849614e-05
2017-12-24,0.0,1.7512234987554608e-06,7.784425561932234e-07,6.534972230656449e-07,1.1720241516224132e-06,2.3445628131686507e-06,3.086475057814658e-05
2017-12-25,0.0,8.742611068234823e-07,5.228115338525927e-07,5.277780563415878e-07,9.23496868884881e-07,4.1672187495375905e-06,3.258310355375536e-05
2017-12-26,0.0,3.985235365000629e-06,1.316784112913582e-06,5.321124603990684e-07,1.6830300656126303e-06,4.174871679372584e-06,3.0023001641702355e-05
2017-12-27,0.0,2.9891166651119643e-06,1.8541205516613107e-06,2.6755138599596683e-07,8.431763857346353e-07,4.392759463978672e-06,4.0936584130610014e-05
2017-12-28,0.0,0.0,1.5968549060991905e-06,5.367492901538347e-07,1.0139064684050142e-06,3.1099024274942773e-06,3.8805149513290236e-05
2017-12-29,0.0,2.9903937392132584e-06,5.341846628670913e-07,1.3461237092301096e-07,1.100264096331596e-06,4.6146014974300425e-06,4.789549907391431e-05
2017-12-30,0.0,2.9914807996615344e-06,8.014475662119515e-07,5.388062184732476e-07,1.5472572855281748e-06,3.2210045598639557e-06,3.553656625667804e-05
2017-12-31,0.0,1.9952446737884574e-06,8.016982835477628e-07,2.693755331369721e-07,1.0320854895793418e-06,2.4947995140774556e-06,3.9307537315522935e-05
2018-01-01,0.0,1.931211517862091e-06,7.882812734940434e-07,7.869375764118648e-07,1.2550104930530674e-06,4.54707845459336e-06,3.99196411807743e-05
2018-01-02,0.0,2.8987374503414525e-06,5.25790212154601e-07,6.549938132622133e-07,1.50571932027972e-06,4.362082332378539e-06,4.3688285142868836e-05
2018-01-03,0.0,9.669825000168084e-07,1.5783364643176453e-06,3.9256308766501736e-07,1.170619601057012e-06,5.206017668038629e-06,3.625512422718873e-05
2018-01-04,0.0,4.839079411544776e-06,1.0529734180888032e-06,1.3072304800287005e-07,1.2525484368992741e-06,5.089987983655771e-06,3.6485296679779844e-05
2018-01-05,0.0,2.900396651464415e-06,5.251060438082367e-07,6.530240293223542e-07,1.166242185791422e-06,4.5726922001775524e-06,2.7384136102912046e-05
2018-01-06,0.0,1.9317571320560768e-06,2.6188894480702123e-07,6.516465984695289e-07,1.5772853458119099e-06,3.817814119664903e-06,3.2579641795259164e-05
2018-01-07,0.0,2.8951645106883295e-06,1.0450042272905856e-06,3.902005996917547e-07,8.273532470143731e-07,4.22991126573776e-06,3.3302458546177565e-05
2018-01-08,0.0,1.9286552281041707e-06,1.039845373720161e-06,6.473840549289821e-07,1.0714060501442704e-06,3.5182880557937442e-06,3.330418221394459e-05
2018-01-09,0.0,2.891090474319227e-06,1.0347905055536493e-06,6.440727544293794e-07,1.5599877225143474e-06,4.705274261945737e-06,3.043257649127817e-05
2018-01-10,0.0,3.852649623918505e-06,2.5745977932500524e-07,6.402581796699819e-07,8.176955793952146e-07,4.114536171510569e-06,2.7716503444220804e-05
2018-01-11,0.0,1.925448608458826e-06,1.024990713816325e-06,7.63127939028162e-07,1.057921837333188e-06,2.733271999591566e-06,2.626519062399713e-05
2018-01-12,0.0,9.623824757118953e-07,7.651836076936293e-07,5.05348250588127e-07,1.0521122647801149e-06,4.419017356659153e-06,2.5868668824464474e-05
2018-01-13,0.0,1.9242737724878745e-06,7.617006990234392e-07,3.764963078027475e-07,8.049291571771405e-07,3.5343871469566006e-06,1.8491366513384448e-05
2018-01-14,0.0,0.0,1.769352575801777e-06,6.233651293482131e-07,9.256572399703155e-07,2.5701838700309905e-06,1.8580895698929202e-05
2018-01-15,0.0,9.619343358416219e-07,7.542851023887654e-07,3.7940410218751433e-07,8.433390120217176e-07,2.9696929562101425e-06,2.1179194622944746e-05
2018-01-16,0.0,1.923954709304112e-06,0.0,5.020922128780656e-07,7.620392927345151e-07,2.8562602985769606e-06,2.3952273026696236e-05
2018-01-17,0.0,3.848466287998422e-06,9.953243721609233e-07,3.7377187435935866e-07,8.332312570149544e-07,3.352817386268885e-06,2.043222428818013e-05
2018-01-18,0.0,9.623520018061216e-07,7.427095353329381e-07,3.710119665590816e-07,6.777021402343682e-07,2.0023848610548506e-06,2.3862369926730283e-05
2018-01-19,0.0,0.0,9.85333417490192e-07,4.910522136861842e-07,8.234568056208955e-07,2.6922238497756978e-06,1.643614454941344e-05
2018-01-20,0.0,1.926223205184882e-06,1.022018347704803e-06,0.0,4.465600045999438e-07,2.4824293508300293e-06,1.841620619035684e-05
2018-01-21,0.0,1.459574343084873e-06,7.632647816079672e-07,2.419691778297407e-07,6.66009611941627e-07,3.0656607863429158e-06,1.712106748406563e-05
2018-01-22,0.0,7.288402897457248e-07,1.5201842591030973e-06,1.2011354865840976e-07,6.622458184995424e-07,2.8549676134498816e-06,2.128600590872385e-05
2018-01-23,0.0,1.4559325851707128e-06,2.5233182911383265e-07,2.3850903971381996e-07,1.3902685281813824e-06,2.547548668297785e-06,1.7657830271390506e-05
2018-01-24,0.0,1.4543301853217746e-06,1.5079490906220252e-06,5.92037083033875e-07,8.87352838621972e-07,2.241989362834953e-06,1.847249108903614e-05
2018-01-25,0.0,1.4528732197033142e-06,5.006860009089152e-07,2.3514430839394768e-07,5.14931605085238e-07,2.599572106429357e-06,2.3541581277295588e-05
2018-01-26,0.0,2.1773423139263342e-06,2.493861869805763e-07,5.837432455028475e-07,4.391076124833817e-07,2.5849327149530327e-06,1.6022784588400976e-05
2018-01-27,0.0,7.251975114478491e-07,7.453629369996468e-07,2.3187363793273223e-07,1.4562972962600585e-07,2.665143434414269e-06,1.525106480132716e-05
2018-01-28,0.0,1.4493735438847965e-06,1.2377364166206706e-06,8.059560782747159e-07,9.87401265061241e-07,2.377780432668346e-06,1.4614439202295153e-05
2018-01-29,0.0,2.1727455051541483e-06,9.812364311457127e-07,4.5739144003675914e-07,8.423111157175152e-07,2.3746872405600397e-06,1.9612144482009186e-05
2018-01-30,0.0,1.4477653138948293e-06,9.723818534557036e-07,6.81423433733982e-07,7.677941746625352e-07,2.780848769691777e-06,1.9334085762056146e-05
2018-01-31,0.0,3.617946005228561e-06,9.636245147613606e-07,6.768278503240536e-07,9.023732623942776e-07,2.7629226874805693e-06,1.4793740126150326e-05
2018-02-01,0.0,1.4346456344370255e-06,1.6681869620213115e-06,1.0054413524300255e-06,4.7028832258178856e-07,2.737413254522451e-06,1.4960872971462898e-05
2018-02-02,0.0,4.303051808714773e-06,1.4170493797818866e-06,8.872524820656451e-07,9.32898703420519e-07,2.418261777703537e-06,1.672762915046028e-05
2018-02-03,0.0,2.8683980152568196e-06,9.362439512048132e-07,4.4009442867529817e-07,5.948447479233566e-07,2.572181489391795e-06,1.2206019040943845e-05
2018-02-04,0.0,2.151286250171742e-06,1.159852426329619e-06,5.457582826592348e-07,6.555870952901811e-07,3.1056340006206817e-06,1.4109115358582087e-05
2018-02-05,0.0,3.5858151988643843e-06,1.6093222598073617e-06,3.248718634544478e-07,5.458646234241111e-07,2.2491716467083388e-06,1.9779148428013615e-05
2018-02-06,0.0,1.8040655808751312e-06,9.114354607544823e-07,5.372020746173793e-07,5.202671187037767e-07,2.5457351721180126e-06,1.971818457658063e-05
2018-02-07,0.0,1.2054399163786867e-06,4.516746729623256e-07,4.264038113059818e-07,4.010533030455631e-07,2.4961831930766677e-06,1.545311830746009e-05
2018-02-08,0.0,1.2082899905034608e-06,6.715151750866548e-07,5.288607545681607e-07,3.2690279244698025e-07,2.500091445915024e-06,1.6722385154246743e-05
2018-02-09,0.0,1.816891341951295e-06,1.3311709856138549e-06,3.148617789120117e-07,5.40039746710631e-07,2.52631408937905e-06,1.3896385837705922e-05
2018-02-10,0.0,1.8099440460235756e-06,1.5393521958059872e-06,5.198820031675739e-07,2.1411820417373354e-07,2.07323980639443e-06,1.5996337702916792e-05
2018-02-11,0.0,6.010592486695833e-07,4.3595014616138713e-07,3.029101957016901e-07,5.306048041551612e-07,2.4565549583007e-06,1.3351226838195417e-05
2018-02-12,0.0,1.7965917652711788e-06,1.9574603623273181e-07,2.000670575128681e-07,5.06791066975685e-07,1.323028710628282e-06,1.227529927947196e-05
2018-02-13,0.0,1.790185445207299e-06,7.76236916214389e-07,2.973209871456258e-07,5.273240652762462e-07,2.0028704211469573e-06,1.1312985658318302e-05
2018-02-14,0.0,1.181581868271778e-06,0.0,9.309235481654522e-08,2.7653304514961824e-07,1.5338170479737412e-06,1.3140211430676962e-05
2018-02-15,0.0,0.0,7.087921286337194e-07,3.2816096212187183e-07,4.00912513624256e-07,1.7105366225341869e-06,1.2665346453731418e-05
2018-02-16,0.0,5.790924898416572e-07,6.703053832552745e-07,4.976916155054424e-07,3.091858863911982e-07,1.3587677596303546e-06,1.2998220248488191e-05
2018-02-17,0.0,2.2933216931724978e-06,1.2481700293385605e-06,7.04629829965793e-08,4.691152543520143e-07,1.770608659099262e-06,9.54303737775943e-06
2018-02-18,0.0,5.67625690264698e-07,6.382591156435866e-07,3.5782903713549957e-07,4.110177719221941e-07,1.5067336014078056e-06,9.874947473889514e-06
2018-02-19,0.0,5.619777202783209e-07,1.0132695819859715e-06,1.67157469939867e-07,3.0605963725263206e-07,1.6011088550207833e-06,9.980426051134637e-06
2018-02-20,0.0,2.2255437941291526e-06,6.283911917154986e-07,2.0056212058257333e-07,5.105663807114811e-07,1.384960122388085e-06,8.3973811678195e-06
2018-02-21,0.0,1.652549447534295e-06,1.2471034686651946e-07,4.97161723181879e-08,4.924934445055962e-07,1.1564270453270108e-06,8.785725840193e-06
2018-02-22,0.0,1.090737537195739e-06,6.187746326427575e-07,9.859357229878912e-08,1.0211191570406839e-07,1.5604839175480053e-06,8.976915802046112e-06
2018-02-23,0.0,1.0798845173646185e-06,8.59683172504561e-07,2.4441164850148485e-07,2.1821233606862486e-07,9.711513280876507e-07,9.199945931211123e-06
2018-02-24,0.0,1.9063846015734597e-06,4.7394925118086235e-07,9.69455230498096e-08,1.4009144352065892e-07,1.1767281286350463e-06,6.892076457979994e-06
2018-02-25,0.0,9.437078789248888e-07,3.7656335047774665e-07,1.718800881058413e-07,7.468529049768734e-08,7.250214267919524e-07,7.856918250695115e-06
2018-02-26,0.0,4.671589143186831e-07,6.545086741543965e-07,2.557250048685123e-07,3.455160338543516e-07,1.1163203260636738e-06,8.042639674525355e-06
2018-02-27,0.0,2.3125530272782703e-06,2.1765761951498361e-07,9.62396133083337e-08,1.8422878144577687e-07,1.1019891179638864e-06,7.261811522218207e-06
2018-02-28,0.0,9.158170960771948e-07,7.213375072826806e-08,1.1716646364919223e-07,1.3699465585650326e-07,9.828199224826648e-07,6.977215667424225e-06
2018-03-01,0.0,2.254701980959018e-06,2.147376856150471e-07,1.0256249738949719e-07,1.7311063469145877e-07,8.287282915135693e-07,7.4918234389895205e-06
2018-03-02,0.0,8.929069285609585e-07,1.4235126228102883e-07,4.414752192116168e-08,1.5634493797636257e-07,1.0397504833123286e-06,6.084631525558955e-06
2018-03-03,0.0,4.420111780876286e-07,2.1233745409532126e-07,4.387275803769103e-08,1.0481157232402906e-07,8.099660891142138e-07,5.963600051200999e-06
2018-03-04,0.0,8.752261867618612e-07,3.5194874781909545e-07,8.720476293316982e-08,2.252775791418306e-07,9.571181657764406e-07,6.9303333630231684e-06
2018-03-05,0.0,1.2997763110447485e-06,1.4001477359229157e-07,1.0834091292490222e-07,2.0855683787530272e-07,8.336311332067333e-07,6.139382257475478e-06
2018-03-06,0.0,2.144738867768267e-06,3.143635321185237e-07,4.290516113181301e-08,1.9200699249937998e-07,9.73611081681653e-07,5.874650526569134e-06
2018-03-07,0.0,1.274039015681611e-06,4.3800094838780173e-07,8.074682833400505e-08,1.6123926612905817e-07,1.0785875331716816e-06,5.211161473540962e-06
2018-03-08,0.0,1.68181615422071e-06,3.7366007337386666e-07,4.79660303807126e-08,1.309313463768922e-07,8.763595098036502e-07,6.486993979573417e-06
2018-03-09,0.0,8.325409019414396e-07,2.4795208582270255e-07,1.108071076094081e-07,8.663516671583803e-08,9.195920711147036e-07,6.122041108708915e-06
2018-03-10,0.0,4.1212849077825234e-07,3.085278143475461e-07,7.836039890494333e-08,1.4331905461547063e-07,1.067920043719696e-06,4.182735542262162e-06
2018-03-11,0.0,1.6321109751132173e-06,1.2218316452071288e-07,9.309683989002917e-08,1.1380839738355123e-07,8.854328766462954e-07,4.77662186779202e-06
2018-03-12,0.0,8.079355997855166e-07,2.419348434413581e-07,7.680875904641356e-08,1.1297293200930498e-07,1.0032502167088925e-06,5.504597856865457e-06
2018-03-13,0.0,2.846179192336812e-07,2.395275515272476e-07,9.125339894925801e-08,1.8224174153640665e-07,8.006006684556414e-07,5.212366343638474e-06
2018-03-14,0.0,5.635718472386804e-07,5.928605314197418e-08,4.51727062293797e-08,1.9483766925938532e-07,8.583671185009959e-07,4.7836421845404595e-06
2018-03-15,0.0,2.789821068321835e-07,1.7608844117056765e-07,8.944646058479476e-08,1.653420017642827e-07,9.470884853924845e-07,4.164694408728153e-06
2018-03-16,0.0,5.524123769763919e-07,1.7433633190607066e-07,4.4278226715713784e-08,1.9097962491822987e-07,5.414783858816724e-07,4.656968161615109e-06
2018-03-17,0.0,2.7345789099322976e-07,1.1506777094669669e-07,4.3837650998600394e-08,1.3505667564269424e-07,5.218531947233155e-07,3.3241532356096263e-06
2018-03-18,0.0,5.414738790304905e-07,3.9872989623482545e-07,0.0,8.022770356005884e-08,5.931528892445677e-07,3.2042762540267514e-06
2018-03-19,0.0,5.360861239136542e-07,2.819731910557943e-07,5.72928097996169e-08,1.720970865720466e-07,5.553775999317621e-07,4.431765104170243e-06
2018-03-20,0.0,2.653759889279747e-07,9.166555064747988e-08,5.6722736817133405e-08,1.0485211812268978e-07,5.488470983541503e-07,2.950582488682511e-06
2018-03-21,0.0,5.254709074383247e-07,1.0587904037557398e-07,2.807916807780037e-08,1.2168325970324395e-07,4.825589953793518e-07,2.5464804515694416e-06
2018-03-22,0.0,0.0,2.995015037753099e-08,5.5599551374482405e-08,8.761635711945709e-08,5.031284091736869e-07,3.6299093245984382e-06
2018-03-23,0.0,5.150658863323427e-07,8.895642420611141e-08,1.3761581648708661e-08,5.611215760757222e-08,5.297739367796882e-07,2.851549998179859e-06
2018-03-24,0.0,2.549704475666019e-07,7.339274416348424e-08,4.635499344417387e-08,3.535243874316254e-08,2.7820608748846325e-07,3.2415882194267104e-06
2018-03-25,0.0,2.524334492242652e-07,5.8129979325962235e-08,2.678567793068805e-08,3.500067610029572e-08,3.898599744596124e-07,3.3272292169237e-06
2018-03-26,0.0,4.998433888744256e-07,5.7551576367511484e-08,3.535887464284861e-08,7.920551669532858e-08,4.149726496676152e-07,3.362716421769319e-06
2018-03-27,0.0,4.948698640557457e-07,1.139578572293146e-07,1.750352398085497e-08,2.688389814409892e-08,3.08078730703416e-07,2.89406148191361e-06
2018-03-28,0.0,2.449729133179323e-07,1.4102994700536793e-08,2.599404151090506e-08,5.6190175430422156e-08,1.825678297397646e-07,3.013963425136932e-06
2018-03-29,0.0,4.850707842069364e-07,4.188800267589555e-08,3.431386196845404e-08,2.927951254906634e-08,3.0584808804346206e-07,2.586499032787531e-06
2018-03-30,0.0,2.4012212463032797e-07,8.294242017071018e-08,8.493108334289957e-09,2.3190541225167845e-08,1.7068657851494394e-07,2.253853518175842e-06
2018-03-31,0.0,4.7546573913950644e-07,1.368618821679421e-08,0.0,2.0089817548964324e-08,2.771259078504986e-07,2.830527028641567e-06
2018-04-01,0.0,3.6003498055589675e-07,4.058596006254339e-08,9.702340475854021e-09,3.1250771638051406e-08,3.115291748123896e-07,2.353524127519521e-06
2018-04-02,0.0,2.3763504842883368e-07,9.375828702910005e-08,1.2807734100129461e-08,3.375253228885747e-08,3.0119368622325426e-07,2.649624458048929e-06
2018-04-03,0.0,0.0,9.28253764857673e-08,9.510221262402545e-09,2.2277792654131172e-08,2.9097182285451665e-07,2.351911437951356e-06
2018-04-04,0.0,0.0,1.3128821222491119e-08,9.415592979759442e-09,2.4813140527711128e-08,3.24745294103139e-07,2.0459102466536327e-06
2018-04-05,0.0,0.0,6.499093634324942e-08,3.107302088086889e-09,2.456624565425515e-08,2.271710847447742e-07,2.458458975563742e-06
2018-04-06,0.0,0.0,1.2868853144367368e-08,3.0763839157188678e-09,2.70242304731517e-08,1.6348584546262793e-07,1.7421881838226744e-06
2018-04-07,0.0,0.0,0.0,1.2183093537224318e-08,2.6755334887143045e-08,2.0354257838041432e-07,1.7551009003976998e-06
2018-04-08,0.0,0.0,5.0456131116353446e-08,3.0154674327698747e-09,1.3244557428459644e-08,2.676276297552016e-07,2.0194470265780337e-06
2018-04-09,0.0,0.0,0.0,5.970926060979691e-09,1.1794707539974277e-08,2.5852685482109626e-07,2.190978962012771e-06
2018-04-10,0.0,0.0,3.7092774585331e-08,1.4778785885003794e-08,1.167734823907159e-08,2.5900174806865167e-07,2.0545307687778945e-06
2018-04-11,0.0,0.0,6.120615885250388e-08,1.4631734508462559e-08,1.4451445853404959e-08,2.513207311180629e-07,1.5408464837658913e-06
2018-04-12,0.0,0.0,1.0907486531342394e-07,8.691687790539192e-09,1.2876886408138817e-08,2.1126915845396858e-07,1.5295349170542373e-06
2018-04-13,0.0,0.0,3.599651742325609e-08,0.0,9.915701637010367e-09,2.1092686036445982e-07,1.830983191454857e-06
2018-04-14,0.0,0.0,0.0,1.1359441121444053e-08,1.1219472865403961e-08,1.3007996346682266e-07,1.5073695320594028e-06
2018-04-15,0.0,0.0,1.1761246207313039e-08,8.434809595326861e-09,1.388479655643312e-08,1.9813765092113306e-07,1.3106708937631743e-06
2018-04-16,0.0,0.0,5.822109926116655e-08,2.783627279186415e-09,1.0997312417870103e-08,2.206652832174851e-07,1.4696729233749637e-06
2018-04-17,0.0,0.0,4.61134317153694e-08,1.1023718899912638e-08,1.3609859163749947e-08,1.3573580262377355e-07,1.4519091747708485e-06
2018-04-18,0.0,0.0,1.141364885085127e-08,1.6371046596234108e-08,1.0779551041936181e-08,1.2486319105535906e-07,1.0955101247113072e-06
2018-04-19,0.0,0.0,2.2600162294513368e-08,1.0805434640600972e-08,1.8676512254679278e-08,1.0598315144360824e-07,1.3799440008515983e-06
2018-04-20,0.0,0.0,3.356293038358077e-08,1.0697918769514493e-08,1.0566101630148298e-08,7.546534289389224e-08,1.1593226163822289e-06
2018-04-21,0.0,0.0,0.0,1.0591472699219928e-08,1.1768588057593276e-08,1.0909217296302904e-07,1.2371342461037028e-06
2018-04-22,0.0,0.0,6.579667966854572e-08,1.3107607231276928e-08,1.1651488649882668e-08,9.16719347374563e-08,1.1353326492069154e-06
2018-04-23,0.0,0.0,2.1713997255696986e-08,1.2977184360175118e-08,1.0253826133997027e-08,8.496862888537289e-08,1.2846697253832773e-06
2018-04-24,0.0,0.0,5.3744848432581725e-08,7.708835530994206e-09,7.613849144442473e-09,1.3049510046980793e-07,8.795431446454095e-07
2018-04-25,0.0,0.0,1.0642015651110354e-08,0.0,1.3819831812685278e-08,9.445465520577685e-08,1.0583606153191966e-06
2018-04-26,0.0,0.0,2.10722516522757e-08,0.0,8.706932301830334e-09,1.3333455630076613e-07,8.294501416979052e-07
2018-04-27,0.0,0.0,1.0431289622528094e-08,0.0,9.851767860448438e-09,1.3314310604976269e-07,7.409649383394254e-07
2018-04-28,0.0,0.0,4.1309986226293454e-08,0.0,1.2192176415465466e-08,7.45901052455438e-08,9.309163630580545e-07
2018-04-29,0.0,0.0,1.0224736248880563e-08,0.0,1.3277948456489322e-08,5.182444136534567e-08,7.534121390637217e-07
2018-04-30,0.0,0.0,0.0,0.0,1.0755679632445045e-08,1.3264857190084634e-07,8.056602579421298e-07
2018-05-01,0.0,0.0,0.0,0.0,4.7338121795732505e-09,9.365939435712015e-08,8.095375819580803e-07
2018-05-02,0.0,0.0,0.0,0.0,9.373419922772569e-09,9.91224655924742e-08,7.956009955763632e-07
2018-05-03,0.0,0.0,0.0,0.0,1.1600191045252649e-08,1.1396459680332003e-07,5.719455587859358e-07
2018-05-04,0.0,0.0,0.0,0.0,0.0,5.954949922916504e-08,7.66916871424232e-07
2018-05-05,0.0,0.0,0.0,0.0,0.0,6.516296884448959e-08,7.315713417019803e-07
2018-05-06,0.0,0.0,0.0,0.0,0.0,7.680307913224897e-08,7.601054222699941e-07
2018-05-07,0.0,0.0,0.0,0.0,0.0,8.820509584251646e-08,8.602100014214994e-07
2018-05-08,0.0,0.0,0.0,0.0,0.0,7.351280440699857e-08,6.5378479825286e-07
2018-05-09,0.0,0.0,0.0,0.0,0.0,5.521343017913271e-08,7.223436548499919e-07
2018-05-10,0.0,0.0,0.0,0.0,0.0,8.44808004802471e-08,5.004037293604094e-07
2018-05-11,0.0,0.0,0.0,0.0,0.0,8.610020842547897e-08,5.23900759802194e-07
2018-05-12,0.0,0.0,0.0,0.0,0.0,7.306585460349785e-08,4.284175350594942e-07
2018-05-13,0.0,0.0,0.0,0.0,0.0,4.581459689519149e-08,4.896176950849289e-07
2018-05-14,0.0,0.0,0.0,0.0,0.0,9.787937345337624e-08,5.230004570278699e-07
2018-05-15,0.0,0.0,0.0,0.0,0.0,7.563352773852715e-08,5.715504963780489e-07
2018-05-16,0.0,0.0,0.0,0.0,0.0,6.552084136796791e-08,4.930923778263071e-07
2018-05-17,0.0,0.0,0.0,0.0,0.0,8.340286899016572e-08,4.250977875146132e-07
2018-05-18,0.0,0.0,0.0,0.0,0.0,8.25729965779172e-08,3.1861362379583016e-07
2018-05-19,0.0,0.0,0.0,0.0,0.0,8.629312495270076e-08,3.377084211468784e-07
2018-05-20,0.0,0.0,0.0,0.0,0.0,6.744828474719808e-08,3.3270525769881083e-07
2018-05-21,0.0,0.0,0.0,0.0,0.0,6.677716310063e-08,3.8075683934118916e-07
2018-05-22,0.0,0.0,0.0,0.0,0.0,6.170520461095184e-08,3.228113800958589e-07
2018-05-23,0.0,0.0,0.0,0.0,0.0,7.854586401411161e-08,3.323685553524282e-07
2018-05-24,0.0,0.0,0.0,0.0,0.0,6.480359967404664e-08,4.627909424756445e-07
2018-05-25,0.0,0.0,0.0,0.0,0.0,4.491115515854626e-08,4.437383248269571e-07
2018-05-26,0.0,0.0,0.0,0.0,0.0,5.96493597684935e-08,3.693680992329677e-07
2018-05-27,0.0,0.0,0.0,0.0,0.0,7.010214274159754e-08,3.874407581392624e-07
2018-05-28,0.0,0.0,0.0,0.0,0.0,1.0189348916197675e-07,4.4852562259093874e-07
2018-05-29,0.0,0.0,0.0,0.0,0.0,9.867334280192244e-08,4.727133443072807e-07
2018-05-30,0.0,0.0,0.0,0.0,0.0,5.8356172224158023e-08,4.048899354074085e-07
2018-05-31,0.0,0.0,0.0,0.0,0.0,6.860164273603279e-08,3.985066224815684e-07
2018-06-01,0.0,0.0,0.0,0.0,0.0,7.351503853000309e-08,4.4575026623601413e-07
2018-06-02,0.0,0.0,0.0,0.0,0.0,6.268874072384959e-08,3.96732578670089e-07
2018-06-03,0.0,0.0,0.0,0.0,0.0,6.496964604733154e-08,3.35587922947272e-07
2018-06-04,0.0,0.0,0.0,0.0,0.0,8.015982173232189e-08,4.2091581684524423e-07
2018-06-05,0.0,0.0,0.0,0.0,0.0,1.4075792407778712e-07,3.7206766318310593e-07
2018-06-06,0.0,0.0,0.0,0.0,0.0,9.386181204328376e-08,4.87945639914063e-07
2018-06-07,0.0,0.0,0.0,0.0,0.0,1.0331473952057633e-07,3.110888333835674e-07
2018-06-08,0.0,0.0,0.0,0.0,0.0,1.0366974253869446e-07,5.734800483071166e-07
2018-06-09,0.0,0.0,0.0,0.0,0.0,7.343655008291168e-08,4.454848505252323e-07
2018-06-10,0.0,0.0,0.0,0.0,0.0,7.063089366959232e-08,3.7239420778982035e-07
2018-06-11,0.0,0.0,0.0,0.0,0.0,1.1404390418888223e-07,5.313720267552572e-07
2018-06-12,0.0,0.0,0.0,0.0,0.0,8.663018477346204e-08,5.011214003749275e-07
2018-06-13,0.0,0.0,0.0,0.0,0.0,9.0071449632013e-08,4.586519897373948e-07
2018-06-14,0.0,0.0,0.0,0.0,0.0,1.0781519011930823e-07,4.834874795205135e-07
2018-06-15,0.0,0.0,0.0,0.0,0.0,1.4300491871797617e-07,4.2878090544466e-07
2018-06-16,0.0,0.0,0.0,0.0,0.0,1.141308495959264e-07,2.8817584157079065e-07
2018-06-17,0.0,0.0,0.0,0.0,0.0,1.1485541821628547e-07,4.278348494610879e-07
2018-06-18,0.0,0.0,0.0,0.0,0.0,1.859514991975928e-07,6.643240453377319e-07
2018-06-19,0.0,0.0,0.0,0.0,0.0,1.0116442258751927e-07,6.682652038229999e-07
2018-06-20,0.0,0.0,0.0,0.0,0.0,1.5273695671651584e-07,7.779161191461245e-07
2018-06-21,0.0,0.0,0.0,0.0,0.0,1.3178577894956512e-07,6.860105228676369e-07
2018-06-22,0.0,0.0,0.0,0.0,0.0,1.3740412701659408e-07,5.735569121242711e-07
2018-06-23,0.0,0.0,0.0,0.0,0.0,1.8228000846908186e-07,5.868875573234789e-07
2018-06-24,0.0,0.0,0.0,0.0,0.0,1.9119318197223427e-07,6.864582138879025e-07
2018-06-25,0.0,0.0,0.0,0.0,0.0,2.217242913810622e-07,6.686176975597043e-07
2018-06-26,0.0,0.0,0.0,0.0,0.0,2.6729833321207233e-07,6.211588166055922e-07
2018-06-27,0.0,0.0,0.0,0.0,0.0,1.8242211224471168e-07,6.328128183342853e-07
2018-06-28,0.0,0.0,0.0,0.0,0.0,2.432172401374557e-07,7.635878708589299e-07
2018-06-29,0.0,0.0,0.0,0.0,0.0,2.0099586603157143e-07,6.266447828859548e-07
2018-06-30,0.0,0.0,0.0,0.0,0.0,2.3309233889336625e-07,5.387987299298243e-07
2018-07-01,0.0,0.0,0.0,0.0,0.0,1.67295927261803e-07,5.78351984657318e-07
2018-07-02,0.0,0.0,0.0,0.0,0.0,2.1432918384474034e-07,5.499853644755223e-07
2018-07-03,0.0,0.0,0.0,0.0,0.0,1.4720859500830748e-07,5.073528559017648e-07
2018-07-04,0.0,0.0,0.0,0.0,0.0,2.18658920565245e-07,5.189563479487887e-07
2018-07-05,0.0,0.0,0.0,0.0,0.0,2.738620342716982e-07,5.124018309408825e-07
2018-07-06,0.0,0.0,0.0,0.0,0.0,2.587683035725816e-07,7.725045778132623e-07
2018-07-07,0.0,0.0,0.0,0.0,0.0,1.3519084565150318e-07,6.100943045345798e-07
2018-07-08,0.0,0.0,0.0,0.0,0.0,2.6399577006119807e-07,6.783267690932401e-07
2018-07-09,0.0,0.0,0.0,0.0,0.0,2.1148021890262116e-07,7.753338068723954e-07
2018-07-10,0.0,0.0,0.0,0.0,0.0,2.2289283176096241e-07,7.043646718012946e-07
2018-07-11,0.0,0.0,0.0,0.0,0.0,2.0637186346518816e-07,6.515411876717292e-07
2018-07-12,0.0,0.0,0.0,0.0,0.0,1.515970437632614e-07,5.981640291699017e-07
2018-07-13,0.0,0.0,0.0,0.0,0.0,2.2011089036241292e-07,5.702260887929153e-07
2018-07-14,0.0,0.0,0.0,0.0,0.0,2.9965279518328717e-07,4.889290648296667e-07
2018-07-15,0.0,0.0,0.0,0.0,0.0,2.3385465601032077e-07,4.809689845739129e-07
2018-07-16,0.0,0.0,0.0,0.0,0.0,2.160981504862227e-07,5.533461203821072e-07
2018-07-17,0.0,0.0,0.0,0.0,0.0,2.87167415717516e-07,5.455799925775923e-07
2018-07-18,0.0,0.0,0.0,0.0,0.0,2.29608917122477e-07,7.620952105316321e-07
2018-07-19,0.0,0.0,0.0,0.0,0.0,2.4155199411128115e-07,5.225158009708097e-07
2018-07-20,0.0,0.0,0.0,0.0,0.0,2.1309420134114086e-07,7.170439085049213e-07
2018-07-21,0.0,0.0,0.0,0.0,0.0,2.455448199229987e-07,7.089573628539021e-07
2018-07-22,0.0,0.0,0.0,0.0,0.0,3.0947245553556267e-07,5.391241374379555e-07
2018-07-23,0.0,0.0,0.0,0.0,0.0,3.016433392151309e-07,6.602801973128837e-07
2018-07-24,0.0,0.0,0.0,0.0,0.0,2.726952943428938e-07,7.389648907451988e-07
2018-07-25,0.0,0.0,0.0,0.0,0.0,2.6331038177552844e-07,6.873982091497736e-07
2018-07-26,0.0,0.0,0.0,0.0,0.0,2.538624777767197e-07,6.573675444565348e-07
2018-07-27,0.0,0.0,0.0,0.0,0.0,2.2310082856972984e-07,6.711381295389728e-07
2018-07-28,0.0,0.0,0.0,0.0,0.0,1.8140967090529913e-07,4.861781466085091e-07
2018-07-29,0.0,0.0,0.0,0.0,0.0,1.6079298553868643e-07,6.103815962690937e-07
2018-07-30,0.0,0.0,0.0,0.0,0.0,2.7999346930321015e-07,7.357218575349969e-07
2018-07-31,0.0,0.0,0.0,0.0,0.0,2.813070965862894e-07,5.6691922834928e-07
2018-08-01,0.0,0.0,0.0,0.0,0.0,3.2668062683597827e-07,9.421011892908021e-07
2018-08-02,0.0,0.0,0.0,0.0,0.0,3.720326194397964e-07,7.647936491604827e-07
2018-08-03,0.0,0.0,0.0,0.0,0.0,2.625035277354269e-07,5.612992246762188e-07
2018-08-04,0.0,0.0,0.0,0.0,0.0,2.8429054903312713e-07,7.727550144001115e-07
2018-08-05,0.0,0.0,0.0,0.0,0.0,2.1863900434206776e-07,7.151965364485959e-07
2018-08-06,0.0,0.0,0.0,0.0,0.0,2.4047631855387736e-07,8.095587573819179e-07
2018-08-07,0.0,0.0,0.0,0.0,0.0,2.732656592769695e-07,7.443424597094102e-07
2018-08-08,0.0,0.0,0.0,0.0,0.0,3.170165177821829e-07,6.191323130423321e-07
2018-08-09,0.0,0.0,0.0,0.0,0.0,4.045459720898106e-07,7.48871782720393e-07
2018-08-10,0.0,0.0,0.0,0.0,0.0,2.734209789460361e-07,7.691848239195351e-07
2018-08-11,0.0,0.0,0.0,0.0,0.0,2.297630388346965e-07,7.295386785563453e-07
2018-08-12,0.0,0.0,0.0,0.0,0.0,2.931903547909462e-07,7.617269784028223e-07
2018-08-13,0.0,0.0,0.0,0.0,0.0,2.478892360209056e-07,4.955634403375024e-07
2018-08-14,0.0,0.0,0.0,0.0,0.0,3.102350834977547e-07,6.088481291419469e-07
2018-08-15,0.0,0.0,0.0,0.0,0.0,2.7608879777533135e-07,7.443682160645003e-07
2018-08-16,0.0,0.0,0.0,0.0,0.0,2.951452060981071e-07,7.763615800075985e-07
2018-08-17,0.0,0.0,0.0,0.0,0.0,2.0928109239898293e-07,5.805578434722102e-07
2018-08-18,0.0,0.0,0.0,0.0,0.0,2.181533641621074e-07,8.172741998214615e-07
2018-08-19,0.0,0.0,0.0,0.0,0.0,2.3721038699716e-07,6.112642909550485e-07
2018-08-20,0.0,0.0,0.0,0.0,0.0,2.2527485410052813e-07,5.53186460928551e-07
2018-08-21,0.0,0.0,0.0,0.0,0.0,2.433090892910138e-07,6.756275454709441e-07
2018-08-22,0.0,0.0,0.0,0.0,0.0,2.509251285439892e-07,6.62718952985384e-07
2018-08-23,0.0,0.0,0.0,0.0,0.0,2.1861697598264935e-07,5.04257104097216e-07
2018-08-24,0.0,0.0,0.0,0.0,0.0,2.459564780981453e-07,5.254610717210158e-07
2018-08-25,0.0,0.0,0.0,0.0,0.0,2.3376880344057567e-07,6.470161111571124e-07
2018-08-26,0.0,0.0,0.0,0.0,0.0,1.7358207373656294e-07,4.675437117316847e-07
2018-08-27,0.0,0.0,0.0,0.0,0.0,2.577823548670799e-07,7.332368530848045e-07
2018-08-28,0.0,0.0,0.0,0.0,0.0,2.8357486397735723e-07,6.098629028825142e-07
2018-08-29,0.0,0.0,0.0,0.0,0.0,2.3396103911352123e-07,8.301219295357274e-07
2018-08-30,0.0,0.0,0.0,0.0,0.0,2.2236776436299932e-07,6.077101365520172e-07
2018-08-31,0.0,0.0,0.0,0.0,0.0,2.0180890412719817e-07,6.06724962964583e-07
2018-09-01,0.0,0.0,0.0,0.0,0.0,2.907787109210959e-07,6.182863247923039e-07
2018-09-02,0.0,0.0,0.0,1.0434872578989845e-08,0.0,1.8892480320343111e-07,5.022207497931115e-07
2018-09-03,0.0,0.0,0.0,1.5809617187866042e-08,0.0,2.4135144208935876e-07,5.21446932539281e-07
2018-09-04,0.0,0.0,0.0,5.322835494046944e-09,0.0,1.8951203336761746e-07,5.143767154847877e-07
2018-09-05,0.0,0.0,0.0,2.688165440061828e-08,0.0,2.6104536644045427e-07,7.000021100822181e-07
2018-09-06,0.0,0.0,0.0,1.0860727807537342e-08,0.0,2.0998893633685692e-07,5.959885927856064e-07
2018-09-07,0.0,0.0,0.0,3.290963980997629e-08,0.0,2.7186859197392207e-07,6.751942815516506e-07
2018-09-08,0.0,0.0,0.0,1.1080129062915447e-08,0.0,1.6624801588216003e-07,6.315190055192669e-07
2018-09-09,0.0,0.0,0.0,1.1191486211311892e-08,0.0,1.489182185342843e-07,6.085429814151171e-07
2018-09-10,0.0,0.0,0.0,5.086783132945083e-08,0.0,1.862355252657985e-07,6.261993727040794e-07
2018-09-11,0.0,0.0,0.0,1.1417569229671354e-08,0.0,2.9193888047702187e-07,7.282268933678596e-07
2018-09-12,0.0,0.0,0.0,0.0,0.0,2.2057860953564782e-07,7.035654937884761e-07
2018-09-13,0.0,0.0,0.0,0.0,0.0,1.926800915399487e-07,7.136024828858491e-07
2018-09-14,0.0,0.0,0.0,5.882642989721505e-09,0.0,1.5384104241604893e-07,6.54743345476121e-07
2018-09-15,0.0,0.0,0.0,1.7825293603994144e-08,0.0,1.5840271040652025e-07,6.076387425373944e-07
2018-09-16,0.0,0.0,0.0,1.800444078303864e-08,0.0,1.387312028222323e-07,7.553162105182989e-07
2018-09-17,0.0,0.0,0.0,2.4247184561553583e-08,0.0,1.5526612658866536e-07,7.882996431262332e-07
2018-09-18,0.0,0.0,0.0,1.2245436408858927e-08,0.0,7.68606014079927e-08,7.756231288487698e-07
2018-09-19,0.0,0.0,0.0,1.2368505090786517e-08,0.0,1.756057514904098e-07,5.680479896415463e-07
2018-09-20,0.0,0.0,0.0,0.0,0.0,1.5647260056163015e-07,6.337426596501552e-07
2018-09-21,0.0,0.0,0.0,1.2618365467748153e-08,0.0,1.2622758473301933e-07,6.426087840118623e-07
2018-09-22,0.0,0.0,0.0,1.274518214902812e-08,0.0,1.0210740281471532e-07,7.862379572028219e-07
2018-09-23,0.0,0.0,0.0,3.8619820077432026e-08,0.0,1.0109141718126825e-07,6.826648180134396e-07
2018-09-24,0.0,0.0,0.0,6.501325953661787e-09,0.0,1.0393498464969715e-07,9.615635256685874e-07
2018-09-25,0.0,0.0,0.0,1.3133330731529454e-08,0.0,9.527853173440276e-08,5.22389362201872e-07
2018-09-26,0.0,0.0,0.0,2.653064579950593e-08,0.0,7.546439560280823e-08,5.757410943316654e-07
2018-09-27,0.0,0.0,0.0,4.0195924833962766e-08,0.0,1.0086324163273134e-07,4.895006368258706e-07
2018-09-28,0.0,0.0,0.0,6.766650099107792e-09,0.0,7.027159542918031e-08,6.306976657707926e-07
2018-09-29,0.0,0.0,0.0,1.3669312126407854e-08,0.0,5.49255642410122e-08,4.389586390281132e-07
2018-09-30,0.0,0.0,0.0,0.0,0.0,9.788228234170807e-08,2.6398601050039393e-07
2018-10-01,0.0,0.0,0.0,4.8760862187913834e-08,0.0,2.6856359900366844e-08,4.917084192119797e-07
2018-10-02,0.0,0.0,0.0,0.0,0.0,1.519379123112344e-08,3.323142076534107e-07
2018-10-03,0.0,0.0,0.0,3.553278353212119e-08,0.0,2.9145057809637083e-08,3.912989081103596e-07
2018-10-04,0.0,0.0,0.0,1.4355957577433832e-08,0.0,2.2339401010870514e-08,4.4063893696574235e-07
2018-10-05,0.0,0.0,0.0,1.450023734974027e-08,0.0,4.3883833527185757e-08,3.3328361474043826e-07
2018-10-06,0.0,0.0,0.0,7.322983578932627e-09,0.0,3.5934043164825637e-08,3.434872836927484e-07
2018-10-07,0.0,0.0,0.0,1.4793161574911039e-08,0.0,3.1970422275423844e-08,4.225337778089041e-07
2018-10-08,0.0,0.0,0.0,3.7354588301104966e-08,0.0,3.800317052720949e-08,4.3295094063041914e-07
2018-10-09,0.0,0.0,0.0,2.2638004892934833e-08,0.0,4.0047647316921367e-08,3.2518877398575176e-07
2018-10-10,0.0,0.0,0.0,7.621840208187014e-09,0.0,3.966126955627744e-08,4.145232784599191e-07
2018-10-11,0.0,0.0,0.0,2.3095322927304366e-08,0.0,3.483467125398979e-08,3.558954755628945e-07
2018-10-12,0.0,0.0,0.0,3.110324637544879e-08,0.0,2.990705069235228e-08,4.357477345449145e-07
2018-10-13,0.0,0.0,0.0,3.926979899797762e-08,0.0,2.9371824688714552e-08,5.003594583387955e-07
2018-10-14,0.0,0.0,0.0,2.37986802235614e-08,0.0,4.9445027390671715e-08,6.693383421302525e-07
2018-10-15,0.0,0.0,0.0,4.0063101560318126e-08,0.0,4.8954751080339666e-08,5.42711198407835e-07
2018-10-16,0.0,0.0,0.0,3.2372593939927455e-08,0.0,7.252190661211604e-08,5.156703162913312e-07
2018-10-17,0.0,0.0,0.0,2.4523457938478734e-08,0.0,7.658034406768616e-08,5.315181195383084e-07
2018-10-18,0.0,0.0,2.7604149041355518e-08,8.256640929414005e-09,0.0,7.734998932092948e-08,5.33848803558822e-07
2018-10-19,0.0,0.0,4.182236302715612e-08,0.0,0.0,7.133368532125358e-08,5.603237181093285e-07
2018-10-20,0.0,0.0,4.2242684763433775e-08,8.423436140307928e-09,0.0,7.352996138901504e-08,5.334434608185278e-07
2018-10-21,0.0,0.0,7.111205133898355e-08,8.508093080940841e-09,0.0,1.3606636216268262e-07,4.7653979584364503e-07
2018-10-22,0.0,0.0,1.4365347867327655e-08,3.369374456123171e-08,0.0,1.1198313853381315e-07,6.136614536428336e-07
2018-10-23,0.0,0.0,7.254861006808248e-08,1.6679243100617192e-08,0.0,1.3258981263420057e-07,8.87615657818222e-07
2018-10-24,0.0,0.0,7.327773572099085e-08,1.651328185882801e-08,0.0,1.0602187023715931e-07,7.05993615341087e-07
2018-10-25,0.0,0.0,5.9211351366829054e-08,2.4523457938478734e-08,0.0,1.1835976645789439e-07,6.896226201174251e-07
2018-10-26,0.0,0.0,5.7507366712028056e-08,4.046574242490932e-08,0.0,1.5370624528307915e-07,6.965112813369323e-07
2018-10-27,0.0,0.0,5.808532535605446e-08,8.012620312063625e-09,0.0,1.5693384746055134e-07,4.5349874723486973e-07
2018-10-28,0.0,0.0,8.800363887153158e-08,7.9328934078538e-09,0.0,1.1716034784468481e-07,5.794853851508863e-07
2018-10-29,0.0,0.0,1.1851745352827371e-07,7.068563819635972e-08,0.0,1.4618202395526037e-07,8.66311321840285e-07
2018-10-30,0.0,0.0,2.992714343465575e-08,3.8879057969310996e-08,0.0,1.7542596112064369e-07,9.434662818016748e-07
2018-10-31,0.0,0.0,9.06837486795777e-08,3.849220487884061e-08,0.0,1.6178128035464975e-07,5.541465081091962e-07
2018-11-01,0.0,0.0,1.223572286939275e-07,1.111440693616501e-08,0.0,2.1079651793859697e-07,8.062014373446623e-07
2018-11-02,0.0,0.0,9.269020446469293e-08,2.2146851849230837e-08,0.0,2.1291505816464073e-07,6.364459973167495e-07
2018-11-03,0.0,0.0,0.0,2.2067104529772348e-08,0.0,1.8572922324566742e-07,7.928274704309735e-07
2018-11-04,0.0,0.0,1.2608356106964496e-07,5.497390984789038e-08,0.0,2.468366223311831e-07,8.193425396043266e-07
2018-11-05,0.0,0.0,1.2735072192496176e-07,0.0,0.0,1.2888225126953866e-07,1.2852976100876728e-06
2018-11-06,0.0,0.0,3.2157654489649264e-08,1.6193605878012832e-08,0.0,1.8441818085772345e-07,1.4013036522100681e-06
2018-11-07,0.0,0.0,1.5966903190915273e-07,1.6211118085596567e-08,0.0,2.3010022953898468e-07,1.1024054116118782e-06
2018-11-08,0.0,0.0,2.687895539300117e-07,8.115125709249085e-08,0.0,2.5358019538622616e-07,1.0236062483702354e-06
2018-11-09,0.0,0.0,5.429818677149747e-08,4.875302337020064e-08,0.0,2.433222827831391e-07,1.106095097881733e-06
2018-11-10,0.0,0.0,1.0968778524183676e-07,9.76403356557429e-08,0.0,2.4357746799293775e-07,1.031418719756481e-06
2018-11-11,0.0,0.0,0.0,3.259479622867243e-08,2.950480550195387e-09,1.776850560652594e-07,1.0064702782531025e-06
2018-11-12,0.0,0.0,5.595181274414445e-08,6.463091576697076e-08,7.94702232720917e-09,4.2432737301211584e-07,1.0273248483285044e-06
2018-11-13,0.0,0.0,1.1302827562177035e-07,1.7298701935390432e-07,1.3043698247806262e-08,3.291632484979767e-07,1.0729718147871564e-06
2018-11-14,0.0,0.0,2.2832845735400905e-07,1.0852639302623647e-07,5.067226767150839e-09,3.324713941433489e-07,1.8040156815212321e-06
2018-11-15,0.0,0.0,1.153115982502436e-07,0.0,2.4988709236605088e-08,2.718484467851586e-07,1.5332759656888622e-06
2018-11-16,0.0,0.0,1.7470574861910153e-07,8.750240408941601e-08,3.1993802152502086e-08,3.553051093796942e-07,1.8777953796173751e-06
2018-11-17,0.0,0.0,0.0,4.3928078571670225e-08,1.615767260489627e-08,3.392796819204376e-07,1.4395283749501928e-06
2018-11-18,0.0,0.0,2.3764671846877987e-07,8.821869588619292e-08,3.672013480710022e-08,2.4145594669568383e-07,1.5417981314487635e-06
2018-11-19,0.0,0.0,1.8002633077229656e-07,8.859005657214982e-08,4.533121791887913e-08,3.9046933971579256e-07,2.082570655058721e-06
2018-11-20,0.0,5.032907583792575e-07,2.424475006348104e-07,6.672770725319192e-08,2.9137057239240813e-08,2.6984826756186073e-07,1.772946866552991e-06
2018-11-21,0.0,0.0,0.0,1.116992415060057e-07,2.8397551041800007e-08,4.19323519597278e-07,1.6350033252485842e-06
2018-11-22,0.0,2.5672895306080035e-07,2.4734526503377134e-07,1.1219680760725848e-07,8.473934995211233e-08,3.6032002956402297e-07,2.568409066218147e-06
2018-11-23,0.0,5.186182438688098e-07,1.2491556313741925e-07,4.5082237393107844e-08,9.658332051535975e-08,4.964765363566331e-07,2.3230689859409607e-06
2018-11-24,0.0,2.619152219362946e-07,1.2617098541836328e-07,2.9605932512819904e-08,4.3357332899592376e-08,4.866533800968036e-07,1.9067560367937354e-06
2018-11-25,0.0,2.645475136786413e-07,1.2743902490299196e-07,5.9564331157435744e-08,1.3137924401867153e-07,4.908497340940662e-07,2.108107119414583e-06
2018-11-26,0.0,5.344125207856257e-07,3.8615942518893154e-07,2.996137688599227e-08,5.529151140518787e-08,7.462154608744667e-07,2.1605666881988943e-06
2018-11-27,0.0,0.0,1.300134639777355e-07,1.5071792177961576e-07,1.3403328079955082e-07,7.153211815216855e-07,1.8158370781565693e-06
2018-11-28,0.0,5.452083698325718e-07,2.958277081815329e-07,1.8197283725645622e-07,1.7446641835859063e-07,6.87335735716881e-07,2.619592931709319e-06
2018-11-29,0.0,5.506878050450761e-07,1.494004130384419e-07,1.2206824387516247e-07,7.552278643443036e-08,6.58082786943462e-07,2.7172427165029304e-06
2018-11-30,0.0,5.562223094969929e-07,8.927906697334702e-08,9.212510237909918e-08,1.398499722707236e-07,5.192554186197236e-07,2.594826597131246e-06
2018-12-01,0.0,2.787464101994965e-07,0.0,6.18270601187766e-08,3.853181420167749e-08,7.273687984751626e-07,1.7902783923535003e-06
2018-12-02,0.0,2.815478581961135e-07,4.5579931119718136e-07,3.111106663028303e-08,1.5567626148984187e-07,1.0169754899627324e-06,2.279645682591569e-06
2018-12-03,0.0,2.8437746121317406e-07,1.8415206817262473e-07,1.25246857335067e-07,7.535388703371068e-08,1.101893649262866e-06,3.6652553757338095e-06
2018-12-04,0.0,5.744710044266761e-07,2.79004240839982e-07,6.303098646955407e-08,1.6744465361545026e-07,6.028848821377484e-07,3.5067454319996835e-06
2018-12-05,0.0,2.90122267003087e-07,2.8180828007761534e-07,1.686690860837717e-07,9.225136383361973e-08,6.555391961029811e-07,3.181204280003174e-06
2018-12-06,0.0,8.79114132783917e-07,2.846405003780974e-07,4.248234673200114e-08,4.658925272694499e-08,6.136559803991353e-07,2.461486237736103e-06
2018-12-07,0.0,2.959831255681496e-07,1.9076380195355183e-07,4.280167021313462e-08,1.0980079250274707e-07,8.476594966046881e-07,3.1256735400553067e-06
2018-12-08,0.0,2.9895780543420376e-07,2.8767952029130665e-07,1.2937582169087283e-07,9.506083612574893e-08,8.540383005857367e-07,2.0404644379185046e-06
2018-12-09,0.0,0.0,3.85656141125398e-07,4.345319014410814e-08,1.8953764104335433e-07,1.0093656006331952e-06,3.6850814405396177e-06
2018-12-10,0.0,6.099943074308657e-07,1.938890772322737e-07,8.757090349296836e-08,2.0324677348060521e-07,1.2375426123755894e-06,4.106055111659423e-06
2018-12-11,0.0,3.080624260704686e-07,3.8993894594229286e-07,2.7302155263325296e-07,8.211577500536137e-08,1.4063440024847868e-06,3.2976078524355775e-06
2018-12-12,0.0,9.334755147744933e-07,3.921387316395829e-07,2.7576546485479616e-07,1.753255025096433e-07,9.423257413883686e-07,3.7320125610271027e-06
2018-12-13,0.0,3.142856998889855e-07,1.9718886576841002e-07,2.387459604451115e-07,1.992234972419785e-07,1.0308035690068286e-06,3.543128622317027e-06
2018-12-14,0.0,3.174443236850345e-07,3.966561695358602e-07,1.2840633447630437e-07,1.788673126012024e-07,8.418970049195029e-07,3.53093980971983e-06
2018-12-15,8.98255467640456e-07,3.206346921779898e-07,0.0,1.4536411130681048e-07,2.0427345393079288e-07,8.305682060869092e-07,3.0601024505538972e-06
2018-12-16,9.0728308517451e-07,6.477142488147188e-07,3.3980761836516566e-07,1.6249231662783925e-07,2.8369884987627897e-07,9.224430404626062e-07,3.453388024429616e-06
2018-12-17,9.164014317731532e-07,3.2711194261905157e-07,1.1355586971604738e-07,1.7195902741701936e-07,8.169129352984108e-08,9.996165517940804e-07,3.898458905044866e-06
2018-12-18,9.256114192786443e-07,9.911984168927997e-07,2.277077779839493e-07,1.7368724437419147e-07,2.7504101559712597e-07,1.10451034171419e-06,4.6269144111248344e-06
2018-12-19,2.8047419060922256e-06,6.674400843974234e-07,1.1416329375167971e-07,2.923880503342347e-07,2.458526739591534e-07,1.5691759251482123e-06,4.494007998682314e-06
2018-12-20,2.83293003087642e-06,6.741479687642887e-07,3.434523448076889e-07,4.1345723873091107e-07,2.4832353441053236e-07,1.2776523882306286e-06,3.4939927202470674e-06
2018-12-21,0.0,6.809232684898224e-07,5.740819231350513e-07,5.954527229408699e-08,1.8811442056671698e-07,1.2309789640295482e-06,3.7599295931699765e-06
2018-12-22,9.633863379007211e-07,0.0,1.1516013605226753e-07,1.8009353803896912e-07,2.216725022450796e-07,1.4943676920716242e-06,3.4856652403860497e-06
2018-12-23,0.0,6.946788309687151e-07,2.3103080717419427e-07,1.3149102694260887e-07,1.919145839405214e-07,7.235595239709965e-07,3.894320152655689e-06
2018-12-24,0.0,4.3160706374315465e-07,1.1588222275854863e-07,1.988878868511643e-07,2.0269654318203182e-07,1.0975699947188018e-06,4.370313834581565e-06
2018-12-25,0.0,8.71889573696961e-07,7.598430488839217e-07,1.3336508992221015e-07,1.1122002426121685e-07,1.0648304067983238e-06,5.6916746739879945e-06
2018-12-26,1.0027028801968191e-06,0.0,4.125442176095816e-07,6.70757959485538e-08,4.1190528165654013e-07,1.963151246134821e-06,6.552924228194194e-06
2018-12-27,2.0255604233571475e-06,4.4475145572049823e-07,0.0,1.4539635695255727e-07,3.782227259636724e-07,1.7544806916066112e-06,6.525225650811441e-06
2018-12-28,0.0,0.0,6.869788731701171e-07,2.1947211289120043e-07,3.056191420437095e-07,2.6099263216291577e-06,5.8669854083577566e-06
2018-12-29,2.0664794582141247e-06,1.3612080933147083e-06,1.373569045178909e-07,0.0,2.492243703280659e-07,2.0232529337344627e-06,6.07906350437974e-06
2018-12-30,1.043623961022589e-06,1.8331846161184567e-06,6.866588510333731e-07,0.0,6.470291634423128e-07,1.4819964557504794e-06,4.7065114543480086e-06
2018-12-31,1.054112556203907e-06,4.629021069516435e-07,1.3732036918692257e-07,3.299655830480104e-07,6.171285790621443e-07,1.888495814146129e-06,6.002942184485752e-06
2019-01-01,2.0727652778256674e-06,4.5493650075274514e-07,0.0,8.112802686616917e-08,2.8101582971492463e-07,2.090672702371152e-06,6.252432682276998e-06
2019-01-02,1.0467984575970387e-06,0.0,9.476293839781447e-07,3.261018074687139e-07,4.254832129414708e-07,1.837543377081702e-06,6.625182626141386e-06
2019-01-03,2.1146379139986767e-06,0.0,2.708099957203691e-07,0.0,4.294852299864193e-07,2.122650972539908e-06,7.723160216091559e-06
2019-01-04,2.1358903783568797e-06,0.0,1.354479100504009e-07,4.117240013333551e-07,6.443474341596927e-07,1.7993640494757723e-06,5.909956158357776e-06
2019-01-05,1.0786782167664167e-06,4.735028115568407e-07,3.1193476076569224e-07,6.151478867065229e-07,2.9963859103489794e-07,1.9581626486245405e-06,6.2758847030001665e-06
2019-01-06,0.0,0.0,1.5624304472866722e-07,8.835992267957125e-08,3.019160227202794e-07,1.8714693391365979e-06,8.000923099356873e-06
2019-01-07,2.2009379244055394e-06,1.171134284588126e-06,6.261373340366568e-07,3.690322180590329e-07,6.084472925190607e-07,2.192678248495778e-06,7.848040349354427e-06
2019-01-08,1.1115288591438485e-06,0.0,6.27365103413831e-07,3.71166704894583e-07,9.012824717156717e-07,2.2002957778113324e-06,8.829160642906857e-06
2019-01-09,1.122699909897119e-06,0.0,3.1432780491207646e-07,0.0,7.320979522320914e-07,1.8519828000643411e-06,7.595629012532982e-06
2019-01-10,0.0,1.3973129204912952e-06,1.5750224557983457e-07,9.388681166681564e-08,6.805990224975999e-07,2.5550234255471306e-06,9.565553182764611e-06
2019-01-11,2.2907599050499176e-06,1.396711345686734e-06,1.987823655361417e-07,3.777937396622199e-07,3.4236501048111463e-07,2.290921368560289e-06,7.980783947506539e-06
2019-01-12,0.0,1.3962494431806723e-06,3.991271163707672e-07,4.750975154324656e-07,5.158495904639671e-07,2.4461254514662237e-06,5.216649345680897e-06
2019-01-13,0.0,2.093890750173709e-06,1.2021882441404857e-06,0.0,6.333595285052256e-07,1.7022189787587793e-06,4.137580192802615e-06
2019-01-14,2.3605239303576155e-06,6.978722421321144e-07,4.0237178633163684e-07,2.87235557647063e-07,4.627633168740437e-07,2.1788161059641205e-06,9.004151498682355e-06
2019-01-15,0.0,1.395701377357535e-06,1.414190384123029e-06,5.767342247830809e-07,4.64947798825248e-07,2.8818445742102096e-06,8.963341132576003e-06
2019-01-16,0.0,1.3957978417516657e-06,2.231775757046373e-06,3.860366721167517e-07,9.927548988805593e-07,1.977531295430299e-06,7.589840480659251e-06
2019-01-17,1.2162062932713902e-06,6.980169435465701e-07,1.2210196821529077e-06,2.907168487752697e-07,5.277995185311221e-07,2.336686183909242e-06,6.957921801152108e-06
2019-01-18,3.6852881091827525e-06,6.982047684933446e-07,1.020691030146122e-06,1.9462351026007853e-07,2.944864969539804e-07,2.0428246055921353e-06,6.958322147680497e-06
2019-01-19,0.0,6.984624144988078e-07,4.2506676423477376e-07,3.909105010330471e-07,5.583653863505126e-07,2.5213881396648433e-06,6.595899697737726e-06
2019-01-20,1.2532452891243046e-06,6.987899073277749e-07,1.48992235405313e-06,3.2512858826430807e-07,3.8092861457003593e-07,2.1515045746891553e-06,4.65229239658586e-06
2019-01-21,5.063362454709802e-06,0.0,1.3609320758918837e-06,3.267431898059024e-07,8.93194895508322e-07,2.1569223392399063e-06,8.138947365525902e-06
2019-01-22,3.835687570040503e-06,6.996545714424591e-07,9.092575541552106e-07,4.3785395458501894e-07,3.843286105690819e-07,2.1713519622918004e-06,7.700865239017843e-06
2019-01-23,1.2914122903340257e-06,2.1005754875859253e-06,9.11317984228965e-07,5.756749552972641e-07,5.788467629381792e-07,3.402537248262095e-06,7.489631778380155e-06
2019-01-24,0.0,7.007991067145724e-07,4.567347734302883e-07,2.3084731294645187e-07,4.5208994069664687e-07,2.678713731573661e-06,1.1195653643397407e-05
2019-01-25,1.3175005491257948e-06,7.014764647285089e-07,9.157124572081012e-07,3.471715930464992e-07,4.540109418121892e-07,2.372988080892205e-06,7.75036505775431e-06
2019-01-26,5.322966599111969e-06,7.808208826157686e-07,8.645594237562043e-07,0.0,4.559773444002565e-07,2.5586688549293976e-06,7.637722307166175e-06
2019-01-27,0.0,1.5648570478746686e-06,6.506384409346353e-07,4.792036748954482e-07,6.01823697621592e-07,1.8576196312015519e-06,6.512227278035362e-06
2019-01-28,5.430497657331694e-06,7.841144087633196e-07,1.0882039640640185e-06,6.008526515645069e-07,6.037523649376897e-07,2.595836490866589e-06,8.497735516846678e-06
2019-01-29,2.6882316514082454e-06,1.5717574113672245e-06,1.9658148261724035e-06,2.4110431811022895e-07,9.119686392775822e-07,2.9303328558305467e-06,8.650138600303032e-06
2019-01-30,2.6614832995559843e-06,1.5754431822587482e-06,1.3153727334335837e-06,1.2094584311369362e-07,8.058048673623462e-07,2.3663096901772136e-06,9.160167886533191e-06
2019-01-31,0.0,3.1585729975627436e-06,2.200556312980649e-06,3.640548655721178e-07,1.1020860011639995e-06,2.527950661669662e-06,8.189972662118616e-06
2019-02-01,0.0,2.349315145516209e-06,4.416325083245439e-07,6.087713341336583e-07,4.419829981997635e-07,2.698834733440252e-06,1.0370621569545729e-05
2019-02-02,0.0,0.0,4.433736901920101e-07,6.105043888769655e-07,5.172710009366357e-07,3.064479843927361e-06,8.894792248392898e-06
2019-02-03,1.3053387018462447e-06,2.478518553148893e-06,8.368522657392253e-07,2.445856930950969e-07,5.182880068179919e-07,2.0558909787601182e-06,7.261702007583802e-06
2019-02-04,1.2923503647492295e-06,8.287781496946846e-07,1.4687112486738263e-06,7.544244459911706e-07,6.677445110553488e-07,1.8626910178425366e-06,8.400936298547745e-06
2019-02-05,0.0,0.0,1.2626382039881194e-06,3.772134104380438e-07,8.917955256369009e-07,2.9641391850793944e-06,1.1323481384136418e-05
2019-02-06,1.266760112974696e-06,5.005425907929646e-06,1.0554227640355854e-06,3.849185540170522e-07,7.444618473575545e-07,2.9758235538346397e-06,8.700192348088794e-06
2019-02-07,1.254155639250675e-06,1.6741848005163792e-06,1.2705030814843966e-06,8.008094091219894e-07,4.4693635807650897e-07,3.0641077911728155e-06,9.371423503326533e-06
2019-02-08,0.0,1.6800617182647531e-06,1.2746258974929948e-06,8.015019751239098e-07,2.2362015087337054e-07,2.393110815192824e-06,9.651038957745639e-06
2019-02-09,1.2293216937136973e-06,1.6861066435850098e-06,2.1314602952558907e-06,2.8118869339778956e-07,4.475889698198493e-07,2.2590586545732683e-06,9.325381080953751e-06
2019-02-10,0.0,2.5384802714620773e-06,2.7803844152446324e-06,1.126979715975369e-06,1.1946197257678176e-06,2.2564459401199135e-06,8.928532611575605e-06
2019-02-11,2.4099589864907593e-06,5.096108855378387e-06,1.7170144537939245e-06,5.639912691710263e-07,1.1210515577976254e-06,3.0888954914524113e-06,1.0296373722307559e-05
2019-02-12,2.3859794939174897e-06,2.5502685926398093e-06,6.46198056175268e-07,4.234118099634595e-07,5.981617460034343e-07,3.181492231186643e-06,7.426961156643397e-06
2019-02-13,3.543357901922902e-06,1.7018251910499463e-06,1.6542006945753352e-06,6.814060730785098e-07,7.243506781088133e-07,2.022351201680302e-06,9.517551704511691e-06
2019-02-14,3.5081009017125704e-06,5.110924512831952e-06,1.4901379498983587e-06,5.45995027710602e-07,9.659475736048502e-07,2.9054942499622643e-06,9.928491069583743e-06
2019-02-15,2.3154631430105578e-06,2.5584422746122326e-06,4.57602230210097e-07,1.092504774904051e-06,1.0467067418458474e-06,2.474457360191686e-06,9.359413646865915e-06
2019-02-16,0.0,3.4155708522239908e-06,2.2952009714284046e-06,4.099232796655547e-07,4.832653617690228e-07,1.9229920379184207e-06,1.0125406788520114e-05
2019-02-17,4.539227801739277e-06,3.420226898229879e-06,6.907860941448428e-07,8.203965228233212e-07,1.140265606890901e-06,2.837078973474726e-06,9.843856947287762e-06
2019-02-18,1.1235154326153931e-06,3.4252249697757887e-06,6.930809760462354e-07,1.0927024738095588e-06,8.950683598418283e-07,3.2475249488187595e-06,1.1498637467302505e-05
2019-02-19,0.0,1.71528278333652e-06,1.3908903332456043e-06,6.822826177162449e-07,1.22511533243449e-06,2.6589782430655094e-06,1.0974013493006095e-05
2019-02-20,2.2025366729785472e-06,1.7181246114928863e-06,1.6283841053563317e-06,1.313292617145769e-07,6.751557816796788e-07,2.462895314519205e-06,1.1312168954320504e-05
2019-02-21,3.270931600363285e-06,2.581707380313266e-06,1.8676864705070307e-06,2.6255020474110886e-07,8.426852125124459e-07,2.4314932581168506e-06,1.0044749597788974e-05
2019-02-22,4.317847049526093e-06,2.5864860162766632e-06,4.6863732627400026e-07,7.874044238769916e-07,1.0098119605785415e-06,2.2120100065083517e-06,1.2956403354178397e-05
2019-02-23,0.0,3.4553644039961346e-06,7.055998485666039e-07,3.9361848731460854e-07,9.909812520050516e-07,2.7200343319736863e-06,1.0818100911475416e-05
2019-02-24,0.0,8.656065814024826e-07,1.4126218176262262e-06,3.930735677693651e-07,1.0534550643163626e-06,2.9347097398731596e-06,1.2447549137888995e-05
2019-02-25,0.0,1.2776595635143642e-06,1.6498827350578951e-06,6.542799265141016e-07,7.283123690197447e-07,3.7872813473255994e-06,1.1303341972989785e-05
2019-02-26,2.0742709225298445e-06,6.39236065685934e-07,1.4158900050288054e-06,1.305892988127398e-07,8.89023086546965e-07,3.912241669842913e-06,1.16040040186282e-05
2019-02-27,2.0536315820014058e-06,1.919118821261859e-06,1.41773639875983e-06,3.910070140840958e-07,9.67947542046641e-07,2.4151395328447297e-06,1.116786435801682e-05
2019-02-28,0.0,1.280480905964875e-06,1.6563453285308781e-06,7.80570465514442e-07,7.237642383582068e-07,2.642654358524288e-06,1.2335073108870796e-05
2019-03-01,2.0698610382690636e-06,3.1549078890563647e-06,7.11046925004533e-07,3.9007874290160214e-07,7.889607147751818e-07,1.939940092341174e-06,8.74382510445239e-06
2019-03-02,0.0,6.278659575723555e-07,1.6524104045600024e-06,0.0,1.0751257391046477e-06,2.077508528677162e-06,7.573566860684722e-06
2019-03-03,1.0144375218203394e-06,0.0,1.6458765598602305e-06,5.18438038463036e-07,5.164348878117251e-07,2.8072590351768282e-06,8.697218590020145e-06
2019-03-04,1.0043436998271451e-06,1.865468319496819e-06,1.4052919750182969e-06,6.136646558791341e-07,6.626215199115998e-07,2.3307357778074567e-06,8.643013075355445e-06
2019-03-05,2.983050939122668e-06,1.2377892093485955e-06,1.1666442861517677e-06,4.9049399742487e-07,2.9392070650070573e-07,2.6233559330952873e-06,1.2814671519467045e-05
2019-03-06,9.844563621145658e-07,1.2320566523184085e-06,1.6272600285980873e-06,4.901053199549215e-07,5.13401616040166e-07,1.6229418928431428e-06,1.186455778443564e-05
2019-03-07,2.9239825729345096e-06,2.4528946039603395e-06,1.158129131387582e-06,1.2244141335634776e-07,8.785600050746345e-07,2.702044482021197e-06,1.1662870513871104e-05
2019-03-08,3.859851280292367e-06,0.0,4.455756500342881e-07,3.67106222902007e-07,8.635036543320789e-07,2.80891776794157e-06,1.0886628419794103e-05
2019-03-09,0.0,1.2155959898853847e-06,1.1103699489528115e-06,3.6692491666318365e-07,8.622573643483555e-07,2.2120478096835944e-06,9.677888273549898e-06
2019-03-10,0.0,1.8155294144828787e-06,1.2464784963241078e-06,2.445202021478656e-07,5.016468061275067e-07,2.0617004906238342e-06,9.975971448194204e-06
2019-03-11,9.364438587803049e-07,3.6156927971841496e-06,1.0347138112079399e-06,2.4378002008395626e-07,5.715386671354869e-07,2.549353759371725e-06,1.159543280748763e-05
2019-03-12,1.8542521734017408e-06,4.200803060644572e-06,1.234287222033359e-06,2.430642162252061e-07,5.698238530396778e-07,2.4481901806393228e-06,9.859583928349928e-06
2019-03-13,1.835802056005427e-06,2.988369958367415e-06,6.135206501839846e-07,4.847454379812653e-07,1.0370047148805148e-06,2.1876174075788917e-06,1.1083142542730597e-05
2019-03-14,1.8175355203445536e-06,5.952930282949722e-07,2.2365164870677824e-06,2.4137134656645213e-07,8.274275747741867e-07,2.321451864153581e-06,1.012798083661339e-05
2019-03-15,8.997253698751665e-07,0.0,1.2129168601673265e-06,6.609933844141895e-07,7.56556277666717e-07,2.1549983897332884e-06,1.0095980383734678e-05
2019-03-16,8.907729528648174e-07,1.7721283763681525e-06,1.6080492389017106e-06,3.2936634402132063e-07,8.919334682999338e-07,1.59299825170272e-06,8.929069885719728e-06
2019-03-17,8.819096138920679e-07,5.859922331135372e-07,1.199277602883191e-06,1.093116066936458e-07,1.0267432686631928e-06,1.1333157421726272e-06,7.68132360799973e-06
2019-03-18,0.0,1.1626672142986606e-06,9.938651711248244e-07,8.707629063889126e-07,5.459883298469196e-07,1.8788663602720552e-06,1.038930415398575e-05
2019-03-19,1.7288932670269557e-06,1.7301993450908536e-06,1.9768634543846506e-07,1.0839000453061698e-07,6.522369852831043e-07,2.367477315380328e-06,8.87158946961244e-06
2019-03-20,0.0,1.716570890110063e-06,7.864777018049932e-07,3.238364545601948e-07,8.937311941190674e-07,1.9117434625115424e-06,9.441266746627468e-06
2019-03-21,0.0,1.1354093957658426e-06,7.822886702817068e-07,4.3004703925847895e-07,1.905238011337609e-07,1.6040921484174233e-06,7.3430986785546445e-06
2019-03-22,0.0,3.9429310900375565e-06,1.167266802416037e-06,2.1417757208283226e-07,4.964161023331531e-07,1.9327140581907036e-06,1.0264085273272271e-05
2019-03-23,0.0,1.1178067403684164e-06,7.741448847083209e-07,2.1847011309421803e-07,3.7047563758704896e-07,1.5145764072672803e-06,8.51145339543764e-06
2019-03-24,0.0,2.772933805829118e-06,9.627366453410967e-07,3.190539008179117e-07,6.144604104945377e-07,1.4910195447406642e-06,8.195498221233789e-06
2019-03-25,0.0,5.490685306917133e-07,3.831553837054439e-07,4.03982043364659e-07,4.082514068932077e-07,2.005842918995964e-06,9.333400552250641e-06
2019-03-26,0.0,2.174420830112923e-06,8.862921299770978e-07,7.647108739264407e-07,5.80621564564922e-07,1.813208196746408e-06,8.207159237449442e-06
2019-03-27,0.0,1.6145887360155204e-06,7.058401249512759e-07,9.275004860722174e-07,3.967335860653295e-07,1.660461195267824e-06,9.49432330584962e-06
2019-03-28,0.0,1.5985233096654454e-06,8.783964131519628e-07,4.6185031174633925e-07,5.643960684773645e-07,1.5802775308388508e-06,9.398063298784763e-06
2019-03-29,0.0,1.5826177369784442e-06,5.247483062928875e-07,1.8366451368556436e-07,2.1351189408890317e-07,1.6581022229269038e-06,6.99412366231358e-06
2019-03-30,0.0,1.5668704273839932e-06,8.708520666041968e-07,3.652145385540317e-07,4.254462737647435e-07,1.2561743875559195e-06,9.091296104165064e-06
2019-03-31,0.0,1.03418653742534e-06,3.4688428346104847e-07,2.713500906309003e-07,5.298891304169963e-07,1.4803893013067927e-06,5.892601382674933e-06
2019-04-01,0.0,1.022409443574191e-06,5.176766796829606e-07,1.791422628697651e-07,4.7511976842702927e-07,1.4251597991681893e-06,6.715162332096395e-06
2019-04-02,0.0,1.5183544494513108e-06,8.593296563457818e-07,2.5116608783233506e-07,2.6304916029934424e-07,1.6390010564569378e-06,8.975062214145607e-06
2019-04-03,0.0,8.514118496889596e-07,3.4238031209401636e-07,3.3178205125326433e-07,5.101881265927983e-07,1.8198293783163422e-06,7.919686240771526e-06
2019-04-04,0.0,8.429401602366261e-07,1.1189337624795605e-06,4.108864548479497e-07,2.3921785809079463e-07,1.3123823867667816e-06,6.08656338681671e-06
2019-04-05,0.0,2.0863819137569217e-06,2.964811644514349e-07,2.442518607703262e-07,5.703793404626525e-07,1.3027505980294786e-06,7.27612195264443e-06
2019-04-06,0.0,8.262488267409247e-07,4.402966913623542e-07,3.0260640407474824e-07,4.722440499306347e-07,8.74845444136463e-07,8.169198926044808e-06
2019-04-07,0.0,1.6360550271005952e-06,1.1624417762229535e-06,2.9983077503075747e-07,5.630630491291083e-07,7.39832018973905e-07,7.445494362300064e-06
2019-04-08,0.0,4.049440018963587e-07,5.754376436463114e-07,3.7135641164266196e-07,6.564398239016499e-07,1.3656813777852461e-06,6.568188179868218e-06
2019-04-09,0.0,4.0091474175521283e-07,4.272839575687827e-07,3.9642937564068034e-07,5.080108852863334e-07,1.1040364354895605e-06,6.749503995266968e-06
2019-04-10,0.0,7.938511468446783e-07,7.050540185910997e-07,2.6189908090906623e-07,4.2056215364922114e-07,8.325509796502419e-07,6.395516457344724e-06
2019-04-11,0.0,7.8595219595516e-07,2.7921544555612046e-07,0.0,5.299349876565862e-07,1.085135363389346e-06,6.218557547660285e-06
2019-04-12,0.0,7.781318409401997e-07,9.675302190856294e-07,1.2860153807603706e-07,3.372827441318167e-07,1.008239251366462e-06,4.743977230395513e-06
2019-04-13,0.0,0.0,4.1052991395129583e-07,3.186172141359337e-07,1.4841187766851927e-07,9.206818668481764e-07,5.842969770299247e-06
2019-04-14,0.0,0.0,4.064450730565407e-07,1.467654164740385e-07,2.8255009277044276e-07,1.1159473272807012e-06,5.080865529560761e-06
2019-04-15,0.0,0.0,1.1410045140092326e-07,2.0372118444736808e-07,4.5457534260643184e-07,1.4502809024391337e-06,5.896369194370381e-06
2019-04-16,0.0,7.476208550434992e-07,3.388953988205673e-07,4.0501451346745616e-07,4.500522423739691e-07,1.0298889158500634e-06,6.338424720852401e-06
2019-04-17,0.0,5.140531075250872e-07,0.0,3.188098876737053e-07,2.0564960664959464e-07,9.251971727670114e-07,6.060813433832518e-06
2019-04-18,0.0,0.0,4.429130937515784e-07,1.9021216406860858e-07,1.602359516835141e-07,7.993880777025124e-07,5.0591263532369775e-06
2019-04-19,0.0,0.0,4.3850603483407984e-07,3.1526236151318594e-07,3.178808737668473e-07,9.986419586646367e-07,3.166061578324694e-06
2019-04-20,0.0,0.0,4.341428268854877e-07,3.135359760775617e-07,2.2888574998175086e-07,7.191005763792754e-07,4.414546671985576e-06
2019-04-21,0.0,1.350090101334466e-07,1.347788197173165e-07,1.8710456670049563e-07,2.5493433605660936e-07,1.2312380213798872e-06,3.6753272474907714e-06
2019-04-22,0.0,4.009969441117757e-07,6.671887402701914e-08,4.342479361897723e-07,2.2435350847093387e-07,1.0347440139830348e-06,5.351522573421496e-06
2019-04-23,0.0,0.0,6.605501013838198e-08,1.8512656081452073e-07,1.9435600954235435e-07,9.731363310238876e-07,5.60469093031791e-06
2019-04-24,0.0,3.930566726184257e-07,1.9619325541741406e-07,1.8416537607235024e-07,3.0237764061302226e-07,7.356727940447606e-07,4.522869496197333e-06
2019-04-25,0.0,1.297152311266245e-07,3.8848219981743765e-07,3.664452160425174e-07,2.449382177604996e-07,6.198418357980964e-07,4.885204170738767e-06
2019-04-26,0.0,0.0,3.2051394778647107e-07,3.0383027063942545e-07,2.4250104177260016e-07,6.618178472851984e-07,4.7813397296110545e-06
2019-04-27,0.0,1.2714669745799646e-07,2.538598245762282e-07,1.2092796447613722e-07,2.1341165874752252e-07,8.517249968483286e-07,4.032459587978476e-06
2019-04-28,0.0,0.0,0.0,1.2033591359372552e-07,1.0564408863155943e-07,5.562792357820254e-07,4.175000016925235e-06
2019-04-29,0.0,2.492580483273271e-07,1.0838999221307846e-07,0.0,2.0986356494803902e-07,6.32914090266433e-07,3.886017941538871e-06
2019-04-30,0.0,4.935557786142245e-07,0.0,1.486988404215433e-07,8.781652996373214e-08,6.854379775955972e-07,3.5780640155511136e-06
2019-05-01,0.0,1.2148797105178657e-07,7.969602588171459e-08,1.4842156566263032e-07,1.306957700398328e-07,6.024201046011922e-07,3.5559914797855214e-06
2019-05-02,0.0,2.405582910846901e-07,7.890303717466092e-08,2.4650104077285044e-07,1.9409298809948389e-07,6.783178220547142e-07,3.6906993465683037e-06
2019-05-03,0.0,1.190823480476907e-07,1.1717690825561621e-07,4.410895110467188e-08,2.135130339997481e-07,8.337668709661114e-07,3.445955894815975e-06
2019-05-04,0.0,0.0,3.867032617923812e-08,1.759804895951058e-07,1.9024968943325797e-07,4.891133792521166e-07,2.867763893785994e-06
2019-05-05,0.0,0.0,2.297133000286848e-07,1.755427729671345e-07,1.4649963486217728e-07,2.591770098154207e-07,2.5444431375577604e-06
2019-05-06,0.0,4.060206780730559e-08,1.5161840966891476e-07,4.0432292660359434e-08,1.450419391396124e-07,3.8700683473419617e-07,3.0986058604047347e-06
2019-05-07,0.0,4.0198070482495354e-08,1.876372266075279e-07,2.8255462864989345e-07,2.1005626005924638e-07,3.8122119389265966e-07,3.0882366928005e-06
2019-05-08,0.0,7.959618599646371e-08,1.1146212300476278e-07,4.030163776794269e-08,1.5124812025427555e-07,3.9150025544786174e-07,2.990010861385149e-06
2019-05-09,0.0,7.880419071286676e-08,1.103530563501947e-07,4.024235878326221e-08,1.588173068491102e-07,3.3453926297555934e-07,2.973905773902531e-06
2019-05-10,0.0,3.9010037957005735e-08,1.0925502509322285e-07,4.018710406799546e-08,7.732523082047264e-08,2.4448180923234773e-07,3.2980831380923794e-06
2019-05-11,0.0,0.0,1.442238925730753e-07,2.8095107667637415e-07,1.5311166383685e-07,2.93839529190419e-07,2.1824299745600787e-06
2019-05-12,0.0,3.823758745110319e-08,2.1418326129694656e-07,1.2001501330309457e-07,1.2632348110560988e-07,3.424970881225315e-07,2.1578937433095295e-06
2019-05-13,0.0,0.0,0.0,7.975628261177175e-08,1.5007984976067025e-07,2.508765769576808e-07,2.09689646912729e-06
2019-05-14,0.0,0.0,1.7495179047315096e-07,0.0,7.429326515232585e-08,3.658265400972793e-07,2.797951626026939e-06
2019-05-15,0.0,0.0,3.464219821441248e-08,7.257601254611558e-08,1.1033105221911461e-07,2.725441718389806e-07,2.0974741221962137e-06
2019-05-16,0.0,0.0,1.0289250774865439e-07,7.241277392060686e-08,6.0685133281614e-08,3.948374693219054e-07,2.2685003970572196e-06
2019-05-17,0.0,0.0,1.3582494692078705e-07,1.0085135488101561e-07,1.441951346796193e-07,2.0588856847506432e-07,1.9926275371057407e-06
2019-05-18,0.0,0.0,1.3447346611791478e-07,0.0,8.327688198491432e-08,3.1078123682177047e-07,1.9801226563200488e-06
2019-05-19,0.0,0.0,1.331354327737159e-07,8.56473411455247e-08,9.422658647350115e-08,2.2876336308586237e-07,1.4472723605500276e-06
2019-05-20,0.0,0.0,1.31810713083741e-07,9.255411123535148e-08,9.328901627284142e-08,3.127269565984303e-07,1.9874522485277706e-06
2019-05-21,0.0,0.0,0.0,7.448166680354237e-08,1.0390587193299386e-07,3.3920243117461796e-07,1.4555807901256504e-06
2019-05-22,0.0,0.0,3.230017152307507e-08,1.1239123927132825e-07,1.4859287622518867e-07,3.279131556453108e-07,1.3569946741897689e-06
2019-05-23,0.0,0.0,3.197877944649009e-08,5.6535608777464866e-08,6.78989318783348e-08,3.183801915799778e-07,1.4522601506536002e-06
2019-05-24,0.0,0.0,2.3172607387983675e-08,5.688125152725653e-08,6.084710494113932e-08,2.0284236282524776e-07,1.611036509519191e-06
2019-05-25,0.0,0.0,0.0,1.3354269238240492e-07,3.2859090616959905e-08,2.1753796629186578e-07,1.761599864665167e-06
2019-05-26,0.0,0.0,0.0,7.678618223718219e-08,4.337618293662667e-08,2.47360142337129e-07,1.7763267003648261e-06
2019-05-27,0.0,0.0,0.0,3.863496661188698e-08,6.978494689575619e-08,1.4932498809886228e-07,1.6438391218631454e-06
2019-05-28,0.0,0.0,0.0,3.888070563403997e-08,4.806197919849618e-08,2.4543695721747516e-07,1.8313613142099395e-06
2019-05-29,0.0,0.0,0.0,5.86954991387356e-08,5.190955038013867e-08,2.5279571863824993e-07,1.46028582768113e-06
2019-05-30,0.0,0.0,0.0,3.9383872950158794e-08,4.0105384198660326e-08,1.9070179127941017e-07,1.354543312002736e-06
2019-05-31,0.0,0.0,0.0,3.964135156127554e-08,0.0,1.969077056216982e-07,1.5720434209818515e-06
2019-06-01,0.0,0.0,0.0,1.9975785194245497e-08,0.0,2.0324695287389578e-07,1.4727376591827205e-06
2019-06-02,0.0,0.0,0.0,4.0217327938393845e-08,0.0,1.257460698402745e-07,1.1219462155939012e-06
2019-06-03,0.0,0.0,0.0,7.963431767848519e-08,0.0,1.5172356347349895e-07,1.4992209532180477e-06
2019-06-04,0.0,0.0,0.0,5.9131457233734525e-08,0.0,1.9718369916433002e-07,1.5242826651356772e-06
2019-06-05,0.0,0.0,0.0,3.902872626906993e-08,0.0,1.8703640822697127e-07,1.384174531010897e-06
2019-06-06,0.0,0.0,0.0,5.796057593120172e-08,0.0,1.4658309092178503e-07,1.2409268375532782e-06
2019-06-07,0.0,0.0,0.0,3.8255905709794864e-08,0.0,1.9713119740154134e-07,1.2212423834611632e-06
2019-06-08,0.0,0.0,0.0,3.7875253087906255e-08,1.4485507345138374e-08,1.3649062413046786e-07,1.188038541877887e-06
2019-06-09,0.0,0.0,0.0,5.624758203433388e-08,8.778653468553573e-09,1.5674455724250082e-07,1.1219622751519017e-06
2019-06-10,0.0,0.0,0.0,1.8562636413961646e-08,1.6255947404925338e-08,1.2574418906324032e-07,1.1505023792972758e-06
2019-06-11,0.0,0.0,0.0,5.513380528676695e-08,1.6419322392456285e-08,1.3867169970505263e-07,1.2706171616904653e-06
2019-06-12,0.0,0.0,0.0,7.278028634416349e-08,1.6584339325909294e-08,1.2218548797139612e-07,1.2363151774748727e-06
2019-06-13,0.0,0.0,0.0,0.0,1.0659736631800598e-08,1.1407051777813274e-07,1.2364778301773066e-06
2019-06-14,0.0,0.0,0.0,0.0,1.538124109431917e-08,1.05919944545411e-07,1.2927266319867509e-06
2019-06-15,0.0,0.0,0.0,1.7657325953268734e-08,9.32149508236737e-09,1.2747555765477132e-07,8.779987537035644e-07
2019-06-16,0.0,0.0,0.0,1.7481632624488585e-08,9.415177665419412e-09,1.406459224687494e-07,1.2738286082326425e-06
2019-06-17,0.0,0.0,0.0,3.461537494707791e-08,1.901960354816801e-08,1.2168535298844894e-07,1.1943831335317004e-06
2019-06-18,0.0,0.0,0.0,3.42709462115196e-08,1.1206273015992677e-08,1.7576763514374418e-07,1.1093353403748388e-06
2019-06-19,0.0,0.0,0.0,1.6964972299570832e-08,1.4552868769963981e-08,1.0367421981451488e-07,1.1967247083497136e-06
2019-06-20,0.0,0.0,0.0,3.359233600949868e-08,1.1432654747621406e-08,1.427800501121302e-07,1.0670048769864391e-06
2019-06-21,0.0,0.0,0.0,1.662904334072518e-08,1.1547554838050607e-08,7.756881045577268e-08,1.167838558772378e-06
2019-06-22,0.0,0.0,0.0,1.6463581594892676e-08,1.6662299562266585e-08,1.1695045858682325e-07,1.3623319995409171e-06
2019-06-23,0.0,0.0,0.0,4.8899298662818074e-08,2.3561661839623352e-08,8.621022419775716e-08,1.0598732006269776e-06
2019-06-24,0.0,0.0,0.0,1.6137580837191315e-08,2.3798460477892234e-08,1.0242274528842806e-07,1.158590902256671e-06
2019-06-25,0.0,0.0,0.0,7.98850461248751e-08,1.0301845278017581e-08,1.1881260290908426e-07,1.1126943400110874e-06
2019-06-26,0.0,0.0,0.0,4.745410598098634e-08,1.0405380544336904e-08,1.0751129681404794e-07,1.3390130266340938e-06
2019-06-27,0.0,0.0,0.0,4.698192973719092e-08,1.7516593928969736e-08,1.1610955794987555e-07,1.0785562478898762e-06
2019-06-28,0.0,0.0,0.0,4.651445172552097e-08,1.2384847037290985e-08,9.662534927524378e-08,1.2300199881239272e-06
2019-06-29,0.0,0.0,0.0,4.605162519778574e-08,1.0722271559423676e-08,8.048007184248231e-08,8.761179105364303e-07
2019-06-30,0.0,0.0,0.0,0.0,1.6245048270176564e-08,8.044706736317936e-08,1.010936321442343e-06
2019-07-01,0.0,0.0,0.0,5.020990657697833e-08,3.1044982943096984e-08,9.257699571829824e-08,1.0240364309754015e-06
2019-07-02,0.0,0.0,0.0,1.2427577414774663e-08,1.6600759522306016e-08,1.3279992202808905e-07,1.0746467302394915e-06
2019-07-03,0.0,0.0,0.0,1.230392095340257e-08,1.1178399952819523e-08,9.657109871792122e-08,9.58828616013575e-07
2019-07-04,0.0,0.0,0.0,1.2181494894379121e-08,9.408953950065846e-09,8.449883150731449e-08,9.117624289925855e-07
2019-07-05,0.0,0.0,0.0,1.2060286994996387e-08,7.602812407481002e-09,8.853051595144383e-08,8.013827532497328e-07
2019-07-06,0.0,0.0,0.0,1.1940285134363426e-08,2.111786034183587e-08,6.842291335790621e-08,9.93889297032588e-07
2019-07-07,0.0,0.0,0.0,1.1821477312194175e-08,1.5512798812168326e-08,1.1272919398566817e-07,7.879107139405882e-07
2019-07-08,0.0,0.0,0.0,2.3407703295214806e-08,1.56687050321737e-08,1.2082831907887324e-07,9.817116070207959e-07
2019-07-09,0.0,0.0,0.0,3.476218913381592e-08,1.1869633601804693e-08,1.208874418199862e-07,1.0567699742907747e-06
2019-07-10,0.0,0.0,0.0,2.2944199715127717e-08,2.3977850805461374e-08,1.4515038408722527e-07,7.515856923172876e-07
2019-07-11,0.0,0.0,0.0,4.543180222693981e-08,1.8164124159281634e-08,1.0086830079849645e-07,9.798423726238098e-07
2019-07-12,0.0,0.0,0.0,5.622468530213356e-08,1.2231117761346659e-08,1.0385923021355698e-07,8.803623327251575e-07
2019-07-13,0.0,0.0,0.0,3.339914420158598e-08,2.8826099256440103e-08,1.2655484751538295e-07,9.087738100287959e-07
2019-07-14,0.0,0.0,0.0,3.306681716414469e-08,2.2876705005276677e-08,1.0571816734545056e-07,8.804749624021292e-07
2019-07-15,0.0,0.0,0.0,2.1825197890650388e-08,1.2603610752499054e-08,1.0854278193072746e-07,1.1527754814089694e-06
2019-07-16,0.0,0.0,0.0,2.160803354318111e-08,2.1217131910709145e-08,1.0521681399983919e-07,1.1847618885247288e-06
2019-07-17,0.0,0.0,0.0,4.2786060034145807e-08,2.1430367631458604e-08,1.0416988920815792e-07,1.1278332981547276e-06
2019-07-18,0.0,0.0,0.0,3.177024871769099e-08,1.7316597125463932e-08,1.0010004674243523e-07,9.188278947299974e-07
2019-07-19,0.0,0.0,0.0,5.242354910186613e-08,1.5304302842416058e-08,8.408827181205136e-08,1.1222494503825032e-06
2019-07-20,0.0,0.0,0.0,2.0760770429137562e-08,2.2083019490127213e-08,8.027830883035572e-08,9.829134244927368e-07
2019-07-21,0.0,0.0,0.0,0.0,2.2304957525725927e-08,7.064846783214048e-08,9.995752351109382e-07
2019-07-22,0.0,0.0,0.0,2.034967963146676e-08,1.577038825296532e-08,6.411671184585712e-08,7.950787791610355e-07
2019-07-23,0.0,0.0,0.0,0.0,2.7306657068382552e-08,8.079112351358893e-08,9.016495762381556e-07
2019-07-24,0.0,0.0,0.0,0.0,1.8387395689619922e-08,7.713055131721446e-08,8.400345844288517e-07
2019-07-25,0.0,0.0,0.0,0.0,3.4822860166018704e-08,7.353482693419765e-08,7.936878416418449e-07
2019-07-26,0.0,0.0,0.0,0.0,1.8758845722152438e-08,6.440278050624819e-08,8.671791437770737e-07
2019-07-27,0.0,0.0,0.0,0.0,2.1315797162961974e-08,6.930648057955997e-08,1.1047446642664274e-06
2019-07-28,0.0,0.0,0.0,0.0,1.6413990006883384e-08,7.410621914157597e-08,9.093936279727197e-07
2019-07-29,0.0,0.0,0.0,0.0,3.2501336154950797e-08,8.69556740040257e-08,1.0098739578601615e-06
2019-07-30,0.0,0.0,0.0,0.0,2.987951799563237e-08,5.380653161952033e-08,1.0840937781581904e-06
2019-07-31,0.0,0.0,0.0,0.0,6.826664267095638e-09,5.859826245297799e-08,1.0163923722418107e-06
2019-08-01,0.0,0.0,0.0,0.0,1.1284540600048293e-08,1.0825439888023207e-07,1.1459716971235303e-06
2019-08-02,0.0,0.0,0.0,0.0,2.23445150900271e-08,6.535198147194507e-08,1.011205823332865e-06
2019-08-03,0.0,0.0,0.0,0.0,1.1061091725043555e-08,5.4349443448841447e-08,1.1012718809644484e-06
2019-08-04,0.0,0.0,0.0,0.0,2.8472683261005537e-08,7.430719362265112e-08,9.964963544878745e-07
2019-08-05,0.0,0.0,0.0,0.0,1.0842067434212022e-08,7.610464623359273e-08,1.259140272678226e-06
2019-08-06,0.0,0.0,0.0,0.0,1.7174699297182208e-08,6.027791388088619e-08,1.2246832725411327e-06
2019-08-07,0.0,0.0,0.0,0.0,2.33802362528174e-08,5.470496039847487e-08,1.277838783027546e-06
2019-08-08,0.0,0.0,0.0,0.0,1.6834617465540463e-08,6.400802548372212e-08,9.791010233941722e-07
2019-08-09,0.0,0.0,0.0,0.0,1.6667110222989177e-08,8.286994575454746e-08,1.0828300767877814e-06
2019-08-10,0.0,0.0,0.0,0.0,1.6501269705349498e-08,6.756678024937013e-08,1.0468681287227263e-06
2019-08-11,0.0,0.0,0.0,0.0,1.0210674580269656e-08,4.3003593998264226e-08,1.1853996535959565e-06
2019-08-12,0.0,0.0,0.0,0.0,1.0109076670662828e-08,3.311443418002084e-08,1.3412350334407376e-06
2019-08-13,0.0,0.0,0.0,0.0,6.0050938062883966e-09,1.0554920180129443e-07,1.4099400777918048e-06
2019-08-14,0.0,0.0,0.0,0.0,1.1890684249127971e-08,9.498147375462551e-08,1.0611827873847734e-06
2019-08-15,0.0,0.0,0.0,0.0,1.9620616606688332e-08,8.787784833144552e-08,1.2383915265916445e-06
2019-08-16,0.0,0.0,0.0,0.0,1.3597771746655564e-08,8.756740174880369e-08,1.032897757170646e-06
2019-08-17,0.0,0.0,0.0,0.0,1.7308892130602754e-08,6.712747075331525e-08,8.732134084405848e-07
2019-08-18,0.0,0.0,0.0,0.0,1.713666577628554e-08,7.802498401994149e-08,1.0054697242801231e-06
2019-08-19,0.0,0.0,0.0,0.0,1.1310768735217704e-08,8.830837478846817e-08,1.1729100585453453e-06
2019-08-20,0.0,0.0,0.0,0.0,1.3064595490190508e-08,9.338533969278221e-08,1.022089332032052e-06
2019-08-21,0.0,0.0,0.0,0.0,2.0325800931956522e-08,7.254880338783178e-08,9.719027074224157e-07
2019-08-22,0.0,0.0,0.0,0.0,1.6464727500138195e-08,6.211870262844412e-08,1.0223599604068312e-06
2019-08-23,0.0,0.0,0.0,0.0,2.17345342989829e-08,6.464471725080766e-08,9.55589694607617e-07
2019-08-24,0.0,0.0,0.0,0.0,1.2552325373772108e-08,6.717247380748515e-08,8.05014725034036e-07
2019-08-25,0.0,0.0,0.0,0.0,1.4202774456535473e-08,6.453957593989261e-08,1.0067535512036297e-06
2019-08-26,0.0,0.0,0.0,0.0,2.2849863545388546e-08,5.675708611635084e-08,1.1920182572320784e-06
2019-08-27,0.0,0.0,0.0,0.0,8.700962924731964e-09,7.47738915310755e-08,9.94552991947514e-07
2019-08-28,0.0,0.0,0.0,0.0,2.0674528553012535e-08,5.15442079600431e-08,1.2207009539073535e-06
2019-08-29,0.0,0.0,0.0,0.0,8.528672315313536e-09,6.955924859269434e-08,1.0133007080317363e-06
2019-08-30,0.0,0.0,0.0,0.0,1.1821334851028219e-08,5.408726743945465e-08,1.148335203616473e-06
2019-08-31,0.0,0.0,0.0,0.0,1.0031751946246059e-08,2.4180916274015466e-08,1.0395890265442066e-06
2019-09-01,0.0,0.0,0.0,0.0,1.8209537386366754e-08,3.2138736073993505e-08,9.546324127570194e-07
2019-09-02,0.0,0.0,0.0,0.0,1.9667290322205457e-08,2.726785802278534e-08,7.390377956598171e-07
2019-09-03,0.0,0.0,0.0,0.0,1.1358431883047743e-08,4.590317425323617e-08,1.2942612500397283e-06
2019-09-04,0.0,0.0,0.0,0.0,1.2851901254243048e-08,3.70916070593399e-08,8.243045903771224e-07
2019-09-05,0.0,0.0,0.0,0.0,1.2724022700124057e-08,3.077431535275898e-08,1.071915198625574e-06
2019-09-06,0.0,0.0,0.0,0.0,1.1022739489018655e-08,4.594967305975968e-08,1.0881327543982332e-06
2019-09-07,0.0,0.0,0.0,0.0,1.4031078941009967e-08,3.003095438036499e-08,9.907656281161178e-07
2019-09-08,0.0,0.0,0.0,0.0,6.17398549905261e-09,2.895400819460356e-08,1.1044427243052242e-06
2019-09-09,0.0,0.0,0.0,0.0,9.168829975360218e-09,3.76007153332059e-08,1.0879934245085934e-06
2019-09-10,0.0,0.0,0.0,0.0,2.2693996481949425e-08,2.813230281836212e-08,1.1418862019445602e-06
2019-09-11,0.0,0.0,0.0,0.0,2.2468187444058233e-08,3.2677292736471427e-08,1.1960136331769548e-06
2019-09-12,0.0,0.0,0.0,0.0,1.4829750162423333e-09,3.4440735639997815e-08,9.434460930277077e-07
2019-09-13,0.0,0.0,0.0,0.0,7.341095841424459e-09,3.913522963614164e-08,1.106153635950548e-06
2019-09-14,0.0,0.0,0.0,0.0,4.360830430403397e-09,3.952854523286215e-08,1.0458747877101166e-06
2019-09-15,0.0,0.0,0.0,0.0,1.151317184701119e-08,4.879821676527906e-08,1.2806724868304677e-06
2019-09-16,0.0,0.0,0.0,0.0,0.0,4.331426554297598e-08,1.3446691922840947e-06
2019-09-17,0.0,0.0,0.0,0.0,0.0,4.676679364183236e-08,1.4419997196373987e-06
2019-09-18,0.0,0.0,0.0,0.0,0.0,3.961796777516171e-08,1.0587643715213178e-06
2019-09-19,0.0,0.0,0.0,0.0,0.0,3.539888862804836e-08,1.4489759974436427e-06
2019-09-20,0.0,0.0,0.0,0.0,0.0,5.4409255133364933e-08,9.974344492149421e-07
2019-09-21,0.0,0.0,0.0,0.0,0.0,2.8263125436881333e-08,1.1275929641483677e-06
2019-09-22,0.0,0.0,0.0,0.0,0.0,2.537526628430471e-08,1.0356370779277734e-06
2019-09-23,0.0,0.0,0.0,0.0,0.0,4.965869065364275e-08,1.3667871426073598e-06
2019-09-24,0.0,0.0,0.0,0.0,0.0,5.501174641691477e-08,1.2475511743515534e-06
2019-09-25,0.0,0.0,0.0,0.0,0.0,3.2685072741174496e-08,1.5087770209242217e-06
2019-09-26,0.0,0.0,0.0,0.0,0.0,3.7965597660888713e-08,1.3074277109444793e-06
2019-09-27,0.0,0.0,0.0,0.0,0.0,1.3338142003767284e-08,1.2459339906167383e-06
2019-09-28,0.0,0.0,0.0,0.0,0.0,4.546864988830408e-08,9.014078120430471e-07
2019-09-29,0.0,0.0,0.0,0.0,0.0,5.272941258962834e-08,1.2090633597353486e-06
2019-09-30,0.0,0.0,0.0,0.0,0.0,3.6078915868531846e-08,9.218876806736646e-07
2019-10-01,0.0,0.0,0.0,0.0,0.0,5.034224925620239e-08,1.2826303400979887e-06
2019-10-02,0.0,0.0,0.0,0.0,0.0,5.9583581598933266e-08,9.389387646335233e-07
2019-10-03,0.0,0.0,0.0,0.0,0.0,4.7458447085101374e-08,7.864706513151863e-07
2019-10-04,0.0,0.0,0.0,0.0,0.0,3.7803819820250795e-08,8.833989337939772e-07
2019-10-05,0.0,0.0,0.0,0.0,0.0,5.8819784977977806e-08,7.779355661593817e-07
2019-10-06,0.0,0.0,0.0,0.0,0.0,3.748926944917005e-08,7.422103188741685e-07
2019-10-07,0.0,0.0,0.0,0.0,0.0,6.534084457358568e-08,8.166906880932788e-07
2019-10-08,0.0,0.0,0.0,0.0,0.0,4.4162786901807426e-08,6.127737713807695e-07
2019-10-09,0.0,0.0,0.0,0.0,0.0,4.862225038566638e-08,9.894899207089523e-07
2019-10-10,0.0,0.0,0.0,0.0,0.0,5.305099141240087e-08,7.380170730986499e-07
2019-10-11,0.0,0.0,0.0,0.0,0.0,6.664243760945188e-08,7.193977659131821e-07
2019-10-12,0.0,0.0,0.0,0.0,0.0,5.7242378484219664e-08,7.592055172992091e-07
2019-10-13,0.0,0.0,0.0,0.0,0.0,3.878727072303445e-08,8.966494848885052e-07
2019-10-14,0.0,0.0,0.0,0.0,0.0,6.139101626925035e-08,9.08904381687397e-07
2019-10-15,0.0,0.0,0.0,0.0,0.0,5.4386541659082264e-08,9.105372958411816e-07
2019-10-16,0.0,0.0,0.0,0.0,0.0,4.5173941481932547e-08,8.717163193951857e-07
2019-10-17,0.0,0.0,0.0,0.0,0.0,4.728179646374431e-08,8.877146940467627e-07
2019-10-18,0.0,0.0,0.0,0.0,0.0,3.591290102133901e-08,7.839081575126736e-07
2019-10-19,0.0,0.0,0.0,0.0,0.0,5.370775122835371e-08,7.046692558003681e-07
2019-10-20,0.0,0.0,0.0,0.0,0.0,3.3469701090361463e-08,7.935214042585213e-07
2019-10-21,0.0,0.0,0.0,0.0,0.0,6.452578234460467e-08,9.046983108410081e-07
2019-10-22,0.0,0.0,0.0,0.0,0.0,6.65688915998448e-08,9.278459521507842e-07
2019-10-23,0.0,0.0,0.0,0.0,0.0,6.729467046795193e-08,1.0244393725973395e-06
2019-10-24,0.0,0.0,0.0,0.0,0.0,5.0476711797199114e-08,8.564747232774235e-07
2019-10-25,0.0,0.0,0.0,0.0,0.0,4.48777497392694e-08,9.7493601459639e-07
2019-10-26,0.0,0.0,0.0,0.0,0.0,6.172622366175923e-08,1.1738374416470392e-06
2019-10-27,0.0,0.0,0.0,0.0,0.0,5.05241297229501e-08,6.795080598838439e-07
2019-10-28,0.0,0.0,0.0,0.0,1.163684631490951e-08,5.055003799590034e-08,9.528622855449025e-07
2019-10-29,0.0,0.0,0.0,0.0,1.028457374411874e-08,5.3391056943373974e-08,7.555599765251256e-07
2019-10-30,0.0,0.0,0.0,0.0,7.302413932974265e-08,7.766413586434023e-08,9.283749659507322e-07
2019-10-31,0.0,0.0,0.0,0.0,4.4254826478710476e-08,6.677066516046424e-08,1.0776207621088283e-06
2019-11-01,0.0,0.0,0.0,0.0,5.223896624478998e-08,1.0058925256160556e-07,1.0751645477422272e-06
2019-11-02,0.0,0.0,0.0,0.0,9.045253128660743e-08,8.222443968612162e-08,1.1541415278879799e-06
2019-11-03,0.0,0.0,0.0,0.0,4.5680797169611884e-08,8.249548868638715e-08,9.242324238998613e-07
2019-11-04,0.0,0.0,0.0,0.0,9.227979362740896e-08,1.0158723896432867e-07,1.0389112486761543e-06
2019-11-05,0.0,0.0,0.0,0.0,6.213814731457131e-08,1.0949129730117657e-07,1.130949597343563e-06
2019-11-06,0.0,0.0,0.0,0.0,1.1767996139509384e-07,7.578022358274021e-08,1.1933757536007695e-06
2019-11-07,0.0,0.0,0.0,0.0,6.33934211571056e-08,8.746530359287675e-08,1.4515835532864644e-06
2019-11-08,0.0,0.0,0.0,0.0,6.403053563177155e-08,8.015800130634086e-08,1.3098180198377041e-06
2019-11-09,0.0,0.0,0.0,0.0,9.024351594339315e-08,7.280111789240611e-08,1.3440933796494977e-06
2019-11-10,0.0,0.0,0.0,0.0,8.102264742834405e-08,5.7699165800081874e-08,1.1834764658604837e-06
2019-11-11,0.0,0.0,0.0,0.0,1.5772582001562802e-07,6.565347278201903e-08,1.646783929989018e-06
2019-11-12,0.0,0.0,0.0,0.0,1.9428140301699963e-07,1.318422461185364e-07,1.5603737094935159e-06
2019-11-13,0.0,0.0,0.0,0.0,1.7809930804752555e-07,5.747280903885166e-08,1.3296642131422857e-06
2019-11-14,0.0,0.0,0.0,0.0,7.778409636651236e-08,1.1428964764617327e-07,1.500394962032512e-06
2019-11-15,0.0,0.0,0.0,0.0,1.1784875929723026e-07,1.4527947186172587e-07,1.2073396563627458e-06
2019-11-16,0.0,0.0,1.3917248300787054e-08,0.0,2.3806631803765866e-07,9.747173405383256e-08,1.6301057180352781e-06
2019-11-17,0.0,0.0,4.217135691468546e-08,0.0,1.402677058481124e-07,7.970644022343164e-08,1.6979333547900737e-06
2019-11-18,0.0,0.0,5.679358146379217e-08,0.0,2.568637415399461e-07,2.1488286074290102e-07,1.3058814986253406e-06
2019-11-19,0.0,0.0,4.302327483510869e-08,0.0,1.5134307128516746e-07,1.2563748554637152e-07,1.8706131592122414e-06
2019-11-20,0.0,0.0,7.242610989284937e-08,0.0,2.4021500554639433e-07,2.2956450124305665e-07,2.189566344620375e-06
2019-11-21,0.0,0.0,0.0,0.0,1.5440040412889268e-07,2.3072111914994323e-07,1.3871725459163284e-06
2019-11-22,0.0,2.435937813686269e-07,0.0,0.0,1.1139439570589365e-07,1.9923225969039748e-07,2.3799567978778094e-06
2019-11-23,0.0,2.460419395720459e-07,4.4779087989421374e-08,0.0,2.2502785598995562e-07,1.2545217718838223e-07,1.8040732788129137e-06
2019-11-24,0.0,2.4851470217445777e-07,7.538187550931954e-08,0.0,2.500183658953715e-07,2.2101898241775502e-07,1.8331018852218483e-06
2019-11-25,0.0,0.0,7.613947595330614e-08,0.0,2.0150041833985877e-07,3.171758471310577e-07,2.2248051891372087e-06
2019-11-26,0.0,0.0,1.44196368525311e-07,0.0,2.7216680663349487e-07,2.344576471113272e-07,2.2392031068844965e-06
2019-11-27,0.0,0.0,1.71238636740421e-07,0.0,3.359914904071317e-07,2.319300604180516e-07,1.981844931851416e-06
2019-11-28,0.0,2.586567795683882e-07,5.7653204550309126e-08,0.0,9.605202149510418e-08,2.3389637076147363e-07,1.7413020427410676e-06
2019-11-29,0.0,0.0,1.1646525777795492e-07,0.0,3.2339120119967357e-07,2.358860709368861e-07,3.1415397976238658e-06
2019-11-30,0.0,0.0,1.1763575307812406e-07,0.0,1.959848020831681e-07,2.2468272880952217e-07,1.6972969384815208e-06
2019-12-01,0.0,0.0,1.782913934544706e-07,0.0,3.9545647399496247e-07,3.6948910474538665e-07,2.014330413882018e-06
2019-12-02,0.0,1.0682341466654661e-06,6.002775058278571e-08,0.0,3.100522914121596e-07,3.852749985054861e-07,2.942313257201784e-06
2019-12-03,0.0,2.697425195811169e-07,0.0,5.145026487240852e-09,3.8276133957805457e-07,4.869529677938379e-07,2.2163931238953894e-06
2019-12-04,0.0,5.449069539452233e-07,6.124039158334986e-08,5.196734863090092e-09,2.966942090274737e-07,3.487509171902295e-07,2.308954313659942e-06
2019-12-05,0.0,0.0,1.855676032531872e-07,7.873444375134403e-09,4.869735575267954e-07,3.5205237693642946e-07,2.824498247434584e-06
2019-12-06,0.0,2.779574023024072e-07,6.247752955709678e-08,1.0603431742176543e-08,2.2701587222100525e-07,6.141138461097707e-07,3.3468763408051364e-06
2019-12-07,0.0,2.807509206378278e-07,1.262108783363033e-07,5.354999001425494e-09,2.2929741966758452e-07,4.651122858330816e-07,3.0618955952113877e-06
2019-12-08,0.0,8.507175428978157e-07,6.37396593757114e-08,1.0817635272250748e-08,5.018041102689599e-07,2.430543190016757e-07,2.8531013308721477e-06
2019-12-09,0.0,0.0,1.287605072046505e-07,8.194765735644344e-09,3.2354952773196706e-07,6.595670010146712e-07,2.8950990009810655e-06
2019-12-10,0.0,2.893010590828736e-07,1.950818577238492e-07,2.2072332001341823e-08,2.0425078409104813e-07,4.2920316642424916e-07,3.7586719005983384e-06
2019-12-11,0.0,1.168834332257133e-06,1.9704246298906376e-07,1.3933851641182838e-08,1.6504283087858836e-07,7.890572663442674e-07,3.41420497056438e-06
2019-12-12,0.0,2.951453281475073e-07,0.0,0.0,2.9172769308368397e-07,6.897628567205097e-07,3.2384506368181145e-06
2019-12-13,0.0,2.981115880095014e-07,3.097974719587896e-07,8.529200469641243e-09,5.472249809784716e-07,5.779126768003355e-07,3.4393639337580597e-06
2019-12-14,0.0,3.011076592787235e-07,3.911387353927854e-07,2.871640119818501e-09,4.6769011678225353e-07,4.441608377536971e-07,2.716459934056928e-06
2019-12-15,0.0,6.082676831295949e-07,7.901394900731463e-08,5.801001165656555e-09,3.668436758017691e-07,7.955522927945616e-07,3.281328725588649e-06
2019-12-16,0.0,0.0,2.394241571904542e-07,4.03733879277714e-08,4.168468305420157e-07,6.767266842614281e-07,4.3314005317994535e-06
2019-12-17,0.0,3.102777527118914e-07,1.6122027331613625e-07,4.893497666663932e-08,5.781162910966581e-07,1.0686059108131737e-06,4.297212100474967e-06
2019-12-18,0.0,6.267921919382921e-07,1.6284056400031867e-07,4.118898446533243e-08,1.6784415307818866e-07,8.905114104620894e-07,3.4405183524299522e-06
2019-12-19,0.0,0.0,2.4671570831490305e-07,4.992352876948347e-08,3.9391591506839884e-07,1.082541859712504e-06,3.2711830074278075e-06
2019-12-20,0.0,9.591813512006298e-07,1.661301616038378e-07,4.202105714587337e-08,6.386645744732967e-07,7.382246003445406e-07,3.6906555276533117e-06
2019-12-21,0.0,3.229404280147381e-07,4.194994937141905e-07,5.453480658195762e-08,4.672958585337001e-07,5.824293614102017e-07,3.8985853423278575e-06
2019-12-22,0.0,1.9571161996471136e-06,2.5422932023064526e-07,2.754144525000454e-08,1.0578490203442456e-06,6.310313117376668e-07,4.419723660699566e-06
2019-12-23,0.0,1.3178570296377993e-06,3.4237915650221016e-07,1.3909120688253277e-08,3.722612702359377e-07,6.793771962320422e-07,4.339379139582787e-06
2019-12-24,0.0,0.0,2.593650931733955e-07,1.404890967516408e-08,5.619779800167154e-07,8.562493950595844e-07,4.946117665331734e-06
2019-12-25,0.0,1.3444795076001632e-06,5.239435113911779e-07,7.095051782374934e-08,5.656202529458422e-07,9.255696604976506e-07,4.675622344526368e-06
2019-12-26,0.0,6.789958756463923e-07,2.6460461561166244e-07,1.0657640480806691e-07,5.17704893205118e-07,1.2796952637988769e-06,4.545188644608168e-06
2019-12-27,0.0,6.858198976460995e-07,3.5635191494640235e-07,5.382375774180896e-08,5.863054189640896e-07,9.95535576180584e-07,7.047060100762436e-06
2019-12-28,0.0,2.07813750662127e-06,8.998332780809422e-08,5.436469550021192e-08,5.246679680914731e-07,9.51781790518152e-07,5.691849438173851e-06
2019-12-29,0.0,1.3993487571911265e-06,3.635507011494201e-07,3.660737984897931e-08,5.277212000663286e-07,1.0546673833594287e-06,6.6427793216184925e-06
2019-12-30,8.471941347638482e-07,0.0,6.426077812691919e-07,0.0,7.962408069014398e-07,1.1819269686073782e-06,6.620816158338965e-06
2019-12-31,0.0,1.0707131079383719e-06,1.8544745624015255e-07,9.336724494199289e-08,7.998390688368263e-07,1.1623129434543757e-06,6.637493944943452e-06
2020-01-01,8.469800200216179e-07,1.0547106742251805e-06,6.471774089291326e-07,1.8478747618973096e-08,9.152986231136595e-07,1.3055896337512867e-06,5.6877763320285045e-06
2020-01-02,1.7109846214795744e-06,7.102071284843993e-07,4.6691546430140673e-07,5.5993386360149854e-08,1.0002571116907032e-06,1.5279274009298593e-06,7.149464007402335e-06
2020-01-03,0.0,3.5867241439501735e-07,7.545728683709084e-07,7.54081723315703e-08,6.01399908053365e-07,1.8319949348012223e-06,7.425511860917889e-06
2020-01-04,3.4910976071972674e-06,1.0868313962645077e-06,3.793013370068352e-07,7.616603706301434e-08,3.348364942134899e-07,1.3628954639134275e-06,6.825703110100159e-06
2020-01-05,1.7630918607283694e-06,3.659180777964286e-07,2.8601562770850175e-07,4.3506480279503674e-08,1.1410244019076698e-06,1.2997951999261959e-06,7.367073744567809e-06
2020-01-06,8.90405614256713e-07,7.391912312348005e-07,2.875838544629952e-07,4.394372767555674e-08,9.418860927251354e-07,1.4031397600487493e-06,6.80879128619266e-06
2020-01-07,8.993543394526743e-07,7.466202266158623e-07,3.855744531234518e-07,6.657805422149591e-08,1.0784901451426129e-06,1.5072552452734745e-06,6.841489335929051e-06
2020-01-08,9.083930008320453e-07,1.5082477692835421e-06,1.9387116236476779e-07,1.1207862465093456e-07,5.403234456848792e-07,1.8974735082610764e-06,6.2978918012297015e-06
2020-01-09,9.175225022684961e-07,1.1199303399237935e-06,3.899489708912119e-07,2.2641006711048047e-08,1.285957647534068e-06,1.6711901868928724e-06,7.258193442828948e-06
2020-01-10,1.8534875134395568e-06,3.6959561561740025e-07,4.902432653436699e-07,4.57371052228957e-08,8.817939057493773e-07,1.8479121214302806e-06,7.66049747496527e-06
2020-01-11,1.8721153726380438e-06,0.0,2.9585960508503803e-07,1.1549192693082991e-07,8.838102327850611e-07,1.638430533718058e-06,6.364672499361999e-06
2020-01-12,9.454652224669477e-07,0.0,9.920094572364438e-08,1.0676403487118022e-07,9.540622447790371e-07,1.7334763940666009e-06,6.714024409447889e-06
2020-01-13,9.549673059250109e-07,3.5867241439501735e-07,5.624504058447114e-07,0.0,5.465281492974957e-07,1.5936055309627408e-06,7.741413474164198e-06
2020-01-14,9.645648869094749e-07,7.102071284843993e-07,7.421363787315155e-07,5.446040572112067e-08,9.56280204323018e-07,1.6707571476635883e-06,7.63401458313055e-06
2020-01-15,9.742589251864367e-07,0.0,7.442735595430264e-07,5.500774189808952e-08,5.461208187773074e-07,1.8816205902815462e-06,7.391274431980949e-06
2020-01-16,2.952151170503408e-06,3.480720425567042e-07,5.945228013434181e-07,1.3890144723772026e-07,1.09170083809974e-06,1.4804853835990982e-06,7.856355464834021e-06
2020-01-17,0.0,2.067652007195991e-06,4.452646558709898e-07,1.6835691598883054e-07,9.543402151011597e-07,1.6090676916344933e-06,6.373673077795123e-06
2020-01-18,4.0157181068121765e-06,6.823595086585079e-07,8.893634751421169e-07,8.502446556214677e-08,5.562633161979878e-07,1.0944949462114213e-06,5.500537659611918e-06
2020-01-19,1.0140191861871393e-06,1.0133548771567799e-06,8.882865756309071e-07,1.010011387933446e-07,4.864769028445118e-07,1.7271347425682354e-06,7.281538408374762e-06
2020-01-20,1.0242102484348722e-06,1.3376957702106379e-06,7.394154212645847e-07,1.700270285231816e-07,9.030766682070114e-07,2.4165114697597945e-06,7.875600587496382e-06
2020-01-21,1.03450373256096e-06,1.6554818436300093e-06,8.407176171575423e-07,3.0912449142359556e-07,6.246715594148095e-07,1.370669589796223e-06,7.577989769971147e-06
2020-01-22,3.13470200376718e-06,3.2780190481213136e-07,1.0092812050270196e-06,2.076604715363665e-07,8.322648831504083e-07,2.0624834808785315e-06,7.187437864926057e-06
2020-01-23,1.0554020942213721e-06,6.490804427238225e-07,3.366007328088538e-07,1.7438226250878384e-07,8.309742333118002e-07,2.174281933290871e-06,7.459502134688523e-06
2020-01-24,1.0660090616092778e-06,1.9278659532256706e-06,6.736161152583006e-07,1.054389422652993e-07,1.0656700257928783e-06,1.6469320818428358e-06,7.687556813486189e-06
2020-01-25,4.306890523166753e-06,9.543416832408784e-07,1.6852453176794194e-07,7.083938067161395e-08,8.516402819329413e-07,1.54195683739344e-06,7.754281744871139e-06
2020-01-26,0.0,6.298972165550219e-07,8.433094365746157e-07,1.427864343269237e-07,8.644913113966549e-07,1.5429402098721972e-06,6.937627251557824e-06
2020-01-27,2.196947741541628e-06,9.354444517940448e-07,8.440805459559393e-07,1.07931289554781e-07,7.91911195634253e-07,1.649811334272688e-06,8.299449481564619e-06
2020-01-28,0.0,6.174244159868503e-07,6.759488512762089e-07,1.8130591097211289e-07,8.628438139423502e-07,1.9376725915812767e-06,7.661106888546193e-06
2020-01-29,3.3619935448342864e-06,3.0564047020022915e-07,1.5225769377811955e-06,7.309778803804402e-08,7.182256587291993e-07,1.7206151219400808e-06,7.837759547346493e-06
2020-01-30,1.1319273805652549e-06,1.2103971868350178e-06,1.0162808127690112e-06,7.368052152696171e-08,9.573994016711605e-07,1.342334162736461e-06,6.47853059653123e-06
2020-01-31,1.1433034398670805e-06,2.9958838339911754e-07,6.770753084141355e-07,1.8567655782358195e-07,9.56779842367957e-07,1.3794140565292332e-06,5.865459939807967e-06
2020-02-01,1.1908612942127337e-06,5.895760400312718e-07,1.6897066276781556e-06,2.2383307055787483e-07,2.9307415246415483e-07,1.0011913207679564e-06,7.64505898870864e-06
2020-02-02,1.2028296491936404e-06,8.755644906231803e-07,3.3778658465985307e-07,1.5042792249722058e-07,5.126500763461551e-07,2.027602873226767e-06,7.221139463024631e-06
2020-02-03,4.859673152567312e-06,0.0,6.753312454480614e-07,3.4120989196529547e-07,1.1698829326076779e-06,1.6516657928409009e-06,8.089232133388234e-06
2020-02-04,3.681385259793793e-06,8.582271521033463e-07,1.0127352828956094e-06,1.1417169746428085e-07,1.241118204619509e-06,2.0209245026167494e-06,8.20087351992167e-06
2020-02-05,3.7183837967559146e-06,2.8322921641964664e-07,1.3500999626551532e-06,1.5282424205113733e-07,9.98606083057061e-07,1.4865262739122166e-06,6.259533946868096e-06
2020-02-06,2.5038361167975834e-06,2.8041103862917826e-07,6.750106129520901e-07,1.917935458768241e-07,8.516281867374199e-07,1.6953381165967346e-06,7.868385380419506e-06
2020-02-07,1.2645000440613867e-06,2.776209021762495e-07,1.3500774924008184e-06,1.925759687041427e-07,5.204677697495334e-07,1.4039233466847156e-06,6.697359081532974e-06
2020-02-08,6.386042403910708e-06,1.0994341121795594e-06,8.439179798573535e-07,1.1602658957328736e-07,5.177733017833785e-07,2.23071197815304e-06,8.391052146338888e-06
2020-02-09,3.8701339182459555e-06,5.442472799907685e-07,1.519419455037807e-06,1.1602720494888847e-07,5.79521938026241e-07,1.5528621675801963e-06,8.485126483995411e-06
2020-02-10,2.6060196071749557e-06,2.6941596453664864e-07,1.1821743807564977e-06,2.320788462833482e-07,5.766068642229205e-07,1.8071711813790746e-06,7.4389152417125256e-06
2020-02-11,2.632210539651682e-06,1.0669409235955228e-06,3.3791322648131206e-07,2.3212649074694756e-07,7.638886374122832e-07,1.8911922748793978e-06,7.216536847158437e-06
2020-02-12,1.3293323476879448e-06,1.0563246840259314e-06,6.761922715585938e-07,3.4829602207959144e-07,1.3283278960483989e-06,1.5722954381236443e-06,8.120061235339247e-06
2020-02-13,1.3426923598925978e-06,7.843605583537619e-07,1.184094992404125e-06,2.3229142528747814e-07,5.657072187950786e-07,1.2019320203349566e-06,6.361590337942657e-06
2020-02-14,1.3561866424521545e-06,1.2942600673292444e-06,3.385634057333431e-07,1.545018250334698e-07,1.2483803066645778e-07,1.198070359018476e-06,7.660310960476474e-06
2020-02-15,2.739633089612231e-06,7.688291786925032e-07,5.082717196751842e-07,7.707907509327144e-08,6.19879149761095e-07,1.6097471164271763e-06,6.432203356471554e-06
2020-02-16,0.0,1.0149056007280295e-06,8.479152639098042e-07,4.2303220102852525e-07,4.309410942350114e-07,1.5522472894458195e-06,5.973581728300086e-06
2020-02-17,2.7949773492040395e-06,7.53605340953914e-07,1.1883141021648733e-06,1.1513776162273325e-07,7.707923338709687e-07,2.061592414036373e-06,7.342333936129565e-06
2020-02-18,1.3835834299560748e-06,0.0,1.6995223817950043e-06,1.1491461865525215e-07,7.656677663715892e-07,1.642982349150179e-06,7.496249633487998e-06
2020-02-19,1.3698165448061154e-06,2.462276517999705e-07,1.191136199906249e-06,1.529372896605321e-07,7.24495035227205e-07,1.8394276962624487e-06,8.75296191988001e-06
2020-02-20,1.3561866424521545e-06,9.751105829160353e-07,6.815576269534875e-07,3.8167595409285554e-08,6.311610588674879e-07,1.168823993362674e-06,6.6771262545435924e-06
2020-02-21,2.6853847197851956e-06,7.240560528773064e-07,1.0238012297225273e-06,1.1431405558435636e-07,3.5594091087127256e-07,1.5767775860968153e-06,6.656304167887687e-06
2020-02-22,0.0,9.558020997016746e-07,1.708947333318277e-07,3.043646838444706e-07,7.367954541464914e-07,1.2548888861755494e-06,6.42031133055484e-06
2020-02-23,3.9483158094775225e-06,4.731458549533743e-07,7.892581612957924e-07,2.2794174213951017e-07,4.879898090696902e-07,1.294553377344634e-06,5.29928852886156e-06
2020-02-24,1.3030098035874779e-06,4.684379750356962e-07,3.1655916873364893e-07,2.649975650338173e-07,3.393820136671668e-07,1.4283447043369174e-06,6.982810763483046e-06
2020-02-25,2.580089278830637e-06,9.275538786117759e-07,7.936168228241361e-07,7.545417072824997e-08,7.225823560065781e-07,8.98345081798997e-07,6.905716350858121e-06
2020-02-26,1.2772084807821416e-06,0.0,7.959150861577821e-07,1.1280344539018407e-07,6.545623895161841e-07,1.340634360741868e-06,6.4751492255110245e-06
2020-02-27,1.2645000440613867e-06,0.0,6.386343533306466e-07,1.4991588683538043e-07,7.898902517531549e-07,1.010135712203921e-06,4.9605852898304725e-06
2020-02-28,5.007672233595167e-06,0.0,8.007506271282474e-07,2.2416325729619408e-07,3.6942763976070844e-07,1.3874994915108422e-06,5.3901206941394286e-06
2020-02-29,1.2394612655853048e-06,0.0,1.6065767766463875e-07,1.117375504259252e-07,4.1307655831279545e-07,1.2093113775410411e-06,6.075069928901467e-06
2020-03-01,0.0,0.0,9.68350582823336e-07,1.487268380375788e-07,4.1127491833389637e-07,1.4170904344262015e-06,5.4961324557208296e-06
2020-03-02,1.2416828137657234e-06,0.0,8.096610249386283e-07,2.5875394580473453e-07,2.271242538438886e-07,1.1080261522081986e-06,5.387316454264695e-06
2020-03-03,2.458655726675907e-06,0.0,1.2892483206558106e-06,1.4700674323080894e-07,6.32198432771861e-07,1.5641780985009401e-06,5.417834960522264e-06
2020-03-04,3.651287540162882e-06,0.0,3.2034771534738844e-07,7.308439482787077e-08,3.146142585975601e-07,8.797468635503263e-07,5.879760874943099e-06
2020-03-05,2.4099710814057803e-06,0.0,4.1759856570379376e-07,1.090090898110856e-07,3.8009970747649867e-07,1.0050843656991159e-06,5.017925200122115e-06
2020-03-06,2.3859914684860958e-06,0.0,3.5532057497235523e-07,1.0840248838018734e-07,2.2692923302879653e-07,9.708346956276921e-07,5.353401946209981e-06
2020-03-07,3.5433756850523886e-06,0.0,5.89509809376627e-07,3.593557576282093e-08,4.017585024162304e-07,8.147558568444088e-07,4.323946884940454e-06
2020-03-08,1.1693728359656538e-06,0.0,2.3475104477527714e-07,1.0722174695930638e-07,1.815366946490382e-07,8.081176782684974e-07,4.532462848553154e-06
2020-03-09,3.473212145515766e-06,0.0,2.3372164110000751e-07,7.07699151675711e-08,3.609480840410717e-07,1.3116441471281125e-06,4.570418246572186e-06
2020-03-10,2.292435404828984e-06,0.0,3.490734146754248e-07,1.0509861411914474e-07,3.947447612825885e-07,9.881450882391832e-07,5.8199693716426805e-06
2020-03-11,2.2696252914316423e-06,0.0,3.4560007616565877e-07,3.46842884786424e-08,3.11104494889461e-07,1.0363595103935237e-06,5.427699800064199e-06
2020-03-12,1.1235210712274023e-06,0.0,6.843225959030204e-07,0.0,3.781412821177852e-07,7.379492629277285e-07,4.165450847526663e-06
2020-03-13,3.3370255493471304e-06,0.0,3.387567361522923e-07,1.8934168440492063e-07,4.850037570843337e-07,9.439978418903289e-07,4.89592355957527e-06
2020-03-14,0.0,0.0,5.589767505149796e-07,1.8745770316687911e-07,2.8895772253073905e-07,8.262042211262023e-07,4.264757574917385e-06
2020-03-15,1.0903160054202678e-06,0.0,3.3204890335020345e-07,1.237283119035797e-07,5.101192654647643e-07,8.313950000609498e-07,4.119874172861559e-06
2020-03-16,2.1589343598007862e-06,0.0,2.1916330770564167e-07,9.187289597265324e-08,5.059935982089337e-07,1.0357273978137675e-06,4.1990092366775205e-06
2020-03-17,0.0,0.0,4.3396519271577655e-07,6.063916358918663e-08,3.450689898800284e-07,8.929544799258482e-07,3.296222014056797e-06
2020-03-18,0.0,0.0,2.1482358345059012e-07,3.0017896915081415e-08,2.080863214694145e-07,7.937396785301901e-07,3.648635309399344e-06
2020-03-19,1.0475641033465403e-06,0.0,2.126860530806573e-07,5.943842770055204e-08,5.603484278726963e-07,6.73245791071712e-07,2.9559520031631515e-06
2020-03-20,1.0371406663598388e-06,0.0,2.1056979149327148e-07,8.827050819486522e-08,3.503828639096657e-07,7.383987038038834e-07,3.8094438479626485e-06
2020-03-21,1.0268209443040596e-06,0.0,3.7693283235423366e-07,0.0,2.890804134686016e-07,7.098854597394109e-07,3.234263361206615e-06
2020-03-22,0.0,0.0,9.329557200172803e-08,2.884087834157332e-08,4.006856214126217e-07,5.719601703758113e-07,3.359561340919224e-06
2020-03-23,0.0,0.0,5.542035932990663e-07,2.8553906807254647e-08,3.400274853130698e-07,6.106968177030887e-07,3.1702206557793718e-06
2020-03-24,0.0,0.0,1.8289639180297735e-07,8.480937206223511e-08,3.0324248847354614e-07,5.732897852670252e-07,3.0767920627541254e-06
2020-03-25,0.0,0.0,9.053827114893021e-08,2.3058353475948852e-08,3.2524393990716166e-07,5.48785986096548e-07,2.7307086142463325e-06
2020-03-26,1.9534845918312605e-06,0.0,8.963740029893546e-08,2.282891902539271e-08,3.6485470611479426e-07,6.046539419749385e-07,2.7709100848268598e-06
2020-03-27,9.670235476870504e-07,0.0,0.0,4.5203534971526544e-08,1.4605501672868386e-07,6.548042024267499e-07,2.7021884987132167e-06
2020-03-28,0.0,0.0,0.0,0.0,1.60668605589406e-07,5.292698306434169e-07,2.143744043559217e-06
2020-03-29,0.0,0.0,1.7397642951800328e-07,2.2154222503932917e-08,8.709153904379963e-08,3.6204051323106433e-07,1.9643156857714823e-06
2020-03-30,0.0,0.0,0.0,6.80145448504559e-08,1.4370827291878838e-07,4.488794431366855e-07,2.2266452752357255e-06
2020-03-31,0.0,0.0,0.0,1.6834447205429803e-08,1.138226813693012e-07,2.4141546762641567e-07,2.2617877786722045e-06
2020-04-01,0.0,0.0,8.455300658615279e-08,3.333747765004165e-08,1.2437233742928525e-07,3.6566443355577796e-07,2.3826138760229497e-06
2020-04-02,0.0,0.0,0.0,3.300576420504034e-08,8.955259054171585e-08,3.4557028384761434e-07,1.4083989198003925e-06
2020-04-03,0.0,0.0,0.0,4.9016027045946646e-08,5.541345461102069e-08,2.596267729118821e-07,1.5199010438145597e-06
2020-04-04,0.0,0.0,8.205408758962956e-08,7.733390004078156e-08,8.622192993873951e-08,3.6207025966223444e-07,1.5702028964283047e-06
2020-04-05,9.004931421738064e-07,0.0,1.6247527155310482e-07,2.552147162618352e-08,5.690933826758765e-08,2.8677408030729063e-07,1.5032200343954053e-06
2020-04-06,8.915330857014431e-07,0.0,0.0,2.5267528740537106e-08,5.6343080890600315e-08,3.6034673331409933e-07,1.5572392448844203e-06
2020-04-07,0.0,0.0,0.0,0.0,9.297076311442462e-08,3.5212762146261045e-07,1.620138241378661e-06
2020-04-08,0.0,0.0,7.88367007953958e-08,0.0,9.204568856496937e-08,2.6146791981566064e-07,1.468779397161815e-06
2020-04-09,0.0,0.0,0.0,0.0,1.1846876425939833e-07,2.4442681501387124e-07,1.1615914795116874e-06
2020-04-10,0.0,0.0,1.5455125905505715e-07,3.641516215107877e-08,6.315614327049281e-08,2.470437432289363e-07,1.0781771342863032e-06
2020-04-11,0.0,0.0,0.0,1.201760841120818e-08,7.036894117008031e-08,1.8814278224044658e-07,1.0339110431606947e-06
2020-04-12,0.0,0.0,7.574546954182784e-08,0.0,1.16114597510905e-07,2.5391040885757266e-07,1.1487316967300354e-06
2020-04-13,0.0,0.0,7.499178952713931e-08,2.3559287641972728e-08,6.897554277691384e-08,1.7306422235935138e-07,1.1373016253699713e-06
2020-04-14,0.0,0.0,0.0,2.7591283664155817e-08,6.07015330302597e-08,2.0513776862689308e-07,1.0607793565468366e-06
2020-04-15,0.0,0.0,2.2052055781020422e-07,0.0,7.512192835616031e-08,1.6001551384372727e-07,1.2346243345314973e-06
2020-04-16,0.0,0.0,0.0,9.014979880811961e-09,5.2062116875953396e-08,1.7670294821037796e-07,9.336429044825659e-07
2020-04-17,0.0,0.0,0.0,2.6775837996749927e-08,4.4180648706572085e-08,1.5081441767126942e-07,1.0966900028048106e-06
2020-04-18,0.0,0.0,1.4266879358835883e-07,0.0,5.832139187582944e-08,1.1945103131393432e-07,6.824888745408029e-07
2020-04-19,0.0,0.0,0.0,1.749709392072726e-08,5.774108433068502e-08,7.687060790079278e-08,5.647919750465912e-07
2020-04-20,0.0,0.0,6.992188109879233e-08,1.7322994927309602e-08,7.860400754537567e-08,1.710199484721842e-07,7.308357108263744e-07
2020-04-21,0.0,0.0,6.922614675728843e-08,2.1152777285649873e-08,6.36724510382598e-08,9.824147604345468e-08,8.818781331399184e-07
2020-04-22,0.0,0.0,0.0,0.0,5.603457739096103e-08,1.0149282472079496e-07,7.895963711182158e-07
2020-04-23,0.0,0.0,0.0,5.183481058036818e-09,6.241165203389159e-08,1.1222678737635845e-07,5.782126009940414e-07
2020-04-24,0.0,0.0,0.0,1.0263809119502626e-08,8.925315492912763e-08,1.0394171784970454e-07,4.55838255562663e-07
2020-04-25,0.0,0.0,2.106781924375731e-08,1.5242523768595152e-08,4.078387901500227e-08,8.871334523853699e-08,3.7287077703279605e-07
2020-04-26,0.0,0.0,2.085819093973945e-08,1.0060572082010252e-08,4.037807263844918e-08,7.764749489324901e-08,3.904583806657376e-07
2020-04-27,0.0,0.0,2.0650648472197447e-08,9.96046771721577e-09,3.162309289850505e-08,9.680541629420065e-08,4.08617343368516e-07
2020-04-28,0.0,0.0,0.0,0.0,3.652651084459933e-08,5.35588688192281e-08,4.232231420783655e-07
2020-04-29,0.0,0.0,2.0241738235372112e-08,0.0,3.099691370497093e-08,7.256182518036985e-08,3.3060519110081544e-07
2020-04-30,0.0,0.0,0.0,0.0,3.580323747040107e-08,6.631368272894896e-08,2.6829148728358544e-07
2020-05-01,0.0,0.0,0.0,0.0,2.5336032272164765e-08,5.19789869162538e-08,2.489650875085303e-07
2020-05-02,0.0,0.0,0.0,0.0,2.0067147631136224e-08,5.1461787354887246e-08,2.3463944020861307e-07
2020-05-03,0.0,0.0,0.0,0.0,2.7984344063567968e-08,5.63128639114718e-08,8.27315085292233e-08
2020-05-04,0.0,0.0,0.0,0.0,3.0784327986349976e-08,7.168183914020423e-08,1.524404774935209e-07
2020-05-05,0.0,0.0,0.0,0.0,3.866606783327597e-09,7.359705932817137e-08,1.0971981022867277e-07
2020-05-06,0.0,0.0,0.0,0.0,2.4882867119544803e-08,6.245550544481462e-08,9.110742183138972e-08
2020-05-07,0.0,0.0,0.0,0.0,1.326514993725814e-08,5.4291721695327984e-08,7.285456325335143e-08
2020-05-08,0.0,0.0,0.0,0.0,2.063782205577747e-08,4.991211646424302e-08,5.523069978869419e-08
2020-05-09,0.0,0.0,0.0,0.0,0.0,3.231012324336076e-08,0.0
2020-05-10,0.0,0.0,0.0,0.0,0.0,4.5160421852476875e-08,0.0
2020-05-11,0.0,0.0,0.0,0.0,0.0,4.098514580149644e-08,0.0
2020-05-12,0.0,0.0,0.0,0.0,0.0,3.236208193769261e-08,0.0
2020-05-13,0.0,0.0,0.0,0.0,0.0,3.093524370970023e-08,0.0
2020-05-14,0.0,0.0,0.0,0.0,0.0,3.6096617336739195e-08,0.0
2020-05-15,0.0,0.0,0.0,0.0,0.0,2.707382575238331e-08,0.0
2020-05-16,0.0,0.0,0.0,0.0,0.0,2.7876614152505084e-08,0.0
2020-05-17,0.0,0.0,0.0,0.0,0.0,3.609131019400117e-08,0.0
2020-05-18,0.0,0.0,0.0,0.0,0.0,3.152840793296515e-08,0.0
2020-05-19,0.0,0.0,0.0,0.0,0.0,1.976930685385847e-08,0.0
2020-05-20,0.0,0.0,0.0,0.0,0.0,2.987396683978774e-08,0.0
2020-05-21,0.0,0.0,0.0,0.0,0.0,0.0,0.0
2020-05-22,0.0,0.0,0.0,0.0,0.0,0.0,0.0
2020-05-23,0.0,0.0,0.0,0.0,0.0,0.0,0.0
2020-05-24,0.0,0.0,0.0,0.0,0.0,0.0,0.0
2020-05-25,0.0,0.0,0.0,0.0,0.0,0.0,0.0
2020-05-26,0.0,0.0,0.0,0.0,0.0,0.0,0.0
2020-05-27,0.0,0.0,0.0,0.0,0.0,0.0,0.0
2020-05-28,0.0,0.0,0.0,0.0,0.0,0.0,0.0
2020-05-29,0.0,0.0,0.0,0.0,0.0,0.0,0.0
2020-05-30,0.0,0.0,0.0,0.0,0.0,0.0,0.0
2020-05-31,0.0,0.0,0.0,0.0,0.0,0.0,0.0
2020-06-01,0.0,0.0,0.0,0.0,0.0,0.0,0.0
2020-06-02,0.0,0.0,0.0,0.0,0.0,0.0,0.0
2020-06-03,0.0,0.0,0.0,0.0,0.0,0.0,0.0
2020-06-04,0.0,0.0,0.0,0.0,0.0,0.0,0.0
2020-06-05,0.0,0.0,0.0,0.0,0.0,0.0,0.0
2020-06-06,0.0,0.0,0.0,0.0,0.0,0.0,0.0
2020-06-07,0.0,0.0,0.0,0.0,0.0,0.0,0.0
2020-06-08,0.0,0.0,0.0,0.0,0.0,0.0,0.0
2020-06-09,0.0,0.0,0.0,0.0,0.0,0.0,0.0
2020-06-10,0.0,0.0,0.0,0.0,0.0,0.0,0.0
2020-06-11,0.0,0.0,0.0,0.0,0.0,0.0,0.0
2020-06-12,0.0,0.0,0.0,0.0,0.0,0.0,0.0
2020-06-13,0.0,0.0,0.0,0.0,0.0,0.0,0.0
2020-06-14,0.0,0.0,0.0,0.0,0.0,0.0,0.0
2020-06-15,0.0,0.0,0.0,0.0,0.0,0.0,0.0
2020-06-16,0.0,0.0,0.0,0.0,0.0,0.0,0.0
2020-06-17,0.0,0.0,0.0,0.0,0.0,0.0,0.0
2020-06-18,0.0,0.0,0.0,0.0,0.0,0.0,0.0
2020-06-19,0.0,0.0,0.0,0.0,0.0,0.0,0.0
2020-06-20,0.0,0.0,0.0,0.0,0.0,0.0,0.0
2020-06-21,0.0,0.0,0.0,0.0,0.0,0.0,0.0
2020-06-22,0.0,0.0,0.0,0.0,0.0,0.0,0.0
2020-06-23,0.0,0.0,0.0,0.0,0.0,0.0,0.0
2020-06-24,0.0,0.0,0.0,0.0,0.0,0.0,0.0
2020-06-25,0.0,0.0,0.0,0.0,0.0,0.0,0.0
2020-06-26,0.0,0.0,0.0,0.0,0.0,0.0,0.0
2020-06-27,0.0,0.0,0.0,0.0,0.0,0.0,0.0
2020-06-28,0.0,0.0,0.0,0.0,0.0,0.0,0.0
2020-06-29,0.0,0.0,0.0,0.0,0.0,0.0,0.0
2020-06-30,0.0,0.0,0.0,0.0,0.0,0.0,0.0
2020-07-01,0.0,0.0,0.0,0.0,0.0,0.0,0.0
2020-07-02,0.0,0.0,0.0,0.0,0.0,0.0,0.0
2020-07-03,0.0,0.0,0.0,0.0,0.0,0.0,0.0
2020-07-04,0.0,0.0,0.0,0.0,0.0,0.0,0.0
2020-07-05,0.0,0.0,0.0,0.0,0.0,0.0,0.0
2020-07-06,0.0,0.0,0.0,0.0,0.0,0.0,0.0
2020-07-07,0.0,0.0,0.0,0.0,0.0,0.0,0.0
2020-07-08,0.0,0.0,0.0,0.0,0.0,0.0,0.0
2020-07-09,0.0,0.0,0.0,0.0,0.0,0.0,0.0
2020-07-10,0.0,0.0,0.0,0.0,0.0,0.0,0.0
2020-07-11,0.0,0.0,0.0,0.0,0.0,0.0,0.0
2020-07-12,0.0,0.0,0.0,0.0,0.0,0.0,0.0
2020-07-13,0.0,0.0,0.0,0.0,0.0,0.0,0.0
2020-07-14,0.0,0.0,0.0,0.0,0.0,0.0,0.0
2020-07-15,0.0,0.0,0.0,0.0,0.0,0.0,0.0
2020-07-16,0.0,0.0,0.0,0.0,0.0,0.0,0.0
2020-07-17,0.0,0.0,0.0,0.0,0.0,0.0,0.0
2020-07-18,0.0,0.0,0.0,0.0,0.0,0.0,0.0
2020-07-19,0.0,0.0,0.0,0.0,0.0,0.0,0.0
2020-07-20,0.0,0.0,0.0,0.0,0.0,0.0,0.0
2020-07-21,0.0,0.0,0.0,0.0,0.0,0.0,0.0
2020-07-22,0.0,0.0,0.0,0.0,0.0,0.0,0.0
2020-07-23,0.0,0.0,0.0,0.0,0.0,0.0,0.0
2020-07-24,0.0,0.0,0.0,0.0,0.0,0.0,0.0
2020-07-25,0.0,0.0,0.0,0.0,0.0,0.0,0.0
2020-07-26,0.0,0.0,0.0,0.0,0.0,0.0,0.0
2020-07-27,0.0,0.0,0.0,0.0,0.0,0.0,0.0
2020-07-28,0.0,0.0,0.0,0.0,0.0,0.0,0.0
2020-07-29,0.0,0.0,0.0,0.0,0.0,0.0,0.0
2020-07-30,0.0,0.0,0.0,0.0,0.0,0.0,0.0
2020-07-31,0.0,0.0,0.0,0.0,0.0,0.0,0.0
2020-08-01,0.0,0.0,0.0,0.0,0.0,0.0,0.0
2020-08-02,0.0,0.0,0.0,0.0,0.0,0.0,0.0
2020-08-03,0.0,0.0,0.0,0.0,0.0,0.0,0.0
2020-08-04,0.0,0.0,0.0,0.0,0.0,0.0,0.0
2020-08-05,0.0,0.0,0.0,0.0,0.0,0.0,0.0
2020-08-06,0.0,0.0,0.0,0.0,0.0,0.0,0.0
2020-08-07,0.0,0.0,0.0,0.0,0.0,0.0,0.0
2020-08-08,0.0,0.0,0.0,0.0,0.0,0.0,0.0
2020-08-09,0.0,0.0,0.0,0.0,0.0,0.0,0.0
2020-08-10,0.0,0.0,0.0,0.0,0.0,0.0,0.0
2020-08-11,0.0,0.0,0.0,0.0,0.0,0.0,0.0
2020-08-12,0.0,0.0,0.0,0.0,0.0,0.0,0.0
2020-08-13,0.0,0.0,0.0,0.0,0.0,0.0,0.0
2020-08-14,0.0,0.0,0.0,0.0,0.0,0.0,0.0
2020-08-15,0.0,0.0,0.0,0.0,0.0,0.0,0.0
2020-08-16,0.0,0.0,0.0,0.0,0.0,0.0,0.0
2020-08-17,0.0,0.0,0.0,0.0,0.0,0.0,0.0
2020-08-18,0.0,0.0,0.0,0.0,0.0,0.0,0.0
2020-08-19,0.0,0.0,0.0,0.0,0.0,0.0,0.0
2020-08-20,0.0,0.0,0.0,0.0,0.0,0.0,0.0
2020-08-21,0.0,0.0,0.0,0.0,0.0,0.0,0.0
2020-08-22,0.0,0.0,0.0,0.0,0.0,0.0,0.0
2020-08-23,0.0,0.0,0.0,0.0,0.0,0.0,0.0
2020-08-24,0.0,0.0,0.0,0.0,0.0,0.0,0.0
2020-08-25,0.0,0.0,0.0,0.0,0.0,0.0,0.0
2020-08-26,0.0,0.0,0.0,0.0,0.0,0.0,0.0
2020-08-27,0.0,0.0,0.0,0.0,0.0,0.0,0.0
2020-08-28,0.0,0.0,0.0,0.0,0.0,0.0,0.0
2020-08-29,0.0,0.0,0.0,0.0,0.0,0.0,0.0
2020-08-30,0.0,0.0,0.0,0.0,0.0,0.0,0.0
2020-08-31,0.0,0.0,0.0,0.0,0.0,0.0,0.0
2020-09-01,0.0,0.0,0.0,0.0,0.0,0.0,0.0
2020-09-02,0.0,0.0,0.0,0.0,0.0,0.0,0.0
2020-09-03,0.0,0.0,0.0,0.0,0.0,0.0,0.0
2020-09-04,0.0,0.0,0.0,0.0,0.0,0.0,0.0
2020-09-05,0.0,0.0,0.0,0.0,0.0,0.0,0.0
2020-09-06,0.0,0.0,0.0,0.0,0.0,0.0,0.0
2020-09-07,0.0,0.0,0.0,0.0,0.0,0.0,0.0
2020-09-08,0.0,0.0,0.0,0.0,0.0,0.0,0.0
2020-09-09,0.0,0.0,0.0,0.0,0.0,0.0,0.0
2020-09-10,0.0,0.0,0.0,0.0,0.0,0.0,0.0
2020-09-11,0.0,0.0,0.0,0.0,0.0,0.0,0.0
2020-09-12,0.0,0.0,0.0,0.0,0.0,0.0,0.0
2020-09-13,0.0,0.0,0.0,0.0,0.0,0.0,0.0
2020-09-14,0.0,0.0,0.0,0.0,0.0,0.0,0.0
2020-09-15,0.0,0.0,0.0,0.0,0.0,0.0,0.0
2020-09-16,0.0,0.0,0.0,0.0,0.0,0.0,0.0
2020-09-17,0.0,0.0,0.0,0.0,0.0,0.0,0.0
2020-09-18,0.0,0.0,0.0,0.0,0.0,0.0,0.0
2020-09-19,0.0,0.0,0.0,0.0,0.0,0.0,0.0
2020-09-20,0.0,0.0,0.0,0.0,0.0,0.0,0.0
2020-09-21,0.0,0.0,0.0,0.0,0.0,0.0,0.0
2020-09-22,0.0,0.0,0.0,0.0,0.0,0.0,0.0
2020-09-23,0.0,0.0,0.0,0.0,0.0,0.0,0.0
2020-09-24,0.0,0.0,0.0,0.0,0.0,0.0,0.0
2020-09-25,0.0,0.0,0.0,0.0,0.0,0.0,0.0
2020-09-26,0.0,0.0,0.0,0.0,0.0,0.0,0.0
2020-09-27,0.0,0.0,0.0,0.0,0.0,0.0,0.0
2020-09-28,0.0,0.0,0.0,0.0,0.0,0.0,0.0
2020-09-29,0.0,0.0,0.0,0.0,0.0,0.0,0.0
2020-09-30,0.0,0.0,0.0,0.0,0.0,0.0,0.0
2020-10-01,0.0,0.0,0.0,0.0,0.0,0.0,0.0
2020-10-02,0.0,0.0,0.0,0.0,0.0,0.0,0.0
2020-10-03,0.0,0.0,0.0,0.0,0.0,0.0,0.0
2020-10-04,0.0,0.0,0.0,0.0,0.0,0.0,0.0
2020-10-05,0.0,0.0,0.0,0.0,0.0,0.0,0.0
2020-10-06,0.0,0.0,0.0,0.0,0.0,0.0,0.0
2020-10-07,0.0,0.0,0.0,0.0,0.0,0.0,0.0
2020-10-08,0.0,0.0,0.0,0.0,0.0,0.0,0.0
2020-10-09,0.0,0.0,0.0,0.0,0.0,0.0,0.0
2020-10-10,0.0,0.0,0.0,0.0,0.0,0.0,0.0
2020-10-11,0.0,0.0,0.0,0.0,0.0,0.0,0.0
2020-10-12,0.0,0.0,0.0,0.0,0.0,0.0,0.0
2020-10-13,0.0,0.0,0.0,0.0,0.0,0.0,0.0
2020-10-14,0.0,0.0,0.0,0.0,0.0,0.0,0.0
2020-10-15,0.0,0.0,0.0,0.0,0.0,0.0,0.0
2020-10-16,0.0,0.0,0.0,0.0,0.0,0.0,0.0
2020-10-17,0.0,0.0,0.0,0.0,0.0,0.0,0.0
2020-10-18,0.0,0.0,0.0,0.0,0.0,0.0,0.0
2020-10-19,0.0,0.0,0.0,0.0,0.0,0.0,0.0
2020-10-20,0.0,0.0,0.0,0.0,0.0,0.0,0.0
2020-10-21,0.0,0.0,0.0,0.0,0.0,0.0,0.0
2020-10-22,0.0,0.0,0.0,0.0,0.0,0.0,0.0
2020-10-23,0.0,0.0,0.0,0.0,0.0,0.0,0.0
2020-10-24,0.0,0.0,0.0,0.0,0.0,0.0,0.0
2020-10-25,0.0,0.0,0.0,0.0,0.0,0.0,0.0
2020-10-26,0.0,0.0,0.0,0.0,0.0,0.0,0.0
2020-10-27,0.0,0.0,0.0,0.0,0.0,0.0,0.0
2020-10-28,0.0,0.0,0.0,0.0,0.0,0.0,0.0
2020-10-29,0.0,0.0,0.0,0.0,0.0,0.0,0.0
2020-10-30,0.0,0.0,0.0,0.0,0.0,0.0,0.0
2020-10-31,0.0,0.0,0.0,0.0,0.0,0.0,0.0
2020-11-01,0.0,0.0,0.0,0.0,0.0,0.0,0.0
2020-11-02,0.0,0.0,0.0,0.0,0.0,0.0,0.0
2020-11-03,0.0,0.0,0.0,0.0,0.0,0.0,0.0
2020-11-04,0.0,0.0,0.0,0.0,0.0,0.0,0.0
2020-11-05,0.0,0.0,0.0,0.0,0.0,0.0,0.0
2020-11-06,0.0,0.0,0.0,0.0,0.0,0.0,1.000695594794623e-07
2020-11-07,0.0,0.0,0.0,0.0,0.0,2.095923286642939e-08,9.826762873692915e-08
2020-11-08,0.0,0.0,0.0,0.0,0.0,1.8523642076356363e-08,1.1059869023323745e-07
2020-11-09,0.0,0.0,0.0,0.0,0.0,2.6728296820330102e-08,8.879530748796206e-08
2020-11-10,0.0,0.0,0.0,0.0,0.0,3.374615083656207e-08,1.0126032357282955e-07
2020-11-11,0.0,0.0,0.0,0.0,0.0,2.863165644437033e-08,9.643354921552009e-08
2020-11-12,0.0,0.0,0.0,0.0,0.0,6.559806689178418e-08,9.445112484621129e-08
2020-11-13,0.0,0.0,0.0,0.0,0.0,6.941244977799005e-08,1.371380382462923e-07
2020-11-14,0.0,0.0,0.0,0.0,0.0,7.967051874543211e-08,8.431426861824677e-08
2020-11-15,0.0,0.0,0.0,0.0,0.0,6.115812778558459e-08,1.1557651292881086e-07
2020-11-16,0.0,0.0,0.0,0.0,0.0,6.827517478716195e-08,9.216163910111913e-08
2020-11-17,0.0,0.0,0.0,0.0,0.0,8.538072115420555e-08,1.179113133655925e-07
2020-11-18,0.0,0.0,0.0,0.0,0.0,5.970379269293451e-08,1.41035141565036e-07
2020-11-19,0.0,0.0,0.0,0.0,0.0,6.365403832867131e-08,1.424525683025039e-07
2020-11-20,0.0,0.0,0.0,0.0,0.0,7.106153752834664e-08,1.374893852859346e-07
2020-11-21,0.0,0.0,0.0,0.0,0.0,6.835782652739469e-08,1.324120520882481e-07
2020-11-22,0.0,0.0,0.0,0.0,0.0,6.559259240023029e-08,1.3700483522192897e-07
2020-11-23,0.0,0.0,0.0,0.0,0.0,6.625180891333634e-08,1.219077380516235e-07
2020-11-24,0.0,0.0,0.0,0.0,0.0,9.509350357308849e-08,1.5308418472008603e-07
2020-11-25,0.0,0.0,0.0,0.0,0.0,8.181969670259961e-08,1.3445452726475351e-07
2020-11-26,0.0,0.0,0.0,0.0,0.0,4.311756434360177e-08,1.1883009051286374e-07
2020-11-27,0.0,0.0,0.0,0.0,0.0,4.71801449919771e-08,1.337414216659614e-07
2020-11-28,0.0,0.0,0.0,0.0,0.0,7.33143282033873e-08,1.1083942178443361e-07
2020-11-29,0.0,0.0,0.0,0.0,0.0,6.664603450634541e-08,1.0845483347747725e-07
2020-11-30,0.0,0.0,0.0,0.0,0.0,9.723398863913423e-08,1.5194927016211277e-07
2020-12-01,0.0,0.0,0.0,0.0,0.0,8.687820857567974e-08,1.9211820193731527e-07
2020-12-02,0.0,0.0,0.0,0.0,0.0,5.72291407094599e-08,1.6170751830557934e-07
2020-12-03,0.0,0.0,0.0,0.0,0.0,1.0790136585325687e-07,1.6696232156961251e-07
2020-12-04,0.0,0.0,0.0,0.0,0.0,1.0120109313664264e-07,1.5397594507656965e-07
2020-12-05,0.0,0.0,0.0,0.0,0.0,1.100811180342099e-07,1.74038122986238e-07
2020-12-06,0.0,0.0,0.0,0.0,0.0,6.750666708126849e-08,1.3464554185628787e-07
2020-12-07,0.0,0.0,0.0,0.0,0.0,7.219600979794998e-08,1.511097244989799e-07
2020-12-08,0.0,0.0,0.0,0.0,0.0,8.507519038576788e-08,1.602598226021491e-07
2020-12-09,0.0,0.0,0.0,0.0,0.0,6.547063639151411e-08,2.1968133938052977e-07
2020-12-10,0.0,0.0,0.0,0.0,0.0,9.505990163788624e-08,1.8296124836296777e-07
2020-12-11,0.0,0.0,0.0,0.0,0.0,9.184069259616237e-08,1.2975321920861994e-07
2020-12-12,0.0,0.0,0.0,0.0,0.0,1.0962983542949399e-07,1.469429893160874e-07
2020-12-13,0.0,0.0,0.0,0.0,0.0,8.091927070255516e-08,1.6045382801141753e-07
2020-12-14,0.0,0.0,0.0,0.0,0.0,6.452567596850911e-08,1.4585977421300397e-07
2020-12-15,0.0,0.0,0.0,0.0,0.0,6.951911444609229e-08,1.8824949190212136e-07
2020-12-16,0.0,0.0,0.0,0.0,0.0,1.009380776701147e-07,1.8600792138513337e-07
2020-12-17,0.0,0.0,0.0,0.0,0.0,5.319262028653257e-08,1.7535217660243056e-07
2020-12-18,0.0,0.0,0.0,0.0,0.0,9.40226262640996e-08,1.6024644810672827e-07
2020-12-19,0.0,0.0,0.0,0.0,0.0,8.592303895177028e-08,1.7463513208101733e-07
2020-12-20,0.0,0.0,0.0,0.0,0.0,1.0505743876532349e-07,1.290660324418517e-07
2020-12-21,0.0,0.0,0.0,0.0,0.0,1.1072690460349538e-07,1.9119931252808164e-07
2020-12-22,0.0,0.0,0.0,0.0,0.0,8.387979637160493e-08,1.4922978448232902e-07
2020-12-23,0.0,0.0,0.0,0.0,0.0,9.884326939681314e-08,2.0392824007394992e-07
2020-12-24,0.0,0.0,0.0,0.0,0.0,6.655777384626436e-08,1.7015553505380852e-07
2020-12-25,0.0,0.0,0.0,0.0,0.0,6.242478412315748e-08,1.537745080207221e-07
2020-12-26,0.0,0.0,0.0,0.0,0.0,7.760266293389333e-08,1.5224442610077604e-07
2020-12-27,0.0,0.0,0.0,0.0,0.0,1.1169135902342318e-07,1.9506179485334337e-07
2020-12-28,0.0,0.0,0.0,0.0,0.0,1.2642789313118217e-07,1.7556445233215176e-07
2020-12-29,0.0,0.0,0.0,0.0,0.0,5.843475323082518e-08,2.1292650713354546e-07
2020-12-30,0.0,0.0,0.0,0.0,0.0,8.778602204153156e-08,1.4197263568603686e-07
2020-12-31,0.0,0.0,0.0,0.0,0.0,1.3677796675228743e-07,2.1296967326953333e-07
2021-01-01,0.0,0.0,0.0,0.0,0.0,1.2469342294533492e-07,1.731990491484636e-07
2021-01-02,0.0,0.0,0.0,0.0,0.0,9.021543655677797e-08,1.5474635422324788e-07
2021-01-03,0.0,0.0,0.0,0.0,0.0,7.991590659994699e-08,1.863323541146146e-07
2021-01-04,0.0,0.0,0.0,0.0,0.0,9.30832118155195e-08,1.7217976179904758e-07
2021-01-05,0.0,0.0,0.0,0.0,0.0,1.0137272022107304e-07,1.9481890805042104e-07
2021-01-06,0.0,0.0,0.0,0.0,0.0,1.0492604683800948e-07,1.4867866288502107e-07
2021-01-07,0.0,0.0,0.0,0.0,0.0,6.323253100830443e-08,1.5515600360495093e-07
2021-01-08,0.0,0.0,0.0,0.0,0.0,1.0284837190593936e-07,1.3785708064357297e-07
2021-01-09,0.0,0.0,0.0,0.0,0.0,6.640761750446602e-08,1.2478663293468805e-07
2021-01-10,0.0,0.0,0.0,0.0,0.0,9.64287143159632e-08,1.5057045070166089e-07
2021-01-11,0.0,0.0,0.0,0.0,0.0,6.943216914702938e-08,2.0258536495615343e-07
2021-01-12,0.0,0.0,0.0,0.0,0.0,9.881562956123704e-08,1.778636136614745e-07
2021-01-13,0.0,0.0,0.0,0.0,0.0,1.2335389264994523e-07,1.4237374389684309e-07
2021-01-14,0.0,0.0,0.0,0.0,0.0,9.685894899789634e-08,1.5950408851154194e-07
2021-01-15,0.0,0.0,0.0,0.0,0.0,1.0006454228085538e-07,1.7627943774492798e-07
2021-01-16,0.0,0.0,0.0,0.0,0.0,9.081314316190185e-08,1.3453001744192132e-07
2021-01-17,0.0,0.0,0.0,0.0,0.0,8.990953728968032e-08,1.8358817544689163e-07
2021-01-18,0.0,0.0,0.0,0.0,0.0,1.1733785231533028e-07,1.8888934228850852e-07
2021-01-19,0.0,0.0,0.0,0.0,0.0,1.2818794060940932e-07,1.8348137396878928e-07
2021-01-20,0.0,0.0,0.0,0.0,0.0,8.725230888618332e-08,2.1309611406588453e-07
2021-01-21,0.0,0.0,0.0,0.0,0.0,7.853103082454257e-08,1.5563786481407414e-07
2021-01-22,0.0,0.0,0.0,0.0,0.0,8.941207911378756e-08,1.643618583298662e-07
2021-01-23,0.0,0.0,0.0,0.0,0.0,8.46736134503914e-08,1.6272643051418836e-07
2021-01-24,0.0,0.0,0.0,0.0,0.0,1.1431513216295637e-07,7.384083459370187e-08
2021-01-25,0.0,0.0,0.0,0.0,0.0,1.1317767759294914e-07,1.3956620238920742e-07
2021-01-26,0.0,0.0,0.0,0.0,0.0,7.09659758938436e-08,1.546271973143944e-07
2021-01-27,0.0,0.0,0.0,0.0,0.0,8.505140055882045e-08,1.6286024573852764e-07
2021-01-28,0.0,0.0,0.0,0.0,0.0,9.884949454572348e-08,1.580149640334224e-07
2021-01-29,0.0,0.0,0.0,0.0,0.0,7.611794216536444e-08,1.6602081267960961e-07
2021-01-30,0.0,0.0,0.0,0.0,0.0,6.818336017794328e-08,1.6120793803095793e-07
2021-01-31,0.0,0.0,0.0,0.0,0.0,8.526937820037777e-08,1.4082696374699658e-07
2021-02-01,0.0,0.0,0.0,0.0,0.0,7.018191100524345e-08,1.4564297359592464e-07
2021-02-02,0.0,0.0,0.0,0.0,0.0,9.727702505211625e-08,1.6566947440320213e-07
2021-02-03,0.0,0.0,0.0,0.0,0.0,7.911104846609326e-08,1.852830216852286e-07
2021-02-04,0.0,0.0,0.0,0.0,0.0,1.0216158310640607e-07,1.8945383218702058e-07
2021-02-05,0.0,0.0,0.0,0.0,0.0,7.41730428047027e-08,1.4886407544436707e-07
2021-02-06,0.0,0.0,0.0,0.0,0.0,6.675909881587805e-08,1.179062825159354e-07
2021-02-07,0.0,0.0,0.0,0.0,0.0,5.6180609481318687e-08,1.0797811324766798e-07
2021-02-08,0.0,0.0,0.0,0.0,0.0,9.161205212666955e-08,1.3868589803598162e-07
2021-02-09,0.0,0.0,0.0,0.0,0.0,5.830746234263312e-08,1.7163243786734708e-07
2021-02-10,0.0,0.0,0.0,0.0,0.0,8.017679638702749e-08,1.3593973326122512e-07
2021-02-11,0.0,0.0,0.0,0.0,0.0,6.350321914681397e-08,1.4860660097301367e-07
2021-02-12,0.0,0.0,0.0,0.0,0.0,7.23020542926662e-08,1.1381595403927939e-07
2021-02-13,0.0,0.0,0.0,0.0,0.0,8.091950250593976e-08,1.2917372974648292e-07
2021-02-14,0.0,0.0,0.0,0.0,0.0,8.319566077241994e-08,0.0
2021-02-15,0.0,0.0,0.0,0.0,0.0,3.382853662435082e-08,0.0
2021-02-16,0.0,0.0,0.0,0.0,0.0,4.23056047085257e-08,0.0
2021-02-17,0.0,0.0,0.0,0.0,0.0,3.315868671909766e-08,0.0
2021-02-18,0.0,0.0,0.0,0.0,0.0,4.146789760873691e-08,0.0
2021-02-19,0.0,0.0,0.0,0.0,0.0,3.763401137233604e-08,0.0
2021-02-20,0.0,0.0,0.0,0.0,0.0,0.0,0.0
2021-02-21,0.0,0.0,0.0,0.0,0.0,0.0,0.0
2021-02-22,0.0,0.0,0.0,0.0,0.0,0.0,0.0
2021-02-23,0.0,0.0,0.0,0.0,0.0,0.0,0.0
2021-02-24,0.0,0.0,0.0,0.0,0.0,0.0,0.0
2021-02-25,0.0,0.0,0.0,0.0,0.0,0.0,0.0
2021-02-26,0.0,0.0,0.0,0.0,0.0,0.0,0.0
2021-02-27,0.0,0.0,0.0,0.0,0.0,0.0,0.0
2021-02-28,0.0,0.0,0.0,0.0,0.0,0.0,0.0
2021-03-01,0.0,0.0,0.0,0.0,0.0,0.0,0.0
2021-03-02,0.0,0.0,0.0,0.0,0.0,0.0,0.0
2021-03-03,0.0,0.0,0.0,0.0,0.0,0.0,0.0
2021-03-04,0.0,0.0,0.0,0.0,0.0,0.0,0.0
2021-03-05,0.0,0.0,0.0,0.0,0.0,0.0,0.0
2021-03-06,0.0,0.0,0.0,0.0,0.0,0.0,0.0
2021-03-07,0.0,0.0,0.0,0.0,0.0,0.0,0.0
2021-03-08,0.0,0.0,0.0,0.0,0.0,0.0,0.0
2021-03-09,0.0,0.0,0.0,0.0,0.0,0.0,0.0
2021-03-10,0.0,0.0,0.0,0.0,0.0,0.0,0.0
2021-03-11,0.0,0.0,0.0,0.0,0.0,0.0,0.0
2021-03-12,0.0,0.0,0.0,0.0,0.0,0.0,0.0
2021-03-13,0.0,0.0,0.0,0.0,0.0,0.0,0.0
2021-03-14,0.0,0.0,0.0,0.0,0.0,0.0,0.0
2021-03-15,0.0,0.0,0.0,0.0,0.0,0.0,0.0
2021-03-16,0.0,0.0,0.0,0.0,0.0,0.0,0.0
2021-03-17,0.0,0.0,0.0,0.0,0.0,0.0,0.0
2021-03-18,0.0,0.0,0.0,0.0,0.0,0.0,0.0
2021-03-19,0.0,0.0,0.0,0.0,0.0,0.0,0.0
2021-03-20,0.0,0.0,0.0,0.0,0.0,0.0,0.0
2021-03-21,0.0,0.0,0.0,0.0,0.0,0.0,0.0
2021-03-22,0.0,0.0,0.0,0.0,0.0,0.0,0.0
2021-03-23,0.0,0.0,0.0,0.0,0.0,0.0,0.0
2021-03-24,0.0,0.0,0.0,0.0,0.0,0.0,0.0
2021-03-25,0.0,0.0,0.0,0.0,0.0,0.0,0.0
2021-03-26,0.0,0.0,0.0,0.0,0.0,0.0,0.0
2021-03-27,0.0,0.0,0.0,0.0,0.0,0.0,0.0
2021-03-28,0.0,0.0,0.0,0.0,0.0,0.0,0.0
2021-03-29,0.0,0.0,0.0,0.0,0.0,0.0,0.0
2021-03-30,0.0,0.0,0.0,0.0,0.0,0.0,0.0
2021-03-31,0.0,0.0,0.0,0.0,0.0,0.0,0.0
2021-04-01,0.0,0.0,0.0,0.0,0.0,0.0,0.0
2021-04-02,0.0,0.0,0.0,0.0,0.0,0.0,0.0
2021-04-03,0.0,0.0,0.0,0.0,0.0,0.0,0.0
2021-04-04,0.0,0.0,0.0,0.0,0.0,0.0,0.0
2021-04-05,0.0,0.0,0.0,0.0,0.0,0.0,0.0
2021-04-06,0.0,0.0,0.0,0.0,0.0,0.0,0.0
2021-04-07,0.0,0.0,0.0,0.0,0.0,0.0,0.0
2021-04-08,0.0,0.0,0.0,0.0,0.0,0.0,0.0
2021-04-09,0.0,0.0,0.0,0.0,0.0,0.0,0.0
2021-04-10,0.0,0.0,0.0,0.0,0.0,0.0,0.0
2021-04-11,0.0,0.0,0.0,0.0,0.0,0.0,0.0
2021-04-12,0.0,0.0,0.0,0.0,0.0,0.0,0.0
2021-04-13,0.0,0.0,0.0,0.0,0.0,0.0,0.0
2021-04-14,0.0,0.0,0.0,0.0,0.0,0.0,0.0
2021-04-15,0.0,0.0,0.0,0.0,0.0,0.0,0.0
2021-04-16,0.0,0.0,0.0,0.0,0.0,0.0,0.0
2021-04-17,0.0,0.0,0.0,0.0,0.0,0.0,0.0
2021-04-18,0.0,0.0,0.0,0.0,0.0,0.0,0.0
2021-04-19,0.0,0.0,0.0,0.0,0.0,0.0,0.0
2021-04-20,0.0,0.0,0.0,0.0,0.0,0.0,0.0
2021-04-21,0.0,0.0,0.0,0.0,0.0,0.0,0.0
2021-04-22,0.0,0.0,0.0,0.0,0.0,0.0,0.0
2021-04-23,0.0,0.0,0.0,0.0,0.0,0.0,0.0
2021-04-24,0.0,0.0,0.0,0.0,0.0,0.0,0.0
2021-04-25,0.0,0.0,0.0,0.0,0.0,0.0,0.0
2021-04-26,0.0,0.0,0.0,0.0,0.0,0.0,0.0
2021-04-27,0.0,0.0,0.0,0.0,0.0,0.0,0.0
2021-04-28,0.0,0.0,0.0,0.0,0.0,0.0,0.0
2021-04-29,0.0,0.0,0.0,0.0,0.0,0.0,0.0
2021-04-30,0.0,0.0,0.0,0.0,0.0,0.0,0.0
2021-05-01,0.0,0.0,0.0,0.0,0.0,0.0,0.0
2021-05-02,0.0,0.0,0.0,0.0,0.0,0.0,0.0
2021-05-03,0.0,0.0,0.0,0.0,0.0,0.0,0.0
2021-05-04,0.0,0.0,0.0,0.0,0.0,0.0,0.0
2021-05-05,0.0,0.0,0.0,0.0,0.0,0.0,0.0
2021-05-06,0.0,0.0,0.0,0.0,0.0,0.0,0.0
2021-05-07,0.0,0.0,0.0,0.0,0.0,0.0,0.0
2021-05-08,0.0,0.0,0.0,0.0,0.0,0.0,0.0
2021-05-09,0.0,0.0,0.0,0.0,0.0,0.0,0.0
2021-05-10,0.0,0.0,0.0,0.0,0.0,0.0,0.0
2021-05-11,0.0,0.0,0.0,0.0,0.0,0.0,0.0
2021-05-12,0.0,0.0,0.0,0.0,0.0,0.0,0.0
2021-05-13,0.0,0.0,0.0,0.0,0.0,0.0,0.0
2021-05-14,0.0,0.0,0.0,0.0,0.0,0.0,0.0
2021-05-15,0.0,0.0,0.0,0.0,0.0,0.0,0.0
2021-05-16,0.0,0.0,0.0,0.0,0.0,0.0,0.0
2021-05-17,0.0,0.0,0.0,0.0,0.0,0.0,0.0
2021-05-18,0.0,0.0,0.0,0.0,0.0,0.0,0.0
2021-05-19,0.0,0.0,0.0,0.0,0.0,0.0,0.0
2021-05-20,0.0,0.0,0.0,0.0,0.0,0.0,0.0
2021-05-21,0.0,0.0,0.0,0.0,0.0,0.0,0.0
2021-05-22,0.0,0.0,0.0,0.0,0.0,0.0,0.0
2021-05-23,0.0,0.0,0.0,0.0,0.0,0.0,0.0
2021-05-24,0.0,0.0,0.0,0.0,0.0,0.0,0.0
2021-05-25,0.0,0.0,0.0,0.0,0.0,0.0,0.0
2021-05-26,0.0,0.0,0.0,0.0,0.0,0.0,0.0
2021-05-27,0.0,0.0,0.0,0.0,0.0,0.0,0.0
2021-05-28,0.0,0.0,0.0,0.0,0.0,0.0,0.0
2021-05-29,0.0,0.0,0.0,0.0,0.0,0.0,0.0
2021-05-30,0.0,0.0,0.0,0.0,0.0,0.0,0.0
2021-05-31,0.0,0.0,0.0,0.0,0.0,0.0,0.0
2021-06-01,0.0,0.0,0.0,0.0,0.0,0.0,0.0
2021-06-02,0.0,0.0,0.0,0.0,0.0,0.0,0.0
2021-06-03,0.0,0.0,0.0,0.0,0.0,0.0,0.0
2021-06-04,0.0,0.0,0.0,0.0,0.0,0.0,0.0
2021-06-05,0.0,0.0,0.0,0.0,0.0,0.0,0.0
2021-06-06,0.0,0.0,0.0,0.0,0.0,0.0,0.0
2021-06-07,0.0,0.0,0.0,0.0,0.0,0.0,0.0
2021-06-08,0.0,0.0,0.0,0.0,0.0,0.0,0.0
2021-06-09,0.0,0.0,0.0,0.0,0.0,0.0,0.0
2021-06-10,0.0,0.0,0.0,0.0,0.0,0.0,0.0
2021-06-11,0.0,0.0,0.0,0.0,0.0,0.0,0.0
2021-06-12,0.0,0.0,0.0,0.0,0.0,0.0,0.0
2021-06-13,0.0,0.0,0.0,0.0,0.0,0.0,0.0
2021-06-14,0.0,0.0,0.0,0.0,0.0,0.0,0.0
2021-06-15,0.0,0.0,0.0,0.0,0.0,0.0,0.0
2021-06-16,0.0,0.0,0.0,0.0,0.0,0.0,0.0
2021-06-17,0.0,0.0,0.0,0.0,0.0,0.0,0.0
2021-06-18,0.0,0.0,0.0,0.0,0.0,0.0,0.0
2021-06-19,0.0,0.0,0.0,0.0,0.0,0.0,0.0
2021-06-20,0.0,0.0,0.0,0.0,0.0,0.0,0.0
2021-06-21,0.0,0.0,0.0,0.0,0.0,0.0,0.0
2021-06-22,0.0,0.0,0.0,0.0,0.0,0.0,0.0
2021-06-23,0.0,0.0,0.0,0.0,0.0,0.0,0.0
2021-06-24,0.0,0.0,0.0,0.0,0.0,0.0,0.0
2021-06-25,0.0,0.0,0.0,0.0,0.0,0.0,0.0
2021-06-26,0.0,0.0,0.0,0.0,0.0,0.0,0.0
2021-06-27,0.0,0.0,0.0,0.0,0.0,0.0,0.0
2021-06-28,0.0,0.0,0.0,0.0,0.0,0.0,0.0
2021-06-29,0.0,0.0,0.0,0.0,0.0,0.0,0.0
2021-06-30,0.0,0.0,0.0,0.0,0.0,0.0,0.0
2021-07-01,0.0,0.0,0.0,0.0,0.0,0.0,0.0
2021-07-02,0.0,0.0,0.0,0.0,0.0,0.0,0.0
2021-07-03,0.0,0.0,0.0,0.0,0.0,0.0,0.0
2021-07-04,0.0,0.0,0.0,0.0,0.0,0.0,0.0
2021-07-05,0.0,0.0,0.0,0.0,0.0,0.0,0.0
2021-07-06,0.0,0.0,0.0,0.0,0.0,0.0,0.0
2021-07-07,0.0,0.0,0.0,0.0,0.0,0.0,0.0
2021-07-08,0.0,0.0,0.0,0.0,0.0,0.0,0.0
2021-07-09,0.0,0.0,0.0,0.0,0.0,0.0,0.0
2021-07-10,0.0,0.0,0.0,0.0,0.0,0.0,0.0
2021-07-11,0.0,0.0,0.0,0.0,0.0,0.0,0.0
2021-07-12,0.0,0.0,0.0,0.0,0.0,0.0,0.0
2021-07-13,0.0,0.0,0.0,0.0,0.0,0.0,0.0
2021-07-14,0.0,0.0,0.0,0.0,0.0,0.0,0.0
2021-07-15,0.0,0.0,0.0,0.0,0.0,0.0,0.0
2021-07-16,0.0,0.0,0.0,0.0,0.0,0.0,0.0
2021-07-17,0.0,0.0,0.0,0.0,0.0,0.0,0.0
2021-07-18,0.0,0.0,0.0,0.0,0.0,0.0,0.0
2021-07-19,0.0,0.0,0.0,0.0,0.0,0.0,0.0
2021-07-20,0.0,0.0,0.0,0.0,0.0,0.0,0.0
2021-07-21,0.0,0.0,0.0,0.0,0.0,0.0,0.0
2021-07-22,0.0,0.0,0.0,0.0,0.0,0.0,0.0
2021-07-23,0.0,0.0,0.0,0.0,0.0,0.0,0.0
2021-07-24,0.0,0.0,0.0,0.0,0.0,0.0,0.0
2021-07-25,0.0,0.0,0.0,0.0,0.0,0.0,0.0
2021-07-26,0.0,0.0,0.0,0.0,0.0,0.0,0.0
2021-07-27,0.0,0.0,0.0,0.0,0.0,0.0,0.0
2021-07-28,0.0,0.0,0.0,0.0,0.0,0.0,0.0
2021-07-29,0.0,0.0,0.0,0.0,0.0,0.0,0.0
2021-07-30,0.0,0.0,0.0,0.0,0.0,0.0,0.0
2021-07-31,0.0,0.0,0.0,0.0,0.0,0.0,0.0
2021-08-01,0.0,0.0,0.0,0.0,0.0,0.0,0.0
2021-08-02,0.0,0.0,0.0,0.0,0.0,0.0,0.0
2021-08-03,0.0,0.0,0.0,0.0,0.0,0.0,0.0
2021-08-04,0.0,0.0,0.0,0.0,0.0,0.0,0.0
2021-08-05,0.0,0.0,0.0,0.0,0.0,0.0,0.0
2021-08-06,0.0,0.0,0.0,0.0,0.0,0.0,0.0
2021-08-07,0.0,0.0,0.0,0.0,0.0,0.0,0.0
2021-08-08,0.0,0.0,0.0,0.0,0.0,0.0,0.0
2021-08-09,0.0,0.0,0.0,0.0,0.0,0.0,0.0
2021-08-10,0.0,0.0,0.0,0.0,0.0,0.0,0.0
2021-08-11,0.0,0.0,0.0,0.0,0.0,0.0,0.0
2021-08-12,0.0,0.0,0.0,0.0,0.0,0.0,0.0
2021-08-13,0.0,0.0,0.0,0.0,0.0,0.0,0.0
2021-08-14,0.0,0.0,0.0,0.0,0.0,0.0,0.0
2021-08-15,0.0,0.0,0.0,0.0,0.0,0.0,0.0
2021-08-16,0.0,0.0,0.0,0.0,0.0,0.0,0.0
2021-08-17,0.0,0.0,0.0,0.0,0.0,0.0,0.0
2021-08-18,0.0,0.0,0.0,0.0,0.0,0.0,0.0
2021-08-19,0.0,0.0,0.0,0.0,0.0,0.0,0.0
2021-08-20,0.0,0.0,0.0,0.0,0.0,0.0,0.0
2021-08-21,0.0,0.0,0.0,0.0,0.0,0.0,0.0
2021-08-22,0.0,0.0,0.0,0.0,0.0,0.0,0.0
2021-08-23,0.0,0.0,0.0,0.0,0.0,0.0,0.0
2021-08-24,0.0,0.0,0.0,0.0,0.0,0.0,0.0
2021-08-25,0.0,0.0,0.0,0.0,0.0,0.0,0.0
2021-08-26,0.0,0.0,0.0,0.0,0.0,0.0,0.0
2021-08-27,0.0,0.0,0.0,0.0,0.0,0.0,0.0
2021-08-28,0.0,0.0,0.0,0.0,0.0,0.0,0.0
2021-08-29,0.0,0.0,0.0,0.0,0.0,0.0,0.0
2021-08-30,0.0,0.0,0.0,0.0,0.0,0.0,0.0
2021-08-31,0.0,0.0,0.0,0.0,0.0,0.0,0.0
2021-09-01,0.0,0.0,0.0,0.0,0.0,0.0,0.0
2021-09-02,0.0,0.0,0.0,0.0,0.0,0.0,0.0
2021-09-03,0.0,0.0,0.0,0.0,0.0,0.0,0.0
2021-09-04,0.0,0.0,0.0,0.0,0.0,0.0,0.0
2021-09-05,0.0,0.0,0.0,0.0,0.0,0.0,0.0
2021-09-06,0.0,0.0,0.0,0.0,0.0,0.0,0.0
2021-09-07,0.0,0.0,0.0,0.0,0.0,0.0,0.0
2021-09-08,0.0,0.0,0.0,0.0,0.0,0.0,0.0
2021-09-09,0.0,0.0,0.0,0.0,0.0,0.0,0.0
2021-09-10,0.0,0.0,0.0,0.0,0.0,0.0,0.0
2021-09-11,0.0,0.0,0.0,0.0,0.0,0.0,0.0
2021-09-12,0.0,0.0,0.0,0.0,0.0,0.0,0.0
2021-09-13,0.0,0.0,0.0,0.0,0.0,0.0,0.0
2021-09-14,0.0,0.0,0.0,0.0,0.0,0.0,0.0
2021-09-15,0.0,0.0,0.0,0.0,0.0,0.0,0.0
2021-09-16,0.0,0.0,0.0,0.0,0.0,0.0,0.0
2021-09-17,0.0,0.0,0.0,0.0,0.0,0.0,0.0
2021-09-18,0.0,0.0,0.0,0.0,0.0,0.0,0.0
2021-09-19,0.0,0.0,0.0,0.0,0.0,0.0,0.0
2021-09-20,0.0,0.0,0.0,0.0,0.0,0.0,0.0
2021-09-21,0.0,0.0,0.0,0.0,0.0,0.0,0.0
2021-09-22,0.0,0.0,0.0,0.0,0.0,0.0,0.0
2021-09-23,0.0,0.0,0.0,0.0,0.0,0.0,0.0
2021-09-24,0.0,0.0,0.0,0.0,0.0,0.0,0.0
2021-09-25,0.0,0.0,0.0,0.0,0.0,0.0,0.0
2021-09-26,0.0,0.0,0.0,0.0,0.0,0.0,0.0
2021-09-27,0.0,0.0,0.0,0.0,0.0,0.0,0.0
2021-09-28,0.0,0.0,0.0,0.0,0.0,4.6405585150955686e-08,0.0
2021-09-29,0.0,0.0,0.0,0.0,0.0,5.555196330116904e-08,0.0
2021-09-30,0.0,0.0,0.0,0.0,0.0,3.50689186338746e-08,0.0
2021-10-01,0.0,0.0,0.0,0.0,0.0,4.431604056929378e-08,0.0
2021-10-02,0.0,0.0,0.0,0.0,0.0,3.939005327974108e-08,0.0
2021-10-03,0.0,0.0,0.0,0.0,0.0,5.244508940922938e-08,0.0
2021-10-04,0.0,0.0,0.0,0.0,0.0,4.38390383342369e-08,0.0
2021-10-05,0.0,0.0,0.0,0.0,0.0,5.165956599335609e-08,0.0
2021-10-06,0.0,0.0,0.0,0.0,0.0,4.845169945857887e-08,0.0
2021-10-07,0.0,0.0,0.0,0.0,0.0,3.764511317973037e-08,0.0
2021-10-08,0.0,0.0,0.0,0.0,0.0,3.8023452857089075e-08,0.0
2021-10-09,0.0,0.0,0.0,0.0,0.0,5.5688112621558724e-08,0.0
2021-10-10,0.0,0.0,0.0,0.0,0.0,2.5214525412210197e-08,0.0
2021-10-11,0.0,0.0,0.0,0.0,0.0,3.330422348418195e-08,0.0
2021-10-12,0.0,0.0,0.0,0.0,0.0,5.144778522735107e-08,0.0
2021-10-13,0.0,0.0,0.0,0.0,0.0,4.5968900519035215e-08,0.0
2021-10-14,0.0,0.0,0.0,0.0,0.0,3.835595727602667e-08,0.0
2021-10-15,0.0,0.0,0.0,0.0,0.0,3.874144105532395e-08,0.0
2021-10-16,0.0,0.0,0.0,0.0,0.0,4.1190314748433046e-08,0.0
2021-10-17,0.0,0.0,0.0,0.0,0.0,2.9122999005732992e-08,0.0
2021-10-18,0.0,0.0,0.0,0.0,0.0,5.042689716297029e-08,0.0
2021-10-19,0.0,0.0,0.0,0.0,0.0,6.366711988124288e-08,0.0
2021-10-20,0.0,0.0,0.0,0.0,0.0,5.1445588059053705e-08,0.0
2021-10-21,0.0,0.0,0.0,0.0,0.0,6.49532810184881e-08,0.0
2021-10-22,0.0,0.0,0.0,0.0,0.0,3.717677432905367e-08,0.0
2021-10-23,0.0,0.0,0.0,0.0,0.0,3.0923864689291466e-08,0.0
2021-10-24,0.0,0.0,0.0,0.0,0.0,5.354512233652637e-08,0.0
2021-10-25,0.0,0.0,0.0,0.0,0.0,5.859019807609657e-08,0.0
2021-10-26,0.0,0.0,0.0,0.0,0.0,5.917903935625584e-08,0.0
2021-10-27,0.0,0.0,0.0,0.0,0.0,6.437178309656421e-08,0.0
2021-10-28,0.0,0.0,0.0,0.0,0.0,4.644195019442179e-08,0.0
2021-10-29,0.0,0.0,0.0,0.0,0.0,2.579978475447469e-08,0.0
2021-10-30,0.0,0.0,0.0,5.048539541064671e-09,0.0,2.842808389308298e-08,0.0
2021-10-31,0.0,0.0,0.0,1.0198556413966797e-08,0.0,7.178447721522803e-08,0.0
2021-11-01,0.0,0.0,0.0,0.0,0.0,6.287573019962723e-08,0.0
2021-11-02,0.0,0.0,0.0,1.0416055778312717e-08,0.0,7.083544661601939e-08,0.0
2021-11-03,0.0,0.0,0.0,1.0520738879242774e-08,0.0,4.194155274930568e-08,6.242652013892292e-08
2021-11-04,0.0,0.0,0.0,7.969855547121051e-09,0.0,5.731474496063118e-08,5.2182552080112225e-08
2021-11-05,0.0,0.0,0.0,1.0733271902675067e-08,0.0,6.040775762490992e-08,5.600118266285789e-08
2021-11-06,0.0,0.0,0.0,5.420571539328379e-09,0.0,5.8472579612127674e-08,5.8782200137120063e-08
2021-11-07,0.0,0.0,0.0,2.7375245944951578e-09,0.0,7.446725762630803e-08,4.8170523698361213e-08
2021-11-08,0.0,0.0,0.0,5.530074348133707e-09,0.0,7.52156660077522e-08,6.110118273356576e-08
2021-11-09,0.0,0.0,0.0,5.5856525193203215e-09,0.0,5.763362456574125e-08,4.8000757644838744e-08
2021-11-10,0.0,0.0,0.0,1.128357852082719e-08,0.0,5.292077465663014e-08,8.773145641022709e-08
2021-11-11,0.0,0.0,0.0,1.1396980370268836e-08,0.0,6.68157966051911e-08,7.228969311516594e-08
2021-11-12,0.0,0.0,0.0,5.755760963622509e-09,0.0,7.828527556892467e-08,7.301621660943659e-08
2021-11-13,0.0,0.0,0.0,8.720410984505173e-09,0.0,5.998569740378258e-08,5.4717772938159684e-08
2021-11-14,0.0,0.0,0.0,8.808052571942064e-09,0.0,6.609661492947375e-08,5.046180911616943e-08
2021-11-15,0.0,0.0,0.0,1.1862099962634957e-08,0.0,5.5634080794344076e-08,4.126058563788847e-08
2021-11-16,0.0,0.0,0.0,8.985987036921408e-09,0.0,7.024151575237667e-08,4.902971931475278e-08
2021-11-17,0.0,0.0,0.0,6.050865138705756e-09,0.0,6.95426009929301e-08,5.571278570920041e-08
2021-11-18,0.0,0.0,0.0,9.167516016530276e-09,0.0,4.40644099529825e-08,6.127472704890697e-08
2021-11-19,0.0,0.0,0.0,1.234620144565759e-08,0.0,5.998569740378258e-08,5.936440346546751e-08
2021-11-20,0.0,0.0,0.0,3.117570708260311e-09,0.0,5.398984521994804e-08,5.103066011842334e-08
2021-11-21,0.0,0.0,0.0,6.297805629550072e-09,0.0,4.008947796311466e-08,5.0254938609553155e-08
2021-11-22,0.0,0.0,0.0,9.541649442585995e-09,0.0,3.969058099247261e-08,7.418770566525322e-08
2021-11-23,0.0,0.0,0.0,1.2850059484990058e-08,0.0,5.501391435820756e-08,8.67648788979559e-08
2021-11-24,0.0,0.0,0.0,6.489602364927854e-09,0.0,4.927922945335488e-08,4.6474103257229215e-08
2021-11-25,0.0,0.0,0.0,0.0,0.0,5.906023880707189e-08,5.498823446177432e-08
2021-11-26,0.0,0.0,0.0,3.3103505144700996e-09,0.0,5.8472579612127674e-08,5.554087540577857e-08
2021-11-27,0.0,0.0,0.0,1.3374480360990743e-08,0.0,4.278882831764452e-08,5.473080047181229e-08
2021-11-28,0.0,0.0,0.0,6.7544480616413125e-09,0.0,3.987112692913473e-08,5.666287551523438e-08
2021-11-29,0.0,0.0,0.0,6.822331393222144e-09,0.0,6.661305436654432e-08,8.375465397311985e-08
2021-11-30,0.0,0.0,0.0,6.890896963627591e-09,0.0,6.106504018622362e-08,7.895664209031795e-08
2021-12-01,0.0,0.0,0.0,6.958442856851735e-09,0.0,1.1491509079944256e-07,7.800886248266532e-08
2021-12-02,0.0,0.0,0.0,7.02837637020873e-09,0.0,1.099602454689638e-07,7.162987689514726e-08
2021-12-03,0.0,0.0,0.0,1.064851909058962e-08,0.0,8.500981715249972e-08,5.643281991840628e-08
2021-12-04,0.0,0.0,0.0,7.1703589910993324e-09,0.0,8.005539272273183e-08,6.284613089916748e-08
2021-12-05,0.0,0.0,0.0,7.242422297013346e-09,0.0,1.3017802099007565e-07,7.52875580413995e-08
2021-12-06,0.0,0.0,0.0,1.463041970238487e-08,0.0,1.5032197698033818e-07,7.604421057907457e-08
2021-12-07,0.0,0.0,0.0,2.2166186797358013e-08,0.0,1.2036286195915237e-07,9.939919336623025e-08
2021-12-08,0.0,0.0,0.0,3.731493446381723e-09,0.0,9.036013404039963e-08,9.583461860088367e-08
2021-12-09,0.0,0.0,0.0,7.537991157982677e-09,0.0,9.045715770013938e-08,8.757893705119671e-08
2021-12-10,0.0,0.0,0.0,1.5227498457198766e-08,0.0,8.553193675375092e-08,6.983614736969611e-08
2021-12-11,0.0,0.0,0.0,7.690268680483763e-09,0.0,1.0075372555567341e-07,7.210552370414895e-08
2021-12-12,0.0,0.0,0.0,1.553511433128954e-08,0.0,1.5638216386452594e-07,8.707958249084106e-08
2021-12-13,0.0,0.0,0.0,1.176843361949299e-08,0.0,9.093582085033362e-08,8.475639241378477e-08
2021-12-14,0.0,0.0,0.0,1.9811180572813057e-08,0.0,1.0119798733165006e-07,9.045395595969242e-08
2021-12-15,0.0,0.0,0.0,0.0,0.0,1.6218606976248014e-07,9.136303333051133e-08
2021-12-16,0.0,0.0,0.0,8.084557187158365e-09,0.0,1.523171048779237e-07,9.39291264929565e-08
2021-12-17,0.0,0.0,0.0,2.041452084422705e-08,0.0,1.4242666777821196e-07,8.155760290360971e-08
2021-12-18,0.0,0.0,0.0,2.8867566265516663e-08,0.0,9.173889457874717e-08,7.397142651734916e-08
2021-12-19,0.0,0.0,0.0,1.6331616675381638e-08,0.0,7.660580200736392e-08,8.66013053949646e-08
2021-12-20,0.0,0.0,0.0,1.2126835780737547e-08,0.0,7.165217345360137e-08,8.232627104366215e-08
2021-12-21,0.0,0.0,0.0,2.0010286247704453e-08,0.0,1.2310759481837507e-07,9.354787180095092e-08
2021-12-22,0.0,0.0,0.0,2.3773416687375668e-08,0.0,1.6966840433096268e-07,8.223959345402192e-08
2021-12-23,0.0,0.0,0.0,0.0,0.0,6.700154018152382e-08,6.756235185624234e-08
2021-12-24,0.0,0.0,0.0,3.883778582822385e-09,0.0,1.1367351295401051e-07,9.090192427737696e-08
2021-12-25,0.0,0.0,0.0,1.1535403020725645e-08,0.0,1.1397117150838896e-07,9.16954998299625e-08
2021-12-26,0.0,0.0,0.0,1.1420623842899075e-08,0.0,1.5064211777145194e-07,7.397142651734916e-08
2021-12-27,0.0,0.0,0.0,7.537991157982677e-09,0.0,1.198098343938779e-07,1.3981303354904522e-07
2021-12-28,0.0,0.0,0.0,3.731493446381723e-09,0.0,1.515021364137687e-07,1.0381640296589929e-07
2021-12-29,0.0,0.0,0.0,3.6943644662263358e-09,0.0,1.1003627023088089e-07,9.78889642826907e-08
2021-12-30,0.0,0.0,0.0,0.0,0.0,1.2614297208058467e-07,1.0822169730891772e-07
2021-12-31,0.0,0.0,0.0,3.621211148506673e-09,0.0,1.159975860603779e-07,8.155803798307592e-08
2022-01-01,0.0,0.0,0.0,1.0651491393236523e-08,0.0,1.2095721602864767e-07,7.121319878294873e-08
2022-01-02,0.0,0.0,0.0,7.030338188703009e-09,0.0,1.1080908048898018e-07,8.61723079748726e-08
2022-01-03,0.0,0.0,0.0,1.0440577732388762e-08,0.0,1.6413768508470862e-07,6.82519033474438e-08
2022-01-04,0.0,0.0,0.0,1.033669224819676e-08,0.0,1.1689556274812657e-07,1.1364513935461079e-07
2022-01-05,0.0,0.0,0.0,1.0233840441843517e-08,0.0,1.3864855299472045e-07,9.578924504647713e-08
2022-01-06,0.0,0.0,0.0,3.377337342687562e-09,0.0,8.455519656350253e-08,9.784679680411897e-08
2022-01-07,0.0,0.0,0.0,6.687464549285355e-09,0.0,7.797846951099166e-08,7.749856392704528e-08
2022-01-08,0.0,0.0,0.0,1.3241846330446842e-08,0.0,9.00139041811941e-08,7.082532953701889e-08
2022-01-09,0.0,0.0,0.0,6.555043878995463e-09,0.0,8.7130285668192e-08,8.180737335558152e-08
2022-01-10,0.0,0.0,0.0,1.297964020523592e-08,0.0,1.1096403601392219e-07,8.533230726819334e-08
2022-01-11,0.0,0.0,0.0,3.2126226568294604e-09,0.0,1.0434964014266499e-07,9.307475221322039e-08
2022-01-12,0.0,0.0,0.0,1.2722626109171272e-08,0.0,9.368744129890809e-08,1.0065467153540022e-07
2022-01-13,0.0,0.0,0.0,3.1490084660594605e-09,0.0,1.1828626967206287e-07,9.40388793650691e-08
2022-01-14,0.0,0.0,0.0,1.2470701233187565e-08,0.0,7.56675420824857e-08,7.225918205716306e-08
2022-01-15,0.0,0.0,0.0,3.0866539206632235e-09,0.0,9.251812163342364e-08,9.217678479289473e-08
2022-01-16,0.0,0.0,0.0,0.0,0.0,8.53220360216179e-08,7.355252186307265e-08
2022-01-17,0.0,0.0,0.0,9.07660223397356e-09,0.0,1.354249863050803e-07,6.877506970668007e-08
2022-01-18,0.0,0.0,0.0,5.9908590218352324e-09,0.0,1.0777081155046232e-07,6.275029563670086e-08
2022-01-19,0.0,0.0,0.0,6.301615210426966e-09,0.0,1.1304061568308471e-07,6.74132320830674e-08
2022-01-20,0.0,0.0,0.0,1.2611268035719251e-08,0.0,1.1191584276394161e-07,8.63725942799629e-08
2022-01-21,0.0,0.0,0.0,3.1551416969743917e-08,0.0,9.849089913096749e-08,7.255663130321592e-08
2022-01-22,0.0,0.0,0.0,0.0,0.0,8.125908192535037e-08,6.670363213349512e-08
2022-01-23,0.0,0.0,0.0,1.2642951549932831e-08,0.0,9.251812163342364e-08,4.952993992817439e-08
2022-01-24,0.0,0.0,0.0,1.2656039798284636e-08,0.0,1.4735258195010375e-07,7.041225877753175e-08
2022-01-25,0.0,0.0,0.0,2.5340787322326004e-08,0.0,1.10400518360592e-07,7.842560073367356e-08
2022-01-26,0.0,0.0,0.0,0.0,0.0,9.75910846863626e-08,8.011018163370459e-08
2022-01-27,0.0,0.0,0.0,6.351452049399237e-09,0.0,8.889043419560352e-08,7.321206646898296e-08
2022-01-28,0.0,0.0,0.0,0.0,0.0,1.3009576636115015e-07,5.0738515965234743e-08
2022-01-29,0.0,0.0,0.0,6.370247933723888e-09,0.0,8.33420123782706e-08,7.893860746523739e-08
2022-01-30,0.0,0.0,0.0,6.380600935236491e-09,0.0,7.501158681766175e-08,5.210210346489941e-08
2022-01-31,0.0,0.0,0.0,3.418673425158973e-08,0.0,1.2253759494584404e-07,8.6754369014364e-08
2022-02-01,0.0,0.0,0.0,2.2947135085664102e-08,0.0,1.397403132489459e-07,8.92973913706875e-08
2022-02-02,0.0,0.0,0.0,1.1536722876802271e-08,0.0,1.019420123474978e-07,6.42973581678426e-08
2022-02-03,0.0,0.0,0.0,2.3202063785348278e-08,0.0,8.650943346573927e-08,7.047804470364577e-08
2022-02-04,0.0,0.0,0.0,2.3333002042805662e-08,0.0,8.207995646130279e-08,6.414961705134231e-08
2022-02-05,0.0,0.0,0.0,3.519941042986735e-08,0.0,1.0246235522656096e-07,7.35394204909786e-08
2022-02-06,0.0,0.0,0.0,1.6811949739806066e-08,0.0,5.596846221109235e-08,7.501398469871271e-08
2022-02-07,0.0,0.0,0.0,2.8950821469564812e-08,0.0,1.0389668757616607e-07,6.771456104336818e-08
2022-02-08,0.0,0.0,0.0,0.0,0.0,9.257660843568522e-08,7.78538205329627e-08
2022-02-09,0.0,0.0,0.0,3.965839734506014e-08,0.0,7.12875767261871e-08,1.5079375755226536e-07
2022-02-10,0.0,0.0,0.0,8.011394172933664e-08,0.0,8.402173034064594e-08,1.45858187390837e-07
2022-02-11,0.0,0.0,0.0,6.068932517211585e-08,0.0,9.571896823503607e-08,9.04941138367593e-08
2022-02-12,0.0,0.0,0.0,6.129926303032101e-08,0.0,8.537267233824925e-08,9.770729099412159e-08
2022-02-13,0.0,0.0,0.0,4.12768872439414e-08,0.0,7.509758351178202e-08,8.913869150421647e-08
2022-02-14,0.0,0.0,0.0,2.084586342872869e-08,0.0,1.1979815729719584e-07,8.842679042164978e-08
2022-02-15,0.0,0.0,0.0,4.211073567840232e-08,0.0,1.4433802774341527e-07,1.0068292100520821e-07
2022-02-16,0.0,0.0,0.0,2.126697780400375e-08,0.0,1.2904461895069513e-07,1.0661551737014714e-07
2022-02-17,0.0,0.0,0.0,0.0,0.0,9.899664218368879e-08,1.0106012752526786e-07
2022-02-18,0.0,0.0,0.0,2.1696599253963897e-08,0.0,8.392737872152486e-08,1.0542254619055704e-07
2022-02-19,0.0,0.0,0.0,6.574396110487343e-08,0.0,1.329607128622121e-07,8.450957174143695e-08
2022-02-20,0.0,0.0,0.0,0.0,0.0,9.333806076614583e-08,8.535890705764987e-08
2022-02-21,0.0,0.0,0.0,8.210508867137484e-08,0.0,1.0782374764286272e-07,1.241521608034098e-07
2022-02-22,0.0,0.0,0.0,2.7643419510327526e-08,0.0,1.0758262844217429e-07,1.1843324905426985e-07
2022-02-23,0.0,0.0,0.0,1.6752744297110446e-07,0.0,1.756673469719715e-07,1.0555016734904662e-07
2022-02-24,0.0,0.0,0.0,8.460556088207374e-08,0.0,1.0713264206201077e-07,1.4037110281944414e-07
2022-02-25,0.0,0.0,0.0,5.697057393679223e-08,0.0,1.1169989344546197e-07,1.0229830106106839e-07
2022-02-26,0.0,0.0,0.0,0.0,0.0,1.842053335065325e-07,9.607543951220018e-08
2022-02-27,0.0,0.0,0.0,2.9060727936204397e-08,0.0,1.449271941961465e-07,1.2267448905741203e-07
2022-02-28,0.0,0.0,0.0,5.870558621510161e-08,0.0,2.0450998613367276e-07,1.590453042174439e-07
2022-03-01,0.0,0.0,0.0,2.970761786947853e-08,0.0,1.8515171722180732e-07,1.5099687719768157e-07
2022-03-02,0.0,0.0,0.0,1.2002473757095764e-07,0.0,1.324677411413005e-07,1.3368548017323602e-07
2022-03-03,0.0,0.0,0.0,6.061550311888959e-08,0.0,1.9241137874114508e-07,1.3122540661145908e-07
2022-03-04,0.0,0.0,0.0,9.183704857968801e-08,0.0,1.7946972073764793e-07,1.3446517494422392e-07
2022-03-05,0.0,0.0,0.0,6.184001750828715e-08,0.0,1.1987717340919545e-07,1.0283254768898584e-07
2022-03-06,0.0,0.0,0.0,2.1861532005856658e-07,0.0,1.8685310644601144e-07,1.1366471423673864e-07
2022-03-07,0.0,0.0,0.0,6.308926872923259e-08,0.0,1.9393677010874424e-07,1.2074535999982614e-07
2022-03-08,0.0,0.0,0.0,9.558498963176904e-08,0.0,1.8766420919437434e-07,3.2674935240704975e-07
2022-03-09,0.0,0.0,0.0,1.2872751299774239e-07,0.0,1.9481567146324186e-07,2.966121506016491e-07
2022-03-10,0.0,0.0,0.0,1.6198014522393102e-07,0.0,1.9528432227608922e-07,2.6161655550721395e-07
2022-03-11,0.0,0.0,0.0,1.6306709735019033e-07,0.0,8.044484794273327e-08,2.685078753698209e-07
2022-03-12,0.0,0.0,0.0,9.850221379324464e-08,0.0,8.980631443252541e-08,3.0995019929223153e-07
2022-03-13,0.0,0.0,0.0,1.3223202597311978e-07,0.0,1.4254253026794884e-07,3.6159606186743756e-07
2022-03-14,0.0,0.0,0.0,6.657049510068556e-08,0.0,1.265235784514701e-07,4.4570460533635816e-07
2022-03-15,0.0,0.0,0.0,1.0054745147969534e-07,0.0,1.277951615549942e-07,4.876993453476861e-07
2022-03-16,0.0,0.0,0.0,6.749947675820007e-08,0.0,1.3798156043849222e-07,5.052315951336099e-07
2022-03-17,0.0,0.0,0.0,1.0196110380079322e-07,0.0,1.258810435132946e-07,4.401417342322792e-07
2022-03-18,0.0,0.0,0.0,6.845545910642287e-08,0.0,1.4076897285833256e-07,3.994644115438523e-07
2022-03-19,0.0,0.0,0.0,3.4471847307636987e-08,0.0,1.1007772223676814e-07,4.2951000501914676e-07
2022-03-20,0.0,0.0,0.0,3.471941227551994e-08,0.0,1.2971469202707436e-07,5.192773565814994e-07
2022-03-21,0.0,0.0,0.0,9.002535916755396e-08,0.0,1.2165989304413087e-07,4.4482587483718096e-07
2022-03-22,0.0,0.0,0.0,4.520421600179441e-08,0.0,1.228825952966664e-07,5.029437864208835e-07
2022-03-23,0.0,0.0,0.0,9.080054575816466e-08,0.0,1.1457007930258534e-07,5.350917064688033e-07
2022-03-24,0.0,0.0,0.0,4.560086982149183e-08,0.0,1.73582291613634e-07,6.704557951565619e-07
2022-03-25,0.0,0.0,0.0,1.3741808066665304e-07,0.0,1.6071625409327018e-07,5.516972367369866e-07
2022-03-26,0.0,0.0,0.0,1.8406305838855026e-07,0.0,1.2789752914549327e-07,5.572418861460671e-07
2022-03-27,0.0,0.0,0.0,1.3869031176059125e-07,0.0,1.2421434681063244e-07,5.708828639253911e-07
2022-03-28,0.0,0.0,0.0,9.257028520993197e-08,0.0,1.505552661003961e-07,7.754639038583226e-07
2022-03-29,0.0,0.0,0.0,9.268961968513292e-08,0.0,1.4193048023476603e-07,7.163940051766829e-07
2022-03-30,0.0,0.0,0.0,1.387355637376924e-07,0.0,1.6895635264607978e-07,7.814813953969493e-07
2022-03-31,0.0,0.0,6.392461040502703e-08,1.846007621595634e-07,0.0,1.9133977309526872e-07,7.077389827197624e-07
2022-04-01,0.0,0.0,6.458898519909817e-08,9.222916798896733e-08,0.0,2.142439482213172e-07,9.102137003179926e-07
2022-04-02,0.0,0.0,8.69841537228613e-08,4.60287056906651e-08,0.0,1.2532971612988255e-07,8.318865979142938e-07
2022-04-03,0.0,0.0,1.317875385021765e-07,1.0194903349734043e-07,0.0,1.5135688904700513e-07,8.264095904306121e-07
2022-04-04,0.0,0.0,6.655601264186731e-08,2.0379343677558206e-07,0.0,1.5650569681252212e-07,9.157679363486122e-07
2022-04-05,0.0,0.0,1.1204151948229014e-07,2.5463648258748655e-07,0.0,1.7209604742831136e-07,9.941196693313439e-07
2022-04-06,0.0,0.0,4.526702218938049e-08,1.5273397983957122e-07,0.0,1.9812168024903625e-07,1.1588532672290564e-06
2022-04-07,0.0,0.0,1.1430490831446625e-07,0.0,0.0,1.9287902020948044e-07,1.0310764920238336e-06
2022-04-08,0.0,0.0,9.236295339325373e-08,5.089465924195732e-08,0.0,1.1989177468071768e-07,9.140637119766404e-07
2022-04-09,0.0,0.0,4.6645608253621577e-08,1.0178792021656021e-07,0.0,1.3553660879585113e-07,9.944751789121898e-07
2022-04-10,0.0,0.0,4.711440441031311e-08,2.0359340165210201e-07,0.0,1.616255812557927e-07,9.258073587315377e-07
2022-04-11,0.0,0.0,7.138186807006174e-08,1.5272349178568292e-07,0.0,1.8252611090881509e-07,1.1081076046749727e-06
2022-04-12,0.0,0.0,7.209926777094591e-08,1.015165659450208e-07,0.0,2.1910797553753094e-07,1.0900166933321672e-06
2022-04-13,0.0,0.0,9.709850327825345e-08,1.5184143366116732e-07,0.0,1.8789131054110983e-07,9.95152160094806e-07
2022-04-14,0.0,0.0,1.2259294932477818e-07,1.0094880178313636e-07,0.0,1.823494851436409e-07,1.0403142001699176e-06
2022-04-15,0.0,0.0,4.953001157953325e-08,1.5102011413469566e-07,0.0,1.6443842993300772e-07,1.1119536579360631e-06
2022-04-16,0.0,0.0,2.5013898235794172e-08,5.0210709243983574e-08,0.0,1.8745730659867874e-07,7.81037711203408e-07
2022-04-17,0.0,0.0,1.2632646046245142e-07,0.0,0.0,1.62116431204872e-07,1.0353896749337116e-06
2022-04-18,0.0,0.0,7.655763749835035e-08,1.9986841019832647e-07,0.0,1.550175920707585e-07,1.0821058067800052e-06
2022-04-19,0.0,0.0,1.0310273939570392e-07,1.9941120118088873e-07,0.0,1.9538356592431047e-07,1.1294753922309442e-06
2022-04-20,0.0,0.0,1.0413893915346619e-07,2.487174168121821e-07,0.0,1.7051435180161003e-07,1.2711767704264443e-06
2022-04-21,0.0,0.0,5.2592776445963265e-08,0.0,0.0,1.343081397183713e-07,8.758755538333772e-07
2022-04-22,0.0,0.0,0.0,9.907952446378294e-08,0.0,1.971914112574248e-07,1.07207395902514e-06
2022-04-23,0.0,0.0,8.0482831508849e-08,4.944533766184947e-08,0.0,1.555359414436607e-07,9.8405722318695e-07
2022-04-24,0.0,0.0,1.0838892988389316e-07,1.4806757300033472e-07,0.0,1.6593827612631898e-07,1.1563215871603936e-06
2022-04-25,0.0,0.0,1.642173851089507e-07,2.463565664930186e-07,0.0,1.875720272274962e-07,1.1785574285709313e-06
2022-04-26,0.0,0.0,1.3822316438951733e-07,2.459584805140931e-07,0.0,1.129312106674654e-07,1.1033468951594398e-06
2022-04-27,0.0,0.0,8.376739817192065e-08,1.4735099435291105e-07,0.0,1.2341306785345377e-07,1.1619402546067197e-06
2022-04-28,0.0,0.0,1.6921854903950898e-07,1.4714163561959442e-07,0.0,1.7834784782883717e-07,1.0384822483949878e-06
2022-04-29,0.0,0.0,1.7091922373109654e-07,4.5697301409667255e-08,0.0,1.3844032321353904e-07,1.2802981995948632e-06
2022-04-30,0.0,0.0,8.631849524374518e-08,4.56700047856476e-08,0.0,1.5956987197184571e-07,1.0579713753533359e-06
2022-05-01,0.0,0.0,5.821518194191908e-08,4.574256579688956e-08,0.0,1.476711237099693e-07,9.593208417837011e-07
2022-05-02,0.0,0.0,2.9400127123635304e-08,1.371730891714348e-07,0.0,1.9023146511318589e-07,1.127170630248753e-06
2022-05-03,0.0,0.0,1.1878241325409448e-07,9.142146558361956e-08,0.0,1.6204836239679805e-07,1.2947174069792236e-06
2022-05-04,0.0,0.0,2.999404908848971e-08,1.8280669455138484e-07,0.0,1.6105738823928868e-07,1.223029036883752e-06
2022-05-05,0.0,0.0,1.2118197717343908e-07,2.284859234466564e-07,0.0,1.9743510794427565e-07,1.1375640439238097e-06
2022-05-06,0.0,0.0,1.2239987629162197e-07,2.741835929841984e-07,0.0,1.3260305004645466e-07,1.0102752341743529e-06
2022-05-07,0.0,0.0,6.181500774971713e-08,1.371057482100973e-07,0.0,1.3181726054606844e-07,9.814422505131181e-07
2022-05-08,0.0,0.0,9.36543883588664e-08,9.142227374478107e-08,0.0,1.5725358345790194e-07,1.3256975491506831e-06
2022-05-09,0.0,0.0,1.261275074800514e-07,9.144985765305723e-08,0.0,1.8239920970823136e-07,1.3738796286463083e-06
2022-05-10,0.0,0.0,1.592438875051695e-07,1.8165748336733887e-07,0.0,1.3990176935116545e-07,1.4538672824274915e-06
2022-05-11,0.0,0.0,9.650658910903734e-08,1.6068209762876578e-07,0.0,1.8032721676787207e-07,1.0912812936007408e-06
2022-05-12,0.0,0.0,1.624608274238439e-07,1.596726039964867e-07,0.0,1.434546567619837e-07,1.3930415998395253e-06
2022-05-13,0.0,0.0,6.563743435363429e-08,3.966976943941705e-08,0.0,1.2228161630990733e-07,1.2835218247131747e-06
2022-05-14,0.0,0.0,3.314855076793221e-08,7.885070977942925e-08,0.0,1.2161432651593276e-07,1.0924027967878468e-06
2022-05-15,0.0,0.0,1.3392679696699182e-07,3.918488290835574e-08,0.0,1.3607909803794977e-07,1.3604756183807426e-06
2022-05-16,0.0,0.0,3.381819591338939e-08,1.168449883438256e-07,0.0,1.7546107544087972e-07,1.2488813939416552e-06
2022-05-17,0.0,0.0,1.0247422329841223e-07,6.75556818561017e-08,0.0,1.8950151203235123e-07,1.1974546052756181e-06
2022-05-18,0.0,0.0,1.7250684394063605e-07,1.679909308052908e-07,0.0,1.637159336833863e-07,1.2092783524555481e-06
2022-05-19,0.0,0.0,3.484811330908039e-08,1.1393624526320466e-07,0.0,1.530095525093028e-07,1.2211224630226945e-06
2022-05-20,0.0,0.0,1.0350410636438164e-07,8.508072252320933e-08,0.0,1.2277471791691268e-07,1.284870362255811e-06
2022-05-21,0.0,0.0,2.391065210296286e-07,0.0,0.0,1.5148697211652994e-07,1.08319612107038e-06
2022-05-22,0.0,0.0,1.0145458774016816e-07,1.1248438374486658e-07,0.0,1.209843610315368e-07,9.952010653439248e-07
2022-05-23,0.0,0.0,6.696339848349591e-08,5.56825727129914e-08,0.0,8.896072095254397e-08,1.1134553244449957e-06
2022-05-24,0.0,0.0,1.6574275383966104e-07,8.269278278583463e-08,0.0,9.195482272081188e-08,1.3253168935928828e-06
2022-05-25,0.0,0.0,1.3127486870726858e-07,1.9102994364853384e-07,0.0,1.2975927617737446e-07,1.2721326188377306e-06
2022-05-26,0.0,0.0,1.2996866193907513e-07,2.7018451992906267e-08,0.0,1.1057134626744508e-07,1.2504142359768405e-06
2022-05-27,0.0,0.0,6.433772607269156e-08,8.024884171121018e-08,0.0,7.88454542512187e-08,1.059988825338797e-06
2022-05-28,0.0,0.0,9.55463325031017e-08,2.6483450798248982e-08,0.0,6.612417845492949e-08,1.1772250656773793e-06
2022-05-29,0.0,0.0,9.459563061003857e-08,2.6219936059910675e-08,0.0,7.545690035632505e-08,9.738653709230623e-07
2022-05-30,0.0,0.0,2.4974503562364374e-07,7.787713001108514e-08,0.0,9.732819003693725e-08,1.0905247657496878e-06
2022-05-31,0.0,0.0,0.0,1.542044792406744e-07,0.0,7.525234839772809e-08,1.2363322707346515e-06
2022-06-01,0.0,0.0,2.1419743388813758e-07,6.154250726570843e-08,0.0,1.095793649363586e-07,1.2717738907897165e-06
2022-06-02,0.0,0.0,1.2118064789168516e-07,6.093014908692162e-08,0.0,8.756614139378849e-08,1.549216210330988e-06
2022-06-03,0.0,0.0,5.998744014938968e-08,1.0053980662303126e-07,0.0,8.669484372897643e-08,1.1717330006076106e-06
2022-06-04,0.0,0.0,1.4847638786735355e-07,5.972365129938338e-08,0.0,1.0115939698163737e-07,1.0929282075206179e-06
2022-06-05,0.0,0.0,2.645982416227507e-07,9.854898506641297e-08,0.0,3.255251760645316e-08,9.707289138853271e-07
2022-06-06,0.0,0.0,1.1642908672396733e-07,1.3659576879361198e-07,0.0,4.565720407954658e-08,1.142559475629482e-06
2022-06-07,0.0,0.0,5.763529897731566e-08,9.659758441782523e-08,0.0,4.919139912973696e-08,1.0504690413344935e-06
2022-06-08,0.0,0.0,1.426545454264374e-07,5.738185343606347e-08,0.0,3.422298242668679e-08,1.2498342318288601e-06
2022-06-09,0.0,0.0,8.474106538980451e-08,3.787392963639584e-08,0.0,5.082368709291293e-08,1.1147688767237993e-06
2022-06-10,0.0,0.0,5.593191846726888e-08,1.8748538869970695e-08,0.0,2.4513889132828343e-08,9.086822223479153e-07
2022-06-11,0.0,0.0,5.537538657979158e-08,5.56859633737629e-08,0.0,3.321154044068728e-08,1.0490814788942747e-06
2022-06-12,0.0,0.0,5.482439227711857e-08,1.8377292926785407e-08,0.0,3.0351766238636496e-08,9.594311624927617e-07
2022-06-13,0.0,0.0,5.4278880459360414e-08,0.0,0.0,2.50414675987964e-08,1.0131834211031241e-06
2022-06-14,0.0,0.0,5.373879657488074e-08,1.6855193051584094e-07,0.0,3.222999108293062e-08,1.2373085184023853e-06
2022-06-15,0.0,0.0,5.320408661484104e-08,2.80140436292352e-08,0.0,5.154578796778809e-08,1.1198334658131074e-06
2022-06-16,0.0,0.0,7.901204566169957e-08,8.381670080061487e-08,0.0,4.2527415673315394e-08,9.521931472350145e-07
2022-06-17,0.0,0.0,7.822586267154734e-08,5.5733101635634444e-08,0.0,3.127745089273827e-08,9.142603289766119e-07
2022-06-18,0.0,0.0,7.744750233285069e-08,0.0,0.0,3.096623505645329e-08,9.48600993489888e-07
2022-06-19,0.0,0.0,0.0,5.546040999657068e-08,0.0,3.655390738284063e-08,7.911205252548309e-07
2022-06-20,0.0,0.0,2.5304646345860692e-08,2.766619499311228e-08,0.0,3.6190189927263854e-08,1.2086609819218268e-06
2022-06-21,0.0,0.0,5.010572181560174e-08,2.7604951630493768e-08,0.0,4.2764947944226476e-08,1.042224648268035e-06
2022-06-22,0.0,0.0,4.960716155341856e-08,1.1018587514417002e-07,0.0,4.462804741882315e-08,9.809054358491075e-07
2022-06-23,0.0,0.0,4.9113562048730174e-08,8.247222183427596e-08,0.0,2.152553404162977e-08,8.174930392018745e-07
2022-06-24,0.0,0.0,9.72497478823495e-08,8.23132846013349e-08,0.0,3.2527852135739516e-08,8.074260489498929e-07
2022-06-25,0.0,0.0,9.628209672306865e-08,8.216257876544862e-08,0.0,2.665174725451566e-08,7.667643654737537e-07
2022-06-26,0.0,0.0,9.532407385369542e-08,5.46800595039386e-08,0.0,2.74859978525605e-08,5.727393956969318e-07
2022-06-27,0.0,0.0,4.718779173557228e-08,1.091810690981908e-07,0.0,2.6124007300183214e-08,6.817142224055423e-07
2022-06-28,0.0,0.0,4.671826536279371e-08,2.7253234346599683e-08,0.0,4.3106781807347405e-08,7.592404923211332e-07
2022-06-29,0.0,0.0,4.625341085548343e-08,3.466981189981652e-08,0.0,3.7343129391597715e-08,7.755891464301581e-07
2022-06-30,0.0,0.0,4.579318172780333e-08,3.4793235365928826e-08,0.0,2.9577247236659986e-08,1.0022973337293365e-06
2022-07-01,0.0,0.0,9.091340825657507e-08,1.7501126144613028e-08,0.0,3.1398852249812953e-08,7.454106646320809e-07
2022-07-02,0.0,0.0,4.50044023649962e-08,7.026590754412704e-08,0.0,2.7977785604857802e-08,4.945682675143568e-07
2022-07-03,0.0,0.0,4.455660107944515e-08,7.05343371591115e-08,0.0,1.9492171768460274e-08,5.342615253624067e-07
2022-07-04,0.0,0.0,8.822651098226534e-08,8.851227533323835e-08,0.0,2.8439484196088474e-08,6.119090802377979e-07
2022-07-05,0.0,0.0,6.551148189769572e-08,3.5546192207552455e-08,0.0,3.519563325031185e-08,6.978088292813832e-07
2022-07-06,0.0,0.0,4.3239754507650175e-08,0.0,0.0,3.2854263371129774e-08,6.004338214429394e-07
2022-07-07,0.0,0.0,6.421426764248087e-08,3.5839434786387724e-08,0.0,2.5627615384909055e-08,6.43695355421583e-07
2022-07-08,0.0,0.0,4.23835500025085e-08,0.0,0.0,2.927609578986557e-08,5.598738862185719e-07
2022-07-09,0.0,0.0,0.0,0.0,0.0,2.3187835015664904e-08,5.882250800857682e-07
2022-07-10,0.0,0.0,0.0,1.815310867501114e-08,0.0,2.5826751227544946e-08,5.114205755169296e-07
2022-07-11,0.0,0.0,0.0,1.8234525867515893e-08,0.0,1.988759947930933e-08,5.105539424397832e-07
2022-07-12,0.0,0.0,0.0,2.673328189309359e-08,0.0,1.7814503647859272e-08,4.680280785373823e-07
2022-07-13,0.0,0.0,0.0,6.750488960706836e-08,0.0,2.5063455374839443e-08,4.001841502532583e-07
2022-07-14,0.0,0.0,0.0,0.0,0.0,3.3085426436052646e-08,4.639736891714322e-07
2022-07-15,0.0,0.0,0.0,0.0,0.0,9.182980646232458e-08,4.7484102013697913e-07
2022-07-16,0.0,0.0,0.0,4.1736431735781144e-08,0.0,6.842886085416133e-08,4.1901667814782527e-07
2022-07-17,0.0,0.0,0.0,2.810392656548181e-08,0.0,7.128844995500188e-08,3.5413801802057097e-07
2022-07-18,0.0,0.0,0.0,4.2579563584779143e-08,0.0,8.211933146649371e-08,4.658161226499134e-07
2022-07-19,0.0,0.0,0.0,1.4335831771059044e-08,0.0,9.037109311512617e-08,4.016739264275864e-07
2022-07-20,0.0,0.0,0.0,5.791963710259484e-08,0.0,6.134564050095505e-08,3.976772040810074e-07
2022-07-21,0.0,0.0,0.0,4.387630434969773e-08,0.0,8.833099827108049e-08,3.353913238919783e-07
2022-07-22,0.0,0.0,0.0,1.4772422846482666e-08,0.0,1.0745838982488669e-07,4.1867693953673164e-07
2022-07-23,0.0,0.0,0.0,1.4920888164327796e-08,0.0,4.641380624970268e-08,3.287501307175134e-07
2022-07-24,0.0,0.0,0.0,4.521253675027044e-08,0.0,4.500506184722342e-08,3.2547901226189135e-07
2022-07-25,0.0,0.0,0.0,1.522231009963658e-08,0.0,5.303359861149155e-08,3.4559119864385427e-07
2022-07-26,0.0,0.0,0.0,4.6125890578634845e-08,0.0,1.080299823901078e-07,2.959156832540745e-07
2022-07-27,0.0,0.0,0.0,0.0,0.0,1.1750921728347644e-07,3.0670430143178674e-07
2022-07-28,0.0,0.0,0.0,4.157561652559102e-08,0.0,7.630084578285332e-08,3.3537743515760365e-07
2022-07-29,0.0,0.0,0.0,0.0,0.0,5.994153046904894e-08,3.455014701610487e-07
2022-07-30,0.0,0.0,0.0,6.362324953776975e-08,0.0,7.784222511284181e-08,2.6210073652583543e-07
2022-07-31,0.0,0.0,0.0,4.2841782550708024e-08,0.0,7.862455248142929e-08,3.1227098532590826e-07
2022-08-01,0.0,0.0,0.0,4.337198123763175e-08,0.0,8.832388499553417e-08,3.341685300039644e-07
2022-08-02,0.0,0.0,0.0,4.3807876895841346e-08,0.0,8.02903993175359e-08,3.2654682877495834e-07
2022-08-03,0.0,0.0,0.0,2.1793509198387675e-08,0.0,8.109733124593171e-08,2.6799672253970826e-07
2022-08-04,0.0,0.0,0.0,6.505577795380748e-08,0.0,8.191237297503347e-08,4.08524138536329e-07
2022-08-05,0.0,0.0,0.0,2.157917798148688e-08,0.0,7.35427608975051e-08,3.252352775706427e-07
2022-08-06,0.0,0.0,0.0,2.1475254580818794e-08,0.0,4.333109546054103e-08,2.187942823317116e-07
2022-08-07,0.0,0.0,0.0,8.549391489401959e-08,0.0,8.753316041971902e-08,2.4113994958526406e-07
2022-08-08,0.0,0.0,0.0,2.127384023187464e-08,0.0,9.472808925786696e-08,3.3585537391127795e-07
2022-08-09,0.0,0.0,0.0,6.35289874259875e-08,0.0,9.568012238247249e-08,3.485383068446074e-07
2022-08-10,0.0,0.0,0.0,2.108093570267822e-08,0.0,1.1274867753222498e-07,2.61777463463029e-07
2022-08-11,0.0,0.0,0.0,8.395060149799352e-08,0.0,9.761298906852243e-08,2.9451447066005765e-07
2022-08-12,0.0,0.0,0.0,2.0896463828845756e-08,0.0,9.202108152369639e-08,3.4601301655360765e-07
2022-08-13,0.0,0.0,0.0,4.161473389397959e-08,0.0,7.302892831793068e-08,2.6943718051658787e-07
2022-08-14,0.0,0.0,0.0,4.144070163833613e-08,0.0,1.1735003835148303e-07,2.5532382567159415e-07
2022-08-15,0.0,0.0,0.0,4.127081348739054e-08,0.0,1.0159665072364196e-07,2.716477373642114e-07
2022-08-16,0.0,0.0,0.0,1.0276263113046538e-07,0.0,9.577653310269933e-08,1.6335821153314715e-07
2022-08-17,0.0,0.0,0.0,2.0471700978240647e-08,0.0,1.2092387907890476e-07,1.5773936843736228e-07
2022-08-18,0.0,0.0,0.0,4.078584583509171e-08,0.0,1.0120103839357975e-07,1.5616983549710933e-07
2022-08-19,0.0,0.0,0.0,2.0316184166136973e-08,0.0,8.811907391252287e-08,1.663589009113491e-07
2022-08-20,0.0,0.0,0.0,4.048295410014984e-08,0.0,8.900468532864588e-08,1.5113977612727165e-07
2022-08-21,0.0,0.0,0.0,2.823631173802015e-07,0.0,1.1507097252796486e-07,1.2661500096189305e-07
2022-08-22,0.0,0.0,0.0,6.029438412994192e-08,0.0,1.0169902314985757e-07,1.3675108434815232e-07
2022-08-23,0.0,0.0,0.0,1.4020630272316458e-07,0.0,1.3207000541761325e-07,1.560750309845035e-07
2022-08-24,0.0,0.0,0.0,5.988845566724688e-08,0.0,8.52260726081652e-08,1.6196890467034392e-07
2022-08-25,0.0,0.0,0.0,7.959264636957715e-08,0.0,1.5345160712999965e-07,1.2717991738801393e-07
2022-08-26,0.0,0.0,0.0,5.9506483385342157e-08,0.0,1.096297761270419e-07,1.5328716390672222e-07
2022-08-27,0.0,0.0,0.0,9.887405448571476e-08,0.0,9.927658331232703e-08,1.192415173256464e-07
2022-08-28,0.0,0.0,0.0,1.5772883864059174e-07,0.0,1.1570114949480144e-07,1.1447761881624705e-07
2022-08-29,0.0,0.0,0.0,1.179562223395088e-07,0.0,1.1296849986641934e-07,1.6646599160688195e-07
2022-08-30,0.0,0.0,0.0,1.1762761141910492e-07,0.0,1.3771154571677114e-07,1.4552339433158047e-07
2022-08-31,0.0,0.0,0.0,1.3686255725084397e-07,0.0,8.743150099240463e-08,1.4233956402285374e-07
2022-09-01,0.0,0.0,0.0,9.762283198511101e-08,0.0,1.205977593489661e-07,0.0
2022-09-02,0.0,0.0,0.0,1.947560444741029e-08,0.0,1.0150815581699959e-07,0.0
2022-09-03,0.0,0.0,0.0,7.771436029789136e-08,0.0,1.6989198192690144e-07,0.0
2022-09-04,0.0,0.0,0.0,1.3568463003713363e-07,0.0,8.866379836338793e-08,0.0
2022-09-05,0.0,0.0,0.0,5.802115634101374e-08,0.0,1.4858094209307103e-07,0.0
2022-09-06,0.0,0.0,0.0,1.543934909755002e-07,0.0,1.0804404228876165e-07,0.0
2022-09-07,0.0,0.0,0.0,1.9259917231590374e-08,0.0,1.5553049540199e-07,0.0
2022-09-08,0.0,0.0,0.0,1.9222574099016364e-08,0.0,1.0731664200725095e-07,0.0
2022-09-09,0.0,0.0,0.0,9.59357661993556e-08,0.0,1.0696905741290965e-07,0.0
2022-09-10,0.0,0.0,0.0,1.1492190667223525e-07,0.0,8.68854716998488e-08,0.0
2022-09-11,0.0,0.0,0.0,1.3385445055695955e-07,0.0,9.843143103688311e-08,0.0
2022-09-12,0.0,0.0,0.0,7.636955936356919e-08,0.0,1.2169262626629908e-07,7.127789530103706e-08
2022-09-13,0.0,0.0,0.0,7.62584982855965e-08,0.0,1.7207001311446332e-07,6.881803314388705e-08
2022-09-14,0.0,0.0,0.0,5.711629734075099e-08,0.0,1.6628374271899137e-07,9.624415275053577e-08
2022-09-15,0.0,0.0,0.0,5.654798068657857e-08,0.0,1.559888283018278e-07,3.708246785761595e-07
2022-09-16,0.0,0.0,0.0,1.3063241071439596e-07,0.0,1.506057351771505e-07,2.387251500678835e-07
2022-09-17,0.0,0.0,0.0,7.390434086288044e-08,0.0,1.4403366209055944e-07,3.6221907427274953e-07
2022-09-18,0.0,0.0,0.0,3.658449019231831e-08,0.0,2.2748906685007057e-07,3.96347722864452e-07
2022-09-19,0.0,0.0,0.0,1.0866140529810844e-07,0.0,3.126645124813627e-07,5.111704777068775e-07
2022-09-20,0.0,0.0,0.0,7.172013750022884e-08,0.0,1.8469621462835703e-07,3.3191217412478083e-07
2022-09-21,0.0,0.0,0.0,7.100651020856902e-08,0.0,2.711217145720222e-07,5.649548735335627e-07
2022-09-22,0.0,0.0,0.0,3.0517126586351995e-08,0.0,2.4030948519097353e-07,4.7657241862611926e-07
2022-09-23,0.0,0.0,0.0,4.0487394519727065e-08,0.0,3.8791391252731235e-07,5.51032874240902e-07
2022-09-24,0.0,6.934088527986651e-08,2.452164077101956e-08,5.0427152498063884e-08,0.0,2.1743157683112951e-07,4.466279793811621e-07
2022-09-25,0.0,7.00377727626933e-08,2.476808735794625e-08,2.5167504697852543e-08,0.0,2.735275320452992e-07,5.840572865853348e-07
2022-09-26,0.0,3.537083204058068e-08,4.0219193755328776e-08,6.28098747952898e-08,0.0,3.1549811300174173e-07,7.413949442014678e-07
2022-09-27,0.0,3.572631481249457e-08,1.0832907566016096e-07,6.270726888576954e-08,0.0,2.412011494357566e-07,7.73002412661729e-07
2022-09-28,0.0,7.217074049132345e-08,5.4708900485309524e-08,4.9731940413901444e-08,0.0,2.999812263835069e-07,6.343766130531735e-07
2022-09-29,0.0,0.0,5.525873407617801e-08,9.960032025252832e-08,0.0,2.0038022306579878e-07,7.475442380100877e-07
2022-09-30,0.0,1.1044302923995713e-07,4.936348246789372e-08,0.0,0.0,3.1950312583051096e-07,4.921726067687764e-07
2022-10-01,0.0,3.75353129284947e-08,2.06999049870491e-07,9.356121457482391e-08,0.0,2.4519909096011924e-07,6.620937458758627e-07
2022-10-02,0.0,1.5165019637993042e-07,1.2064784446707244e-07,7.50417428055867e-08,0.0,3.5912734959973155e-07,6.341574900965756e-07
2022-10-03,0.0,0.0,2.031006257705187e-07,1.9976362024027012e-07,0.0,1.9567250654640848e-07,5.890237286404231e-07
2022-10-04,0.0,3.867843339053143e-08,3.2822691359105847e-07,1.2833692672287675e-07,0.0,2.728954012925656e-07,7.719392375556504e-07
2022-10-05,0.0,2.344029486519608e-07,4.83422117403954e-07,1.0315844883961691e-07,0.0,3.390230402727331e-07,1.0648227207602318e-06
2022-10-06,0.0,3.945978957515578e-08,5.962277627725923e-07,1.295720902897275e-07,0.0,3.041697906752676e-07,9.131333647204591e-07
2022-10-07,0.0,3.1984558534684376e-07,3.369058246223288e-07,1.8229270758571603e-07,0.0,2.567635186052361e-07,7.233807902792379e-07
2022-10-08,0.0,6.461201738414261e-07,4.083501413416952e-07,7.851545065220706e-08,1.3712538327927765e-08,2.2118579109349564e-07,7.505467388861503e-07
2022-10-09,0.0,8.157672369312304e-07,7.733335848882152e-07,1.4421762772664934e-07,1.6158743567483408e-08,4.6836778679354315e-07,9.798421534758894e-07
2022-10-10,0.0,6.591726671713433e-07,2.3433171498844214e-07,1.9433847758760948e-07,1.8652733303093537e-08,3.767688711441847e-07,8.556068255977993e-07
2022-10-11,0.0,6.65797462613732e-07,3.155823838362609e-07,1.9552463130477157e-07,1.8840196389366052e-08,2.7062942146758876e-07,1.3835647656141075e-06
2022-10-12,8.211884920195149e-07,3.3624441917860763e-07,8.582494112374289e-07,6.557677921600063e-08,3.4263741132282216e-08,4.53799443580054e-07,1.216804718684938e-06
2022-10-13,4.1472078678595344e-07,1.0188711953174151e-06,9.535624573422795e-07,1.7765854737285706e-07,3.84534416173226e-08,4.0441242244680644e-07,1.2544010191854145e-06
2022-10-14,1.25666639995929e-06,3.4303700702253365e-07,6.129110395951194e-07,2.1458854179406678e-07,2.718793359137659e-08,3.6056444594734915e-07,1.3921857340768415e-06
2022-10-15,1.692394809663921e-06,1.7324229312958152e-07,4.421934985362726e-07,2.880110476982786e-07,1.1769075799989939e-08,2.6394491747053433e-07,1.5519962544016386e-06
2022-10-16,0.0,3.4996681424315646e-07,3.3241509830043985e-07,2.5369123588892526e-07,1.5849809304274767e-08,4.317422552479757e-07,1.2925775714982766e-06
2022-10-17,8.632917263367294e-07,1.484042226100184e-06,1.241915043460546e-06,8.312726673714194e-08,3.201820507206986e-08,3.192384480620364e-07,1.6258760395401948e-06
2022-10-18,8.719679524287933e-07,1.4989570984324516e-06,1.1180639142589027e-06,1.6744866742432755e-07,4.042499172847415e-08,3.5932246671104526e-07,1.6205005317787813e-06
2022-10-19,8.807313760427424e-07,1.2112174941789578e-06,7.774045999659707e-07,1.2649465978549103e-07,3.674814268474928e-08,3.999781064207251e-07,1.4879880298937647e-06
2022-10-20,8.895828735282413e-07,1.2233904323707235e-06,1.5100405550363074e-06,2.75143656692907e-07,3.299330458556787e-08,4.0285032672583206e-07,1.5054967859021565e-06
2022-10-21,0.0,4.2898785327623526e-07,1.0168111432788617e-06,1.8480993586774153e-07,4.1656116011639606e-08,3.2847467384706973e-07,1.7107056901632951e-06
2022-10-22,1.8151072792767274e-06,4.332992528787399e-07,1.540545397742787e-06,4.1897080894756614e-07,4.628224363139748e-08,3.3086526427624695e-07,1.407917351851408e-06
2022-10-23,4.5833735267728706e-07,8.753079655352329e-07,1.4690461586394868e-06,3.7525436410911317e-07,4.249762537538472e-08,4.121683536197185e-07,1.1635094916639931e-06
2022-10-24,1.3888311589578275e-06,3.978472305775343e-06,7.800873978399411e-07,5.168009647166369e-07,3.4339786888870174e-08,5.786130467995352e-07,1.762804434688848e-06
2022-10-25,9.351927627713681e-07,4.46495179687569e-07,1.9698185163212152e-06,5.788830328898545e-07,4.769174779151482e-08,3.8313996850401236e-07,2.1420803702198596e-06
2022-10-26,2.361479015732813e-06,9.019650616914094e-07,3.3823463866107435e-06,2.3344026417432228e-07,4.3791870750323216e-08,3.829272254054099e-07,1.8931575563672501e-06
2022-10-27,9.540849097626737e-07,1.3665449418982353e-06,2.2105726389564617e-06,1.7651299456024077e-07,5.3078383641950713e-08,6.762186596084317e-07,2.048768685134353e-06
2022-10-28,4.81836811259136e-07,1.8403719291897825e-06,1.269431075167178e-06,1.779634424362905e-07,3.5741220177406584e-08,2.5345628181226754e-07,2.000380514312206e-06
2022-10-29,4.866793517195931e-07,1.8588679745751527e-06,1.7095854260992578e-06,5.981056226829576e-08,3.6100425411981565e-08,3.9349381346496526e-07,1.637289303750155e-06
2022-10-30,0.0,2.346937385383803e-06,1.7267670452762138e-06,3.015297908194856e-07,4.557905089897691e-08,5.360772177758886e-07,1.970552603826223e-06
2022-10-31,2.482554633938408e-06,2.3705244982429906e-06,3.2702275173687658e-06,3.0403692352785015e-07,6.905569196407413e-08,6.011015506028714e-07,2.524577370044308e-06
2022-11-01,2.0545501099560947e-06,1.9225359600677218e-06,2.204251822303702e-06,1.9432921057747362e-07,3.72410369149958e-08,6.272609951877078e-07,2.153003324466674e-06
2022-11-02,2.0751986818439496e-06,2.427322209614655e-06,1.8957845341838402e-06,1.347167407584973e-07,3.761531555837918e-08,4.2832263695074535e-07,2.803989803294696e-06
2022-11-03,5.240136938323316e-07,2.4517172033883947e-06,3.350965599638946e-06,6.793364857094825e-07,3.79933557646646e-08,5.323711351422776e-07,2.6247912267170943e-06
2022-11-04,1.0585602380194774e-06,9.90542948370231e-07,1.934081922176353e-06,3.8119346141710104e-07,6.310070065780146e-08,6.067467650878089e-07,2.4776726824828916e-06
2022-11-05,2.6729973632005744e-06,3.5017432467688864e-06,3.174469624054128e-06,3.8502451939573525e-07,6.373487324254043e-08,5.428425980080147e-07,2.035793341705193e-06
2022-11-06,2.1598891466530248e-06,2.238882518576379e-06,1.9731529687258387e-06,3.2407840012263655e-07,1.2875083873543247e-07,7.057783212101454e-07,2.817906474328795e-06
2022-11-07,2.181596393460169e-06,4.5227673239397884e-06,3.985966971488311e-06,3.928025306306867e-07,7.585947026988771e-08,5.951359235485122e-07,2.5581002407002427e-06
2022-11-08,3.3052827025869922e-06,3.0454812608187997e-06,4.026026605543743e-06,3.9675026169460915e-07,1.0945981517288081e-07,8.97582379610389e-07,3.035653327493898e-06
2022-11-09,2.2256675640056016e-06,6.921199926768895e-06,2.5415555285092286e-06,6.678961135255457e-07,1.326718855252445e-07,7.405543654432482e-07,3.588078384705886e-06
2022-11-10,2.8100448686220893e-06,9.32101218994114e-06,4.749770626888714e-06,5.396868648490751e-07,1.340052601421448e-07,4.6501942814424347e-07,2.594283068457693e-06
2022-11-11,2.2706290312526003e-06,3.917167132099683e-06,2.1322251623557417e-06,4.7639102154919614e-07,1.3535203539673075e-07,7.475822083468621e-07,3.314082122179561e-06
2022-11-12,4.01353615670499e-06,7.111747629062551e-06,4.307308762996968e-06,6.179190118130576e-07,7.974886848112925e-08,5.399308150517314e-07,2.981959907339059e-06
2022-11-13,1.1582493901937787e-06,3.1881358226822467e-06,3.260542038602958e-06,4.151001046843661e-07,1.1507193990591134e-07,7.14065281767879e-07,3.0000880170157264e-06
2022-11-14,2.3397799801807236e-06,1.6079068687878751e-06,3.290928561879177e-06,4.335481604103668e-07,1.6271980498013112e-07,9.259087114805862e-07,2.992430683600549e-06
2022-11-15,1.1816475799608657e-06,1.6219066182614324e-06,1.935988074228727e-06,3.641157392933253e-07,2.1131378512468033e-07,8.773325933388991e-07,3.477008878092141e-06
2022-11-16,1.1935233355740752e-06,5.726239959119433e-06,2.7892306015933625e-06,8.073510649351512e-07,1.1857640220687297e-07,7.748740931526817e-07,3.210816795971911e-06
2022-11-17,3.616555333546344e-06,2.4755911641821335e-06,2.250434303738454e-06,5.168975645710105e-07,1.4372173783354987e-07,9.39974996496646e-07,3.971484732267383e-06
2022-11-18,1.826451159458812e-06,1.6648846999473812e-06,2.269709171507961e-06,5.943748112286175e-07,1.4516616531240408e-07,7.018894035993667e-07,3.931282088015133e-06
2022-11-19,1.2298715325216306e-06,1.6795417802974093e-06,3.7154057362659803e-06,5.233103633084524e-07,2.443751825479361e-08,6.77601777793177e-07,3.7349557467586565e-06
2022-11-20,4.347811814204371e-06,1.6943668162250907e-06,3.738850360613466e-06,3.006459142250791e-07,2.098065148692019e-07,9.797438289912764e-07,3.914594344367626e-06
2022-11-21,1.8820748783089907e-06,1.709361290246371e-06,2.6033453957947902e-06,7.557184999325099e-07,1.7451832209328126e-07,9.559205895403362e-07,4.205306901072359e-06
2022-11-22,2.5346533937345485e-06,4.311316754552872e-06,2.0366237603121896e-06,4.552747458258207e-07,1.6368138464745543e-07,1.1227268368287775e-06,4.713508639374337e-06
2022-11-23,0.0,1.7398645675032188e-06,3.8045929776554542e-06,4.5649999330268565e-07,1.6532640991173034e-07,1.0159417194361158e-06,4.948418445545633e-06
2022-11-24,0.0,3.5107528421838626e-06,4.11605519590846e-06,4.577708911592988e-07,1.1560705473791693e-07,7.974274078585996e-07,4.578364076508495e-06
2022-11-25,1.305922540787217e-06,2.656595720678357e-06,3.837610658155148e-06,4.590875664865049e-07,2.0758919991847388e-07,9.363552097037349e-07,4.083795127505084e-06
2022-11-26,3.2976182013027747e-06,1.7790598460339284e-06,2.3695460851167153e-06,2.302250754764669e-07,2.2278022519143102e-07,7.172093605044493e-07,4.488655205116669e-06
2022-11-27,2.664607852164529e-06,8.936168928747216e-07,2.97215320993983e-06,3.8488231734847325e-07,1.8426420915110523e-07,7.737198061496158e-07,4.950906610399974e-06
2022-11-28,2.0185407047194263e-06,5.386759350998699e-06,3.277849904125882e-06,4.6281565226379535e-07,2.5118105459767583e-07,8.294938723397339e-07,4.948888666343664e-06
2022-11-29,3.3980456267800856e-06,9.020593375288581e-07,3.585446252770816e-06,3.087699196112674e-07,1.8591585322477978e-07,1.189788769709007e-06,6.216522702511855e-06
2022-11-30,2.059317931853311e-06,4.532078282883691e-06,3.2957968945993434e-06,3.0902694829594135e-07,2.534729215170697e-07,1.1076793509452969e-06,6.159385229814997e-06
2022-12-01,3.581859733683689e-06,1.8159905289576982e-06,2.1026314597698275e-06,4.640938593635388e-07,2.404028281203735e-07,8.582374651558892e-07,5.79184566409107e-06
2022-12-02,1.41848785353855e-06,6.38763319111243e-06,1.8063978914477692e-06,3.867285038398718e-07,1.3372673842947632e-07,8.295683452472911e-07,5.50209882066807e-06
2022-12-03,0.0,0.0,1.5089340727037107e-06,4.6410095765934396e-07,1.7408263978390234e-07,6.89954690223185e-07,4.235880536250763e-06
2022-12-04,6.951999560701168e-07,3.687363089770075e-06,1.8152249566388002e-06,4.6417412119335986e-07,1.3410609847579477e-07,7.437651358870233e-07,4.057855050468631e-06
2022-12-05,6.882826009296482e-07,5.559838121655705e-06,3.631395908325078e-06,4.642937025263082e-07,2.0147382714374766e-07,7.424535834664016e-07,4.6797287280927445e-06
2022-12-06,0.0,9.27609416819801e-07,2.4185937671328766e-06,3.8621963614495717e-07,9.417737192472606e-08,9.858636787277687e-07,4.044754113227704e-06
2022-12-07,1.3493073845827282e-06,3.7146876336467072e-06,2.111159977883009e-06,2.3133988548207365e-07,1.0782061980728809e-07,1.063711819469466e-06,3.97959909782376e-06
2022-12-08,0.0,1.8596545359365793e-06,2.7038379391976936e-06,4.6194224691701027e-07,1.8903629424176145e-07,1.0051771269640778e-06,4.312251306018273e-06
2022-12-09,6.612946541254991e-07,3.7243024441062315e-06,2.3915006884807537e-06,7.67644695529782e-08,1.0823166149012778e-07,7.577346961719732e-07,4.583972040317084e-06
2022-12-10,6.547146623761638e-07,3.713980852232063e-06,2.0823503990749416e-06,3.0618496452285566e-07,1.4912343417108103e-07,6.739915927478583e-07,3.7821503571868646e-06
2022-12-11,6.482001426386637e-07,9.260076653845279e-07,2.3683953514336333e-06,4.580140043781088e-07,1.358574966008395e-07,4.029010496092918e-07,3.547744722808484e-06
2022-12-12,6.41750443455596e-07,1.8472254384985083e-06,3.531585179413824e-06,3.8066363646170954e-07,1.3616182072720762e-07,6.958422189516748e-07,4.775507625564954e-06
2022-12-13,6.353649198516677e-07,0.0,1.461327484778311e-06,7.560535044368133e-07,1.2283178503420532e-07,8.534057887782677e-07,4.204282147496068e-06
2022-12-14,2.5161717330767886e-06,2.7572990485295788e-06,2.3220916460273873e-06,6.006842735445583e-07,1.5049248462696233e-07,7.973209933975125e-07,4.082250241194277e-06
2022-12-15,6.227838515042576e-07,3.667924565060015e-06,2.8828644093864524e-06,3.728661327922452e-07,5.486264776864344e-08,7.14538942615181e-07,4.463277538540699e-06
2022-12-16,1.2331740972869136e-06,9.149542985650947e-07,2.290722040065604e-06,2.2220512892588611e-07,1.1001248396686567e-07,6.85206355082228e-07,4.3419699512428e-06
2022-12-17,6.104519050013446e-07,2.73905685617252e-06,1.9889930453162686e-06,2.2071279887448918e-07,1.5167717638771297e-07,6.824066940378341e-07,4.665961464792777e-06
2022-12-18,6.043778070584442e-07,2.7335247246179275e-06,1.9738032065371655e-06,2.923233870492103e-07,1.6592984199820632e-07,5.489684907254567e-07,4.656421889820408e-06
2022-12-19,1.1967282947997988e-06,9.094219826045805e-07,1.1193204284134616e-06,5.081864809841347e-07,1.8027778872361918e-07,7.030507387697547e-07,4.090961422695952e-06
2022-12-20,5.924103246547331e-07,2.7232799998779003e-06,4.443460972839474e-06,4.327353031746339e-07,1.6690733219534085e-07,6.744160725529585e-07,5.23386638067337e-06
2022-12-21,1.1730314868714183e-06,9.061887940704847e-07,2.480672577276722e-06,5.008049291075078e-07,1.255658165616608e-07,1.0595153213462592e-06,4.033187787284155e-06
2022-12-22,5.806798142797936e-07,9.047082078162361e-07,1.9117263128267385e-06,4.963372153083713e-07,1.5395562192157972e-07,5.755740933066705e-07,4.399699847742852e-06
2022-12-23,5.749019535892074e-07,1.8066361862733906e-06,1.623627253139408e-06,3.5137081117455806e-07,1.2637416123859694e-07,4.239810728014607e-07,3.1918911912207514e-06
2022-12-24,0.0,1.8040366220384717e-06,2.6813238608427777e-06,1.3930007094396854e-07,6.95092874024797e-08,6.441101943482895e-07,3.2120126383910504e-06
2022-12-25,0.0,9.008087314845625e-07,7.970611303221212e-07,6.903287377064599e-08,1.651623802484356e-07,4.5848353326122556e-07,2.994260270637187e-06
2022-12-26,5.579110330889581e-07,2.6755366045382702e-06,1.3163413486144354e-06,3.4211307707106186e-07,1.4989240484769883e-07,5.922615054565321e-07,3.3720944288458695e-06
2022-12-27,0.0,0.0,2.3478824074628724e-06,2.7127679750535686e-07,1.484009504997272e-07,5.230581795586768e-07,3.8423730447435584e-06
2022-12-28,5.46863654456998e-07,1.7483716201013823e-06,1.809566249257731e-06,6.722256531491988e-08,2.270648834816408e-07,7.798366204805581e-07,4.031741540529325e-06
2022-12-29,1.0828445403572266e-06,1.730975031813137e-06,2.3055206082278824e-06,3.3316326783025507e-07,1.32238558906631e-07,6.675022953884851e-07,4.004328659961566e-06
2022-12-30,1.6081050857352996e-06,1.713751542470557e-06,1.5217201965875308e-06,1.9814821541419847e-07,1.4401503958681354e-07,5.608642031170354e-07,3.5011897026981302e-06
2022-12-31,1.0614027818556167e-06,2.4441199751380466e-06,2.0087717701923146e-06,6.298037067720322e-08,1.0369604800022153e-07,7.848342798679126e-07,3.0994194536697706e-06
2023-01-01,1.0140044514948886e-06,3.1952392457859965e-06,9.900651861638265e-07,1.8535503552804267e-07,1.775434056013677e-07,6.524813696046573e-07,3.6251396957032816e-06
2023-01-02,1.505872407935146e-06,1.5817230420396214e-06,9.562272444521767e-07,2.9392565404785106e-07,1.883323062845306e-07,6.679969272289465e-07,3.4015970393156114e-06
2023-01-03,4.969629090412168e-07,3.914961587021389e-06,2.3667815609907566e-06,4.074014628945665e-07,1.4916669482127754e-07,7.229417580589946e-07,3.464306990294068e-06
2023-01-04,4.920180454757597e-07,4.651208482037887e-06,2.2732706911581982e-06,1.7286332168911433e-07,1.10761846056539e-07,5.2230286268025e-07,3.4382565323568406e-06
2023-01-05,9.74244768249733e-07,2.3024640921871652e-06,1.1253256349240152e-06,5.7047767633212216e-08,1.5839741272915068e-07,6.128662072453881e-07,2.974087330600671e-06
2023-01-06,4.822754354183225e-07,1.5197027944555544e-06,1.1141284577701982e-06,1.0506765543616673e-07,1.2063179395291845e-07,5.688450811816685e-07,3.732169393009497e-06
2023-01-07,4.774767146572177e-07,2.256872248498302e-06,8.824341555124814e-07,1.0402221479699175e-07,1.7914723132192623e-07,5.068664802476485e-07,2.539575344304634e-06
2023-01-08,4.7272574196547736e-07,0.0,1.2475157836004124e-06,1.0298717646598193e-07,9.459449951301164e-08,4.747177672611596e-07,3.2804442652955174e-06
2023-01-09,1.4040661267256192e-06,1.4747887892005797e-06,9.826116619133454e-07,0.0,7.02399513873322e-08,5.048086351883681e-07,3.349910558500154e-06
2023-01-10,9.26730290225025e-07,2.190171593344756e-06,1.5145586201349043e-06,2.426021374721835e-07,1.2749192902155945e-07,4.852291514546756e-07,2.776035461128022e-06
2023-01-11,1.8350183395352085e-06,7.22793007291042e-07,5.623081912754742e-07,2.684943213311359e-07,1.1474851193832333e-07,5.977008437256451e-07,2.5600826515635498e-06
2023-01-12,0.0,0.0,9.278552188134643e-07,4.101520541363151e-08,1.249674196842516e-07,3.893115927383634e-07,2.7770104079817108e-06
2023-01-13,0.0,3.5424037341103967e-06,1.3738501341666743e-06,8.12141946019077e-08,1.349716069990427e-07,4.4336418129204605e-07,2.5896601396871757e-06
2023-01-14,4.4519633789538576e-07,7.01431245605686e-07,4.943263113882037e-07,1.6081219972738259e-07,1.224928989810719e-07,4.548274301608199e-07,2.09717556185799e-06
2023-01-15,0.0,1.1556769221253451e-06,6.245591766151222e-07,1.5921209160493317e-07,9.922424258590679e-08,3.779387868901405e-07,1.7907143748138976e-06
2023-01-16,4.3638085976608305e-07,5.720888723089741e-07,3.091723544871595e-07,3.940697620608035e-08,1.7398233178867173e-08,3.8884901615542877e-07,2.24715946824844e-06
2023-01-17,0.0,5.663964929192488e-07,5.786107964054799e-07,1.4619371810820018e-07,6.028791253193345e-08,3.7142177978084296e-07,2.272592370438092e-06
2023-01-18,0.0,1.1215215073016284e-06,1.4321338069667977e-06,9.868853687379836e-08,8.526862539903587e-08,4.07452463817103e-07,2.2904399708163027e-06
2023-01-19,8.469677125721064e-07,1.1103621818500936e-06,8.507303024964247e-07,6.513771301656848e-08,8.442018840033554e-08,4.0372870274848504e-07,2.3632450568046115e-06
2023-01-20,0.0,1.6489708403130728e-06,1.2094281776800902e-06,1.612239548571366e-07,1.1156731450625227e-07,4.0744985179046057e-07,2.286994932405213e-06
2023-01-21,0.0,0.0,1.0643503699944287e-06,8.837252767860321e-08,4.832502551570584e-08,3.074431028781729e-07,1.4653067458236226e-06
2023-01-22,0.0,3.232638059992799e-06,1.0537599068638497e-06,2.0415081478445468e-07,9.568836695549773e-08,3.456021755971568e-07,1.939088477231488e-06
2023-01-23,0.0,1.0668242579557012e-06,3.912280577257849e-07,1.4437105731221898e-07,1.1503687718088131e-07,2.92166987854382e-07,1.9567906497121335e-06
2023-01-24,0.0,5.281045896143107e-07,6.487407473405127e-07,5.7173816516061607e-08,5.359634876609649e-08,3.1954192155187743e-07,1.91623115683746e-06
2023-01-25,0.0,4.062364341141122e-07,2.8516289176015463e-07,9.347832935836671e-08,7.959458427815438e-08,2.7614455464147556e-07,1.9019373333509723e-06
2023-01-26,0.0,8.043886281150635e-07,7.210466210573854e-07,9.254820444040091e-08,4.5968186210287184e-08,2.1121484525314215e-07,1.6209847189236056e-06
2023-01-27,0.0,7.963848275350398e-07,3.266346042360723e-07,1.1453416802500368e-07,5.201233727456643e-08,3.1025927832884445e-07,1.8485268684853075e-06
2023-01-28,0.0,1.1826909991521392e-06,3.7927930005654675e-07,4.381317061019584e-08,1.0298961174318029e-07,1.9996515564191726e-07,1.408053685997933e-06
2023-01-29,0.0,2.7369424866002895e-07,5.3643629709355e-07,2.6086724760625197e-07,5.7355226991127696e-08,1.6777688827501301e-07,1.1438831028821775e-06
2023-01-30,0.0,5.419418907679301e-07,5.842085334299373e-07,4.314692641557996e-08,5.0475140397521574e-08,2.2686718477569167e-07,1.5377068807557343e-06
2023-01-31,0.0,5.36549478856499e-07,1.683490587970965e-07,1.7128117183486137e-07,6.871274349366921e-08,3.3745558594403164e-07,1.124347953060038e-06
2023-02-01,0.0,7.971084394387601e-07,2.9177263372403513e-07,3.420779650443276e-08,3.09700435633964e-08,2.0824713022683671e-07,1.6895348185715723e-06
2023-02-02,0.0,0.0,2.5677284223203364e-07,5.670805159541413e-08,8.585328214720626e-08,2.950262982443632e-07,1.559072511480252e-06
2023-02-03,0.0,7.813246348194909e-07,2.542179097631263e-07,4.512702389535203e-08,6.071359122618712e-08,1.5174250755792506e-07,1.5654309549581206e-06
2023-02-04,0.0,5.157002165381109e-07,1.258441996485221e-07,5.611514906796034e-08,9.016422134970228e-08,1.7669785845782536e-07,1.4792018444510502e-06
2023-02-05,0.0,5.105689136479666e-07,1.3639334852944603e-07,6.699255579408027e-08,5.356024341443756e-08,2.531834904103533e-07,1.2842068632308814e-06
2023-02-06,0.0,7.582330021119941e-07,2.475663887327957e-07,1.1108938669669145e-07,7.070308011737183e-08,1.8032147853360874e-07,1.5654955135975574e-06
2023-02-07,0.0,2.5022948589470414e-07,1.114104827303574e-07,4.421424910713075e-08,5.2499679536818566e-08,1.9805482277152793e-07,1.394356840885765e-06
2023-02-08,0.0,2.4773966090919156e-07,2.867850177532728e-07,4.399716499734098e-08,7.507832077389486e-08,1.8381118106552268e-07,1.3793107022153231e-06
2023-02-09,0.0,4.905492201924407e-07,1.0920440736476147e-07,3.82596527177788e-08,6.861348830802582e-08,1.8865205289536834e-07,1.1699973273832843e-06
2023-02-10,0.0,4.8566817389731e-07,5.318079856328865e-08,2.8280590199552424e-08,7.359167041667075e-08,1.8717347349924784e-07,1.319087989669747e-06
2023-02-11,0.0,2.404178474121469e-07,3.0086651872132527e-08,2.8286246081944474e-08,5.604570850872957e-08,1.3618998184473411e-07,8.96368132709015e-07
2023-02-12,0.0,2.3802564986072893e-07,5.212774819712933e-08,1.1317892245006667e-08,0.0,9.080923604352202e-08,7.412418547127641e-07
2023-02-13,0.0,4.713145101453047e-07,3.686362031163313e-08,4.528967142356661e-08,0.0,1.1551731210432922e-07,1.052075496711764e-06
2023-02-14,0.0,0.0,2.1898092696554905e-08,3.964826501299162e-08,0.0,1.395243440296121e-07,7.444093439165254e-07
2023-02-15,0.0,0.0,5.781387475639481e-08,6.234176518413501e-08,0.0,9.689234728632757e-08,6.86904474091461e-07
2023-02-16,0.0,0.0,1.4309654272740975e-08,2.2685581144637537e-08,0.0,1.3433063528335752e-07,6.022087171666186e-07
2023-02-17,0.0,0.0,4.2501812501205825e-08,1.1351849036031674e-08,0.0,1.3386795969164322e-07,5.836259284898129e-07
2023-02-18,0.0,0.0,0.0,2.272408538821617e-08,0.0,1.042333367245743e-07,4.5958737970492175e-07
2023-02-19,0.0,0.0,0.0,2.2746745131844616e-08,0.0,1.3298272430155035e-07,5.668803231089603e-07
2023-02-20,0.0,0.0,0.0,1.707875967670645e-08,0.0,1.2013256885587362e-07,5.257205491044264e-07
2023-02-21,0.0,0.0,0.0,3.989805958770205e-08,0.0,1.125249250169602e-07,5.232642787139704e-07
2023-02-22,0.0,0.0,0.0,9.70936040643935e-09,0.0,4.929799796890834e-08,5.498635863241783e-07
2023-02-23,0.0,0.0,0.0,2.2882862568543764e-08,0.0,5.565150415428271e-08,4.533916336486801e-07
2023-02-24,0.0,0.0,0.0,9.905502497452151e-09,0.0,5.325234732901753e-08,4.4635467851086526e-07
2023-02-25,0.0,0.0,0.0,1.6675090754340316e-08,0.0,4.183475513567647e-08,3.6885965681999137e-07
2023-02-26,0.0,0.0,0.0,1.3474142562052081e-08,0.0,3.320051539727629e-08,3.4395913384713014e-07
2023-02-27,0.0,0.0,0.0,1.0207169959587454e-08,0.0,6.554409106113068e-08,4.155710923458386e-07
2023-02-28,0.0,0.0,0.0,1.718292287189635e-08,0.0,6.00444182553331e-08,3.4225069978604174e-07
2023-03-01,0.0,0.0,0.0,1.0432053618432502e-08,0.0,4.8236797576976684e-08,4.4129733812437365e-07
2023-03-02,0.0,0.0,0.0,2.1073795000657494e-08,0.0,5.343657759276892e-08,3.3501380477533475e-07
2023-03-03,0.0,0.0,0.0,1.419039344100774e-08,0.0,5.556108365909949e-08,4.1070085968748004e-07
2023-03-04,0.0,0.0,0.0,2.149951389911993e-08,0.0,6.253313689990812e-08,2.831968598587647e-07
2023-03-05,0.0,0.0,0.0,2.533485220704022e-08,0.0,4.968673892160518e-08,2.385638704514217e-07
2023-03-06,0.0,0.0,0.0,1.827819407483834e-08,0.0,5.768433266157827e-08,2.946525821405128e-07
2023-03-07,0.0,0.0,0.0,1.4769514383429853e-08,0.0,6.728598885661565e-08,3.2473626845243073e-07
2023-03-08,0.0,0.0,0.0,1.4917950470735347e-08,0.0,5.286310720665396e-08,2.563076682518807e-07
2023-03-09,0.0,0.0,0.0,2.2601817548279372e-08,0.0,6.247556320321277e-08,2.1913227790917338e-07
2023-03-10,0.0,0.0,0.0,1.5219313060696974e-08,0.0,5.126793252970797e-08,2.6968654726602213e-07
2023-03-11,0.0,0.0,0.0,1.5372269699863242e-08,0.0,6.890614458409629e-08,1.9354501640912367e-07
2023-03-12,0.0,0.0,0.0,7.763381789404879e-09,0.0,4.4883280792832105e-08,2.30593136757478e-07
2023-03-13,0.0,0.0,0.0,2.352421522057976e-08,0.0,5.612741568443596e-08,2.5405472330539456e-07
2023-03-14,0.0,0.0,0.0,1.9800531261725428e-08,0.0,6.096974400898807e-08,2.4689886429333686e-07
2023-03-15,0.0,0.0,0.0,2.3999435891113275e-08,0.0,5.13745246436793e-08,2.5660255055569194e-07
2023-03-16,0.0,0.0,0.0,2.424063423174474e-08,0.0,5.462444723798163e-08,2.7208603838206514e-07
2023-03-17,0.0,0.0,0.0,8.161418885333327e-09,0.0,4.502146726189274e-08,2.7919556242051883e-07
2023-03-18,0.0,0.0,0.0,1.2365163763162217e-08,0.0,5.310949027154862e-08,1.9953453357406085e-07
2023-03-19,0.0,0.0,0.0,1.6322837770666655e-08,0.0,6.3263657471788e-08,2.567103673356211e-07
2023-03-20,0.0,0.0,0.0,2.020052852645395e-08,0.0,8.468089349510137e-08,2.997190065477943e-07
2023-03-21,0.0,0.0,0.0,1.9999529909261062e-08,0.0,6.848729566049096e-08,2.514055713192867e-07
2023-03-22,0.0,0.0,0.0,1.9800531261725428e-08,0.0,6.639502501001871e-08,2.473913838983774e-07
2023-03-23,0.0,0.0,0.0,1.9603512683816466e-08,0.0,8.095767297412594e-08,3.7299768100481435e-07
2023-03-24,0.0,0.0,0.0,3.8816908947024396e-09,0.0,1.0282174090556911e-07,3.0704862141757926e-07
2023-03-25,0.0,0.0,0.0,1.1529202274897431e-08,0.0,6.243997883284203e-08,2.7056791604661326e-07
2023-03-26,0.0,0.0,0.0,1.141448479552273e-08,0.0,6.995125303806363e-08,3.2103245947872606e-07
2023-03-27,0.0,0.0,0.0,1.5067878365519582e-08,0.0,8.237954905094659e-08,3.2959213132599437e-07
2023-03-28,0.0,0.0,0.0,1.4917950470735347e-08,0.0,1.143973395376878e-07,3.413131593185078e-07
2023-03-29,0.0,0.0,0.0,1.8461892979287317e-08,0.0,6.602275932967918e-08,3.8478975292902356e-07
2023-03-30,0.0,0.0,0.0,1.4622555259870673e-08,0.0,7.370500044981143e-08,3.138930239638456e-07
2023-03-31,0.0,0.0,0.0,7.238529202011491e-09,0.0,7.899599998257872e-08,2.6455581838938306e-07
2023-04-01,0.0,0.0,0.0,3.5885134114498447e-09,0.0,7.19732123962913e-08,2.8752276762571483e-07
2023-04-02,0.0,0.0,0.0,3.5528071064125785e-09,0.0,6.734143699669749e-08,2.19923003308291e-07
2023-04-03,0.0,0.0,0.0,1.7587280425233178e-08,0.0,8.773341839286793e-08,3.3016824818580975e-07
2023-04-04,0.0,0.0,0.0,1.3929827248881687e-08,0.0,9.825900110140833e-08,3.042667976654617e-07
2023-04-05,0.0,0.0,0.0,6.895611575954973e-09,0.0,1.180444112433779e-07,2.847438794260368e-07
2023-04-06,0.0,0.0,0.0,2.389449683030571e-08,0.0,9.51503291248163e-08,3.180201949114316e-07
2023-04-07,0.0,0.0,0.0,1.689767329597442e-08,0.0,1.0984948651363483e-07,3.1042236819451366e-07
2023-04-08,0.0,0.0,0.0,3.345907727485446e-09,0.0,6.721520692400406e-08,3.5395458971762287e-07
2023-04-09,0.0,0.0,0.0,1.325046155734809e-08,0.0,1.0178553092221314e-07,3.646369821250761e-07
2023-04-10,0.0,0.0,0.0,9.838962946464164e-09,0.0,9.65618160401279e-08,4.2271419566697574e-07
2023-04-11,0.0,0.0,0.0,3.2470212098036906e-09,0.0,1.06191151964336e-07,4.40702615730378e-07
2023-04-12,0.0,0.0,0.0,6.429425617892333e-09,0.0,6.89759365224953e-08,4.3323343278967027e-07
2023-04-13,0.0,0.0,0.0,6.3654517640969455e-09,0.0,7.61836556751564e-08,3.0935136736367474e-07
2023-04-14,0.0,0.0,0.0,0.0,0.0,7.84606083548357e-08,4.3100203053844554e-07
2023-04-15,0.0,0.0,0.0,1.5598518435414926e-08,0.0,7.584137394711299e-08,4.1090049949962e-07
2023-04-16,0.0,0.0,0.0,3.0886621167431764e-09,0.0,9.277101530776927e-08,3.866821271651223e-07
2023-04-17,0.0,0.0,0.0,1.223171766075574e-08,0.0,7.30929965611744e-08,4.283433100733793e-07
2023-04-18,0.0,0.0,0.0,6.055005018248992e-09,0.0,1.0699777328524566e-07,5.361386639533373e-07
2023-04-19,0.0,0.0,0.0,1.4986891779169484e-08,0.0,9.223911415748426e-08,4.969969131055785e-07
2023-04-20,0.0,0.0,0.0,1.1870215771506815e-08,0.0,1.1388877289214905e-07,4.793106922059216e-07
2023-04-21,0.0,0.0,0.0,2.6442236590080922e-08,0.0,6.048069926294858e-08,4.806056185122674e-07
2023-04-22,0.0,0.0,0.0,1.7452754626643857e-08,0.0,8.695916946593808e-08,3.912850066736591e-07
2023-04-23,0.0,0.0,0.0,2.8798494694289617e-09,0.0,9.165898509278984e-08,4.259132788094756e-07
2023-04-24,0.0,0.0,0.0,8.553583465292322e-09,0.0,6.290833074533338e-08,5.519764366416421e-07
2023-04-25,0.0,0.0,0.0,1.975977240480202e-08,0.0,6.488361796946026e-08,5.729287995653452e-07
2023-04-26,0.0,0.0,0.0,1.3973685274496884e-08,0.0,5.540627459236433e-08,4.5399573018069673e-07
2023-04-27,0.0,0.0,0.0,1.383464478287884e-08,0.0,6.504103910585828e-08,4.215531818319711e-07
2023-04-28,0.0,0.0,0.0,1.0957590213814392e-08,0.0,6.129835464777706e-08,3.986528794219759e-07
2023-04-29,0.0,0.0,0.0,8.136420277108838e-09,0.0,7.481631245528936e-08,4.048979252462731e-07
2023-04-30,0.0,0.0,0.0,5.370307695109977e-09,0.0,5.9561919056230406e-08,4.748580548170634e-07
2023-05-01,0.0,0.0,0.0,1.0648554203486353e-08,0.0,5.969002392729337e-08,3.869950621055335e-07
2023-05-02,0.0,0.0,0.0,1.0542599318830668e-08,0.0,6.20753837721768e-08,4.130074133420994e-07
2023-05-03,0.0,0.0,0.0,7.828274027169295e-09,0.0,9.338431437034546e-08,3.8989105805883383e-07
2023-05-04,0.0,0.0,0.0,1.5500762798283784e-08,0.0,8.02841927928714e-08,4.6075904320668634e-07
2023-05-05,0.0,0.0,0.0,7.673263815713073e-09,0.0,6.487357681016199e-08,3.8796905341075953e-07
2023-05-06,0.0,0.0,0.0,2.5323045216867457e-09,0.0,7.18127045566628e-08,4.544561414799448e-07
2023-05-07,0.0,0.0,0.0,7.521323012094686e-09,0.0,1.0562232877689259e-07,4.6136502489715894e-07
2023-05-08,0.0,0.0,0.0,0.0,0.0,9.296347358405834e-08,3.9428965194395117e-07
2023-05-09,0.0,0.0,0.0,4.051687234698793e-08,0.0,1.2056209248556924e-07,4.897428060235785e-07
2023-05-10,0.0,0.0,0.0,7.161712894665536e-08,0.0,1.0486273515727481e-07,5.628238846176122e-07
2023-05-11,0.0,0.0,0.0,3.100152559656757e-08,0.0,1.015531738103296e-07,4.46861935093986e-07
2023-05-12,0.0,0.0,0.0,4.175079481156958e-08,0.0,8.905457614513266e-08,3.9529863423288024e-07
2023-05-13,0.0,0.0,0.0,1.0542599318830668e-08,0.0,1.1032679125878937e-07,3.7630188138151046e-07
2023-05-14,0.0,0.0,0.0,3.194566261045906e-08,0.0,9.482048100241654e-08,3.8234959419958266e-07
2023-05-15,0.0,0.0,0.0,5.377786976218105e-08,0.0,9.464681832577091e-08,3.8847698621749706e-07
2023-05-16,0.0,0.0,0.0,4.345467707097728e-08,0.0,1.0057827333949693e-07,5.483964712492038e-07
2023-05-17,0.0,0.0,0.0,3.2918552877096874e-08,0.0,9.737070537772052e-08,4.892392778102165e-07
2023-05-18,0.0,0.0,0.0,3.324938983368072e-08,0.0,9.418255412519336e-08,5.288678344407949e-07
2023-05-19,0.0,0.0,0.0,3.358355175695585e-08,0.0,1.1528299737049974e-07,4.6889479588632214e-07
2023-05-20,0.0,0.0,0.0,1.130702402113102e-08,0.0,9.997952741592534e-08,4.930091229731948e-07
2023-05-21,0.0,0.0,0.0,2.284132300353618e-08,0.0,8.169943986073304e-08,4.375913210736182e-07
2023-05-22,0.0,0.0,0.0,1.1535441058072583e-08,0.0,1.2089721216505848e-07,5.15285480142173e-07
2023-05-23,0.0,0.0,0.0,3.495412250428736e-08,0.0,8.755847253947176e-08,5.222109349832258e-07
2023-05-24,0.0,0.0,0.0,2.3536944850490615e-08,0.0,1.2668825281168342e-07,5.118716258158106e-07
2023-05-25,0.0,0.0,0.0,3.5660242618333344e-08,0.0,9.042570033266261e-08,5.141877524793988e-07
2023-05-26,0.0,0.0,0.0,2.4012422676606377e-08,0.0,8.449596281306102e-08,4.5947233765797665e-07
2023-05-27,0.0,0.0,0.0,4.8507503073203867e-08,0.0,5.654062010367353e-08,4.2683222240246276e-07
2023-05-28,0.0,0.0,0.0,1.2248752895981342e-08,0.0,9.774687920411799e-08,4.829626011706855e-07
2023-05-29,0.0,0.0,0.0,7.423112945495185e-08,0.0,1.139551209021383e-07,5.504269370584807e-07
2023-05-30,0.0,0.0,0.0,2.4992388236273542e-08,0.0,1.2076519544741313e-07,5.736067762119163e-07
2023-05-31,0.0,0.0,0.0,7.573069774164146e-08,0.0,7.658305677647486e-08,5.11037205346322e-07
2023-06-01,0.0,0.0,0.0,1.2772767118656384e-08,0.0,9.29477882593842e-08,5.610418455582161e-07
2023-06-02,0.0,0.0,0.0,2.5802271124652094e-08,0.0,8.046671664172468e-08,5.626573960775824e-07
2023-06-03,0.0,0.0,0.0,5.2123176521211705e-08,0.0,9.05117655123208e-08,6.60075495765785e-07
2023-06-04,0.0,0.0,0.0,3.94852673656556e-08,0.0,1.2662444735277246e-07,6.109429582051781e-07
2023-06-05,0.0,0.0,0.0,3.9882100900043483e-08,0.0,9.457836785464792e-08,7.993236030665519e-07
2023-06-06,0.0,0.0,0.0,4.028292267775657e-08,0.0,1.3104765970435285e-07,6.782460006329306e-07
2023-06-07,0.0,0.0,0.0,5.4250363708408865e-08,0.0,1.1848995279455233e-07,9.129778239506854e-07
2023-06-08,0.0,0.0,0.0,4.109669169604145e-08,0.0,1.1243503534091916e-07,6.790669479037379e-07
2023-06-09,0.0,0.0,0.0,6.918286719032202e-08,0.0,6.645537449398186e-08,7.280657383202673e-07
2023-06-10,0.0,0.0,0.0,1.3975633312989311e-08,0.0,8.68128800472689e-08,7.367284711900528e-07
2023-06-11,0.0,0.0,0.0,1.2704481686602727e-07,0.0,9.730889168340777e-08,7.535813078371362e-07
2023-06-12,0.0,0.0,0.0,2.851591966726853e-08,0.0,8.76807534963155e-08,9.489802928949121e-07
2023-06-13,0.0,0.0,0.0,2.8802509424483294e-08,0.0,1.4267371752215908e-07,7.551294619810159e-07
2023-06-14,0.0,0.0,0.0,2.909197945664267e-08,0.0,1.1246979559564582e-07,7.072414934180264e-07
2023-06-15,0.0,0.0,0.0,7.34608967774778e-08,0.0,1.2872900825008528e-07,7.732588108379615e-07
2023-06-16,0.0,0.0,0.0,1.4839838212848853e-08,0.0,1.0202086318513225e-07,8.802792995561192e-07
2023-06-17,0.0,0.0,0.0,7.494490533195003e-08,0.0,1.736799706343899e-07,6.53017372851443e-07
2023-06-18,0.0,0.0,0.0,6.055849132211463e-08,0.0,1.270739039029143e-07,8.584292161887933e-07
2023-06-19,0.0,0.0,0.0,6.116711427826702e-08,0.0,1.7179549386269848e-07,7.615893771016698e-07
2023-06-20,0.0,0.0,0.0,3.089092699841001e-08,0.0,1.4838926748446304e-07,8.121533062210226e-07
2023-06-21,0.0,0.0,0.0,4.680207896419329e-08,0.0,1.5299554291429012e-07,6.739436316329158e-07
2023-06-22,0.0,0.0,0.0,3.151496511844657e-08,0.0,1.0509925077263505e-07,8.152553664725264e-07
2023-06-23,0.0,0.0,0.0,0.0,0.0,1.217629045575853e-07,5.033600503686318e-07
2023-06-24,0.0,0.0,0.0,1.0575000579364463e-07,0.0,1.1411831128224659e-07,6.698319870606837e-07
2023-06-25,0.0,0.0,0.0,4.2725124408409e-08,0.0,1.4734627316182375e-07,6.381824883637061e-07
2023-06-26,0.0,0.0,0.0,2.157725952370269e-08,0.0,1.2248211795148452e-07,8.473615972603908e-07
2023-06-27,0.0,0.0,0.0,2.1794114587134354e-08,0.0,1.3752844196536713e-07,7.161804601115266e-07
2023-06-28,0.0,0.0,0.0,8.672734335616165e-08,0.0,1.005630907587422e-07,7.579964994561066e-07
2023-06-29,0.0,0.0,0.0,2.157172529259863e-08,0.0,1.1055623768049419e-07,7.87953127656205e-07
2023-06-30,0.0,0.0,0.0,2.146377193666261e-08,0.0,9.376108105404771e-08,7.047038606289118e-07
2023-07-01,0.0,0.0,0.0,2.1437653667637565e-08,0.0,9.394658600974459e-08,7.495929233934501e-07
2023-07-02,0.0,0.0,0.0,2.1333595713717562e-08,0.0,1.1069268200030898e-07,7.52669515886594e-07
2023-07-03,0.0,0.0,0.0,2.123167113714699e-08,0.0,1.006124284346808e-07,8.18065489272787e-07
2023-07-04,0.0,0.0,0.0,6.339560923614975e-08,0.0,9.054468655800951e-08,8.215587215224994e-07
2023-07-05,0.0,0.0,0.0,0.0,0.0,1.073152498594563e-07,6.882796294800993e-07
2023-07-06,0.0,0.0,0.0,0.0,0.0,1.17391104936371e-07,6.800708567796955e-07
2023-07-07,0.0,0.0,0.0,1.4591574152640642e-07,0.0,8.051512768956448e-08,7.077451877533907e-07
2023-07-08,0.0,0.0,0.0,4.150739917188531e-08,0.0,8.725334506236798e-08,6.189434432912653e-07
2023-07-09,0.0,0.0,0.0,6.199310588038483e-08,0.0,1.0407736576600079e-07,6.916514868798128e-07
2023-07-10,0.0,0.0,0.0,6.173131236519082e-08,0.0,8.061855859964194e-08,7.376455231062183e-07
2023-07-11,0.0,0.0,0.0,2.0491897344225424e-08,0.0,1.2100373101974648e-07,6.75732521603658e-07
2023-07-12,0.0,0.0,0.0,6.122621932059489e-08,0.0,1.0090977051164064e-07,7.679462803060651e-07
2023-07-13,0.0,0.0,0.0,4.065524618764505e-08,0.0,8.416099130664067e-08,8.106343884392796e-07
2023-07-14,0.0,0.0,0.0,2.024853919336255e-08,0.0,9.367588778343743e-08,7.013575306251032e-07
2023-07-15,0.0,0.0,0.0,2.017148016369575e-08,0.0,7.647568422558647e-08,7.271380405798769e-07
2023-07-16,0.0,0.0,0.0,1.2057862979312966e-07,0.0,7.931578998685905e-08,6.491819013520268e-07
2023-07-17,0.0,0.0,0.0,6.007021828377333e-08,0.0,1.0183344695720599e-07,7.85151402625151e-07
2023-07-18,0.0,0.0,0.0,1.9952376247622958e-08,0.0,1.077583227148747e-07,7.707217576875215e-07
2023-07-19,0.0,0.0,0.0,3.976668330981322e-08,0.0,1.410726757960209e-07,8.279588281113661e-07
2023-07-20,0.0,0.0,0.0,0.0,0.0,9.386021952212253e-08,6.124429746652954e-07
2023-07-21,0.0,0.0,0.0,3.9502461633997666e-08,0.0,1.745880163255947e-07,7.549899413652633e-07
2023-07-22,0.0,0.0,0.0,7.875256544245408e-08,0.0,1.0626352036463003e-07,5.876721061866109e-07
2023-07-23,0.0,0.0,0.0,3.925404146954221e-08,0.0,7.213546056488538e-08,5.517638008629435e-07
2023-07-24,0.0,0.0,0.0,7.827145130943231e-08,0.0,1.0591020718822344e-07,6.908941356463117e-07
2023-07-25,0.0,0.0,0.0,9.755330861267196e-08,0.0,1.3958926849715925e-07,6.736196489638856e-07
2023-07-26,0.0,0.0,0.0,1.9455411700141896e-08,0.0,1.2671911140821645e-07,5.90127879743915e-07
2023-07-27,0.0,0.0,0.0,5.8206321705396933e-08,0.0,1.560802571307655e-07,5.859104886162345e-07
2023-07-28,0.0,0.0,0.0,3.8701485994029436e-08,0.0,1.4746277411219518e-07,5.616331092532725e-07
2023-07-29,0.0,0.0,0.0,3.8602627698645006e-08,0.0,1.2204592675255823e-07,5.578170636341597e-07
2023-07-30,0.0,0.0,0.0,7.701525939639878e-08,0.0,8.828734319438756e-08,5.276731430345328e-07
2023-07-31,0.0,0.0,0.0,3.84164824928134e-08,0.0,9.660594747896828e-08,6.224218401620102e-07
2023-08-01,0.0,0.0,0.0,1.9209700059610144e-08,0.0,1.7226685997168203e-07,6.747576482830684e-07
2023-08-02,0.0,0.0,0.0,5.7503596586126994e-08,0.0,1.2968176005923348e-07,6.123118995429224e-07
2023-08-03,0.0,0.0,0.0,3.8255895600668006e-08,0.0,1.4578734680438382e-07,4.6104242877225044e-07
2023-08-04,0.0,0.0,0.0,7.635977153071618e-08,0.0,1.0784382668464293e-07,5.280448428442127e-07
2023-08-05,0.0,0.0,0.0,5.7161540925662094e-08,0.0,1.0326852493268889e-07,3.982381990243191e-07
2023-08-06,0.0,0.0,0.0,0.0,0.0,1.1519355636001519e-07,5.590204435966541e-07
2023-08-07,0.0,0.0,0.0,9.493683971476082e-08,0.0,1.065423210865462e-07,5.305397419731364e-07
2023-08-08,0.0,0.0,0.0,3.79139563403667e-08,0.0,1.3062135544928486e-07,6.574950654470323e-07
2023-08-09,0.0,0.0,0.0,1.8928484111029093e-08,0.0,1.3629719841418534e-07,6.596061580208117e-07
2023-08-10,0.0,0.0,0.0,3.780376583211945e-08,0.0,7.924925855934426e-08,5.759304695666796e-07
2023-08-11,0.0,0.0,0.0,1.8877171925133586e-08,0.0,1.4295191596926105e-07,5.541817137405972e-07
2023-08-12,0.0,0.0,0.0,1.1312609200278592e-07,0.0,1.0501083673610823e-07,5.811366711715834e-07
2023-08-13,0.0,0.0,0.0,3.733348952668377e-08,0.0,1.159169536359078e-07,4.6938141090989456e-07
2023-08-14,0.0,0.0,0.0,5.5443022648754356e-08,0.0,1.2676900136965158e-07,5.324438863748175e-07
2023-08-15,0.0,0.0,0.0,3.659423690396707e-08,0.0,8.055130275443013e-08,6.483231726080501e-07
2023-08-16,0.0,0.0,0.0,1.8115059081475136e-08,0.0,8.913093021793697e-08,5.795638904136088e-07
2023-08-17,0.0,0.0,0.0,3.9633763166297386e-08,0.0,8.046746050004756e-08,4.976811870901657e-07
2023-08-18,0.0,0.0,0.0,3.13915205069173e-08,0.0,6.60737522931582e-08,5.622909426382893e-07
2023-08-19,0.0,0.0,0.0,2.330937724425531e-08,0.0,9.477577171398927e-08,4.6486990099478155e-07
2023-08-20,0.0,0.0,0.0,1.5384963376981072e-08,0.0,8.90165473479366e-08,3.806959588772428e-07
2023-08-21,0.0,0.0,0.0,3.8079701084042875e-08,0.0,8.326761662526531e-08,4.837923207224466e-07
2023-08-22,0.0,1.270703532046093e-07,0.0,2.2620481036484797e-08,0.0,8.039863593358128e-08,4.901175417399261e-07
2023-08-23,0.0,2.5669486297151975e-07,0.0,2.2395403489497984e-08,0.0,1.0912648954660562e-07,5.514099894513237e-07
2023-08-24,0.0,0.0,0.0,4.434513100304603e-08,0.0,1.0627905057939978e-07,3.5998323249498975e-07
2023-08-25,0.0,0.0,0.0,2.9269259718100532e-08,0.0,8.907388295277277e-08,2.887301990757693e-07
2023-08-26,0.0,0.0,0.0,2.8978025717866658e-08,0.0,5.461707113032802e-08,3.2605596637989155e-07
2023-08-27,0.0,2.6717077906059647e-07,0.0,4.30345343165295e-08,0.0,1.092918676328454e-07,3.979869722967155e-07
2023-08-28,0.0,1.349279450150814e-07,0.0,5.680844472740386e-08,0.0,1.0936052228287496e-07,3.6775847337291814e-07
2023-08-29,0.0,0.0,0.0,2.1091196721718125e-08,1.1459542020765993e-08,1.1808012200334055e-07,4.6379304821701767e-07
2023-08-30,0.0,0.0,0.0,3.480222634651338e-08,1.5915229457576258e-08,1.1817780439102203e-07,3.7335052368664677e-07
2023-08-31,0.0,2.780742253956429e-07,0.0,2.067356304507989e-08,1.899794020422737e-08,1.1251719223530132e-07,4.036251065641644e-07
2023-09-01,0.0,0.0,0.0,6.843587577594866e-09,1.1843788275029962e-08,7.523711229605405e-08,3.068597686579646e-07
2023-09-02,0.0,0.0,0.0,4.667948185684706e-08,1.3458172866866464e-08,3.914029394723499e-08,3.1478741943608235e-07
2023-09-03,0.0,0.0,0.0,2.7882634729213098e-08,1.2083048669178748e-08,5.2444661777253895e-08,3.0803133422926695e-07
2023-09-04,0.0,1.4745820998600926e-07,0.0,2.7760368631026486e-08,1.0678924661291362e-08,5.4903655695912746e-08,3.5837150353697024e-07
2023-09-05,0.0,0.0,0.0,4.606813098806116e-08,6.1635712219523325e-09,5.297562795376846e-08,3.1163781356264535e-07
2023-09-06,0.0,1.504370634256734e-07,0.0,4.587358777590055e-08,1.4007411320778279e-08,7.765485590100372e-08,4.089459004771189e-07
2023-09-07,0.0,0.0,0.0,2.7410179176447395e-08,1.8864250859958355e-08,7.029227627392397e-08,4.551982707696711e-07
2023-09-08,0.0,1.5347609369656208e-07,0.0,2.729894672811399e-08,1.4290379799763947e-08,6.306852614770691e-08,3.503179703124871e-07
2023-09-09,0.0,0.0,0.0,9.06348139906753e-09,6.415111335310131e-09,6.890039594741219e-08,3.0092413311715295e-07
2023-09-10,0.0,1.5657651645130456e-07,0.0,1.8056440488913132e-08,1.9438752828280617e-08,6.181968565739473e-08,2.8488894753766274e-07
2023-09-11,0.0,1.5815013660309716e-07,0.0,7.195089535514872e-08,1.799793924693662e-08,1.2613962091728333e-07,2.6704611014853286e-07
2023-09-12,0.0,0.0,0.0,3.584161195206984e-08,1.4873581262895581e-08,8.005751480791284e-08,2.326124147182696e-07
2023-09-13,0.0,0.0,0.0,5.3567040626442975e-08,1.168460474201038e-08,5.83794814421071e-08,2.459060559497561e-07
2023-09-14,0.0,1.629665253080295e-07,0.0,2.668851003674159e-08,1.3488042253691483e-08,8.180612078839545e-08,2.786494226413573e-07
2023-09-15,0.0,0.0,0.0,2.659616863350586e-08,1.0217699498984551e-08,4.199144551201404e-08,1.465866178802553e-07
2023-09-16,0.0,3.325173349975118e-07,0.0,1.7670991246198024e-08,1.204045393385936e-08,1.0441144062067846e-07,1.3883019389480504e-07
2023-09-17,0.0,0.0,0.0,2.6419455775863945e-08,6.9494071472365e-09,8.048739923660514e-08,1.7020827777225858e-07
2023-09-18,0.0,0.0,0.0,8.778355550008245e-09,1.4038499700404278e-08,6.715043550899068e-08,1.989079410100226e-07
2023-09-19,0.0,0.0,0.0,2.6253311052796487e-08,1.595203758900493e-08,7.194064281108408e-08,1.6576179463754885e-07
2023-09-20,0.0,0.0,0.0,7.852254242565404e-08,1.7902620257897067e-08,6.390413046547601e-08,2.3602797447550597e-07
2023-09-21,0.0,1.7478293166343395e-07,0.0,8.699222668066319e-09,1.0849526749640008e-08,7.292202161516564e-08,1.9801306169747363e-07
2023-09-22,0.0,0.0,0.0,3.469835331786015e-08,2.5569988047935427e-08,7.056454603559672e-08,2.718070073260928e-07
2023-09-23,0.0,1.7831378109684024e-07,0.0,6.055575019847887e-08,1.6603052592958304e-08,5.582457526867723e-08,2.6034096102212377e-07
2023-09-24,0.0,1.8010586439027323e-07,0.0,3.4511678694963205e-08,2.422321206590243e-08,6.179797975315537e-08,3.1201967063705266e-07
2023-09-25,0.0,0.0,0.0,3.442352275885352e-08,1.6938456503870763e-08,5.7469844601585505e-08,4.092254294497953e-07
2023-09-26,0.0,0.0,0.0,2.575410690277956e-08,2.6613519056261783e-08,7.567467523471595e-08,3.7398792939453543e-07
2023-09-27,0.0,1.8559090455257428e-07,0.0,2.5693147168571092e-08,1.1520424015489244e-08,8.356755560175216e-08,5.880054585659436e-07
2023-09-28,0.0,1.8745612415262957e-07,0.0,5.1269513540981006e-08,9.696838501437813e-09,7.838820178164482e-08,4.715308754865232e-07
2023-09-29,0.0,0.0,0.0,2.5578929869449338e-08,2.3506304036557095e-08,6.642260142460243e-08,4.2203197586875097e-07
2023-09-30,0.0,0.0,0.0,1.701710725514064e-08,7.914182106551916e-09,2.6062395720821834e-08,2.0637424205322813e-07
2023-10-01,0.0,5.958448510568445e-07,0.0,4.2646201352553964e-08,3.611881414591247e-08,1.1268273850677512e-07,5.008032041119415e-07
2023-10-02,0.0,2.006110637887357e-07,0.0,3.6301832104533146e-08,1.2160604754320304e-08,1.627720065174083e-07,6.934693178594575e-07
2023-10-03,0.0,4.0525447699749034e-07,0.0,3.142857564226725e-08,2.4565641727891504e-08,1.1353750338186895e-07,6.434896709357594e-07
2023-10-04,0.0,4.093273522029223e-07,0.0,6.231077326389192e-08,1.2406265265893309e-08,1.1741158731087622e-07,7.762040819748095e-07
2023-10-05,0.0,0.0,0.0,6.293700694633774e-08,2.7150392326863103e-08,1.141812029243874e-07,7.083456272424603e-07
2023-10-06,0.0,0.0,0.0,9.535430157288883e-08,8.437925632661167e-09,1.0020514318635686e-07,8.272742279122604e-07
2023-10-07,0.0,8.435864518973787e-07,0.0,3.21042094119635e-08,4.054139286771874e-08,1.3132182084960374e-07,7.331106406399059e-07
2023-10-08,0.0,6.263944698405378e-07,0.0,3.242686208065885e-08,5.7328376895809905e-08,1.1911184315704977e-07,6.767814476441834e-07
2023-10-09,0.0,0.0,3.2502853999826044e-08,3.275275746258475e-08,4.5496421663217604e-08,1.8370573651472174e-07,8.846371008232001e-07
2023-10-10,0.0,4.093273522029223e-07,7.660219726421875e-08,4.336888178374237e-08,7.93138248152475e-08,1.7263037595592323e-07,7.030071104742595e-07
2023-10-11,0.0,4.0525447699749034e-07,6.631891041063305e-08,1.533166120217288e-07,9.886465007716252e-08,1.7883192216197618e-07,9.838353214521283e-07
2023-10-12,0.0,4.012221275774714e-07,6.698542654109988e-08,6.636748696685387e-08,4.608842599807191e-08,2.092442930018291e-07,8.132694922192625e-07
2023-10-13,0.0,5.958448510568445e-07,2.25528804233474e-08,1.5641381303292988e-07,4.655162237999885e-08,2.165375716899715e-07,1.008559045264381e-06
2023-10-14,0.0,3.9327739715275124e-07,4.555908127966262e-08,1.6998724389707264e-07,9.76003623181973e-08,1.1498910619279894e-07,7.052505453578334e-07
2023-10-15,0.0,3.893642216683868e-07,5.308577767251533e-08,1.3978466851299673e-07,1.3801376717375873e-07,1.414616985580602e-07,8.662804519445591e-07
2023-10-16,0.0,5.782349743959909e-07,7.149239814388947e-08,1.5409943677465152e-07,8.96148183817096e-08,2.2377657994442867e-07,1.1897850728732525e-06
2023-10-17,0.0,3.8165429351247017e-07,7.221090869048344e-08,1.1673612139635972e-07,1.5085910379943858e-07,2.1047074488771073e-07,9.922782872908871e-07
2023-10-18,1.827779199781887e-06,0.0,1.2763912067921418e-07,2.751217908160187e-07,1.3144631142422005e-07,3.288663586626462e-07,1.2360304346622406e-06
2023-10-19,9.230743430663309e-07,0.0,5.5252249357935676e-08,7.93962316520615e-08,9.149622297434404e-08,3.2880926019484924e-07,1.1601783103914908e-06
2023-10-20,9.323513944452562e-07,0.0,5.5807543695759046e-08,2.1334413466028428e-07,9.200030312277256e-08,2.772579897886317e-07,1.4265857519666907e-06
2023-10-21,9.417216817405881e-07,5.500341219208836e-07,1.8789472944819482e-08,1.7239062308803794e-07,9.215131029307298e-08,2.7840060237088e-07,1.235077008971871e-06
2023-10-22,9.511861419888649e-07,3.6304079397609363e-07,5.6934930862015105e-08,4.344683520777894e-08,1.7226987148412772e-07,2.557194420805016e-07,1.1276648912596264e-06
2023-10-23,0.0,5.391427165802961e-07,9.584522738350654e-08,2.6280215617965e-07,1.0671927533035517e-07,2.6831711959018046e-07,1.4471976009156175e-06
2023-10-24,0.0,5.337781569173971e-07,3.8723395173172345e-08,1.3247479077362347e-07,1.3429624258944912e-07,3.052445683712818e-07,1.1474992925111522e-06
2023-10-25,2.940462217938538e-06,8.807782925250104e-07,0.0,4.7949568227695556e-08,2.1621795038488805e-07,3.5152111776629e-07,1.3348398818699217e-06
2023-10-26,9.900047848445012e-07,3.488057608337051e-07,1.3826980876119608e-07,5.3494279099960974e-08,1.5298625883658638e-07,2.5700926842401865e-07,1.567809284715237e-06
2023-10-27,0.0,0.0,5.723755359284306e-08,5.3952041076066744e-08,1.5413641260646935e-07,3.1613577823622654e-07,1.4867598362124034e-06
2023-10-28,2.0200084162625203e-06,0.0,1.156256011398803e-07,3.264911898074419e-07,1.3425462966844652e-07,2.372039396099539e-07,1.1282793830873032e-06
2023-10-29,2.040309838357385e-06,0.0,1.1678765775054348e-07,1.6465139127477047e-07,1.7396817275461686e-07,3.320492514974626e-07,1.3811600993548403e-06
2023-10-30,0.0,3.351288913245149e-07,2.949034830607627e-08,1.1659402783545243e-07,1.3637605892048487e-07,4.4672666233942044e-07,1.291784878383183e-06
2023-10-31,0.0,0.0,5.9573462467845296e-08,5.8806175711750275e-08,2.3564087443090697e-07,3.7461976048285937e-07,1.3304130297019622e-06
2023-11-01,1.0678541847166644e-06,3.3647849304752505e-07,6.044102183961691e-08,2.520690353194873e-07,2.1867283210569625e-07,3.996300768090014e-07,1.6949988877963645e-06
2023-11-02,0.0,2.1067913093108167e-07,1.831453926235287e-07,1.3748085185556921e-07,2.4046111902684767e-07,2.9254763839350527e-07,1.6163143435824261e-06
2023-11-03,4.35770508080448e-06,4.18930262230088e-07,6.166201147336358e-08,4.2646971334753084e-07,3.2319213851605535e-07,4.0295154679327043e-07,1.5572752362256484e-06
2023-11-04,1.100375186242523e-06,4.165441559733454e-07,1.587187267237302e-07,2.868743849962224e-07,3.0543916044952487e-07,3.4470372889387904e-07,2.021533777284637e-06
2023-11-05,2.2228682814390663e-06,0.0,3.7406571170894357e-07,4.134840616795523e-07,3.694994822529915e-07,5.417717702382418e-07,1.8339172371105487e-06
2023-11-06,1.1226042395368131e-06,1.4416383565531952e-06,3.2385011538178e-07,2.6069680511282606e-07,2.897291617287633e-07,4.6363655900656276e-07,1.793558123575916e-06
2023-11-07,0.0,4.096348321330829e-07,4.3613981753545866e-07,2.940935025839237e-07,2.712346096742008e-07,6.035518199352031e-07,2.297845445073539e-06
2023-11-08,0.0,6.111209321847446e-07,3.3039232168031144e-07,6.92616835792267e-07,2.5242657362780166e-07,5.830223977831653e-07,2.276438650983834e-06
2023-11-09,0.0,4.0523381918156825e-07,2.2247521314434986e-07,4.9934625796391e-07,3.1813497649161337e-07,4.90219316793634e-07,2.1558747392830834e-06
2023-11-10,3.505255762991903e-06,2.0154710364646044e-07,6.979597873024291e-07,2.0160645587581952e-07,2.2833445443743735e-07,5.426918589392373e-07,2.2214851911817606e-06
2023-11-11,1.1801613896942383e-06,4.009949051609158e-07,2.0142125708081398e-07,4.1731987223566764e-07,2.072314521632206e-07,5.304942286272298e-07,2.630326117378457e-06
2023-11-12,2.3840444176938987e-06,9.973392571339758e-07,4.0689114873755865e-07,6.442578163125061e-07,1.8576232768947327e-07,4.835046943747245e-07,2.5742498623648375e-06
2023-11-13,4.816008924855601e-06,5.953745916734966e-07,5.137255909593002e-07,2.1677557381237587e-07,1.8733749651032184e-07,5.940346607167594e-07,2.8693220103074605e-06
2023-11-14,0.0,5.924051670219223e-07,6.226663427806249e-07,4.376404398505557e-07,3.54246373569256e-07,9.082589097990986e-07,3.2488442816617764e-06
2023-11-15,2.4566493793592495e-06,5.894949833807226e-07,5.241035363027152e-07,7.731036188488311e-07,1.6672617085330352e-07,7.09558815805717e-07,2.772498664068069e-06
2023-11-16,2.481339116089028e-06,1.3806938215717243e-06,4.234966915295686e-07,9.125629286273237e-07,2.642420630619186e-07,9.676988021986216e-07,2.9579833133865374e-06
2023-11-17,0.0,1.3858815886791682e-06,3.2081467802927484e-07,3.454553397811473e-07,2.665122820665831e-07,6.011919448460516e-07,3.0812836284603518e-06
2023-11-18,2.5314654912948324e-06,2.3186799085006425e-06,5.400648652442044e-07,4.856403031512035e-07,3.6655793525665717e-07,6.61936719603008e-07,3.2381534439542114e-06
2023-11-19,0.0,4.655578078251523e-07,5.99906056740035e-07,6.128327113846641e-07,2.7113290411577465e-07,7.017637723582026e-07,2.7957023768650077e-06
2023-11-20,2.5826044864504776e-06,1.4022785703567742e-06,1.090683383121138e-06,9.898821241794524e-07,1.9889728671007785e-07,8.360048860284554e-07,3.107320186355245e-06
2023-11-21,1.3042800465258135e-06,1.4080239462636963e-06,7.344299555716208e-07,8.740210596695537e-07,2.758619829417661e-07,8.203236836533432e-07,3.3355360638829846e-06
2023-11-22,0.0,9.426067504924013e-07,4.945407328911558e-07,3.779925700784599e-07,3.665326875023696e-07,6.957141364622149e-07,3.4490318680101105e-06
2023-11-23,3.9918847537073825e-06,1.893250263205792e-06,4.995109498866388e-07,2.6395119167144583e-07,2.275614706296314e-07,6.569052688315194e-07,3.368040578350878e-06
2023-11-24,4.032003862462885e-06,4.753690880077039e-07,5.045311183933711e-07,5.314115820045952e-07,3.4438068100713895e-07,9.198935276872453e-07,3.675400243002912e-06
2023-11-25,6.787543624941079e-06,4.774731475189028e-07,2.5480087021619326e-07,2.726523278718371e-07,2.9678903933573644e-07,8.053026949321662e-07,2.9057714246701054e-06
2023-11-26,2.742303828985127e-06,9.592499094854985e-07,1.1581274769077588e-06,8.235364791630023e-07,2.689387912237446e-07,9.481934997107348e-07,3.59685612859058e-06
2023-11-27,5.539728881323963e-06,1.7605179351760726e-06,7.798445677036317e-07,7.168254412280701e-07,4.814121620418935e-07,1.0524589449945757e-06,3.4813437387237825e-06
2023-11-28,2.79770204109113e-06,0.0,9.774185549640522e-07,1.1825443248327443e-06,3.9386673550345805e-07,1.365625571220417e-06,4.0390645960422745e-06
2023-11-29,1.412909707027907e-06,1.4368662052862131e-06,1.6881934638878793e-06,6.030958995312218e-07,3.561625941344978e-07,1.196420553180579e-06,4.129638710500235e-06
2023-11-30,5.708438742633522e-06,1.814133688408668e-06,7.411167322563864e-07,9.256924911695072e-07,3.250271884494955e-07,1.2034181288413014e-06,4.010032718464138e-06
2023-12-01,3.037467751835649e-06,7.462413434515751e-07,9.342592996701258e-07,3.1062716181049697e-07,4.895407468011628e-07,1.262247983865027e-06,3.480474103884674e-06
2023-12-02,3.06799481025437e-06,7.537411936383774e-07,7.535531854407792e-07,9.377764009722975e-07,3.2766887506063926e-07,8.986761671799255e-07,3.670995549810489e-06
2023-12-03,3.0988286707107868e-06,7.613164185726635e-07,1.7094921459569203e-06,9.682318206656274e-07,6.239205263954333e-07,8.923345319556175e-07,3.1337289716757437e-06
2023-12-04,4.6949586249249614e-06,7.689677757832391e-07,6.06602031368967e-07,6.490346148538017e-07,2.0906650387658632e-07,1.1952221070660714e-06,4.228569634896851e-06
2023-12-05,3.161429162372475e-06,3.883480152061009e-07,9.889762699272842e-07,1.1397690928565612e-06,5.241216901877697e-07,1.2826560224024604e-06,4.565901989060418e-06
2023-12-06,4.6949586249249614e-06,2.3535058658743633e-06,2.2428160651767924e-06,1.4939073443605347e-06,4.2050362663188955e-07,1.479901998746445e-06,4.1460783433064064e-06
2023-12-07,6.1976573414215735e-06,1.188579496529985e-06,7.535532688309114e-07,1.166296585144639e-06,4.0470670364166915e-07,1.541308834952028e-06,4.30342796156344e-06
2023-12-08,3.06799481025437e-06,4.00174973020976e-07,2.2787296156732136e-06,1.0190298971499806e-06,5.415557432483973e-07,9.261961356872476e-07,3.6677456830903584e-06
2023-12-09,0.0,4.041967983627392e-07,1.020901022095204e-06,6.817496468543341e-07,2.7177835216676265e-07,1.3246848330760228e-06,3.810576696304212e-06
2023-12-10,3.007244442723344e-06,1.2247771311635115e-06,2.3155546883993704e-06,1.0263213067122395e-06,2.3804292467910813e-07,1.1316692500985368e-06,4.0093662202080185e-06
2023-12-11,2.9773218605613562e-06,1.6494484612967639e-06,1.2968409080461156e-06,1.3807937007117008e-06,4.4256382059153954e-07,1.3916738929388417e-06,4.741429065638536e-06
2023-12-12,4.421545519599802e-06,1.2495192704471403e-06,1.830349121903059e-06,6.932377965418516e-07,5.794282362643547e-07,8.83588068578505e-07,5.754474685683179e-06
2023-12-13,2.9183669377294416e-06,8.413847652600145e-07,2.3725337258301973e-06,8.701850838565087e-07,4.77792915752122e-07,8.582107239737734e-07,4.556414523833734e-06
2023-12-14,4.3339930522771535e-06,0.0,2.3919986931347345e-06,1.2226866343238467e-06,4.775743036292834e-07,1.4644174715334576e-06,4.2978562883375695e-06
2023-12-15,1.4302897002923483e-06,8.583818649963641e-07,1.8757688929014962e-06,1.0664072937221565e-06,3.7458230432012345e-07,1.4982970418419322e-06,4.707732354293584e-06
2023-12-16,1.416058079987587e-06,8.670087461615975e-07,1.1376535024263702e-06,5.347778920641878e-07,2.379778000289786e-07,1.0569927142294081e-06,4.102649702175557e-06
2023-12-17,1.4019680666708766e-06,1.3135834933859348e-06,8.595542268288366e-07,5.364056155021537e-07,5.759776903083756e-07,1.1188990740682582e-06,4.575048045140354e-06
2023-12-18,1.3880182513291438e-06,8.845234846489791e-07,3.175165704248545e-06,1.8194609049592614e-06,4.0522368923371943e-07,1.5646952701378409e-06,5.047071483036591e-06
2023-12-19,5.49682895587692e-06,2.2335327336489292e-06,2.6173228058245327e-06,1.4596323751715864e-06,4.982851151639908e-07,1.3908268340723885e-06,4.4313821128047795e-06
2023-12-20,2.721067296956779e-06,3.1583721551340845e-06,5.860098882622509e-07,9.149012442685286e-07,4.6157222381703145e-07,1.3670819028403511e-06,4.3572512988065235e-06
2023-12-21,1.3469961124861783e-06,3.190114323007166e-06,8.856766317276628e-07,7.336491196944177e-07,4.959201520187207e-07,9.329561547913435e-07,5.176632342501816e-06
2023-12-22,1.3335932772277167e-06,9.17688965005083e-07,1.487378332438647e-06,1.8369394877724728e-06,5.301558396114075e-07,8.358767807947874e-07,4.204345560256592e-06
2023-12-23,1.320323802408309e-06,1.3860126967897583e-06,2.098288758165487e-06,7.495310844332239e-07,5.099838429167249e-07,1.1654664291920378e-06,4.1257285695829475e-06
2023-12-24,2.6143727221388315e-06,9.304203656643901e-07,2.4108368075097475e-06,3.7535918383447457e-07,4.727707978314309e-07,1.2253662114948268e-06,4.393224083547608e-06
2023-12-25,0.0,0.0,2.120886604955135e-06,5.707246124818307e-07,2.541713179228956e-07,9.815647550566197e-07,4.652322512561428e-06
2023-12-26,5.1252093475397055e-06,1.8870478937514668e-06,1.8278597946575563e-06,7.606079334066522e-07,4.350842777989584e-07,1.1218275209902028e-06,4.96338768783643e-06
2023-12-27,1.268553165615342e-06,4.751084686591163e-07,3.982332407236172e-06,3.794880747439876e-07,3.620748375765629e-07,1.8242147055577053e-06,5.566570447949423e-06
2023-12-28,3.7677925521583505e-06,0.0,9.24161575986227e-07,9.467753297709113e-07,7.593928680229117e-07,1.3743497390800053e-06,5.1331495349104405e-06
2023-12-29,1.243434129955243e-06,1.927777328933853e-06,1.2392210434865592e-06,7.559401208030503e-07,5.056696780364484e-07,1.436520289625469e-06,4.195195131405001e-06
2023-12-30,4.924247014560919e-06,4.854343841786145e-07,2.7914947162942747e-06,5.659016793235531e-07,2.5223283835063956e-07,1.5298334080931794e-06,4.731170418755272e-06
2023-12-31,3.6564374535794058e-06,9.77945959933427e-07,2.17390540619908e-06,1.1293036065773977e-06,3.9545952470684755e-07,1.3365900553846759e-06,4.060658812938854e-06
2024-01-01,1.085435996444458e-06,1.4172867914592924e-06,1.8637894420604232e-06,5.763735976285965e-07,7.137608343508377e-07,1.5029043667096304e-06,4.357421345527476e-06
2024-01-02,1.0746357278251983e-06,1.903668168254794e-06,2.4886804305338776e-06,7.669263338772986e-07,5.341981976808783e-07,1.404443169285622e-06,4.2881246732962825e-06
2024-01-03,1.0639429236742537e-06,1.4383582372253149e-06,6.231392854427045e-07,7.654312308556306e-07,3.1987751391813777e-07,2.068671423354248e-06,4.334943817324118e-06
2024-01-04,3.1600695441068965e-06,9.660727901879282e-07,1.8725123330993045e-06,7.777359608500735e-07,3.9021656330030726e-07,1.6124577630940052e-06,4.3142242448732575e-06
2024-01-05,1.042875442259614e-06,0.0,0.0,3.8809785401414994e-07,4.6033087771530344e-07,1.108725813801988e-06,3.925518058941472e-06
2024-01-06,2.064997316460442e-06,1.4204149008899437e-06,1.25284224879907e-06,5.810498065681206e-07,3.727170715589617e-07,1.4391906679941177e-06,4.72647938981762e-06
2024-01-07,1.0222251249270693e-06,9.3752102432062e-07,1.8829206116363495e-06,1.9316897078586936e-07,4.468072407684403e-07,1.5007681567938816e-06,4.418491989444948e-06
2024-01-08,3.0361614449648024e-06,0.0,6.282120639750353e-07,5.780219693212551e-07,5.579983459531801e-07,1.0735620584598476e-06,4.451449919006805e-06
2024-01-09,1.0019837112743457e-06,1.378435296354393e-06,9.432701187017948e-07,9.609913816058686e-07,4.088651902466305e-07,1.1990014838574278e-06,4.848906062159249e-06
2024-01-10,9.920138067665401e-07,1.364719635989652e-06,9.443164692389679e-07,5.70181017348687e-07,3.342865748078256e-07,1.1410109189941951e-06,4.273061040105796e-06
2024-01-11,9.821431044660925e-07,1.3511404487257802e-06,6.303048348066655e-07,7.585590025371035e-07,4.813370020386838e-07,1.0753296810839512e-06,4.082982889072492e-06
2024-01-12,9.723706172945466e-07,1.7835951688436465e-06,6.311283877960888e-07,1.7898145543700742e-07,2.2147557800545902e-07,1.1993978810714404e-06,4.013557747427912e-06
2024-01-13,9.626953679950417e-07,1.7658481003894716e-06,1.8960451624507004e-06,7.141244548744378e-07,6.624532930524381e-07,1.1644386323301743e-06,4.075443854617526e-06
2024-01-14,0.0,8.741388091084402e-07,6.329649225364745e-07,5.340438631699419e-07,2.2004083187315727e-07,1.4428262175778265e-06,3.916412650954618e-06
2024-01-15,9.436327225072986e-07,4.327204913157535e-07,9.509671319136622e-07,7.10063720020547e-07,4.1596139851485724e-07,1.224571633531111e-06,3.929741532862547e-06
2024-01-16,2.8027302601158774e-06,1.7136594019480804e-06,2.2226912808993186e-06,7.074679291485287e-07,2.4192021989655244e-07,1.0677092951906854e-06,3.908929136272561e-06
2024-01-17,9.249475426904957e-07,0.0,9.214649686811172e-07,1.2328660106685712e-06,5.169010347493472e-07,1.0632864002288593e-06,3.825789770759239e-06
2024-01-18,9.157441608674268e-07,6.809996357160248e-07,1.2303154603559403e-06,8.51432636336736e-07,3.241659595053698e-07,1.0260492619988243e-06,3.6390821972028662e-06
2024-01-19,0.0,6.7944502249986e-07,2.1462947163530916e-06,3.3895478181581225e-07,3.3952986452128886e-07,7.880164951067298e-07,3.432065129674826e-06
2024-01-20,1.795222423141319e-06,1.3559167087043029e-06,1.8340731500087212e-06,5.060556072863624e-07,4.304516482038974e-07,9.36632815458362e-07,3.165735744035838e-06
2024-01-21,8.886798307869209e-07,4.735776378233916e-06,1.52387376951278e-06,1.3432790608838653e-06,2.450385276855347e-07,1.2719459869756155e-06,3.7299909936059874e-06
2024-01-22,0.0,2.0255647961087526e-06,2.1273078903978658e-06,9.920130207255642e-07,3.435833747294584e-07,7.877966714127217e-07,3.089098941012811e-06
2024-01-23,8.710827911318117e-07,6.739045675235188e-07,8.89837192274989e-07,1.2889049042922436e-06,2.562959196786912e-07,1.0128669817957183e-06,3.7193545031585944e-06
2024-01-24,8.624153725418114e-07,1.3453765213915898e-06,8.822552199492758e-07,6.00859426739078e-07,3.115810354749121e-07,9.539891461514663e-07,2.4715011667364246e-06
2024-01-25,0.0,2.014617669764148e-06,1.4579357898012883e-06,7.471883646215954e-07,3.9447247740325745e-07,9.886068759646918e-07,2.791066220595798e-06
2024-01-26,0.0,6.704573402955804e-07,1.1564736062515044e-06,1.189403464445543e-06,2.8030480062104216e-07,8.515455384710554e-07,2.8895625027983095e-06
2024-01-27,0.0,6.694425036291906e-07,8.600356717397509e-07,4.435321699516691e-07,2.788715766676934e-07,7.60072938777058e-07,3.0018771776670746e-06
2024-01-28,0.0,6.684946117710345e-07,1.1370695240996622e-06,4.335158974921255e-07,3.3295948812528637e-07,9.133301042750425e-07,2.8242502109659837e-06
2024-01-29,0.0,6.676135699311362e-07,1.4094231588912004e-06,7.186425306195448e-07,3.7173845907716845e-07,9.201955094799143e-07,2.4153298729581403e-06
2024-01-30,0.0,2.000397870013732e-06,1.9567104986075297e-06,5.714163217968504e-07,2.961082565161828e-07,8.655085020233464e-07,3.0858593751794555e-06
2024-01-31,0.0,1.3321033811253742e-06,1.1088138556844785e-06,7.099697015080332e-07,1.9657023789536018e-07,1.2758068996972763e-06,2.424995848301851e-06
2024-02-01,0.0,6.5867871875995e-07,1.6506540363913915e-06,1.2699876835015142e-06,2.2012026227030723e-07,9.984817951799458e-07,2.6980507941233827e-06
2024-02-02,0.0,1.3161408851396888e-06,1.0913436837182988e-06,5.545244502620229e-07,1.573252522124332e-07,1.4033687469261292e-06,2.3288690013442634e-06
2024-02-03,0.0,6.575279739723899e-07,1.3529505980668721e-06,1.0618982602047922e-06,2.0984268664036822e-07,7.785917295914167e-07,2.0317509296915354e-06
2024-02-04,0.0,6.570512587202743e-07,2.334281941011114e-06,0.0,8.368912242605005e-08,6.72011846306796e-07,1.7926888039167263e-06
2024-02-05,0.0,1.3132804982831506e-06,2.311055447621739e-06,6.558832926032187e-07,2.467279263491118e-07,1.0173198455149463e-06,2.0487886294288137e-06
2024-02-06,0.0,1.9688847124049774e-06,1.2711444787238957e-06,6.516604021596275e-07,2.0834001082680107e-07,1.1501958783541264e-06,2.5398234930799068e-06
2024-02-07,0.0,1.3120303783314745e-06,2.2652934836971783e-06,2.5323768389778623e-07,2.6376137721268944e-07,9.3857193440063e-07,2.769720635025612e-06
2024-02-08,0.0,0.0,9.967793053010958e-07,6.291446033491004e-07,2.436470372173844e-07,8.973149409309984e-07,2.221027098368454e-06
2024-02-09,0.0,6.556525440125515e-07,9.86861185497961e-07,1.2168960639154273e-07,7.458374169266949e-08,6.124709658233276e-07,2.380336748229338e-06
2024-02-10,0.0,1.2275377723666248e-06,0.0,8.114068311841968e-07,3.339298020503296e-07,6.854558497296298e-07,1.930257325675935e-06
2024-02-11,0.0,0.0,4.836600123815166e-07,4.538127672274264e-07,2.0263754812538104e-07,5.923349837658592e-07,1.8903125412166102e-06
2024-02-12,0.0,6.146273332031339e-07,1.0904557518105676e-06,7.889024474660538e-07,2.5654715214913963e-07,8.384861778682964e-07,2.5928847279361158e-06
2024-02-13,0.0,1.8454461857535405e-06,6.47763321474526e-07,5.089443408730936e-07,1.373574296209347e-07,7.950269510866813e-07,2.444437829977693e-06
2024-02-14,0.0,0.0,1.068863281224439e-06,1.9542576587322385e-07,1.5610036670302205e-07,7.560079702598886e-07,2.321501366219702e-06
2024-02-15,0.0,1.8491283713858626e-06,2.116455827753692e-06,7.826085494690611e-07,2.9106829501127997e-07,7.329150426361276e-07,1.7507815381317274e-06
2024-02-16,0.0,6.170822463652257e-07,6.286190221215002e-07,0.0,3.6667151206683976e-07,6.385062738269013e-07,2.1962789742060156e-06
2024-02-17,0.0,6.178500776740375e-07,6.223641583429559e-07,3.433774729837173e-07,2.3033253762704768e-07,5.774659445717265e-07,1.722644556276921e-06
2024-02-18,0.0,1.2373593890109866e-06,8.136264818720709e-07,2.559036119124738e-07,1.767968993724159e-07,6.874301491279765e-07,1.832234501688686e-06
2024-02-19,0.0,1.8587135394659035e-06,1.288849220978183e-06,4.112254394505234e-07,2.4630830821878167e-07,8.815431454871844e-07,1.8393400149316357e-06
2024-02-20,0.0,6.205246227727358e-07,6.380124784785974e-07,3.97794356157169e-07,1.7508970596590037e-07,7.100394153893308e-07,1.6004228246046949e-06
2024-02-21,0.0,1.2430802374057728e-06,6.316641482476299e-07,4.7350841505695537e-07,2.6139362276662135e-07,7.041069407118596e-07,1.5176575897442695e-06
2024-02-22,0.0,1.2452355383257184e-06,1.0944132236762828e-06,3.131406359742702e-07,1.5610729569869855e-07,5.81317718598126e-07,1.514690597531843e-06
2024-02-23,0.0,0.0,9.287345401316528e-07,2.326443064362038e-07,2.41724044484353e-07,6.662836244110028e-07,1.3311876863972816e-06
2024-02-24,0.0,3.7415582267938246e-07,1.532489128424088e-07,7.429731817497634e-08,2.578271683797078e-07,5.781664024141496e-07,1.170179691757473e-06
2024-02-25,0.0,3.779161512128246e-07,6.068962427274703e-07,2.944031492430037e-07,1.8754939625606882e-07,6.069684013870877e-07,1.1388588584968086e-06
2024-02-26,0.0,7.634285433526385e-07,1.0515006673768217e-06,3.3934326296198574e-07,2.1987052548650004e-07,6.025630965664719e-07,1.5439742521015967e-06
2024-02-27,0.0,1.2828425840952172e-06,1.3805341945777677e-07,4.034217085247683e-07,1.5100182811684367e-07,6.462228276716735e-07,1.3569879985714003e-06
2024-02-28,0.0,0.0,4.100392949480282e-07,3.3305987000182684e-07,1.331561781655963e-07,5.506153949822376e-07,1.2305087351575282e-06
2024-02-29,0.0,1.3087577233373268e-06,5.412791143918951e-07,5.939429204956157e-07,1.9815273726750128e-07,6.842257138767336e-07,1.1515402873956637e-06
2024-03-01,0.0,1.289322974631882e-06,5.361061198137708e-07,1.3093246471230612e-07,8.146752889341257e-08,5.899197229777141e-07,1.1342454788952093e-06
2024-03-02,0.0,6.511404429761945e-07,6.634647184919194e-07,1.7943242460964886e-07,1.3477375427706574e-07,5.263743921377765e-07,1.2403994581503602e-06
2024-03-03,0.0,6.576845132233645e-07,5.254905073930907e-07,4.148310502210614e-07,1.6053812546342007e-07,3.648713444628784e-07,9.082672063949053e-07
2024-03-04,0.0,0.0,5.202617894812952e-07,3.9335479739321715e-07,1.5087619512526934e-07,6.053662251544935e-07,1.2569628052707114e-06
2024-03-05,0.0,0.0,9.01398921818502e-07,2.2272492991436657e-07,1.4980225899231158e-07,4.394195395353623e-07,1.196633326093084e-06
2024-03-06,0.0,6.777139885620277e-07,6.374498947772051e-07,2.506251259574243e-07,1.6113857847759604e-07,4.7588412685441657e-07,1.1551096357641494e-06
2024-03-07,0.0,1.3527553566322163e-06,1.1768500086474405e-07,1.3892320071099968e-07,8.07768634228854e-08,4.502118081060841e-07,1.2259702148880843e-06
2024-03-08,0.0,6.7510900640167e-07,4.6605606216364204e-07,2.6325257317359183e-07,1.2652753973296998e-07,3.234538514757127e-07,9.56990546766728e-07
2024-03-09,0.0,1.3478156919009298e-06,2.906900947673999e-07,1.6385145750868828e-07,9.158749790460344e-08,3.5666190158689005e-07,8.86153739627382e-07
2024-03-10,0.0,0.0,3.597470999962427e-07,1.6241801169474246e-07,1.595372200425763e-07,4.4692722861272807e-07,9.136984893037104e-07
2024-03-11,0.0,6.717075857087597e-07,2.1370053392581529e-07,3.6225181758895856e-07,2.495621426682199e-07,3.767038572670041e-07,1.0542468867353362e-06
2024-03-12,0.0,2.0121247976712057e-06,3.5262363014226975e-07,2.5102247574759246e-07,9.034468944635796e-08,3.928253576832095e-07,1.0865315626119426e-06
2024-03-13,0.0,2.009328052372676e-06,1.1830490754741468e-07,2.8443409764024775e-07,1.216466363188675e-07,4.6759357049623806e-07,1.1348664867225658e-06
2024-03-14,0.0,2.0067322415538284e-06,7.940859500318911e-08,2.820138095014688e-07,8.395026318695123e-08,4.3351240429542054e-07,9.716870028974812e-07
2024-03-15,0.0,1.336224737087613e-06,4.7171079768697436e-08,1.6213991323515222e-07,1.208884724713924e-07,3.456779175521741e-07,9.8485486638198e-07
2024-03-16,0.0,0.0,4.670171968276764e-08,6.431517728539727e-08,8.344214489127601e-08,3.8765303971631185e-07,8.337434608414985e-07
2024-03-17,0.0,6.667159734857554e-07,3.08246865384829e-08,2.349254215898247e-07,1.2942317836514086e-07,4.331493917694265e-07,1.0400764082136346e-06
2024-03-18,0.0,1.3322356348556765e-06,6.103595156559043e-08,1.4563405029016057e-07,1.0140460558083057e-07,3.4969454030845966e-07,9.831203178571375e-07
2024-03-19,0.0,6.655862737067637e-07,1.2085726740047013e-07,2.889085512261437e-08,1.3790415213093278e-07,3.590375194867341e-07,1.1652104978754248e-06
2024-03-20,0.0,1.995363867503151e-06,8.974103812291066e-08,1.264573949819162e-07,1.2837354803632399e-07,3.7859591313068195e-07,7.109586921503525e-07
2024-03-21,0.0,6.647228173118566e-07,1.4808016645677578e-07,1.505686459230341e-07,9.146385110397093e-08,3.776757369964843e-07,9.287053894651715e-07
2024-03-22,0.0,1.9931724548749944e-06,5.864269767283199e-08,2.2410521228675298e-07,1.1861389437918185e-07,4.1654022835146767e-07,8.267821037900904e-07
2024-03-23,0.0,2.656501035627853e-06,8.708878962238506e-08,7.395844272227395e-08,1.456451000756734e-07,2.8315277587313686e-07,7.887768332974599e-07
2024-03-24,0.0,6.639261126015918e-07,5.748149445803906e-08,1.0941390957605243e-07,9.08240207744483e-08,2.516672945080929e-07,8.009491631494247e-07
2024-03-25,0.0,0.0,0.0,1.0832522298561722e-07,8.156604283142859e-08,3.625399795834466e-07,8.558114478069739e-07
2024-03-26,0.0,0.0,0.0,1.71595790412403e-07,1.2662008121483586e-07,3.6024490760589454e-07,8.070287013146519e-07
2024-03-27,0.0,6.637269862090256e-07,0.0,9.355657622965503e-08,1.6247868874997037e-07,4.145099436434093e-07,8.692370203175971e-07
2024-03-28,0.0,2.6551734378430173e-06,0.0,9.262567274231134e-08,6.411297988315771e-08,3.276760901078424e-07,6.96391428237493e-07
2024-03-29,0.0,1.9917783378047755e-06,0.0,3.6681612759772075e-08,6.413883966264595e-08,3.256611292905026e-07,6.809972234816203e-07
2024-03-30,0.0,0.0,0.0,0.0,4.9910865961871956e-08,3.699185541228307e-07,8.438905047406132e-07
2024-03-31,0.0,6.643908182916648e-07,0.0,3.595526816188073e-08,8.561307234835659e-08,2.7390358800900203e-07,8.335255616744566e-07
2024-04-01,0.0,1.9807072116690492e-06,0.0,7.216413872530651e-08,1.0815248317572066e-07,3.4034760329738955e-07,8.651455719226039e-07
2024-04-02,0.0,2.642526077093264e-06,0.0,1.0002453096669827e-07,7.174007110116947e-08,4.145916621455112e-07,8.96232606272453e-07
2024-04-03,0.0,1.322186730052142e-06,0.0,5.811119317732628e-08,4.164163547760545e-08,3.283347251294066e-07,8.18492498033969e-07
2024-04-04,0.0,0.0,0.0,2.3013190857671062e-08,5.327879187142881e-08,2.2692535345332755e-07,7.607062441137078e-07
2024-04-05,0.0,1.9866463169694953e-06,0.0,1.02528926022038e-07,4.713214760211534e-08,1.8025114609925994e-07,7.77854073379899e-07
2024-04-06,0.0,6.628757794091689e-07,0.0,1.1278749573622162e-08,3.518256176274831e-08,2.2292097021505514e-07,7.140746489625571e-07
2024-04-07,0.0,1.990807223876536e-06,0.0,4.466609656105249e-08,7.58756507370448e-08,2.400152694141782e-07,5.703357013823803e-07
2024-04-08,0.0,1.9931861919069646e-06,0.0,5.5277076843117885e-08,6.972000487671251e-08,1.7738840671404382e-07,7.41899719705533e-07
2024-04-09,0.0,6.652548267391927e-07,0.0,5.472706073866885e-08,8.675989949150287e-08,1.5139945049678348e-07,8.589334864726894e-07
2024-04-10,0.0,0.0,0.0,2.314761413024965e-08,8.637846894936442e-08,1.83339711087453e-07,8.026756220354106e-07
2024-04-11,0.0,2.6686934252816725e-06,0.0,2.2917291521343557e-08,4.586969404058838e-08,1.1344715655109587e-07,7.601074393447089e-07
2024-04-12,0.0,6.682326483193295e-07,0.0,1.7016945495515556e-08,6.851318747371698e-08,1.598313754205448e-07,6.256926058627912e-07
2024-04-13,0.0,1.3387175282798703e-06,0.0,8.997898892691692e-09,6.254296149052719e-08,1.6334557591020515e-07,6.553179114898841e-07
2024-04-14,0.0,0.0,0.0,1.336255245420185e-08,2.8312919156855524e-08,1.5285701875751455e-07,6.030400735132056e-07
2024-04-15,0.0,1.3436238487800215e-06,0.0,6.6147964178735405e-09,3.378285687956701e-08,1.6319474718637187e-07,7.703280005188064e-07
2024-04-16,0.0,6.731392141375499e-07,0.0,8.731970791733722e-09,5.2505749551554374e-08,1.4137456578052936e-07,7.314755764926379e-07
2024-04-17,0.0,6.66441367046927e-07,0.0,6.483814672993922e-09,2.248527386583006e-08,1.4396694721444174e-07,6.937485324471453e-07
2024-04-18,0.0,6.598101646483782e-07,0.0,4.279533092705366e-09,2.6215387548304733e-08,1.399689693408389e-07,6.689079840972581e-07
2024-04-19,0.0,1.3064898876322764e-06,0.0,6.355426540435515e-09,4.1172335516832847e-08,1.5589828667918245e-07,5.524097041573228e-07
2024-04-20,0.0,6.467450480226521e-07,0.0,8.389585319684309e-09,4.489437741496244e-08,9.260824368510284e-08,5.559832088423888e-07
2024-04-21,0.0,1.920929481818773e-06,0.0,2.076526887744478e-09,4.11381384294891e-08,1.3243645460390007e-07,5.086996226705904e-07
2024-04-22,0.0,6.339386380395174e-07,0.0,6.167595299961292e-09,4.112721141005414e-08,1.378427252405062e-07,5.688020268811959e-07
2024-04-23,0.0,0.0,0.0,6.106226701358828e-09,3.36439613012997e-08,8.987125645397988e-08,6.326055917989818e-07
2024-04-24,0.0,1.8641574358926789e-06,0.0,1.0075781217525064e-08,2.6165805881086787e-08,1.2193147529297743e-07,4.786257539031378e-07
2024-04-25,0.0,3.691217518975644e-06,0.0,1.5960840830885887e-08,5.233340581600031e-08,1.435568221912037e-07,5.975757135600481e-07
2024-04-26,0.0,1.8305576801646483e-06,0.0,1.5802027811115508e-08,4.44108683379933e-08,1.259774524957828e-07,4.6211377717476343e-07
2024-04-27,0.0,7.249373307661091e-07,0.0,7.822397503647317e-09,3.664081067890538e-08,6.396100302543255e-08,5.141941621805931e-07
2024-04-28,0.0,0.0,0.0,1.1616845022008903e-08,1.813811426054251e-08,1.1081801572057917e-07,5.212784806810136e-07
2024-04-29,0.0,1.0658739147712208e-06,0.0,1.1501255482729764e-08,2.154916440980823e-08,1.285237051332416e-07,5.427943843040405e-07
2024-04-30,0.0,3.517560973722741e-07,0.0,3.7956053595277695e-09,3.555791106894021e-08,9.310600456097045e-08,5.592730490458678e-07
2024-05-01,0.0,0.0,0.0,3.764857922981844e-09,3.526617401098916e-09,3.689951148844274e-08,1.0046499031396464e-07
2024-05-02,0.0,0.0,0.0,0.0,0.0,0.0,0.0
2024-05-03,0.0,0.0,0.0,0.0,0.0,0.0,0.0
2024-05-04,0.0,0.0,0.0,0.0,0.0,0.0,0.0
2024-05-05,0.0,0.0,0.0,0.0,0.0,0.0,0.0
2024-05-06,0.0,0.0,0.0,0.0,0.0,0.0,0.0
2024-05-07,0.0,0.0,0.0,0.0,0.0,0.0,0.0
2024-05-08,0.0,0.0,0.0,0.0,0.0,0.0,0.0
2024-05-09,0.0,0.0,0.0,0.0,0.0,0.0,0.0
2024-05-10,0.0,0.0,0.0,0.0,0.0,0.0,0.0
2024-05-11,0.0,0.0,0.0,0.0,0.0,0.0,0.0
2024-05-12,0.0,0.0,0.0,0.0,0.0,0.0,0.0
2024-05-13,0.0,0.0,0.0,0.0,0.0,0.0,0.0
2024-05-14,0.0,0.0,0.0,0.0,0.0,0.0,0.0
2024-05-15,0.0,0.0,0.0,0.0,0.0,0.0,0.0
2024-05-16,0.0,0.0,0.0,0.0,0.0,0.0,0.0
2024-05-17,0.0,0.0,0.0,0.0,0.0,0.0,0.0
2024-05-18,0.0,0.0,0.0,0.0,0.0,0.0,0.0
2024-05-19,0.0,0.0,0.0,0.0,0.0,0.0,0.0
2024-05-20,0.0,0.0,0.0,0.0,0.0,0.0,0.0
2024-05-21,0.0,0.0,0.0,0.0,0.0,0.0,0.0
2024-05-22,0.0,0.0,0.0,0.0,0.0,0.0,0.0
2024-05-23,0.0,0.0,0.0,0.0,0.0,0.0,0.0
2024-05-24,0.0,0.0,0.0,0.0,0.0,0.0,0.0
2024-05-25,0.0,0.0,0.0,0.0,0.0,0.0,0.0
2024-05-26,0.0,0.0,0.0,0.0,0.0,0.0,0.0
2024-05-27,0.0,0.0,0.0,0.0,0.0,0.0,0.0
2024-05-28,0.0,0.0,0.0,0.0,0.0,0.0,0.0
2024-05-29,0.0,0.0,0.0,0.0,0.0,0.0,0.0
2024-05-30,0.0,0.0,0.0,0.0,0.0,0.0,0.0
2024-05-31,0.0,0.0,0.0,0.0,0.0,0.0,0.0
2024-06-01,0.0,0.0,0.0,0.0,0.0,0.0,0.0
2024-06-02,0.0,0.0,0.0,0.0,0.0,0.0,0.0
2024-06-03,0.0,0.0,0.0,0.0,0.0,0.0,0.0
2024-06-04,0.0,0.0,0.0,0.0,0.0,0.0,0.0
2024-06-05,0.0,0.0,0.0,0.0,0.0,0.0,0.0
2024-06-06,0.0,0.0,0.0,0.0,0.0,0.0,0.0
2024-06-07,0.0,0.0,0.0,0.0,0.0,0.0,0.0
2024-06-08,0.0,0.0,0.0,0.0,0.0,0.0,0.0
2024-06-09,0.0,0.0,0.0,0.0,0.0,0.0,0.0
2024-06-10,0.0,0.0,0.0,0.0,0.0,0.0,0.0
2024-06-11,0.0,0.0,0.0,0.0,0.0,0.0,0.0
2024-06-12,0.0,0.0,0.0,0.0,0.0,0.0,0.0
2024-06-13,0.0,0.0,0.0,0.0,0.0,0.0,0.0
2024-06-14,0.0,0.0,0.0,0.0,0.0,0.0,0.0
2024-06-15,0.0,0.0,0.0,0.0,0.0,0.0,0.0
2024-06-16,0.0,0.0,0.0,0.0,0.0,0.0,0.0
2024-06-17,0.0,0.0,0.0,0.0,0.0,0.0,0.0
2024-06-18,0.0,0.0,0.0,0.0,0.0,0.0,0.0
2024-06-19,0.0,0.0,0.0,0.0,0.0,0.0,0.0
2024-06-20,0.0,0.0,0.0,0.0,0.0,0.0,0.0
2024-06-21,0.0,0.0,0.0,0.0,0.0,0.0,0.0
2024-06-22,0.0,0.0,0.0,0.0,0.0,0.0,0.0
2024-06-23,0.0,0.0,0.0,0.0,0.0,0.0,0.0
2024-06-24,0.0,0.0,0.0,0.0,0.0,0.0,0.0
2024-06-25,0.0,0.0,0.0,0.0,0.0,0.0,0.0
2024-06-26,0.0,0.0,0.0,0.0,0.0,0.0,0.0
2024-06-27,0.0,0.0,0.0,0.0,0.0,0.0,0.0
2024-06-28,0.0,0.0,0.0,0.0,0.0,0.0,0.0
2024-06-29,0.0,0.0,0.0,0.0,0.0,0.0,0.0
2024-06-30,0.0,0.0,0.0,0.0,0.0,0.0,0.0
2024-07-01,0.0,0.0,0.0,0.0,0.0,0.0,0.0
2024-07-02,0.0,0.0,0.0,0.0,0.0,0.0,0.0
2024-07-03,0.0,0.0,0.0,0.0,0.0,0.0,0.0
2024-07-04,0.0,0.0,0.0,0.0,0.0,0.0,0.0
2024-07-05,0.0,0.0,0.0,0.0,0.0,0.0,0.0
2024-07-06,0.0,0.0,0.0,0.0,0.0,0.0,0.0
2024-07-07,0.0,0.0,0.0,0.0,0.0,0.0,0.0
2024-07-08,0.0,0.0,0.0,0.0,0.0,0.0,0.0
2024-07-09,0.0,0.0,0.0,0.0,0.0,0.0,0.0
2024-07-10,0.0,0.0,0.0,0.0,0.0,0.0,0.0
2024-07-11,0.0,0.0,0.0,0.0,0.0,0.0,0.0
2024-07-12,0.0,0.0,0.0,0.0,0.0,0.0,0.0
2024-07-13,0.0,0.0,0.0,0.0,0.0,0.0,0.0
2024-07-14,0.0,0.0,0.0,0.0,0.0,0.0,0.0
2024-07-15,0.0,0.0,0.0,0.0,0.0,0.0,0.0
2024-07-16,0.0,0.0,0.0,0.0,0.0,0.0,0.0
2024-07-17,0.0,0.0,0.0,0.0,0.0,0.0,0.0
2024-07-18,0.0,0.0,0.0,0.0,0.0,0.0,0.0
2024-07-19,0.0,0.0,0.0,0.0,0.0,0.0,0.0
2024-07-20,0.0,0.0,0.0,0.0,0.0,0.0,0.0
2024-07-21,0.0,0.0,0.0,0.0,0.0,0.0,0.0
2024-07-22,0.0,0.0,0.0,0.0,0.0,0.0,0.0
2024-07-23,0.0,0.0,0.0,0.0,0.0,0.0,0.0
2024-07-24,0.0,0.0,0.0,0.0,0.0,0.0,0.0
2024-07-25,0.0,0.0,0.0,0.0,0.0,0.0,0.0
2024-07-26,0.0,0.0,0.0,0.0,0.0,0.0,0.0
2024-07-27,0.0,0.0,0.0,0.0,0.0,0.0,0.0
2024-07-28,0.0,0.0,0.0,0.0,0.0,0.0,0.0
2024-07-29,0.0,0.0,0.0,0.0,0.0,0.0,0.0
2024-07-30,0.0,0.0,0.0,0.0,0.0,0.0,0.0
2024-07-31,0.0,0.0,0.0,0.0,0.0,0.0,0.0
2024-08-01,0.0,0.0,0.0,0.0,0.0,0.0,0.0
2024-08-02,0.0,0.0,0.0,0.0,0.0,0.0,0.0
2024-08-03,0.0,0.0,0.0,0.0,0.0,0.0,0.0
2024-08-04,0.0,0.0,0.0,0.0,0.0,0.0,0.0
2024-08-05,0.0,0.0,0.0,0.0,0.0,0.0,0.0
2024-08-06,0.0,0.0,0.0,0.0,0.0,0.0,0.0
2024-08-07,0.0,0.0,0.0,0.0,0.0,0.0,0.0
2024-08-08,0.0,0.0,0.0,0.0,0.0,0.0,0.0
2024-08-09,0.0,0.0,0.0,0.0,0.0,0.0,0.0
2024-08-10,0.0,0.0,0.0,0.0,0.0,0.0,0.0
2024-08-11,0.0,0.0,0.0,0.0,0.0,0.0,0.0
2024-08-12,0.0,0.0,0.0,0.0,0.0,0.0,0.0
2024-08-13,0.0,0.0,0.0,0.0,0.0,0.0,0.0
2024-08-14,0.0,0.0,0.0,0.0,0.0,0.0,0.0
2024-08-15,0.0,0.0,0.0,0.0,0.0,0.0,0.0
2024-08-16,0.0,0.0,0.0,0.0,0.0,0.0,0.0
2024-08-17,0.0,0.0,0.0,0.0,0.0,0.0,0.0
2024-08-18,0.0,0.0,0.0,0.0,0.0,0.0,0.0
2024-08-19,0.0,0.0,0.0,0.0,0.0,0.0,0.0
2024-08-20,0.0,0.0,0.0,0.0,0.0,0.0,0.0
2024-08-21,0.0,0.0,0.0,0.0,0.0,0.0,0.0
2024-08-22,0.0,0.0,0.0,0.0,0.0,0.0,0.0
2024-08-23,0.0,0.0,0.0,0.0,0.0,0.0,0.0
2024-08-24,0.0,0.0,0.0,0.0,0.0,0.0,0.0
2024-08-25,0.0,0.0,0.0,0.0,0.0,0.0,0.0
2024-08-26,0.0,0.0,0.0,0.0,0.0,0.0,0.0
2024-08-27,0.0,0.0,0.0,0.0,0.0,0.0,0.0
2024-08-28,0.0,0.0,0.0,0.0,0.0,0.0,0.0
2024-08-29,0.0,0.0,0.0,0.0,0.0,0.0,0.0
2024-08-30,0.0,0.0,0.0,0.0,0.0,0.0,0.0
2024-08-31,0.0,0.0,0.0,0.0,0.0,0.0,0.0
2024-09-01,0.0,0.0,0.0,0.0,0.0,0.0,0.0
2024-09-02,0.0,0.0,0.0,0.0,0.0,0.0,0.0
2024-09-03,0.0,0.0,0.0,0.0,0.0,0.0,0.0
2024-09-04,0.0,0.0,0.0,0.0,0.0,0.0,0.0
2024-09-05,0.0,0.0,0.0,0.0,0.0,0.0,0.0
2024-09-06,0.0,0.0,0.0,0.0,0.0,0.0,0.0
2024-09-07,0.0,0.0,0.0,0.0,0.0,0.0,0.0
2024-09-08,0.0,0.0,0.0,0.0,0.0,0.0,0.0
2024-09-09,0.0,0.0,0.0,0.0,0.0,0.0,0.0
2024-09-10,0.0,0.0,0.0,0.0,0.0,0.0,0.0
2024-09-11,0.0,0.0,0.0,0.0,0.0,0.0,0.0
2024-09-12,0.0,0.0,0.0,0.0,0.0,0.0,0.0
2024-09-13,0.0,0.0,0.0,0.0,0.0,0.0,0.0
2024-09-14,0.0,0.0,0.0,0.0,0.0,0.0,0.0
2024-09-15,0.0,0.0,0.0,0.0,0.0,0.0,0.0
2024-09-16,0.0,0.0,0.0,0.0,0.0,0.0,0.0
2024-09-17,0.0,0.0,0.0,0.0,0.0,0.0,0.0
2024-09-18,0.0,0.0,0.0,0.0,0.0,0.0,0.0
2024-09-19,0.0,0.0,0.0,0.0,0.0,0.0,0.0
2024-09-20,0.0,0.0,0.0,0.0,0.0,0.0,0.0
2024-09-21,0.0,0.0,0.0,0.0,0.0,0.0,0.0
2024-09-22,0.0,0.0,0.0,0.0,0.0,0.0,0.0
2024-09-23,0.0,0.0,0.0,0.0,0.0,0.0,0.0
2024-09-24,0.0,0.0,0.0,0.0,0.0,0.0,0.0
2024-09-25,0.0,0.0,0.0,0.0,0.0,0.0,0.0
2024-09-26,0.0,0.0,0.0,0.0,0.0,0.0,0.0
2024-09-27,0.0,0.0,0.0,0.0,0.0,0.0,0.0
2024-09-28,0.0,0.0,0.0,0.0,0.0,0.0,0.0
2024-09-29,0.0,0.0,0.0,0.0,0.0,0.0,0.0
2024-09-30,0.0,0.0,0.0,0.0,0.0,0.0,0.0
2024-10-01,0.0,0.0,9.731887694021683e-08,9.655096022498778e-08,0.0,1.9590562394764084e-07,3.429126249691436e-07
2024-10-02,0.0,0.0,9.829694791390962e-08,3.250710450246192e-08,0.0,1.978745082010428e-07,3.5809993564180675e-07
2024-10-03,0.0,0.0,3.3094949554769384e-08,8.208451583533545e-08,0.0,1.6988370305963673e-07,3.8579213942860343e-07
2024-10-04,0.0,0.0,2.0056535596462157e-07,6.632758314760287e-08,0.0,1.7663785862085928e-07,3.8437887238528807e-07
2024-10-05,0.0,0.0,1.0129053565168082e-07,5.546284272305576e-08,0.0,1.1724289337451246e-07,3.633449740970053e-07
2024-10-06,0.0,0.0,6.820568163935007e-08,5.602025355938541e-08,0.0,1.3386744804788254e-07,3.666958100939842e-07
2024-10-07,0.0,0.0,2.066734804077453e-07,1.0300078226736074e-07,0.0,1.716162947246359e-07,4.444573971053916e-07
2024-10-08,0.0,0.0,6.958352780590323e-08,1.0403595733894773e-07,0.0,2.0407130498944448e-07,4.665291414711579e-07
2024-10-09,0.0,0.0,7.028285388665842e-08,6.304892165577932e-08,0.0,1.6023178746256906e-07,4.6142725103776746e-07
2024-10-10,0.0,0.0,7.09892083113715e-08,4.245504923526435e-08,7.015419691799318e-08,2.65421115665971e-07,5.798545252882149e-07
2024-10-11,0.0,0.0,3.58513308580368e-08,2.144086478682267e-08,4.723950554578308e-08,1.7654617902693092e-07,5.798833268830421e-07
2024-10-12,0.0,0.0,3.6211642723349857e-08,8.662539624143716e-08,3.578570285211877e-08,1.4694823443487267e-07,5.414238460856257e-07
2024-10-13,0.0,0.0,3.657557578311172e-08,4.374799797369793e-08,3.614535514500695e-08,2.605033222092706e-07,5.833914364588208e-07
2024-10-14,0.0,0.0,1.477726657237266e-07,4.418767266293145e-08,8.033498026088288e-08,2.9501493007781277e-07,6.239928213145895e-07
2024-10-15,4.0499775800358973e-07,0.0,1.4925780570472295e-07,4.4631766156254435e-08,1.0548506830577052e-07,2.254982871266955e-07,8.426583517332295e-07
2024-10-16,0.0,7.501799021275538e-07,2.2613680738600757e-07,7.805489008040298e-08,6.086707886090427e-08,2.682899206990644e-07,8.864426819028142e-07
2024-10-17,4.1317925542309396e-07,6.30176207346006e-07,1.1420476004205864e-07,7.88393547674474e-08,1.5369700793345397e-07,2.4476180059401515e-07,8.565017525722619e-07
2024-10-18,4.173317759758082e-07,0.0,1.1535253696228865e-07,5.308780230377882e-08,8.279556722321167e-08,2.5009379558012205e-07,9.147637087371431e-07
2024-10-19,0.0,3.2145330559368696e-07,1.603942351240409e-07,8.043201538059463e-08,1.6725535301526682e-07,3.3734576172702417e-07,8.929923410788254e-07
2024-10-20,0.0,6.493679300493233e-07,1.0800414932424988e-07,0.0,1.2020064347799343e-07,2.7113504648330255e-07,8.145117782030197e-07
2024-10-21,4.3004142071714497e-07,0.0,1.6363441360611307e-07,9.770845855032056e-08,1.214086800285718e-07,3.067231988831735e-07,1.0306143625599408e-06
2024-10-22,4.3436340884846523e-07,6.624860324067203e-07,1.1018597786904956e-07,1.3158725984571701e-07,1.1036597179349452e-07,2.8767683126050137e-07,1.118702767808098e-06
2024-10-23,0.0,6.691441277233355e-07,1.6694004803544896e-07,1.7483250539607914e-07,1.3624742786163143e-07,4.5621452808709256e-07,1.288328829602216e-06
2024-10-24,0.0,0.0,1.6861782341124426e-07,1.0595376077223209e-07,1.4180950501532338e-07,5.50419379803447e-07,1.1634810163385992e-06
2024-10-25,0.0,0.0,1.70312460709896e-07,1.1484441811018162e-07,8.594082854091034e-08,3.8141130611001624e-07,1.3697767536137021e-06
2024-10-26,0.0,3.4476130014044106e-07,3.4404825879309256e-07,1.2643302948619652e-07,1.4072995187834646e-07,3.7406117250837114e-07,1.0229670256101006e-06
2024-10-27,4.566336970457533e-07,3.482262088110075e-07,1.1583533375966008e-07,2.1283950426248388e-07,2.211133733020656e-07,4.0468643074520167e-07,1.1997145458861422e-06
2024-10-28,0.0,3.517259403926446e-07,5.84997491090975e-08,8.897268953278005e-08,3.40124139959564e-07,7.397217146622641e-07,1.4881953725079612e-06
2024-10-29,0.0,3.5526084486142675e-07,1.7726304408607757e-07,1.8808128448528339e-07,1.988929941237201e-07,5.157475801650081e-07,1.5943103553298536e-06
2024-10-30,4.7054026347675305e-07,3.5883127571074684e-07,2.3872608972932117e-07,9.498576640988274e-08,1.4148139508386878e-07,7.130254174506642e-07,2.1770339345559693e-06
2024-10-31,0.0,1.087312769959995e-06,6.028133170461273e-08,2.0022830309409845e-07,1.4290330674376284e-07,4.0927117999017686e-07,2.023134157256192e-06
2024-11-01,0.0,7.323955515462216e-07,1.8295129578276127e-07,2.637295039632716e-07,3.306478101035971e-07,4.5021406903229016e-07,1.734100005267916e-06
2024-11-02,0.0,1.109634373816444e-06,7.624733038880622e-08,1.7028201749150667e-07,2.2960497714079238e-07,5.248105721734945e-07,1.934565121764014e-06
2024-11-03,4.83356293484003e-07,0.0,5.390954015925484e-07,2.2932450695830076e-07,3.1624438026056437e-07,5.06662563036065e-07,2.1017108617805587e-06
2024-11-04,4.882141049947015e-07,0.0,1.5557525727224575e-07,1.894029420757401e-07,2.1294845941440818e-07,6.992360983675238e-07,2.7728578072416904e-06
2024-11-05,0.0,0.0,3.142776292039885e-07,6.022098059648853e-07,2.1508862701183916e-07,7.466233016486534e-07,2.498837082145457e-06
2024-11-06,4.980766841355577e-07,5.125698798491213e-07,5.555133008045335e-07,3.362339249972562e-07,2.6070036438145493e-07,9.489299617580691e-07,2.7530735563986448e-06
2024-11-07,0.0,1.035442585567834e-06,3.2062645845434095e-07,4.055285644240595e-07,1.6385701851858305e-07,1.2124374384800423e-06,2.460512145516708e-06
2024-11-08,1.0162770011823584e-06,1.0458489565588536e-06,3.2384880793341214e-07,1.4109932389808033e-07,2.600774140369562e-07,8.757093754867139e-07,2.69954760634905e-06
2024-11-09,0.0,5.281799566585366e-07,1.635517712815758e-07,2.837231586795849e-07,1.2526420685656967e-07,6.6105073493134e-07,2.8996548126989927e-06
2024-11-10,0.0,5.334882534734635e-07,5.781842286845356e-07,2.34865031117746e-07,5.529653307391484e-07,8.255151108652272e-07,2.7226206512172835e-06
2024-11-11,2.6621596974024532e-06,1.616549698674938e-06,1.6628177810330284e-07,6.539247725129798e-07,1.7760098851399996e-07,1.1035953506481595e-06,4.242256789716982e-06
2024-11-12,1.344457423583043e-06,5.442654310821609e-07,2.8875018245634087e-07,4.1121943099340844e-07,4.783624216610109e-07,1.056652981780973e-06,3.6949240064894076e-06
2024-11-13,1.3579694453276029e-06,5.497353896026734e-07,1.938721870341106e-07,1.757941551685638e-07,5.300428424040636e-07,9.413871050116047e-07,3.7685739872554164e-06
2024-11-14,0.0,5.552603221202605e-07,2.9289545971638725e-07,7.954566154731027e-07,2.676849307659959e-07,1.075085219597925e-06,4.237346870887182e-06
2024-11-15,0.0,5.608407811327781e-07,4.916865477861009e-07,6.221592836760764e-07,2.3657830791534458e-07,9.951860677996668e-07,3.7302831732546295e-06
2024-11-16,0.0,1.1329546493815559e-06,1.966703707389877e-07,4.4692307506977584e-07,2.9652892431172457e-07,1.0359540013987795e-06,4.3508773297288815e-06
2024-11-17,0.0,0.0,9.834289478225074e-08,4.599453542450716e-07,4.867022705128122e-07,1.2640268545883873e-06,4.458574418238719e-06
2024-11-18,1.4275940276346902e-06,1.6611503867666526e-06,6.560906378377947e-07,1.1103927542618509e-06,5.965190101856962e-07,1.0688752116668102e-06,4.469824347301952e-06
2024-11-19,1.4419415861407794e-06,0.0,4.6031476526737924e-07,9.304772039405469e-07,4.4184369233175966e-07,1.2391965727674453e-06,4.9332712600277465e-06
2024-11-20,0.0,8.473539252826515e-07,1.5402873994898974e-07,5.771130963436525e-07,2.839990969866779e-07,1.247691064911538e-06,5.0171252135416484e-06
2024-11-21,0.0,2.567609921433503e-06,5.298318898727804e-07,1.934908703395255e-07,6.556647665443357e-07,1.1571279329490888e-06,4.349919781846498e-06
2024-11-22,1.4858552451348915e-06,8.644716100502926e-07,5.323585317145992e-07,5.838901734383313e-07,4.7678320203137016e-07,1.3524522970590323e-06,5.6196771479305105e-06
2024-11-23,0.0,8.731596941708177e-07,3.78601608715203e-07,7.998812334410171e-07,3.064567881929973e-07,9.456941369427596e-07,5.220818826215793e-06
2024-11-24,0.0,1.763870189976791e-06,6.038310824578986e-07,3.0161520054196765e-07,5.078982275839969e-07,1.1832416746203154e-06,5.151992888999327e-06
2024-11-25,3.6005233662228623e-06,0.0,1.0119735492452983e-06,8.506295999024012e-07,7.928223385236792e-07,1.304570654596286e-06,5.145967168692617e-06
2024-11-26,0.0,0.0,1.4247284229626056e-06,5.344888033130441e-07,7.212274573132916e-07,1.4869966559463257e-06,6.47105637898423e-06
2024-11-27,0.0,2.072781519810359e-06,1.8422181655860433e-06,3.381135332561419e-07,2.913903655059921e-07,1.1853114494794946e-06,5.770681944663509e-06
2024-11-28,0.0,4.187226640826857e-06,9.992866251078252e-07,5.667377084409684e-07,4.41478331049066e-07,1.2330436145607772e-06,6.032990626911566e-06
2024-11-29,0.0,2.1146544840932235e-06,1.2573135654869112e-06,3.4200572141889646e-07,8.883874613811814e-07,8.773673725593514e-07,7.028832451718214e-06
2024-11-30,1.8925630733683008e-06,0.0,1.2656445819933545e-06,2.3351694565982506e-07,6.45599572331057e-07,1.4054836356317572e-06,6.6491223341842105e-06
2024-12-01,0.0,0.0,1.7821432239888174e-06,2.45351827592463e-07,3.496442995373074e-07,1.879528521391762e-06,5.621774520755242e-06
2024-12-02,0.0,1.0854817701830487e-06,1.0252293914276171e-06,6.171919438489672e-07,8.276754818941694e-07,1.4954280669030179e-06,7.457060256298533e-06
2024-12-03,8.594880092916348e-06,1.0963910433402068e-06,8.004928633020357e-07,1.2421320768509802e-06,6.760284314971434e-07,1.947474743164844e-06,6.979442719538959e-06
2024-12-04,2.880156550452387e-06,1.1074099565153614e-06,2.760048790134609e-07,2.569697858791028e-07,5.345111548393043e-07,1.7597079304413703e-06,7.1427833572223564e-06
2024-12-05,0.0,4.4416145542313645e-06,2.7796046313606506e-07,5.168235858669571e-07,8.589128745054438e-07,1.8158414406568203e-06,7.6071223369608624e-06
2024-12-06,8.734245576135412e-06,1.1114743686267233e-06,1.2076005432773409e-06,1.0395185655299661e-06,5.379719030857557e-07,1.564515587835327e-06,7.049388051244971e-06
2024-12-07,2.927480440047825e-06,0.0,6.302206427697549e-07,2.6137347801220985e-07,5.406769074041336e-07,1.8804772217569102e-06,6.351125076141151e-06
2024-12-08,2.943838438534093e-06,2.227898784085199e-06,1.5850261851249226e-06,5.257869044150826e-07,7.245813064850899e-07,1.890983763834363e-06,7.069553089177841e-06
2024-12-09,0.0,3.3460617986819917e-06,1.5946592672648292e-06,7.933191479015166e-07,8.65449742152232e-07,1.908741204437781e-06,8.425474898771649e-06
2024-12-10,0.0,3.350610030204448e-06,2.5671229066565596e-06,2.656711552738976e-07,5.046122253659137e-07,1.6313576563606746e-06,9.082701296799404e-06
2024-12-11,2.994685442390081e-06,2.236995550348072e-06,2.260166737604417e-06,1.0677166476701753e-06,4.436263174097372e-07,1.911674677655987e-06,7.003614139492648e-06
2024-12-12,0.0,5.601186954947623e-06,2.9505314770281525e-06,8.043003164546013e-07,1.0188829728588128e-06,2.323291356789777e-06,8.68201052903143e-06
2024-12-13,0.0,1.1220890314776467e-06,1.5203826342300543e-06,1.2118403667877035e-06,6.393692586210864e-07,2.1134709102897292e-06,8.882631203408222e-06
2024-12-14,0.0,0.0,1.5308710518376406e-06,1.0814076351014205e-06,1.091401014328947e-06,1.4402171918585693e-06,8.950819982159848e-06
2024-12-15,3.0666825803404625e-06,3.3783874150657047e-06,2.312268836739211e-06,4.1203488924852234e-07,1.1597647607878683e-06,1.5512087796166303e-06,9.037493586664134e-06
2024-12-16,6.170887932405969e-06,2.256636017517512e-06,3.492693486798798e-06,1.3780281933442976e-06,5.173530777879707e-07,2.0524619896638217e-06,1.0546553021773588e-05
2024-12-17,0.0,5.653098559517104e-06,2.7357034372484813e-06,1.864880818990006e-06,1.1356293907889185e-06,2.5649645834920287e-06,1.0106296918011876e-05
2024-12-18,0.0,1.1330344779614622e-06,4.329507393355823e-06,1.5826068776460383e-06,1.0270860368858303e-06,1.6090237463022857e-06,1.053136007439263e-05
2024-12-19,0.0,1.1355625484114988e-06,3.1712619613173117e-06,1.587395939691756e-06,6.863668778026807e-07,2.8535702393339243e-06,1.0122937056461748e-05
2024-12-20,3.1635942048452307e-06,2.2764083521253627e-06,2.794844851540137e-06,1.0372229927176243e-06,1.2095560240357282e-06,1.8880200713785986e-06,1.067563316747558e-05
2024-12-21,6.367835414134767e-06,1.1409596250799768e-06,3.2172742557049427e-06,1.48537494457746e-06,8.763018448946715e-07,1.940473080251352e-06,1.0760731567033116e-05
2024-12-22,6.409119207427037e-06,4.575316684042333e-06,2.023086802557531e-06,1.190410986627105e-06,1.2452615223127228e-06,1.978403365074784e-06,1.01587301910789e-05
2024-12-23,0.0,1.1468131008114847e-06,5.699622615863791e-06,5.963205298414586e-07,9.552858503994105e-07,2.56621747933204e-06,8.952365936179552e-06
2024-12-24,3.246806869151322e-06,0.0,4.0965515368412725e-06,1.6412348194812505e-06,1.198319732835606e-06,1.9191871029168613e-06,9.013033446362306e-06
2024-12-25,0.0,2.2899778744422983e-06,4.946824465102505e-06,8.338861063922028e-07,1.0726575737046917e-06,2.275091452584176e-06,1.0321793151713204e-05
2024-12-26,9.871058701884364e-06,5.721243239688092e-06,1.2445704431410904e-06,9.73854634202063e-07,1.384199444960992e-06,3.04009713274763e-06,1.1787154439071761e-05
2024-12-27,9.937855129750601e-06,2.7856684452074147e-06,2.922638198872033e-06,1.114216606348409e-06,1.0799800599654295e-06,2.538541124367564e-06,1.2275917009413884e-05
2024-12-28,0.0,2.789654677924977e-06,5.042693080006197e-06,2.8917467804307535e-07,1.649799259840431e-06,2.8383841110375497e-06,1.1527324108081695e-05
2024-12-29,3.358145381981794e-06,5.5878397568701035e-06,2.960797887349516e-06,8.684243996454298e-07,7.091308795945339e-07,3.0505123234962895e-06,1.1275194156535196e-05
2024-12-30,3.3542178491221966e-06,5.596928946522489e-06,3.134014939597182e-06,1.1852709376466987e-06,1.5223832192752783e-06,2.6962490659503275e-06,1.2138230827141661e-05
2024-12-31,1.0051877222528105e-05,2.8032889168668247e-06,3.5372804014802405e-06,4.441436131355304e-07,1.1235325875491735e-06,3.3847260195522282e-06,1.2117391128883885e-05
2025-01-01,9.55154931330623e-06,5.51128295899799e-06,5.307764256887163e-06,4.3812024205455267e-07,1.1090344655157182e-06,3.398123275529026e-06,1.1942916924074615e-05
2025-01-02,3.181070222332354e-06,4.141388900814913e-06,2.670689784129557e-06,1.002839721256456e-06,1.4267416001071473e-06,2.8550543021399464e-06,1.3771027180496085e-05
2025-01-03,0.0,4.1497297247225836e-06,1.3438822555097642e-06,8.583226891351054e-07,1.2690883732446173e-06,2.321041478112093e-06,1.1137718571906954e-05
2025-01-04,3.1764652076663503e-06,2.7723236833738966e-06,1.8034053444002748e-06,4.5953197319940505e-07,1.0319472318458375e-06,2.6785687630448427e-06,1.3166904151673177e-05
2025-01-05,3.174639281264765e-06,4.16765717741703e-06,1.7295687780264896e-06,9.186034829458841e-07,1.1109955429046189e-06,2.6182614252246168e-06,1.0808310653307498e-05
2025-01-06,9.519392464310541e-06,6.922160254120124e-06,1.7423445011526698e-06,6.118870996249951e-07,1.1107743981476892e-06,3.2524104804942906e-06,1.3357559482543913e-05
2025-01-07,0.0,4.139350460603458e-06,2.1923366159862277e-06,4.5857479987945335e-07,1.1890554693855191e-06,2.3482924683775203e-06,1.2959223633763916e-05
2025-01-08,3.1710657298448934e-06,0.0,4.090666898661617e-06,1.0614538985752135e-06,1.2673220466368534e-06,3.070274071821168e-06,1.1265595347465096e-05
2025-01-09,3.170508891569978e-06,1.370899846388734e-06,3.193460637014289e-06,6.059211677321726e-07,1.5830562406540693e-06,2.7690296886069616e-06,1.3685205209513267e-05
2025-01-10,6.340538213652637e-06,1.3666638814944037e-06,1.3716954543478116e-06,4.540183823894492e-07,1.0283768494709808e-06,1.866112035890965e-06,1.1857457071930224e-05
2025-01-11,3.1703463516352413e-06,2.7251291682542254e-06,3.208104881548707e-06,1.2097101098569544e-06,1.3430700347570124e-06,2.308860083406386e-06,1.455393366199182e-05
2025-01-12,1.268296253488517e-05,0.0,1.8362364608637375e-06,4.531074489257892e-07,1.1047431970850286e-06,2.0648128918466145e-06,1.1891381826800558e-05
2025-01-13,3.1628302567720325e-06,2.7095487317338248e-06,3.2165500325969798e-06,7.545351258779583e-07,1.2030627241125208e-06,2.572909064299748e-06,1.2729438798289482e-05
2025-01-14,3.1552361654841506e-06,5.388364366121447e-06,2.3000056545472464e-06,4.518746856510007e-07,8.808553113868136e-07,2.3864841728116245e-06,1.0340386956775385e-05
2025-01-15,6.295915200884377e-06,1.3395425274255433e-06,3.223787803610296e-06,9.023512827388524e-07,8.137069184424714e-07,3.396540084701526e-06,1.2303539774111781e-05
2025-01-16,0.0,5.328511674759028e-06,9.222543063775161e-07,6.000219014218506e-07,8.124336548870358e-07,2.626892112790076e-06,1.5069104524846895e-05
2025-01-17,3.134344169125849e-06,2.6496930477118987e-06,2.7620048237021744e-06,7.48170354634952e-07,1.379110780136003e-06,2.298756485611611e-06,9.016393630227927e-06
2025-01-18,0.0,0.0,2.2979357758798744e-06,1.1942210402424505e-06,9.042759156672526e-07,2.8102461213040574e-06,1.348318011200882e-05
2025-01-19,3.121984517268973e-06,2.6213609531215074e-06,2.2944306608338106e-06,1.0420812161163563e-06,7.530962379388383e-07,3.3741436322209366e-06,1.1333980059021903e-05
2025-01-20,3.1162732940943404e-06,1.3037944074828309e-06,4.124078983378552e-06,2.9661263526673145e-07,1.3548681415314163e-06,2.539678652166682e-06,1.1835924997191711e-05
2025-01-21,3.1108737008460204e-06,3.8911161567964656e-06,4.576216876212586e-06,1.4775872086260433e-07,1.5790258361312047e-06,2.9513886734969785e-06,1.192832654755428e-05
2025-01-22,6.159839980674523e-06,0.0,5.0245041677717795e-06,1.030581300609433e-06,1.171758356843618e-06,2.5843712821424006e-06,1.4261406256233945e-05
2025-01-23,0.0,2.5678315881704184e-06,1.367198023480464e-06,7.329775779415487e-07,1.024131689350063e-06,2.411204330085205e-06,1.264300069522711e-05
2025-01-24,0.0,2.075717922840077e-06,2.728426898838796e-06,8.556508292164567e-07,9.25487711803694e-07,1.848873573346278e-06,1.0209597725862497e-05
2025-01-25,5.216582407803619e-06,9.74081035867981e-07,3.6246067913392254e-06,8.610895741454823e-07,5.676296622937465e-07,2.5568604059983286e-06,9.813846980873631e-06
2025-01-26,7.747014818377212e-06,0.0,3.1577202823330093e-06,1.143810928260826e-06,9.901240797966786e-07,1.7655331733884025e-06,1.0644624327853276e-05
2025-01-27,2.556643577662233e-06,9.678656915695552e-07,3.914206642107492e-06,7.251583454582422e-07,1.3394935723168098e-06,2.602339705166968e-06,1.2328908761537263e-05
2025-01-28,5.062409098040745e-06,3.8596134137658556e-06,3.46536678011291e-06,7.227378713845728e-07,1.1013017083468276e-06,2.684225608414651e-06,1.3805407087538811e-05
2025-01-29,2.5060186429427573e-06,4.810187532264027e-06,2.5888389801054065e-06,1.1121676439940772e-06,1.0285040074126958e-06,2.3326095068546324e-06,1.1714206630593471e-05
2025-01-30,0.0,2.8778035920494787e-06,3.4385490149086863e-06,9.703122887927175e-07,1.3661873526774288e-06,2.485911149601402e-06,1.1812128782300768e-05
2025-01-31,2.4563961490944855e-06,3.826376596663898e-06,1.7071276208207908e-06,4.096179873569487e-07,8.167035892070144e-07,2.7839861519567354e-06,1.1285289986972179e-05
2025-02-01,2.449655139938408e-06,9.412730153214948e-07,2.9607841825964117e-06,8.154255708693854e-07,1.1224773416364467e-06,3.024890218350535e-06,1.0286915971764884e-05
2025-02-02,4.8505613280776315e-06,1.8776470492365606e-06,5.036838259375434e-06,1.4633820441678975e-06,9.871137275662131e-07,2.3498011970224234e-06,9.38258729116501e-06
2025-02-03,2.401148718226701e-06,2.8094037511496494e-06,2.499275089733025e-06,5.172268185404135e-07,7.091175121522204e-07,2.6492345418631764e-06,1.0686125120584933e-05
2025-02-04,2.377256889287374e-06,1.8684119141071672e-06,2.893777809265049e-06,6.449497179390298e-07,7.712291960079571e-07,2.3760480059866885e-06,1.0843991231754344e-05
2025-02-05,2.3536027880180284e-06,2.796112255294491e-06,2.0514457576433226e-06,6.353802706725278e-07,8.077683770954286e-07,1.6506477391075317e-06,1.0319892737932104e-05
2025-02-06,2.3301840489888274e-06,4.649810421639769e-06,2.8505575169356867e-06,8.722881237401e-07,8.660655093349594e-07,1.643889912464177e-06,8.911657160716576e-06
2025-02-07,0.0,9.279797472078144e-07,2.8293760312978875e-06,9.936046906890289e-07,7.165568731804866e-07,2.505817091095432e-06,9.619363494971865e-06
2025-02-08,0.0,1.85218041767143e-06,2.407266416246605e-06,8.516916185694273e-07,6.533423244426107e-07,2.1392914651126315e-06,8.041537778954153e-06
2025-02-09,2.2613167026871856e-06,1.8485865605124868e-06,4.380922527194962e-06,1.072550984712289e-06,5.902868864262616e-07,2.393119561472673e-06,8.25601770626307e-06
2025-02-10,4.477632451099331e-06,9.225887817750446e-07,2.6678042420660377e-06,8.075258061025954e-07,1.1147019452801482e-06,2.083272918469349e-06,8.731669771261396e-06
2025-02-11,0.0,0.0,2.2703436739951625e-06,1.264551180840268e-06,1.0496560523436458e-06,1.6780277815072429e-06,8.60255903772708e-06
2025-02-12,8.777938776245677e-06,8.012130546574083e-07,2.62992920622526e-06,6.571336910551001e-07,5.21353567250532e-07,1.4880697548739692e-06,7.484078010028378e-06
2025-02-13,0.0,8.009614016208312e-07,1.8652765151679059e-06,9.524636924082651e-07,5.750093581742082e-07,1.7903906583268976e-06,8.700453031316304e-06
2025-02-14,2.151030985710984e-06,8.007898453918864e-07,7.408874791809036e-07,5.277261715795429e-07,8.561917145608944e-07,1.3105625392155747e-06,6.21412318554415e-06
2025-02-15,2.129627869792469e-06,7.928218532982591e-07,1.8393461041499285e-06,5.263586204336476e-07,5.525312096062884e-07,1.5820191465177246e-06,7.173228272032437e-06
2025-02-16,4.216875436871258e-06,1.5698662881012972e-06,3.653314892981613e-06,2.046345209712528e-07,7.674724148307791e-07,1.993263122732231e-06,6.073459621827756e-06
2025-02-17,2.0874584126076693e-06,4.662737572629339e-06,2.539812038537975e-06,5.096088990818218e-07,6.391540829282198e-07,1.982380024341176e-06,6.971353021311453e-06
2025-02-18,0.0,7.693904264329461e-07,2.51757583496866e-06,4.7347694871176424e-07,5.05568682485432e-07,1.7851513925999623e-06,7.61316648715278e-06
2025-02-19,1.271670935704486e-06,2.285204591334419e-06,2.8521044469495197e-06,1.827825278861756e-07,4.367110967892053e-07,1.5017213538998664e-06,6.895503157102805e-06
2025-02-20,2.5180351969557505e-06,3.0166219009779697e-06,1.3647914869219279e-06,2.730274073095112e-07,9.624629813736895e-07,1.5339963682476678e-06,6.20214333515926e-06
2025-02-21,1.2464901640602973e-06,7.466515028868346e-07,2.0294983387363502e-06,2.567679820191339e-07,4.04159060839007e-07,1.6286197668123733e-06,5.764043331257253e-06
2025-02-22,0.0,0.0,2.6826831981532477e-06,4.2637790077349957e-07,4.0089520520804486e-07,1.6104070465173353e-06,6.306867546133325e-06
2025-02-23,2.4436160102036462e-06,7.318668125521702e-07,6.867087312799219e-07,4.231709029047074e-07,6.627857323861397e-07,1.584191688353948e-06,6.1720463706203456e-06
2025-02-24,2.4193016246489253e-06,1.4491692321876193e-06,3.06554729586194e-06,3.3600497798307935e-07,4.1010844925273896e-07,1.461082786156496e-06,5.943743254508264e-06
2025-02-25,0.0,0.0,1.3516497147770882e-06,7.322219649587859e-07,4.06895209107298e-07,1.634906365199864e-06,5.405308474551032e-06
2025-02-26,0.0,9.52206531180666e-07,2.271908498431781e-06,6.460950758490015e-07,5.388815212213485e-07,1.4943644073708285e-06,5.915462906766426e-06
2025-02-27,1.1739002279735995e-06,4.713659589451451e-07,1.6729072917097566e-06,3.206953964458741e-07,3.8197033024544204e-07,1.0619129015274496e-06,5.6934041408366904e-06
2025-02-28,2.3244394510867453e-06,1.4000273678659745e-06,1.6576229586676785e-06,3.0828176228155274e-07,2.274380913247531e-07,1.162181731818758e-06,4.808874406362033e-06
2025-03-01,0.0,0.0,1.2604038014479927e-06,4.596017982496108e-07,3.011903514667937e-07,9.812557098496276e-07,4.234785293444708e-06
2025-03-02,1.1466113086652657e-06,0.0,9.992148670017126e-07,3.8030230247798786e-07,4.967654422153832e-07,1.2709743170765958e-06,3.993451213206e-06
2025-03-03,1.1352023355189625e-06,2.257979203282876e-06,1.8950441391892765e-06,7.350748863763714e-07,3.874459376173641e-07,1.3289894182303481e-06,4.25588321624957e-06
2025-03-04,0.0,8.942047739277159e-07,1.5686177709982774e-06,3.647341443214323e-07,4.2946514086625503e-07,1.0717515728640074e-06,4.3821284949038496e-06
2025-03-05,0.0,6.494929482763393e-07,1.5546774649633836e-06,5.387329355824306e-07,2.9478255815649904e-07,1.1848307696008085e-06,3.779071411302169e-06
2025-03-06,0.0,0.0,8.805100731260313e-07,6.678967179888594e-08,3.1486615922333517e-07,8.217346392084274e-07,4.577366280546514e-06
2025-03-07,1.6720126598629842e-06,6.366321262225608e-07,8.727210751569168e-07,3.059627939299928e-07,4.0525314516999266e-07,7.878344180893412e-07,4.46377745613827e-06
2025-03-08,1.6553758559238517e-06,3.151487653630129e-07,6.94281167743489e-07,3.0352091936043714e-07,3.3949453069389744e-07,1.1006979192656633e-06,3.3436320689819775e-06
2025-03-09,0.0,0.0,1.0325472278460847e-06,1.20443758854301e-07,2.7500441209547314e-07,1.1436609862545824e-06,3.561112409954669e-06
2025-03-10,8.112986089002969e-07,0.0,6.825173064401192e-07,4.0407400925932816e-07,2.722680724754109e-07,1.3065807479144488e-06,3.900917609505778e-06
2025-03-11,8.032260528626704e-07,6.116694234997253e-07,8.459225582694907e-07,3.6555967467649497e-07,3.294609509760397e-07,1.2532983657061718e-06,3.852704020134619e-06
2025-03-12,2.3857014602990616e-06,6.055832110453525e-07,8.387830764495971e-07,1.5548581196163827e-07,3.1065464751834744e-07,1.19205533616689e-06,3.827332913369998e-06
2025-03-13,0.0,1.2085233079365621e-06,1.2723739467343825e-06,4.147453792562554e-07,3.6633611129379577e-07,1.2218763170032163e-06,3.3409454421453313e-06
2025-03-14,0.0,3.015140131654594e-07,1.062317787405788e-06,2.9067529421614786e-07,2.157992082441521e-07,8.258637560354512e-07,3.237525683904459e-06
2025-03-15,0.0,0.0,9.104486592972056e-07,5.333497098656879e-07,8.077118187683405e-08,6.942923776740236e-07,3.007388292778035e-06
2025-03-16,0.0,3.004157359381568e-07,6.485586959796992e-07,3.394069080979426e-07,1.2627438249784612e-07,8.513763320223857e-07,2.873348318651218e-06
2025-03-17,0.0,2.999361372027728e-07,3.560157741138085e-07,3.394722208298447e-07,1.8910918761858477e-07,8.362008159826953e-07,2.934153565496528e-06
2025-03-18,0.0,5.990084787728773e-07,3.563580261499297e-07,2.905571934860571e-07,3.9865562886942545e-07,7.650330738678144e-07,3.1935500080985075e-06
2025-03-19,0.0,2.9912112726897617e-07,4.756976618981257e-07,1.4509276301014314e-07,1.1855109900403969e-07,9.298374646051509e-07,3.627373792720797e-06
2025-03-20,0.0,2.9878795376882293e-07,1.0717905643839542e-06,2.898623053628866e-07,1.6857458724429557e-07,8.685080755790638e-07,3.0694199775153363e-06
2025-03-21,0.0,8.955178332853613e-07,4.771080818625647e-07,2.8958872044588376e-07,2.245539720829531e-07,9.226235894960141e-07,2.978122079043363e-06
2025-03-22,0.0,2.9827640227045997e-07,3.6511234129478355e-07,3.8582138048915705e-07,2.430797381821422e-07,8.12157533239741e-07,2.5895847504201225e-06
2025-03-23,0.0,5.962014261207072e-07,5.112879033957688e-07,9.639853149819404e-08,2.4293656062310956e-07,6.986381905694881e-07,2.8554214875752433e-06
2025-03-24,0.0,2.9798035101623717e-07,1.284096964971591e-07,3.854384373440395e-07,2.2415858937578512e-07,9.41734482629714e-07,3.223260057576503e-06
2025-03-25,0.0,2.9791688501007497e-07,5.161378148789776e-07,1.388480643754711e-07,1.680831348459805e-07,8.789941268578645e-07,2.7195713696697727e-06
2025-03-26,0.0,0.0,1.9454640133161988e-07,1.3884578080633706e-07,3.921875310764237e-07,7.278082827424536e-07,2.152439033188137e-06
2025-03-27,0.0,2.979674309229156e-07,6.520028721143145e-08,2.4308787170780746e-07,2.47906713210145e-07,6.801884322128064e-07,2.544642706563744e-06
2025-03-28,0.0,8.942553527686306e-07,3.278622499090302e-07,4.05306471461078e-08,1.4902808599184423e-07,6.257490125330739e-07,2.1672889076944773e-06
2025-03-29,0.0,5.965341330384249e-07,2.638643981868413e-07,8.111077350088362e-08,1.789428619471054e-07,6.287774996507506e-07,1.9144143581407625e-06
2025-03-30,0.0,5.970308678517523e-07,1.9914629503683816e-07,1.4645597913148307e-07,4.903373669774733e-08,8.171469234872785e-07,1.806711511921775e-06
2025-03-31,0.0,2.9883252146425915e-07,2.0046409345917472e-07,1.832644335662953e-07,8.276855081591623e-08,6.67422816263281e-07,1.7185125682230767e-06
2025-04-01,0.0,8.944834761321054e-07,2.6906274563491526e-07,2.5714426087795143e-07,1.0371007917175676e-07,6.885743075101976e-07,2.054235947434795e-06
2025-04-02,0.0,0.0,4.7428043091377407e-07,2.2074973444181342e-07,9.348321045873732e-08,6.964687371037597e-07,2.1504874748041774e-06
2025-04-03,0.0,0.0,2.0480820754078414e-07,1.8428878325026057e-07,6.306212015907431e-08,5.078971500579035e-07,1.9803657140156456e-06
2025-04-04,0.0,2.9977450620028034e-07,6.193083702594367e-07,1.108009998354871e-07,7.26022329218494e-08,4.617455228513909e-07,1.9402719997607525e-06
2025-04-05,0.0,0.0,4.856847423872917e-07,2.2211848900145984e-07,6.549430270850092e-08,5.47944987464037e-07,1.4623551735678243e-06
2025-04-06,0.0,0.0,3.499262200609933e-07,1.1134927757098168e-07,1.0214608782454718e-07,5.970946651291319e-07,1.5761632043991865e-06
2025-04-07,0.0,0.0,4.2371176648378607e-07,9.19714469108668e-08,9.943382089078991e-08,5.366814242175294e-07,1.6165819402166188e-06
2025-04-08,0.0,0.0,1.4257050077558842e-07,2.1528764924793442e-07,8.80168409902576e-08,4.3846240344056513e-07,1.7220235616612793e-06
2025-04-09,0.0,0.0,3.4821831834204494e-07,7.91010932112783e-08,3.066282135889965e-08,5.686827389361999e-07,1.5445014281106266e-06
2025-04-10,0.0,0.0,1.324686567506405e-07,2.6468330691798078e-08,5.716401785212449e-08,3.524214975105076e-07,1.538147254061063e-06
2025-04-11,0.0,0.0,2.6888255568435684e-07,7.973685166835395e-08,3.090926735863637e-08,5.725030533328258e-07,1.4680055884255522e-06
2025-04-12,0.0,0.0,1.3650451996495157e-07,5.33987098269606e-08,1.7742450474246222e-08,3.9340835849866947e-07,1.3902470711958952e-06
2025-04-13,0.0,0.0,2.3110591485503647e-07,1.0732018186505915e-07,4.011592031011673e-08,4.588761519458595e-07,1.2564825680159994e-06
2025-04-14,0.0,0.0,1.3939495341473078e-07,2.49305044146753e-08,4.48083539590205e-08,6.951474746753718e-07,1.311525446534547e-06
2025-04-15,0.0,0.0,1.8691382057755954e-07,5.0143735998912824e-08,4.506243103016309e-08,6.555500125186582e-07,1.4482193695815049e-06
2025-04-16,0.0,0.0,4.701269480000636e-08,2.5224375055463435e-08,4.53365366011193e-08,4.119709113578477e-07,1.215140902127102e-06
2025-04-17,0.0,0.0,0.0,8.886033426733814e-08,3.650545871299468e-08,4.465810901120895e-07,1.1053210743481393e-06
2025-04-18,0.0,0.0,1.5523072189718245e-07,5.113088362109844e-08,4.594954625512944e-08,5.424747946905989e-07,1.1032462293350057e-06
2025-04-19,0.0,0.0,1.5638449882501391e-07,1.0302184402468754e-07,4.166196618214705e-08,3.5102604588647905e-07,1.0116757293880507e-06
2025-04-20,0.0,0.0,1.0508249568982524e-07,1.297977808145275e-08,5.5989479963276946e-08,4.4852846071590513e-07,1.0323429672575289e-06
2025-04-21,0.0,0.0,1.5895398236273751e-07,5.235727486136741e-08,4.234649525669433e-08,4.5815713210279724e-07,1.340246246090807e-06
2025-04-22,0.0,0.0,8.019063757377763e-08,5.2827405647218445e-08,3.797932126209092e-08,5.85017789702462e-07,1.2214158593975933e-06
2025-04-23,0.0,0.0,1.0794152025252254e-07,7.352365459474382e-08,2.9043959351737468e-08,4.5746066051825047e-07,1.0194088752090042e-06
2025-04-24,0.0,0.0,1.0903622009606413e-07,5.3049501552221533e-08,2.200388370199357e-08,5.523127606405784e-07,1.0693529793079218e-06
2025-04-25,0.0,0.0,1.377629305313677e-07,3.110707331498255e-08,0.0,4.3799593682297044e-07,9.70779584509753e-07
2025-04-26,0.0,0.0,8.36023961826172e-08,2.359693076840386e-08,0.0,4.183119350691985e-07,8.725083106891402e-07
2025-04-27,0.0,0.0,0.0,4.776606909239832e-08,0.0,5.5271709889935e-07,6.785447882972432e-07
2025-04-28,0.0,0.0,2.2854458877236106e-07,4.031695774435864e-08,0.0,5.228834623401101e-07,1.3180539644811952e-06
2025-04-29,0.0,0.0,2.6061925711295726e-07,5.7213540832300613e-08,0.0,4.777757513423866e-07,8.779626091354875e-07
2025-04-30,0.0,0.0,5.8753016689151805e-08,3.316629499997641e-08,0.0,3.188722292339897e-07,7.409858061926092e-07
