Hospitalization date,<3m,3-11m,1-4y,5-17y,18-39y,40-64y,>=65y
2015-10-01,0.0,0.0,6.677350355107422e-07,0.0,1.2221492798993507e-07,3.7729382462623604e-07,1.6422784261793552e-06
2015-10-02,0.0,0.0,1.0851737405071113e-06,0.0,1.1917100960670931e-07,2.8428392302430227e-07,1.2873802163414281e-06
2015-10-03,0.0,0.0,7.050104127739668e-07,0.0,2.5586693860757725e-07,3.2640307959885754e-07,1.1644676936378912e-06
2015-10-04,0.0,0.0,3.4430200667304587e-07,0.0,1.363159756472814e-07,3.1880730625798316e-07,8.979230504843797e-07
2015-10-05,0.0,0.0,3.365480759519645e-07,0.0,1.998690616222842e-07,3.7395304160085537e-07,1.1410115244100976e-06
2015-10-06,0.0,0.0,1.3168313886722045e-06,0.0,1.5206321584627696e-07,3.293221445458955e-07,1.1484886873451046e-06
2015-10-07,0.0,0.0,9.667482318640993e-07,0.0,2.1264152768612526e-07,5.499104394746912e-07,1.0330607651821047e-06
2015-10-08,0.0,0.0,3.156440556331785e-07,0.0,1.6662630120058466e-07,3.9004861882458514e-07,1.488066837134384e-06
2015-10-09,0.0,0.0,0.0,0.0,1.7286269513716294e-07,3.4588191002196284e-07,9.334202321369734e-07
2015-10-10,0.0,0.0,3.033914521632227e-07,0.0,1.1301626452899212e-07,3.3920229064881127e-07,1.1442427014277137e-06
2015-10-11,0.0,0.0,2.976995284727191e-07,0.0,1.6634395145349197e-07,4.379454213317545e-07,9.262898507910089e-07
2015-10-12,0.0,0.0,2.922707988754979e-07,0.0,1.3609214137500839e-07,4.299592236950019e-07,1.2952037808953588e-06
2015-10-13,0.0,0.0,5.741753481661376e-07,0.0,2.673573718527974e-07,5.068012019924364e-07,1.4866995276273649e-06
2015-10-14,0.0,0.0,2.8213409762891914e-07,0.0,1.8392096339605225e-07,3.320377076632802e-07,1.784447038149342e-06
2015-10-15,0.0,0.0,2.773953824489631e-07,0.0,2.8416430875265244e-07,3.1013777240984956e-07,1.4845562121103063e-06
2015-10-16,0.0,0.0,0.0,0.0,1.2705285269446967e-07,3.371769898179901e-07,1.2279573030808274e-06
2015-10-17,0.0,0.0,3.616778695308529e-07,0.0,7.501688103571281e-08,3.7636148061433255e-07,1.7687471296714448e-06
2015-10-18,0.0,0.0,7.121202893638595e-07,0.0,1.723206075143352e-07,3.3346411565812366e-07,1.131349033714112e-06
2015-10-19,0.0,0.0,3.5066763091273203e-07,0.0,2.90932834628541e-07,4.644925615513064e-07,1.0979086280900784e-06
2015-10-20,0.0,5.011032072353862e-07,1.036461916267281e-06,0.0,1.9108997092793595e-07,3.5362374493324813e-07,1.9230035513512433e-06
2015-10-21,0.0,0.0,1.3620285202896289e-06,0.0,1.412515667690016e-07,3.2802473729563046e-07,1.3424925426485254e-06
2015-10-22,0.0,4.869306097702385e-07,6.714319200842636e-07,0.0,1.6247473650384773e-07,3.2340920313578603e-07,2.240369045284407e-06
2015-10-23,0.0,4.802405308835132e-07,6.622069249364976e-07,0.0,2.060260066786397e-07,2.3922434371064166e-07,1.3430828863585502e-06
2015-10-24,0.0,4.737956881863325e-07,9.79980131450461e-07,0.0,1.580919910355544e-07,3.540209184888636e-07,1.1969965610321467e-06
2015-10-25,0.0,0.0,6.447535698284887e-07,0.0,0.0,4.998576587833e-07,2.056339132033322e-06
2015-10-26,0.0,0.0,9.547361481327802e-07,0.0,1.540195905283588e-07,4.037332582361403e-07,1.6844566584466316e-06
2015-10-27,0.0,4.558076037082833e-07,7.750143700243512e-07,0.0,2.389983902818977e-07,5.53715137561369e-07,2.175152828176975e-06
2015-10-28,0.0,4.5022290460044606e-07,0.0,0.0,1.7168735004878404e-07,7.832044044153569e-07,1.5949481735893184e-06
2015-10-29,0.0,4.4482697365694994e-07,7.563438914880802e-07,0.0,1.0601854597607352e-07,4.4553139336957796e-07,2.231094085737477e-06
2015-10-30,0.0,4.396106556079057e-07,1.1212117981581673e-06,0.0,2.9337085819222124e-07,3.9395872908204315e-07,1.469953924916995e-06
2015-10-31,0.0,0.0,1.1083439900800948e-06,0.0,6.21436992310068e-08,3.665293026998978e-07,1.35621146184502e-06
2015-11-01,0.0,4.295402839390354e-07,1.094401115555751e-06,0.0,1.2277097233600424e-07,2.9418917131346103e-07,1.5234569901314669e-06
2015-11-02,0.0,4.2481504184008264e-07,1.4431492553890018e-06,0.0,1.0118367182271397e-07,7.83334692168741e-07,2.118793925895015e-06
2015-11-03,0.0,8.404762573318046e-07,0.0,0.0,2.0018705888634138e-07,4.206573538366131e-07,1.3485515892168895e-06
2015-11-04,0.0,8.316057728881598e-07,0.0,0.0,7.922970452770875e-08,3.285929108395621e-07,2.1292768240108156e-06
2015-11-05,0.0,0.0,3.4948169248347235e-07,0.0,3.920519322391224e-08,3.685542383386376e-07,2.1072578727930873e-06
2015-11-06,0.0,0.0,3.459399072571348e-07,0.0,1.940393617116246e-07,5.058659997152917e-07,2.1558631126725547e-06
2015-11-07,0.0,4.0328631967093977e-07,1.3700135226397578e-06,0.0,1.7290061763859077e-07,4.5530980546499615e-07,2.0951086895246265e-06
2015-11-08,0.0,3.9935861202352903e-07,7.162432558091743e-07,0.0,2.6633708066902493e-07,4.719347005070337e-07,2.4134652905585385e-06
2015-11-09,0.0,7.910892674719702e-07,1.418805894027986e-06,0.0,1.722198418835858e-07,6.345016740033575e-07,3.204174733854722e-06
2015-11-10,0.0,7.836793964903812e-07,1.0541373070848584e-06,0.0,1.9193255516546606e-07,8.219611246858827e-07,2.7207105351999098e-06
2015-11-11,0.0,0.0,3.4815053924509264e-07,0.0,1.9016902863727136e-07,5.748767511809114e-07,2.146585429753607e-06
2015-11-12,0.0,3.8473946047607083e-07,2.4150841481714103e-06,0.0,1.6751527741314662e-07,6.883806544859594e-07,2.419537440752755e-06
2015-11-13,0.0,0.0,1.70979991695269e-06,0.0,1.245250555793161e-07,4.788188972446952e-07,2.9510437739391313e-06
2015-11-14,0.0,0.0,3.389910465388934e-07,0.0,1.4401790011033586e-07,5.67677740817513e-07,3.067706518333677e-06
2015-11-15,0.0,5.164386593398854e-07,6.722040094027159e-07,0.0,6.119593351359695e-08,5.116724754000339e-07,1.7064333873471532e-06
2015-11-16,0.0,5.121175789875972e-07,1.6664490721952046e-06,0.0,2.427356104976925e-07,5.780318177672408e-07,1.992330831351346e-06
2015-11-17,0.0,0.0,3.305515846181425e-07,9.1096949305973e-09,1.1185834429378014e-07,6.73664047020732e-07,2.4948632575137886e-06
2015-11-18,0.0,1.8148517106384718e-06,9.836537009908504e-07,1.795250661766016e-08,1.99720490485732e-07,6.949578124047804e-07,2.537427149947704e-06
2015-11-19,0.0,9.002346872387389e-07,3.252861475024488e-07,1.781023659989831e-08,3.035780242142075e-07,5.303464699936099e-07,4.056385248250029e-06
2015-11-20,0.0,0.0,6.455076762766302e-07,5.301475883529963e-08,3.9173771820592553e-07,6.314613519738247e-07,3.025600828272778e-06
2015-11-21,0.0,0.0,3.237858893639347e-07,6.130144427221509e-08,7.346009281142739e-08,2.937184678201384e-07,2.7986779556556867e-06
2015-11-22,0.0,0.0,9.700994226720464e-07,2.0639178009883883e-08,1.959378920793116e-07,5.691877760409677e-07,2.9094209436570764e-06
2015-11-23,0.0,9.204292761797355e-07,3.684307759386664e-07,7.980364622331655e-08,2.4500224660080034e-07,3.4415355839246664e-07,3.0868955474076787e-06
2015-11-24,0.0,0.0,3.798956348713914e-07,1.0747424826904895e-07,1.9608530282503233e-07,4.393165646171174e-07,4.183248996392353e-06
2015-11-25,0.0,9.390231809584231e-07,1.5205948035857716e-06,3.4811409219228334e-08,2.452355213288898e-07,5.687305927439621e-07,2.777327088045165e-06
2015-11-26,0.0,0.0,7.311786426735047e-07,7.607714960704292e-08,2.208500440946871e-07,4.780881766021124e-07,2.7222094662335314e-06
2015-11-27,0.0,1.088236448468548e-06,7.775838027326937e-07,3.842086883594047e-08,9.822675741414455e-08,4.1861847497600594e-07,3.076610015463998e-06
2015-11-28,0.0,2.3708493482571068e-06,1.2140527659414437e-06,1.552280199490423e-07,1.3876435007843264e-07,6.461051394582199e-07,3.2684103407405005e-06
2015-11-29,0.0,0.0,2.1038391380981076e-06,1.7980652832731105e-07,1.6620828448625705e-07,5.090033960913388e-07,4.171297892587485e-06
2015-11-30,0.0,2.418743682093461e-06,9.346902932257024e-07,9.080680698991236e-08,3.0417927804981e-07,9.963531520850718e-07,3.895751245079895e-06
2015-12-01,0.0,0.0,4.6643743654385064e-07,4.547973005273178e-08,3.2813292579952995e-07,6.332342531446801e-07,4.271160204484963e-06
2015-12-02,0.0,1.3492323434558895e-06,9.362004563320838e-07,1.8374723575481837e-07,3.2761953296092205e-07,9.278287719867722e-07,3.8562165578170965e-06
2015-12-03,0.0,0.0,1.4094294906034034e-06,4.639848154385209e-08,2.1809260156575154e-07,9.417180203977025e-07,4.0511788564956e-06
2015-12-04,0.0,1.3764886448011388e-06,0.0,1.8745917614327791e-07,3.173522926142626e-07,9.488122095759884e-07,3.8969724567294065e-06
2015-12-05,0.0,2.7806451713417005e-06,1.983892463501457e-06,1.060854432128125e-07,2.883194566185823e-07,5.20144085883349e-07,3.955817433267454e-06
2015-12-06,0.0,2.8085911199154696e-06,0.0,2.1430323928459855e-07,2.3053252898264734e-07,3.925568234785825e-07,3.858373245435504e-06
2015-12-07,0.0,2.8201117230021084e-06,1.0170581477115637e-06,2.1645702264608724e-07,3.7445288743758713e-07,8.559304835339542e-07,4.416394022687553e-06
2015-12-08,0.0,0.0,1.5280333389573173e-06,3.8260679080788844e-07,4.0312231171601986e-07,6.28583029975588e-07,5.7840954740966665e-06
2015-12-09,0.0,1.4220000750070427e-06,2.7770833864640954e-06,0.0,2.0151399014856532e-07,8.330642990180939e-07,5.0893844929829055e-06
2015-12-10,0.0,1.4281851814010166e-06,1.6897389669095285e-06,1.1913379827608538e-07,2.8783853715152075e-07,6.056417328817079e-07,4.099076539559592e-06
2015-12-11,0.0,0.0,1.1475594922337811e-06,1.2033111285413164e-07,2.3026298369036644e-07,1.067065685165133e-06,3.2808392856504045e-06
2015-12-12,0.0,1.5262719256299723e-06,6.206252485875604e-07,1.8231069096560929e-07,2.0149339363105033e-07,6.660686111904783e-07,4.031430984449778e-06
2015-12-13,0.0,3.067489113810401e-06,1.2455533938294596e-06,2.4552392516139174e-07,1.4394773288593208e-07,8.444729366992791e-07,4.5064060284931045e-06
2015-12-14,0.0,1.541370563914244e-06,1.9427801557536712e-06,3.719872224486367e-07,1.151888064572017e-07,1.095744204776569e-06,6.022988428029692e-06
2015-12-15,0.0,1.549150709264159e-06,2.0520036528123246e-06,6.262095936457017e-08,4.9436204683263e-07,6.05555099870536e-07,3.99058006782095e-06
2015-12-16,0.0,0.0,7.155718133422634e-07,3.276654094660984e-07,3.185131951356098e-07,8.922910089951185e-07,3.4144536047538444e-06
2015-12-17,0.0,1.5651765425624414e-06,2.8695062216041283e-06,7.760555743611031e-08,2.8378139457095843e-07,1.3986444363388505e-06,4.725696946786495e-06
2015-12-18,0.0,1.573423833107494e-06,2.1916635498704474e-06,4.1095062647555506e-07,2.844683273973171e-07,1.2120916310287447e-06,4.341701205395978e-06
2015-12-19,0.0,6.32731386938819e-06,1.5104389328613126e-06,0.0,1.782398170584208e-07,7.390864325087084e-07,4.6283361904425396e-06
2015-12-20,0.0,1.6756787252697613e-06,1.537766722262752e-06,8.909616603957914e-08,2.859276057980127e-07,1.3100011734614776e-06,4.2180111853169414e-06
2015-12-21,0.0,1.6852577371454894e-06,3.992793348486707e-06,1.0140545451515901e-07,7.427655967662568e-08,6.646768446122392e-07,5.82437476508079e-06
2015-12-22,0.0,0.0,0.0,1.0242459627628237e-07,2.980119839183661e-07,1.0406771259641062e-06,4.436096299505379e-06
2015-12-23,0.0,0.0,1.6429016364140689e-06,3.103619417471624e-07,4.4842129586544816e-07,1.1560596226883605e-06,5.967070845555216e-06
2015-12-24,0.0,1.7150098518397266e-06,1.7036148042585015e-06,3.134811311182882e-07,2.17798474460134e-07,1.3011842525934094e-06,5.666126676871844e-06
2015-12-25,0.0,3.962262414910462e-06,2.566186491570577e-06,0.0,1.630134872565769e-07,8.18812941112445e-07,5.162774753132824e-06
2015-12-26,0.0,2.2499965504493713e-06,1.7181382650273705e-06,3.371067224771669e-07,1.9684057559108953e-07,7.825796569530937e-07,5.417746528145477e-06
2015-12-27,0.0,4.531540898051625e-06,3.5115892667203594e-06,1.1730285282786066e-07,3.397799958602171e-07,1.1792573891137919e-06,7.28949587939013e-06
2015-12-28,0.0,0.0,2.6713314790836056e-06,3.5544529829469066e-07,3.8212236974574443e-07,1.6419293039484268e-06,9.147235785329968e-06
2015-12-29,0.0,0.0,3.62171855456082e-06,2.393450552878895e-07,4.1619396760705524e-07,1.2484861222561945e-06,8.348744336784939e-06
2015-12-30,0.0,0.0,9.093169653412118e-07,1.208752565421511e-07,3.8627414252290226e-07,1.1127189520453765e-06,7.486195551837162e-06
2015-12-31,0.0,0.0,2.739885673489558e-06,2.517893842136984e-07,2.5893857717337053e-07,1.3822443581193762e-06,7.008471932093403e-06
2016-01-01,0.0,0.0,2.705419749566062e-06,1.2722512214311095e-07,2.545142559346886e-07,8.141951525739202e-07,8.095187965389425e-06
2016-01-02,0.0,5.361459362238612e-06,1.8117946700541247e-06,3.855112676338588e-07,1.919665631363519e-07,1.0419766707449e-06,8.803566960955037e-06
2016-01-03,0.0,8.476772139992339e-06,9.100786773538569e-07,3.8938572028640853e-07,3.714376599397036e-07,1.2313061812230048e-06,7.607901465739294e-06
2016-01-04,0.0,5.9358350593441844e-06,3.72850690490972e-06,1.3109970394515868e-07,3.3969595076789686e-07,2.183839297693429e-06,1.0838638676436118e-05
2016-01-05,2.7461371772275943e-06,5.975341744055168e-06,4.4655493649100376e-06,9.269209451214474e-07,4.4428185290939607e-07,2.13561220365115e-06,9.338865838690627e-06
2016-01-06,3.6616993136409117e-06,6.503763219626359e-06,1.8141344947124632e-06,5.346277393108714e-07,3.7747266066034627e-07,1.6603130513243954e-06,8.114257821036634e-06
2016-01-07,0.0,6.525147428005612e-06,3.64926366330212e-06,9.430934797012341e-07,4.479708648830732e-07,1.5139155536580968e-06,9.14779428402004e-06
2016-01-08,0.0,0.0,0.0,2.716236359263792e-07,4.6311669732821655e-07,1.4878719456066015e-06,9.273788337284547e-06
2016-01-09,3.7732146597157577e-06,6.5698756089966605e-06,1.81742438987375e-06,4.107287317920997e-07,5.712399461916546e-07,1.7138794181872679e-06,8.067682521451605e-06
2016-01-10,1.9055680487451664e-06,7.089644594212906e-06,2.78757686921038e-06,5.50625569518876e-07,3.0322602457081934e-07,1.819124694903987e-06,7.952921029287559e-06
2016-01-11,5.774157978075923e-06,0.0,9.137599491676084e-07,4.152509197480704e-07,5.701475087994131e-07,1.7198710959227498e-06,8.502009961653795e-06
2016-01-12,0.0,0.0,4.594833583185469e-06,4.1702723490953815e-07,3.122270434722427e-07,1.954358097282871e-06,9.130688828571833e-06
2016-01-13,3.927202471172826e-06,1.5370445446855885e-05,0.0,5.584603375226943e-07,2.814785888809103e-07,1.5235420096632788e-06,1.0229325279820875e-05
2016-01-14,5.950007268272206e-06,1.1582181144976879e-05,3.715724145592921e-06,8.399517714698089e-07,2.0810271113687034e-07,1.9682461248705945e-06,1.0599631696899224e-05
2016-01-15,4.006537223646903e-06,2.7714851300289985e-05,1.8977307345521907e-06,2.8058335988240705e-07,4.3319153293047567e-07,1.3038588977422679e-06,1.0951513244476469e-05
2016-01-16,0.0,1.2073727454561972e-05,2.9049497310456754e-06,2.812108545113531e-07,5.802618998361112e-07,2.195790785434391e-06,9.669959167938509e-06
2016-01-17,2.501426851753757e-06,8.289632504974906e-06,2.918145988547603e-06,4.2279970569014015e-07,2.7218011702081763e-07,1.7443537006935012e-06,8.327467954692498e-06
2016-01-18,7.5796998286881205e-06,4.16015379911366e-06,3.906911014531444e-06,1.4109281901689662e-07,5.007533590510526e-07,2.0484529424066492e-06,9.159958105114123e-06
2016-01-19,2.5519590261380915e-06,1.2527722093759758e-05,1.9587740983151226e-06,7.063325610161298e-07,6.85308971796101e-07,1.7100227739113673e-06,8.682250624307619e-06
2016-01-20,0.0,0.0,4.017455626416552e-06,0.0,4.5856065696360174e-08,2.018143700271519e-06,9.822281454734898e-06
2016-01-21,0.0,8.401130404201087e-06,2.014885335628929e-06,2.8331259532973024e-07,5.762526528424062e-07,1.4698947149501522e-06,8.251694740181631e-06
2016-01-22,7.889033246842796e-06,1.2640570751901734e-05,3.031866522393333e-06,2.8374485783809184e-07,5.789133326626052e-07,1.471294039384161e-06,9.852635047001404e-06
2016-01-23,2.6561064497020407e-06,4.226903321703623e-06,5.06951371753679e-06,4.2630824260303826e-07,6.867086509742216e-07,2.3933658034783093e-06,7.67761020685409e-06
2016-01-24,2.6828007633148827e-06,4.240705753294605e-06,5.0827965145603925e-06,5.68659835657324e-07,3.1814569437608085e-07,2.1736532285785017e-06,9.014419311002165e-06
2016-01-25,5.419526718479461e-06,1.2764796776984543e-05,3.903032921187758e-06,2.919288224717158e-07,6.919916234636752e-07,1.5954671118832047e-06,8.719931223528607e-06
2016-01-26,8.21099080127594e-06,0.0,1.957378201400663e-06,5.84369922015911e-07,4.275303233958051e-07,2.026895035651742e-06,1.1115047499326998e-05
2016-01-27,1.1058016841007106e-05,1.617515471256897e-05,2.945153522488112e-06,7.497909173453577e-07,3.2194680084424264e-07,1.441785580299942e-06,9.35449986880851e-06
2016-01-28,0.0,1.2185078562862461e-05,6.883757659652963e-06,7.507645138065486e-07,4.395136088570188e-07,1.7432104582806323e-06,1.0294598056633074e-05
2016-01-29,2.820350899808471e-06,8.160006406205832e-06,4.924805723443702e-06,4.5072327714987976e-07,3.3106267840867034e-07,1.8640159284505862e-06,1.035291174249046e-05
2016-01-30,2.8486958975875298e-06,1.2296164666916005e-05,3.945346697989755e-06,4.5103291871914927e-07,3.3252325671830387e-07,1.5030774333440214e-06,8.31549557809753e-06
2016-01-31,1.438662883665134e-05,1.2345446063194055e-05,5.9181602196836294e-06,0.0,6.123646606563068e-07,2.104293133190734e-06,9.87801230285489e-06
2016-02-01,0.0,4.110493874424698e-06,4.916608996907759e-06,7.788834179287119e-07,8.91868228587743e-07,1.679167402185008e-06,7.970953976466363e-06
2016-02-02,0.0,2.0638279937960167e-05,3.931274653024416e-06,9.358838103880141e-07,2.240041905424573e-07,2.4380873614157164e-06,1.1497240594073644e-05
2016-02-03,5.991989073424783e-06,2.487138521878713e-05,5.887975163751521e-06,1.2496014778966913e-06,3.9241346557088345e-07,1.2969550813615963e-06,9.042067058891054e-06
2016-02-04,0.0,4.163220278545025e-06,1.8711080212149794e-06,4.690878480359862e-07,6.173496047180567e-07,2.051871872668623e-06,9.152049087372425e-06
2016-02-05,0.0,4.181626012789412e-06,3.734914015734105e-06,7.808849547403072e-07,6.743031417814434e-07,1.919101448719526e-06,1.0803936300930139e-05
2016-02-06,3.08723615405525e-06,4.200449913119778e-06,3.7265393290757117e-06,1.4029717752280913e-06,5.62667848652437e-07,2.603572515620495e-06,9.646080703459508e-06
2016-02-07,9.35479017969537e-06,1.2659081585825527e-05,3.7156449905025844e-06,9.333878506321397e-07,6.198199477148373e-07,1.7345138622836402e-06,6.896982939961393e-06
2016-02-08,3.1496024613462144e-06,4.236672738012159e-06,7.407352130096675e-06,4.654135692734736e-07,6.772006302799459e-07,2.2435314623226177e-06,1.2974011820909589e-05
2016-02-09,9.543769476994353e-06,4.254075284886848e-06,9.221516848858202e-06,7.718144613056838e-07,5.24647647207381e-07,1.697048461758107e-06,1.1166709737443205e-05
2016-02-10,3.213228651616976e-06,1.708761297134041e-05,4.591479000684691e-06,3.0720672903128924e-07,4.085789029121605e-07,2.8260632745956885e-06,1.395728316079805e-05
2016-02-11,6.491044272890726e-06,4.29015839466757e-06,6.399191449799265e-06,4.5857759170382177e-07,3.5069089962325675e-07,1.442800440791943e-06,1.081779469377476e-05
2016-02-12,9.834420528576015e-06,4.30884256591465e-06,5.455610035128092e-06,7.606515800033822e-07,8.19481554309357e-07,2.506630995619818e-06,1.1049242661599475e-05
2016-02-13,0.0,4.319896488045938e-06,0.0,9.074088093584881e-07,5.858479076551501e-07,2.3772991136993427e-06,1.0912759351596024e-05
2016-02-14,3.344363000546629e-06,4.323321266462861e-06,4.498684525062886e-06,7.517720536250248e-07,5.864104332254476e-07,1.8258197734057588e-06,9.484805980395947e-06
2016-02-15,3.377974407492232e-06,1.2981535141827634e-05,8.9462433411976e-06,5.97471298185525e-07,9.979537205571658e-07,2.640841431007611e-06,1.3152032574171142e-05
2016-02-16,6.823847229387146e-06,1.2982312943154204e-05,5.2490324834506345e-06,1.4839617527468577e-07,4.1123713504653287e-07,1.6735678745609671e-06,1.1214889502893613e-05
2016-02-17,6.892428034199324e-06,4.328129662197907e-06,4.346989065902766e-06,8.846361944650899e-07,6.80744625001946e-07,2.4442036846387845e-06,1.3514890155474936e-05
2016-02-18,0.0,1.2963580068862966e-05,6.912350557001221e-06,7.324865013655925e-07,6.816729086035524e-07,2.2229131718178124e-06,1.356551787402034e-05
2016-02-19,1.0547496474792192e-05,8.629378346628083e-06,2.5763286935152603e-06,1.0181405762074065e-06,3.982237933707143e-07,2.198721507331659e-06,1.4542799816812228e-05
2016-02-20,3.5511668588945085e-06,0.0,7.682350689514085e-06,7.216181450930362e-07,6.837340790295105e-07,1.5688302139043448e-06,1.117115470448038e-05
2016-02-21,3.586856679170159e-06,1.7211898470517832e-05,8.484981711059248e-07,4.296391103294137e-07,5.707226433105189e-07,1.8987833734083786e-06,1.165498133757157e-05
2016-02-22,1.449162075241113e-05,1.7174930019886446e-05,5.060920030073541e-06,2.842335319147149e-07,6.85448158326257e-07,1.9337925621887464e-06,1.4650521455297023e-05
2016-02-23,0.0,1.2479622869767874e-05,2.513943179494134e-06,7.051735346663522e-07,6.860976900669329e-07,2.2913504455704813e-06,1.5523542657044016e-05
2016-02-24,3.6362964134105715e-06,4.14866319658001e-06,6.6604739743050825e-06,2.799335029948122e-07,9.157544428644874e-07,2.137264160459293e-06,1.220150669221633e-05
2016-02-25,3.6136404689194257e-06,4.008790925312978e-06,1.653862918936126e-06,6.809144494559797e-07,4.4183920787361684e-07,1.928447411487126e-06,1.2451722125016271e-05
2016-02-26,7.182691782973096e-06,7.4990416916270604e-06,2.4641590979491477e-06,6.485508985310959e-07,7.745051968148764e-07,1.4576571760515484e-06,1.2800623399971333e-05
2016-02-27,0.0,7.4701759662897745e-06,4.079617059095623e-06,7.725907112001661e-07,4.872830500843114e-07,1.6872375279863404e-06,1.0498029711460467e-05
2016-02-28,3.5478319558043697e-06,1.1163085897161427e-05,2.498071474781604e-06,3.8349880193898235e-07,6.887558731189174e-07,1.683761456911719e-06,1.1221123285905361e-05
2016-02-29,7.053216492250478e-06,1.1097840751891225e-05,2.481392188113831e-06,4.6397568390938734e-07,4.7709810591298e-07,2.465052756045593e-06,1.1987007327050791e-05
2016-03-01,3.563586265572349e-06,1.926904524045636e-05,2.4531602435129182e-06,5.736384715859847e-07,7.91992924115739e-07,2.3393468465797437e-06,1.4598542380161383e-05
2016-03-02,0.0,3.8276454012712626e-06,3.0735041535315356e-06,4.3402694470757475e-07,8.449633880355968e-07,1.7222758442047127e-06,8.566440506104708e-06
2016-03-03,3.52222237568034e-06,3.801864522181096e-06,1.5039619120259396e-06,3.233666832502363e-07,7.390860256653572e-07,2.04943931031962e-06,1.1844149655038366e-05
2016-03-04,0.0,1.1329391498134136e-05,2.986328895994066e-06,9.983167608900902e-08,5.801136511156284e-07,1.829459266122022e-06,1.1689385836380858e-05
2016-03-05,6.964534843404387e-06,1.8347084866725862e-05,3.703889922796602e-06,0.0,4.19861761657143e-07,1.743066361193751e-06,1.1954490112062416e-05
2016-03-06,0.0,2.5211469537538407e-05,2.851770754195956e-06,4.795070633589392e-07,6.267970089980027e-07,1.408358840776583e-06,1.0296977013049012e-05
2016-03-07,0.0,0.0,2.770417379425223e-06,3.812950482450806e-07,3.9118090451781806e-07,1.2997051187535412e-06,1.081038739501678e-05
2016-03-08,1.3517403464049494e-05,0.0,1.3449603037489636e-06,6.252261907237824e-07,2.9213493447951087e-07,1.6582454341376354e-06,1.3422654875982445e-05
2016-03-09,6.691451526151316e-06,3.4327125861472396e-06,3.1186740277198334e-06,3.552539596980417e-07,4.848556738459212e-07,2.0137245071420876e-06,9.145143223617241e-06
2016-03-10,3.3124352355033636e-06,0.0,1.2360323806853363e-06,3.532713361030807e-07,3.8629462095793865e-07,1.664287525969584e-06,9.095719383455693e-06
2016-03-11,3.279475954214991e-06,1.3029533042405329e-05,6.123593772754189e-07,2.6349302995209284e-07,2.8732207597782015e-07,1.4074817343944508e-06,1.1562086772637443e-05
2016-03-12,0.0,3.2303418844412895e-06,2.4270552026247943e-06,3.494118764659314e-07,5.224118509210698e-07,1.5185202168152447e-06,5.545949178268298e-06
2016-03-13,0.0,3.203623545161652e-06,1.2024578018453637e-06,8.688366361864078e-08,2.733370820807498e-07,1.5628791587323693e-06,8.990932658282243e-06
2016-03-14,0.0,3.1772255709062258e-06,1.7223874675880162e-06,2.429562896982696e-07,4.066739266619972e-07,1.4592988392385046e-06,1.23761525409049e-05
2016-03-15,6.301771725527503e-06,3.1511453218555865e-06,5.689291274631042e-07,2.4140046657773e-07,4.482032199271466e-07,2.1110036014368048e-06,9.247130701279345e-06
2016-03-16,3.119534024591856e-06,0.0,1.1059470161831723e-06,3.9978130617502646e-07,4.4459134203645967e-07,1.5428462722140401e-06,1.1109754683621038e-05
2016-03-17,3.0884941424220404e-06,1.2399710394776378e-05,1.0959886763297933e-06,7.933295775596612e-08,7.938430625708466e-07,1.3047809282842198e-06,8.309017248792531e-06
2016-03-18,6.115526224480441e-06,6.149570005536488e-06,2.4991001534673237e-06,3.9358793819406785e-07,2.185787174164139e-07,1.1261983245594015e-06,1.0467925610404417e-05
2016-03-19,3.0273378609177686e-06,3.0499498879049993e-06,4.892017496837002e-07,4.469100694355759e-07,3.9000119591067087e-07,8.843274090075905e-07,7.733113397576743e-06
2016-03-20,5.994430691808398e-06,0.0,4.762230598456472e-07,2.2176418344104958e-07,3.8659970091638986e-07,9.927383228714622e-07,6.8331233372657194e-06
2016-03-21,2.9673925549229072e-06,5.84362447471231e-06,3.001452836072428e-06,3.668258479457658e-07,5.10982488285824e-07,8.61147577379323e-07,9.040406803837683e-06
2016-03-22,5.875733011339888e-06,5.797349260090277e-06,4.250623781057051e-07,3.63175869773603e-07,3.3769987157185134e-07,1.1713679551893572e-06,7.171477413762604e-06
2016-03-23,5.817268491031554e-06,5.751653785225393e-06,3.9976331750405394e-07,1.4382488379642607e-07,8.369463030543198e-07,1.2356459729078319e-06,7.740094725347958e-06
2016-03-24,2.8796928512100313e-06,0.0,0.0,2.1359070343746756e-07,1.0591264389761799e-07,1.121720938131801e-06,9.252791954109834e-06
2016-03-25,2.8510394285891595e-06,5.6619838339423075e-06,1.9921284269897507e-06,0.0,2.800711388778561e-07,9.980558327469508e-07,7.993510252932705e-06
2016-03-26,2.8226711122870204e-06,2.8090001952271248e-06,3.2928999867831637e-07,3.4055082082956276e-07,3.471707100533485e-07,9.157801946070108e-07,8.855059043464656e-06
2016-03-27,0.0,5.574578751686922e-06,3.157790377738124e-07,1.0513727230162951e-07,3.4428721386969205e-07,1.0428974617975995e-06,6.791234814968857e-06
2016-03-28,8.300335438335123e-06,0.0,2.9159583795183123e-07,1.5205849594949846e-07,4.780134053720613e-07,1.8523581752855128e-06,6.450923419155673e-06
2016-03-29,0.0,2.6653218272490076e-06,1.1138864674570003e-06,2.3278375885778018e-07,4.063478683418029e-07,1.1419887878803018e-06,7.161505618330836e-06
2016-03-30,0.0,0.0,5.006928646849777e-07,1.7609135515524478e-07,5.166234132178831e-07,8.912846968581622e-07,7.373904695775488e-06
2016-03-31,0.0,2.6254039848759802e-06,9.722032176515103e-07,1.0460353013766949e-07,3.8361219327546967e-07,1.2427847234265011e-06,7.737033884796764e-06
2016-04-01,0.0,0.0,4.893583876785756e-07,1.0347913390904296e-07,4.4270404985806675e-07,9.91411230345013e-07,8.00452235336644e-06
2016-04-02,0.0,0.0,0.0,1.7074916553859316e-07,3.4437784147019193e-07,9.502728595640292e-07,7.8806235446332e-06
2016-04-03,2.575473714603217e-06,6.974559676455494e-06,6.480084967500284e-07,2.837680801428977e-08,2.976023178850825e-07,1.1543612524798458e-06,5.81130920386394e-06
2016-04-04,0.0,0.0,6.443343117203032e-07,1.404722702843982e-07,1.473205626727465e-07,1.1308680552078766e-06,6.800981452357465e-06
2016-04-05,0.0,2.056995266687286e-06,3.983700817281391e-07,1.2096378591954033e-07,2.917093971639732e-07,9.881801787646732e-07,8.833147146912783e-06
2016-04-06,2.4993569631082775e-06,0.0,1.895124415888103e-07,7.185610568358651e-08,2.2555509838640324e-07,9.040806238125371e-07,5.952172689401985e-06
2016-04-07,2.4744879458051755e-06,0.0,3.5557418765082517e-07,2.371370849529916e-08,3.907938784027875e-07,1.0323526683596742e-06,6.854363975692321e-06
2016-04-08,0.0,0.0,1.7698034945255047e-07,7.04332594600415e-08,1.6581660614694535e-07,7.84020765036837e-07,6.521545824368235e-06
2016-04-09,0.0,3.306463382601402e-06,3.523826065242353e-07,5.886597966568831e-08,2.462500550229518e-07,6.086540524180436e-07,5.718945078078984e-06
2016-04-10,0.0,3.287889378696477e-06,7.016795053953508e-07,5.0130410516643264e-08,2.708886955957743e-07,7.878489419816166e-07,6.440800173632826e-06
2016-04-11,0.0,0.0,3.4933198313875264e-07,4.9631604597780205e-08,1.6091598482347525e-07,9.688043739846098e-07,6.154611898865119e-06
2016-04-12,0.0,0.0,1.7392957353462735e-07,0.0,1.0003322555067834e-07,7.78221179014904e-07,5.038734265654315e-06
2016-04-13,0.0,0.0,3.118855467511565e-07,3.243255532055307e-08,2.723541653960658e-07,1.0274801375585898e-06,5.992947429836023e-06
2016-04-14,1.4143017100587653e-06,1.3742872721032873e-06,3.108257737532279e-07,3.210984600317427e-08,1.470786524570555e-07,9.380827956745401e-07,4.663563569682347e-06
2016-04-15,0.0,3.3913892116534167e-06,2.9252930836510166e-07,7.947586924288519e-08,1.6988439464868604e-07,8.634555333542743e-07,5.481698581590943e-06
2016-04-16,0.0,1.12682063403057e-06,1.4585170770219084e-07,4.721104267859346e-08,1.681940166785097e-07,6.038171554711737e-07,6.055924657499717e-06
2016-04-17,0.0,1.123290880512425e-06,4.3636003954243377e-07,4.6741284955066334e-08,2.5035110997096013e-07,1.0697683543824914e-06,5.223855335592529e-06
2016-04-18,0.0,1.1198734570184099e-06,2.887012438985166e-07,4.627620139898591e-08,1.802618725859409e-07,7.780053472426994e-07,5.20259030289071e-06
2016-04-19,0.0,8.78888027674418e-07,2.5774503975606e-07,4.581574550160901e-08,2.83494952558311e-07,5.60641484360324e-07,6.145577003862333e-06
2016-04-20,0.0,0.0,2.127140376872031e-07,0.0,3.608667394059652e-07,5.2594429114666e-07,6.131317693873189e-06
2016-04-21,0.0,1.8785095201164754e-06,1.0565380266568179e-07,1.49695109857457e-08,1.8966288247053876e-08,6.180976460975576e-07,5.853690500328858e-06
2016-04-22,0.0,0.0,2.0992230391214737e-07,1.037439330392071e-07,3.194662580729253e-07,5.449711741053871e-07,4.847214385490698e-06
2016-04-23,0.0,1.8413125394122788e-06,2.0855799489825823e-07,4.4019284424836505e-08,9.801716734101797e-08,6.608041798240179e-07,5.345022402470491e-06
2016-04-24,0.0,0.0,1.7843491647999884e-07,1.452709507552224e-08,5.998185744634815e-08,5.573399091232606e-07,4.397945908395216e-06
2016-04-25,0.0,0.0,1.4861892174574892e-07,4.3147644193137464e-08,1.0887255131999267e-07,5.739350230251598e-07,5.275472072308592e-06
2016-04-26,0.0,3.690474425796897e-07,7.394332722442368e-08,5.6957757280111994e-08,1.0778925133420653e-07,6.485884466121472e-07,5.1146798058750975e-06
2016-04-27,0.0,7.307507183431547e-07,2.943383518812599e-07,5.639101812590035e-08,1.2611977224762906e-07,5.270593379573355e-07,4.489769186708629e-06
2016-04-28,0.0,0.0,1.46466414472648e-07,1.3957479530123489e-08,5.762993517519144e-08,5.045812599525742e-07,2.8674390027923147e-06
2016-04-29,0.0,3.5814044231895933e-07,5.130443085084028e-08,4.145580086506853e-08,3.8037671826115744e-08,4.827051245964204e-07,3.7286353354038455e-06
2016-04-30,0.0,3.545768853767392e-07,5.1182434017188655e-08,8.208661750879944e-08,1.9428763217285896e-08,4.6112062977696166e-07,3.61184924384978e-06
2016-05-01,0.0,0.0,5.109648589576197e-08,0.0,2.2458248278773258e-08,7.334677578424018e-07,3.673704140595627e-06
2016-05-02,0.0,0.0,5.098464624595408e-08,1.342368518718261e-08,6.035155921703473e-08,5.648059151749571e-07,3.6543118169625322e-06
2016-05-03,0.0,3.4329558713715474e-07,1.526337153097744e-07,5.316046915148525e-08,2.201354516764727e-08,4.350703144900487e-07,4.208476445493589e-06
2016-05-04,0.0,3.398797389719631e-07,3.046575107608254e-07,1.9064166661731124e-08,2.8021508657304403e-08,5.668753068280859e-07,4.336588109978802e-06
2016-05-05,0.0,3.3649787906390266e-07,1.520390284535301e-07,9.437237517006665e-09,3.390773220702401e-08,3.9778079198127387e-07,3.2685033967291287e-06
2016-05-06,0.0,3.331496692241645e-07,1.0117633703746167e-07,1.1435080708530967e-08,3.051849512215948e-08,3.954540869651704e-07,2.8412158373629042e-06
2016-05-07,0.0,6.596695492579488e-07,5.0501719745293786e-08,2.8303249385973504e-08,1.3938840338503612e-08,3.931669276873095e-07,2.106451987944916e-06
2016-05-08,0.0,0.0,1.3021943872383673e-07,2.241730187931545e-08,1.7743045576875044e-08,1.628829522624407e-07,3.1320870473510665e-06
2016-05-09,0.0,0.0,6.51809937827111e-08,1.664568449904088e-08,1.3662832807235925e-08,3.2392527950559644e-07,2.9834400248046225e-06
2016-05-10,0.0,0.0,2.610351454287992e-07,1.0986704780611018e-08,2.125653412040181e-08,4.6706971856209106e-07,3.579208593269767e-06
2016-05-11,0.0,3.169017681287052e-07,1.3068620972941342e-07,0.0,1.9131843701806665e-08,4.004262837949565e-07,3.181486605084096e-06
2016-05-12,0.0,0.0,1.9630187321145857e-07,0.0,7.576591470515504e-09,3.9824630144673125e-07,3.507259976943346e-06
2016-05-13,0.0,3.106266926883219e-07,1.3106270811980245e-07,0.0,1.6877707032980786e-08,4.6218013981293834e-07,4.014379290437478e-06
2016-05-14,0.0,0.0,1.969059107179956e-07,0.0,2.0423053495863077e-08,3.22133906689815e-07,2.7723416697712718e-06
2016-05-15,0.0,3.0447587206675826e-07,1.3149163334096543e-07,0.0,1.102900402812524e-08,3.914461401442812e-07,2.652827620047419e-06
2016-05-16,0.0,3.01446286520327e-07,1.975887132142669e-07,0.0,1.2739140871875013e-08,3.4795483420848536e-07,2.265394825293388e-06
2016-05-17,0.0,2.984468458537538e-07,6.598657848435498e-08,0.0,1.9819461046482572e-08,2.9803481174214953e-07,2.6971906893873954e-06
2016-05-18,0.0,0.0,1.3223370255358354e-07,0.0,1.962225411406818e-08,3.8431084526840084e-07,2.9239081492156206e-06
2016-05-19,0.0,0.0,6.625373580945379e-08,0.0,0.0,1.9405618716745912e-07,2.5980191735501178e-06
2016-05-20,0.0,5.792528171208309e-07,1.9919173731272512e-07,0.0,0.0,2.608570169212101e-07,2.0394149299022707e-06
2016-05-21,0.0,0.0,1.9820349798470677e-07,0.0,0.0,2.591935135937551e-07,2.0276180286708196e-06
2016-05-22,0.0,0.0,6.574502639055235e-08,0.0,0.0,2.463578459278437e-07,2.097069962339457e-06
2016-05-23,0.0,2.8106665458515064e-07,6.542879467696251e-08,0.0,0.0,2.0094650613347562e-07,2.324650815550146e-06
2016-05-24,0.0,0.0,6.511910589736456e-08,0.0,0.0,3.379420938738869e-07,2.765830859343545e-06
2016-05-25,0.0,2.7550116193513266e-07,6.481592908262245e-08,0.0,0.0,2.9332738566609896e-07,2.5081359639389422e-06
2016-05-26,0.0,2.7275987957158074e-07,2.580769356592082e-07,0.0,0.0,3.248304910099069e-07,2.180360169747738e-06
2016-05-27,0.0,2.700458734232866e-07,6.422899072413935e-08,0.0,0.0,3.3456661953059227e-07,1.5984411280915263e-06
2016-05-28,0.0,0.0,0.0,0.0,0.0,2.715371821525271e-07,2.0843345093998587e-06
2016-05-29,0.0,0.0,1.9100323445503159e-07,0.0,0.0,2.583495350265838e-07,1.7355137540359289e-06
2016-05-30,0.0,5.241296234336686e-07,6.33966859781528e-08,0.0,0.0,2.2236742772117397e-07,1.1732979917462744e-06
2016-05-31,0.0,0.0,3.1565983429695153e-07,0.0,0.0,2.664503711618393e-07,2.480654512097633e-06
2016-06-01,0.0,2.5875715861218807e-07,3.1409576819699915e-07,0.0,0.0,3.015633403638596e-07,1.9767279526303825e-06
2016-06-02,0.0,2.5618248186540394e-07,6.256725334799267e-08,0.0,0.0,2.657480138339567e-07,1.6565668773310037e-06
2016-06-03,0.0,2.536334235802924e-07,0.0,0.0,0.0,2.4774148221172165e-07,1.9498223068940888e-06
2016-06-04,0.0,0.0,6.208219853304531e-08,0.0,0.0,1.767687565712548e-07,1.3218332915960981e-06
2016-06-05,0.0,0.0,1.236979910072388e-07,0.0,0.0,2.11916386302808e-07,1.7012012401565092e-06
2016-06-06,0.0,2.461374230721116e-07,2.4648790970113943e-07,0.0,0.0,2.470200326245612e-07,1.4881341924860143e-06
2016-06-07,0.0,2.4368831479199275e-07,7.964403648476476e-08,0.0,0.0,2.2919834176412902e-07,1.5747573820743332e-06
2016-06-08,0.0,0.0,7.964403648476476e-08,0.0,0.0,2.1142510059090834e-07,1.429316332234712e-06
2016-06-09,0.0,0.0,0.0,0.0,0.0,2.2891228075960696e-07,1.5083744633180916e-06
2016-06-10,0.0,0.0,1.9916982672818642e-07,0.0,0.0,2.6400414688219227e-07,7.921523253748815e-07
2016-06-11,0.0,0.0,3.9845913643612486e-08,0.0,0.0,2.0232727375194777e-07,1.105991032528133e-06
2016-06-12,0.0,0.0,3.9861846566157074e-08,0.0,0.0,1.3191626160230215e-07,1.0776667838430368e-06
2016-06-13,0.0,0.0,0.0,0.0,0.0,2.1576434852410607e-07,1.2386753392565041e-06
2016-06-14,0.0,2.4368831479199275e-07,3.99056730568017e-08,0.0,0.0,2.433788459945903e-07,1.4752422067363222e-06
2016-06-15,0.0,2.461374230721116e-07,7.986714201517463e-08,0.0,0.0,1.6256755525199651e-07,1.2902804030332335e-06
2016-06-16,0.0,2.4861114529965286e-07,1.198963870462553e-07,0.0,0.0,1.7770778552574338e-07,1.127024972859615e-06
2016-06-17,0.0,0.0,4.000135026945578e-08,0.0,0.0,1.9292749457243247e-07,1.084573909562383e-06
2016-06-18,0.0,5.072668471605848e-07,4.0041238358521284e-08,0.0,0.0,9.667875720110348e-08,9.311609039447745e-07
2016-06-19,0.0,2.5618248186540394e-07,4.008513060479047e-08,0.0,0.0,1.416280974133275e-07,1.0032070059199933e-06
2016-06-20,0.0,0.0,0.0,0.0,0.0,1.6438705185304826e-07,1.089850550827906e-06
2016-06-21,0.0,0.0,1.2055483658052782e-07,0.0,0.0,1.7978194250663845e-07,1.0967270871420963e-06
2016-06-22,0.0,2.6398439995767004e-07,8.048175636840193e-08,0.0,0.0,1.5020877838592654e-07,9.63584834524304e-07
2016-06-23,0.0,0.0,0.0,0.0,0.0,2.334521531466345e-07,1.1215405125909624e-06
2016-06-24,0.0,0.0,0.0,0.0,0.0,2.794145055671883e-07,9.569029459383769e-07
2016-06-25,0.0,2.720239218293796e-07,4.043284527031801e-08,0.0,0.0,1.6661760170912396e-07,9.001235399627085e-07
2016-06-26,0.0,0.0,1.215147360004617e-07,0.0,0.0,1.9749778532036787e-07,6.028271127531391e-07
2016-06-27,0.0,0.0,1.604075255671082e-07,0.0,0.0,1.9048423987794898e-07,1.1483074984437466e-06
2016-06-28,0.0,0.0,1.1910858301487314e-07,0.0,0.0,2.293029740213079e-07,1.0745228269165678e-06
2016-06-29,0.0,0.0,7.861562187464945e-08,0.0,0.0,1.9170649223130468e-07,9.212344860050011e-07
2016-06-30,0.0,2.859708865420778e-07,3.891669168354207e-08,0.0,0.0,1.6157092861321875e-07,7.845292564712154e-07
2016-07-01,0.0,2.886642216293401e-07,0.0,0.0,0.0,2.0850550716591495e-07,6.580700630166209e-07
2016-07-02,0.0,0.0,1.1467760193353699e-07,0.0,0.0,1.2399311087732392e-07,9.385739030088724e-07
2016-07-03,0.0,0.0,7.569102715270104e-08,0.0,0.0,1.697338110849608e-07,7.39207714513614e-07
2016-07-04,0.0,0.0,3.74689444244177e-08,0.0,0.0,1.5363097112377725e-07,7.490419615243338e-07
2016-07-05,0.0,0.0,3.7096122198151575e-08,0.0,0.0,1.9121730106250186e-07,8.85251727626257e-07
2016-07-06,0.0,3.0346435275680795e-07,7.345401923003757e-08,0.0,0.0,1.7518180930095783e-07,7.265319059992454e-07
2016-07-07,0.0,0.0,0.0,0.0,0.0,2.503139242779942e-07,9.030656251684603e-07
2016-07-08,0.0,3.0959473933284757e-07,7.199953219833172e-08,0.0,0.0,1.1252685108058366e-07,9.39505444775381e-07
2016-07-09,0.0,3.127062181915222e-07,7.128312488297619e-08,0.0,0.0,1.0391019976512375e-07,4.946607867064507e-07
2016-07-10,0.0,3.1584896793260527e-07,4.174153482345603e-08,0.0,0.0,9.341323505484218e-08,7.653112513425107e-07
2016-07-11,0.0,0.0,4.1326199612397756e-08,0.0,0.0,1.6589623417319655e-07,7.612266995712166e-07
2016-07-12,0.0,0.0,6.137249558360901e-08,0.0,0.0,1.6937821215849834e-07,8.018989201082015e-07
2016-07-13,0.0,0.0,0.0,0.0,0.0,1.270400536274641e-07,7.858220165459495e-07
2016-07-14,0.0,3.287390088418017e-07,4.010482583238549e-08,0.0,0.0,1.2074494461442197e-07,5.499566734945844e-07
2016-07-15,0.0,0.0,7.941155229578519e-08,0.0,0.0,1.3946743106515448e-07,5.596025096805231e-07
2016-07-16,0.0,0.0,3.9310697074102743e-08,0.0,0.0,9.862836209962839e-08,7.629615646061928e-07
2016-07-17,0.0,0.0,3.891954910277933e-08,0.0,0.0,1.0741169284965882e-07,5.485415074246504e-07
2016-07-18,0.0,0.0,1.926614655939963e-08,0.0,0.0,1.3534554555266363e-07,5.683227146436953e-07
2016-07-19,0.0,3.455938182466884e-07,0.0,0.0,0.0,1.3399883487310509e-07,7.404403540987677e-07
2016-07-20,0.0,0.0,3.776930259451405e-08,0.0,0.0,1.0897525201214636e-07,6.40118340099897e-07
2016-07-21,0.0,3.5257527648023456e-07,3.739349175452066e-08,0.0,0.0,8.912729011350367e-08,6.919157121075953e-07
2016-07-22,0.0,0.0,9.255355073716017e-08,0.0,0.0,1.5790397883258938e-07,5.386991869574094e-07
2016-07-23,0.0,0.0,1.832652550404412e-08,0.0,0.0,9.655849905359655e-08,5.773148771268394e-07
2016-07-24,0.0,0.0,1.8144173528478767e-08,0.0,0.0,1.0925454392580851e-07,4.548367127808155e-07
2016-07-25,0.0,0.0,3.5927271970772925e-08,0.0,0.0,9.915348946258058e-08,4.3814439411987415e-07
2016-07-26,0.0,3.70652197460456e-07,3.5569789641724875e-08,0.0,0.0,1.4725034363711671e-07,4.458463559581235e-07
2016-07-27,0.0,3.743773139750476e-07,3.5215864321282593e-08,0.0,0.0,1.2369651486812688e-07,4.692741206452105e-07
2016-07-28,0.0,3.7813986853301885e-07,3.486546061661909e-08,0.0,0.0,6.560663248957528e-08,4.801334984138453e-07
2016-07-29,0.0,0.0,5.1777815230607856e-08,0.0,0.0,9.093536982480548e-08,4.4075906350520155e-07
2016-07-30,0.0,0.0,1.708753912031948e-08,0.0,0.0,1.1146639248576962e-07,4.0936850407111645e-07
2016-07-31,0.0,0.0,0.0,0.0,0.0,8.064570706284457e-08,4.928012416169807e-07
2016-08-01,0.0,0.0,5.0241000278091425e-08,0.0,0.0,1.0512443755943687e-07,4.921650970019519e-07
2016-08-02,0.0,4.011922876225347e-07,6.632145863028844e-08,0.0,0.0,1.8317804019450363e-07,6.090389069263366e-07
2016-08-03,0.0,0.0,1.6415387272729845e-08,0.0,0.0,9.479940748964854e-08,5.285492744779756e-07
2016-08-04,0.0,7.864962961370214e-07,4.875615432088318e-08,0.0,0.0,1.2242104907562543e-07,4.806886412262326e-07
2016-08-05,0.0,0.0,1.6090340826546393e-08,0.0,0.0,1.1312274333240693e-07,4.824275717214977e-07
2016-08-06,0.0,0.0,4.779071778086912e-08,0.0,0.0,8.399786492212446e-08,3.453478102915119e-07
2016-08-07,0.0,0.0,4.731519219370288e-08,0.0,0.0,1.1484286161150464e-07,3.893651050522109e-07
2016-08-08,0.0,0.0,1.561479938839516e-08,0.0,0.0,9.801737590150767e-08,4.899744992661322e-07
2016-08-09,0.0,0.0,3.091885907701448e-08,0.0,0.0,1.1256882059034815e-07,4.510094766402202e-07
2016-08-10,0.0,0.0,6.122242257782428e-08,0.0,0.0,1.0376262196524073e-07,4.186117938137021e-07
2016-08-11,0.0,0.0,3.0306624647448116e-08,0.0,0.0,1.1033980859836543e-07,4.357789213653143e-07
2016-08-12,0.0,3.6301379366831436e-07,0.0,0.0,0.0,1.1677583392829407e-07,3.198153709986953e-07
2016-08-13,0.0,0.0,2.9706513271834455e-08,0.0,0.0,9.323701206986129e-08,4.171778166611676e-07
2016-08-14,0.0,0.0,1.4705464263023578e-08,0.0,0.0,7.015505910726686e-08,3.7287194655339595e-07
2016-08-15,0.0,0.0,1.4559142448810825e-08,0.0,0.0,1.0601332281939821e-07,4.0603088955498354e-07
2016-08-16,0.0,0.0,0.0,0.0,0.0,7.96236688936526e-08,4.110202827223039e-07
2016-08-17,0.0,3.4530940203693166e-07,0.0,0.0,0.0,7.166490922787232e-08,4.506485757512241e-07
2016-08-18,0.0,0.0,0.0,0.0,0.0,9.22373809067155e-08,5.106342620143201e-07
2016-08-19,0.0,0.0,0.0,0.0,0.0,1.0536877342171427e-07,4.009837011249377e-07
2016-08-20,0.0,3.3510396689904645e-07,0.0,0.0,0.0,5.216016830426099e-08,4.668964231437354e-07
2016-08-21,0.0,0.0,0.0,0.0,0.0,7.229763234114709e-08,4.660252183397726e-07
2016-08-22,0.0,0.0,0.0,0.0,0.0,3.687219391561054e-08,3.800753410586573e-07
2016-08-23,0.0,0.0,0.0,0.0,0.0,2.8900036652759534e-08,5.186675850973074e-07
2016-08-24,0.0,0.0,0.0,0.0,0.0,3.614207555799087e-08,4.3811663156349075e-07
2016-08-25,0.0,0.0,0.0,0.0,0.0,2.8327777585551493e-08,3.8687035521120125e-07
2016-08-26,0.0,0.0,0.0,0.0,0.0,4.428301814061895e-08,3.721810383936016e-07
2016-08-27,0.0,0.0,0.0,0.0,0.0,3.945815527322807e-08,3.575345734238661e-07
2016-08-28,0.0,0.0,0.0,0.0,0.0,4.051241192269009e-08,4.6696384920605297e-07
2016-08-29,0.0,0.0,2.9410928526047156e-08,0.0,0.0,4.870415812215939e-08,4.6699046255091056e-07
2016-08-30,0.0,0.0,4.455976990775168e-08,0.0,0.0,3.8291990546967694e-08,4.1597867490433515e-07
2016-08-31,0.0,0.0,3.000506869370445e-08,0.0,0.0,0.0,4.598840480832384e-07
2016-09-01,0.0,2.9961321361853737e-07,3.026683191584315e-08,0.0,0.0,0.0,4.0699619979332884e-07
2016-09-02,0.0,2.9663201233208686e-07,4.585652795055871e-08,0.0,0.0,0.0,3.490132330608152e-07
2016-09-03,0.0,0.0,1.5439131239453884e-08,0.0,0.0,0.0,3.4920748219864284e-07
2016-09-04,0.0,0.0,0.0,0.0,0.0,0.0,3.5671658263352445e-07
2016-09-05,0.0,2.878652114751797e-07,0.0,0.0,0.0,0.0,4.371259581364848e-07
2016-09-06,0.0,0.0,6.363729114399453e-08,0.0,0.0,0.0,4.302081502007105e-07
2016-09-07,0.0,2.8216509837913973e-07,0.0,0.0,0.0,0.0,4.890077853722515e-07
2016-09-08,0.0,0.0,8.115356212597002e-08,0.0,0.0,0.0,4.602977587069689e-07
2016-09-09,0.0,0.0,1.6393833796962286e-08,0.0,0.0,0.0,4.02310382964486e-07
2016-09-10,0.0,0.0,1.6558594565771838e-08,0.0,0.0,0.0,3.9548986131702847e-07
2016-09-11,0.0,2.7110124662005375e-07,3.345002241567368e-08,0.0,0.0,0.0,5.573665808295506e-07
2016-09-12,0.0,0.0,1.689310036496019e-08,0.0,0.0,0.0,3.8925259915402386e-07
2016-09-13,0.0,0.0,1.7062878846197656e-08,0.0,0.0,0.0,4.85478904096876e-07
2016-09-14,0.0,0.0,3.4468727259077724e-08,0.0,0.0,0.0,5.083801912898389e-07
2016-09-15,0.0,0.0,5.222271559081511e-08,0.0,0.0,0.0,5.792965075056854e-07
2016-09-16,0.0,2.5787948280381987e-07,3.5165041738727854e-08,0.0,0.0,0.0,5.765924652623007e-07
2016-09-17,0.0,0.0,1.775922814186191e-08,0.0,0.0,0.0,3.632570143961631e-07
2016-09-18,0.0,0.0,5.3813134055920443e-08,0.0,0.0,0.0,5.207305172501521e-07
2016-09-19,0.0,0.0,5.435396504450518e-08,0.0,0.0,0.0,5.978197397715998e-07
2016-09-20,0.0,0.0,3.660015431659299e-08,0.0,0.0,0.0,6.91794901236864e-07
2016-09-21,0.0,2.4530255201801935e-07,1.8483995991390543e-08,0.0,0.0,0.0,3.3663564020447247e-07
2016-09-22,0.0,0.0,5.600928971846133e-08,0.0,0.0,0.0,5.773251359829528e-07
2016-09-23,0.0,0.0,3.771479495893163e-08,0.0,0.0,0.0,3.441105901226809e-07
2016-09-24,0.0,0.0,1.9046917474907013e-08,0.0,0.0,0.0,4.294798357702959e-07
2016-09-25,0.0,0.0,5.771502653390457e-08,0.0,0.0,0.0,5.575236968973342e-07
2016-09-26,0.0,0.0,3.8863381462558334e-08,0.0,0.0,0.0,5.996085416758534e-07
2016-09-27,0.0,0.0,3.92539649397128e-08,0.0,0.0,0.0,4.8764876923378e-07
2016-09-28,0.0,0.0,5.9472710769109496e-08,0.0,0.0,0.0,5.383666482163651e-07
2016-09-29,0.0,0.0,0.0,0.0,0.0,0.0,5.54880150313649e-07
2016-09-30,0.0,0.0,0.0,0.0,0.0,0.0,3.496720551308686e-07
2016-10-01,0.0,1.2571241327301944e-07,2.0366883620496072e-08,0.0,0.0,0.0,2.6595064831713527e-07
2016-10-02,0.0,0.0,4.114314840773173e-08,0.0,0.0,0.0,2.549595204310682e-07
2016-10-03,0.0,1.2825197247913174e-07,6.233496588539724e-08,0.0,0.0,0.0,2.0227146966982808e-07
2016-10-04,0.0,0.0,0.0,0.0,0.0,0.0,2.4348794934436817e-07
2016-10-05,0.0,0.0,6.359421572680437e-08,0.0,0.0,0.0,2.8058353047700696e-07
2016-10-06,0.0,0.0,0.0,0.0,0.0,0.0,2.3853086977275105e-07
2016-10-07,0.0,2.6697206953541196e-07,0.0,0.0,0.0,0.0,2.8860541619625217e-07
2016-10-08,0.0,0.0,0.0,0.0,0.0,0.0,2.3048909294188437e-07
2016-10-09,0.0,1.3618263154487174e-07,2.2063181634924332e-08,0.0,0.0,0.0,2.4382666549680045e-07
2016-10-10,0.0,0.0,4.4569840593527345e-08,0.0,0.0,0.0,3.737985148969617e-07
2016-10-11,0.0,1.3893370319044808e-07,9.003554987681406e-08,0.0,0.0,0.0,3.575161233171024e-07
2016-10-12,0.0,0.0,4.5470211098295494e-08,0.0,0.0,0.0,2.925176669925152e-07
2016-10-13,0.0,1.4174035016977473e-07,2.2963597158592877e-08,0.0,0.0,2.1917772556569397e-08,3.1693067703980937e-07
2016-10-14,0.0,1.4316486437154942e-07,4.638877029378052e-08,0.0,0.0,2.2138049832875713e-08,2.8448619963933163e-07
2016-10-15,0.0,0.0,7.028247777909315e-08,0.0,0.0,9.72197431852772e-09,3.008373605078842e-07
2016-10-16,0.0,1.4605698647660347e-07,4.732588561590826e-08,0.0,2.099580484131824e-08,1.8657395391152135e-08,2.7655990641445313e-07
2016-10-17,0.0,2.950497671890068e-07,7.170227801063154e-08,0.0,1.6965452950432058e-08,1.88449053321886e-08,2.848406306958564e-07
2016-10-18,0.0,0.0,4.732588561590826e-08,0.0,1.0709974117026558e-08,3.3230782035564596e-08,3.7459209490357445e-07
2016-10-19,0.0,3.0101016786080707e-07,2.3427492593031053e-08,0.0,1.0817611146369788e-08,3.751355188234306e-08,3.504123072816403e-07
2016-10-20,0.0,1.5201768517092085e-07,9.277754058756104e-08,0.0,1.9667393902516255e-08,3.3902088362820035e-08,3.2623021433980205e-07
2016-10-21,0.0,8.099406297053519e-07,9.185438863437151e-08,0.0,1.5450597942380764e-08,2.819996118912709e-08,2.612224919733765e-07
2016-10-22,0.0,0.0,9.094042219659099e-08,0.0,1.114705645232285e-08,3.051790233304807e-08,2.8600133509258787e-07
2016-10-23,0.0,0.0,2.2508887469203515e-08,0.0,2.0266355217897626e-08,2.4659689880442826e-08,2.617775268216136e-07
2016-10-24,0.0,0.0,4.4569840593527345e-08,0.0,1.36466903160164e-08,4.3588166796973816e-08,2.620942966722634e-07
2016-10-25,0.0,0.0,6.618954490477299e-08,0.0,1.837845577845102e-08,4.402623515617599e-08,2.7883960593168004e-07
2016-10-26,0.0,4.257335868949163e-07,4.368729861926907e-08,0.0,1.16019764561084e-08,4.8703821049447424e-08,3.0475732391853657e-07
2016-10-27,0.0,4.300122805765524e-07,0.0,0.0,9.374862606399101e-09,3.849910637371185e-08,3.7241885000056927e-07
2016-10-28,0.0,4.343339758445908e-07,1.0705558036740896e-07,0.0,3.0774515011449725e-08,4.752736856432743e-08,4.2133040926958933e-07
2016-10-29,0.0,1.31609731461648e-06,4.239614381786958e-08,0.0,1.1955309242018857e-08,2.18204666179408e-08,3.6491926431300085e-07
2016-10-30,0.0,4.431081041758001e-07,2.0987147569243796e-08,0.0,9.660369677955239e-09,4.1875555311280675e-08,2.7931484186474225e-07
2016-10-31,0.0,4.4756141465911584e-07,0.0,0.0,5.0298617052235046e-08,4.229641163890136e-08,4.250803555018593e-07
2016-11-01,0.0,4.550132543573747e-07,2.054340619217051e-08,0.0,4.514762109182729e-08,3.5974571231778114e-08,3.4677644230812946e-07
2016-11-02,0.0,4.595862135891774e-07,6.101698765560013e-08,0.0,2.280068111362643e-08,4.769115970951341e-08,4.252070181556991e-07
2016-11-03,0.0,0.0,2.0136619494767315e-08,0.0,4.0302205594789614e-08,5.505195866632201e-08,4.169228042664098e-07
2016-11-04,0.0,0.0,3.987251356612927e-08,0.0,4.070724949487775e-08,5.097147004512683e-08,2.9915204594258857e-07
2016-11-05,0.0,0.0,3.9475775427307734e-08,0.0,4.6990130461529355e-08,4.212306150185948e-08,3.777516806217205e-07
2016-11-06,0.0,4.783422827739e-07,0.0,0.0,5.339518776447141e-08,3.5455337756708206e-08,3.9915487755774534e-07
2016-11-07,0.0,1.4494491079176005e-06,7.73882054032049e-08,0.0,4.194696980677378e-08,3.819911448020132e-08,4.6866214066358207e-07
2016-11-08,0.0,0.0,5.746363492019211e-08,0.0,6.052649123143774e-08,5.0640216326692916e-08,2.5863486349080307e-07
2016-11-09,0.0,4.929099740660405e-07,7.585581626581212e-08,0.0,4.890783406506569e-08,7.063455285222301e-08,2.686477491126782e-07
2016-11-10,0.0,9.957276033257144e-07,1.877525957071868e-08,0.0,3.087460373071523e-08,5.658352289437852e-08,3.74829599924688e-07
2016-11-11,0.0,0.0,7.435377046635003e-08,0.0,5.613281758235951e-08,5.2182440514227626e-08,5.295636173633385e-07
2016-11-12,0.0,5.079213176072618e-07,1.8403484522208413e-08,0.0,5.039729935819321e-08,4.768717964023097e-08,3.0869780100775625e-07
2016-11-13,0.0,0.0,0.0,0.0,3.817785047800041e-08,3.549106382565433e-08,4.5430894871715214e-07
2016-11-14,0.0,1.036364017702168e-06,1.803907111289009e-08,0.0,4.498846829658848e-08,6.913495596940141e-08,3.874582412575541e-07
2016-11-15,0.0,1.0467796492400945e-06,2.8826219498339705e-08,0.0,9.301128399598082e-08,3.87943187934725e-08,4.950943764468637e-07
2016-11-16,0.0,0.0,1.1503492112141564e-07,0.0,4.697303147042672e-08,5.224561090568452e-08,2.821694342956186e-07
2016-11-17,0.0,5.339630004337409e-07,2.869411695936184e-08,0.0,7.116767742773159e-08,6.596336003087634e-08,4.227236315094828e-07
2016-11-18,0.0,5.393294178048637e-07,5.7264746147955105e-08,0.0,6.389593286833107e-08,4.7970938030846247e-08,5.272028414589832e-07
2016-11-19,0.0,1.0894995371344193e-06,8.572047734928315e-08,0.0,6.45380976696566e-08,3.859476871021642e-08,4.2087855779408884e-07
2016-11-20,0.0,1.638280985072394e-06,1.140698767944034e-07,0.0,8.963173495998012e-08,4.961428510732771e-08,4.847780684206915e-07
2016-11-21,0.0,1.0949843292712698e-06,2.846429771812515e-08,0.0,1.3168370745072262e-07,8.232836358111512e-08,5.598020944464023e-07
2016-11-22,0.0,1.0978908345063608e-06,0.0,0.0,4.156473459777033e-08,8.315577739087147e-08,5.010604570931143e-07
2016-11-23,0.0,0.0,1.1346595634042207e-07,0.0,4.198246712528704e-08,8.033970220211301e-08,4.893964800416846e-07
2016-11-24,0.0,5.520167583018338e-07,1.0051024487136737e-07,0.0,5.0885277521402103e-08,7.008161195554521e-08,6.370031587457971e-07
2016-11-25,0.0,0.0,1.0086748168314098e-07,0.0,4.2830569218847055e-08,7.078594386522626e-08,5.397231182404064e-07
2016-11-26,0.0,5.553089134141296e-07,5.061740266356971e-08,0.0,8.652204719161298e-08,6.397131712004207e-08,5.867036229593751e-07
2016-11-27,0.0,5.570382043127534e-07,1.962849393721836e-07,0.0,6.117412575564707e-08,6.841507716602769e-08,5.013002509698001e-07
2016-11-28,0.0,1.1176463989920173e-06,1.973072184135379e-07,0.0,7.944291763806759e-08,9.59759168369757e-08,5.701327113392134e-07
2016-11-29,0.0,5.606640774649008e-07,1.9834922834115684e-07,0.0,1.0698844297864528e-07,1.0081811047073327e-07,5.477968711161035e-07
2016-11-30,0.0,1.6312573351932333e-06,3.009746795970423e-07,0.0,3.602123156888522e-08,7.049862645651297e-08,6.677734415815926e-07
2016-12-01,0.0,8.106645887872741e-07,1.508663106158263e-07,0.0,1.176721879662568e-07,1.0662121513831084e-07,6.426352997687369e-07
2016-12-02,0.0,8.15190358696094e-07,1.5177586023704732e-07,0.0,2.7428033796110147e-08,1.3762584826631742e-07,5.695441206491603e-07
2016-12-03,0.0,0.0,3.0540117514154455e-07,0.0,1.385184505927563e-07,1.1770977461770273e-07,6.450940524404019e-07
2016-12-04,0.0,1.6489738367842542e-06,3.5099746652666425e-07,0.0,8.394635049927215e-08,1.3875004949002578e-07,5.096774106744784e-07
2016-12-05,0.0,0.0,1.0290898528733254e-07,0.0,7.48233528098203e-08,1.4449341338135248e-07,7.225582572576131e-07
2016-12-06,0.0,0.0,5.182589547545209e-07,0.0,6.565580857123695e-08,1.1919941886747322e-07,7.241817021840675e-07
2016-12-07,0.0,0.0,1.802428199732988e-07,0.0,2.822046388690783e-08,1.1900734231178739e-07,8.338178381271933e-07
2016-12-08,0.0,8.440733057407165e-07,1.820542904297521e-07,0.0,6.60462743974465e-08,1.2399356513687566e-07,5.574631099757349e-07
2016-12-09,0.0,8.491796776373339e-07,2.7582594970044127e-07,0.0,8.518037709589698e-08,1.289770366118546e-07,7.587831965382594e-07
2016-12-10,0.0,8.462044078105215e-07,3.113852688403204e-07,0.0,4.74736854386027e-08,8.243648470438792e-08,4.445576585050562e-07
2016-12-11,0.0,8.433137591296628e-07,2.2716301375140425e-07,0.0,7.620749850458878e-08,9.77738927620485e-08,6.272809039594879e-07
2016-12-12,0.0,0.0,2.5859023755871834e-07,0.0,7.64647211207702e-08,1.0794468345137959e-07,6.014890924034001e-07
2016-12-13,0.0,4.188925886849886e-06,3.917836689787772e-07,0.0,6.713839148868644e-08,1.5918393712398475e-07,6.807950989353289e-07
2016-12-14,0.0,0.0,1.3190705343762074e-07,0.0,7.70021324477676e-08,1.2825554766775268e-07,6.688786111635974e-07
2016-12-15,0.0,1.665183441703715e-06,1.3323274136424915e-07,0.0,5.796178117512312e-08,1.230237870290198e-07,7.42346620401722e-07
2016-12-16,0.0,2.4903600304237862e-06,4.037152580281248e-07,0.0,1.163555184816794e-07,1.502586217460124e-07,6.848956744819692e-07
2016-12-17,0.0,0.0,5.874131814466345e-07,0.0,9.733259188493661e-09,1.0030419368758817e-07,4.832020391361875e-07
2016-12-18,0.0,3.2267212238047867e-06,1.4832919551690394e-07,0.0,4.885599252105318e-08,1.1927962901468887e-07,6.110185555529851e-07
2016-12-19,0.0,2.151728786090006e-06,5.992797148612362e-07,0.0,5.886068968752434e-08,1.8233361718644107e-07,1.0474761984602802e-06
2016-12-20,0.0,5.3813131607880235e-06,1.4602924630606458e-06,0.0,5.8486321030956233e-08,1.4484217225702922e-07,9.48038911629681e-07
2016-12-21,0.0,1.0767684984303108e-06,4.916562154353856e-07,0.0,5.626473605258922e-08,1.1985646774658134e-07,1.1918341148367667e-06
2016-12-22,0.0,1.07738204245017e-06,1.1587273659464554e-06,0.0,7.845768641979176e-08,1.946592762898703e-07,8.366761742473314e-07
2016-12-23,0.0,2.1562066511441916e-06,5.015883298196637e-07,0.0,5.5823277285701595e-08,1.9517360652633595e-07,9.932821206646496e-07
2016-12-24,0.0,0.0,6.755058351224268e-07,0.0,3.336655941605146e-08,1.3280148683699602e-07,1.1165567539455162e-06
2016-12-25,0.0,3.239608225257035e-06,6.822947816317376e-07,0.0,9.972746743328736e-08,1.542049716070141e-07,9.286106873029489e-07
2016-12-26,0.0,5.404571923768796e-06,6.891519581877926e-07,0.0,1.5755332515203254e-07,1.7574456952992008e-07,1.0134855086485687e-06
2016-12-27,0.0,7.574472173994225e-06,7.543664456415e-07,0.0,1.4422421842678425e-07,2.749871145567773e-07,1.4246600409333695e-06
2016-12-28,0.0,1.0833287297488027e-06,1.1429219316943308e-06,0.0,1.3094452546021384e-07,2.970586764788372e-07,1.4171644507402864e-06
2016-12-29,0.0,1.0846983398456108e-06,1.1544084880720188e-06,0.0,7.847353178373806e-08,1.9681436127942795e-07,1.1645814125820338e-06
2016-12-30,0.0,2.1723528413606434e-06,8.647729168649905e-07,0.0,1.0451759427989466e-07,2.203374034051954e-07,1.35720709383765e-06
2016-12-31,0.0,4.6845836180378485e-06,2.1836600729233676e-07,0.0,7.831069852099863e-08,2.157055492688396e-07,1.21606168108828e-06
2017-01-01,0.0,3.4149286050136317e-06,2.1566070134363215e-07,0.0,1.647218475341933e-07,2.761012757059667e-07,1.3774128846166826e-06
2017-01-02,0.0,7.986163538893339e-06,1.3069687645537469e-06,0.0,1.1394806609149542e-07,2.0996222863420765e-07,1.4238804200111905e-06
2017-01-03,0.0,3.430696695327394e-06,1.320104019011301e-06,5.380753131245795e-08,1.5182576659400017e-07,2.5905667222068246e-07,1.5063177220963138e-06
2017-01-04,0.0,4.585459928686227e-06,1.109398370165066e-06,6.48935023829956e-08,2.6662926812135604e-07,3.1833796300081633e-07,1.5735524592728705e-06
2017-01-05,0.0,6.9594447509308305e-06,4.475283994328929e-07,1.0924282154103596e-07,1.6659145612672703e-07,1.9398965967282364e-07,1.3780390435942358e-06
2017-01-06,0.0,4.1920686111913725e-06,9.596778824306448e-07,0.0,2.3317879054686422e-07,3.2185992248008433e-07,1.5563236160313632e-06
2017-01-07,0.0,4.936719322674748e-06,7.259764160427534e-07,0.0,1.3323020605124662e-07,1.9616308652150008e-07,1.5174552770425193e-06
2017-01-08,0.0,3.3075173310857273e-06,4.881780123394063e-07,4.502790430353417e-08,2.6645742412897436e-07,2.557902139126095e-07,1.6494652352384519e-06
2017-01-09,0.0,3.086413286201887e-06,9.848411310500549e-07,1.4060487131931553e-07,1.1658547342746373e-07,2.9606999374825303e-07,1.6081861938794037e-06
2017-01-10,0.0,1.5529068948719669e-06,9.934247223551056e-07,1.420179737689226e-07,1.4992390599814128e-07,2.871261388871222e-07,2.0306649542427745e-06
2017-01-11,0.0,1.5627624386265706e-06,1.0021076569602488e-06,5.7378111253702096e-08,2.243128055580736e-07,3.377489616139956e-07,1.7564181490917378e-06
2017-01-12,0.0,4.71832277978203e-06,1.317044886212747e-06,1.0307441568190105e-07,1.6847648134043904e-07,2.4085622554307286e-07,1.4222607223810043e-06
2017-01-13,0.0,3.1658867199295177e-06,5.300793764285977e-07,1.0411033078160715e-07,9.374178127825247e-08,3.153588070888781e-07,1.5528444557355882e-06
2017-01-14,0.0,1.5932707556572943e-06,2.666969033757368e-07,7.010443800076689e-08,1.6901080492251307e-07,2.005062755519438e-07,1.590813120367832e-06
2017-01-15,0.0,1.6037574797531258e-06,2.177881259776443e-06,1.0621349897402441e-07,2.6336069630189946e-07,3.1785056432985653e-07,1.6513570960302323e-06
2017-01-16,0.0,4.843213742800204e-06,1.251204193877952e-06,1.1804246864779908e-07,1.8845859453340403e-07,3.2893462511203225e-07,1.7532729863508663e-06
2017-01-17,0.0,3.2504262478342244e-06,1.6437792582602638e-06,7.948587678715808e-08,2.0770337721157793e-07,3.540898924981702e-07,1.9781758629831633e-06
2017-01-18,0.0,3.757588206132447e-06,2.6450954858303544e-06,8.028472312970062e-08,2.459636293012592e-07,3.0922466620212556e-07,1.7844738585156712e-06
2017-01-19,0.0,0.0,1.875085454044776e-06,1.216373970171904e-07,2.2752390236006387e-07,4.3883124222217804e-07,2.3808342232218505e-06
2017-01-20,0.0,7.5611502104306436e-06,2.639804741110982e-06,1.2285987318089648e-07,1.900226726464403e-07,2.788746970728524e-07,1.956958970982187e-06
2017-01-21,0.0,9.48158765412155e-06,1.2232418527079912e-06,5.2126384740592984e-08,1.9046109575177816e-07,3.856948732932179e-07,1.8463517379718417e-06
2017-01-22,0.0,5.889568862246931e-06,2.1121003898351246e-06,5.265026361672956e-08,1.7182670861286835e-07,4.5924824387538734e-07,1.830457757496471e-06
2017-01-23,0.0,3.940418110280806e-06,2.7191496641136054e-06,2.65897037815516e-07,1.339765885602566e-07,4.32583652933317e-07,1.8915732277021446e-06
2017-01-24,0.0,2.0987304688285197e-06,4.7670266129883946e-07,2.3637849050318099e-07,1.8919517880976893e-07,4.2017649142726457e-07,1.633691043829096e-06
2017-01-25,0.0,2.107363805049843e-06,9.582029802560648e-07,3.58131200741762e-07,1.5543762125011381e-07,4.857455962955089e-07,2.257971916819001e-06
2017-01-26,0.0,2.116207879407813e-06,9.630964590109817e-07,0.0,1.3875087200184313e-07,5.641616138346862e-07,2.8372192150507975e-06
2017-01-27,0.0,6.375790728951711e-06,2.4202156205359563e-06,0.0,2.1156967540478034e-07,3.13748329516239e-07,2.8522572583637057e-06
2017-01-28,0.0,0.0,2.4329321171233652e-06,1.927531371095581e-07,2.1280884315390752e-07,4.210060142559057e-07,2.1736634039396204e-06
2017-01-29,0.0,4.302511499351055e-06,2.9329770499671572e-06,2.108325977372441e-07,1.1892738442482857e-07,3.0567926984379026e-07,2.6332050758332317e-06
2017-01-30,0.0,2.4083907298886386e-06,2.5076432713526997e-06,4.968868346663493e-07,2.1535114788306344e-07,6.373096052983078e-07,2.7301267527633562e-06
2017-01-31,0.0,4.8511412933129785e-06,1.5951887395781475e-06,2.1509169873285838e-07,3.6109089849280614e-07,4.0376115188593034e-07,3.4388143190711567e-06
2017-02-01,0.0,0.0,1.5988533536203465e-06,2.167473424093977e-07,3.623515610709797e-07,6.086893276012969e-07,3.3575172641577887e-06
2017-02-02,0.0,1.3476031842889526e-05,1.6371361857466617e-06,3.9171724582463075e-07,2.1875427799188254e-07,6.765845772662997e-07,2.7297010334488327e-06
2017-02-03,0.0,2.715496779690764e-06,1.0959277445465942e-06,3.1652325567593476e-07,1.7120405162876738e-07,4.990728967299022e-07,3.5959402508021536e-06
2017-02-04,0.0,2.736058742744514e-06,2.7513523973745284e-06,7.992609182037569e-08,2.2150672404359083e-07,7.793543337388537e-07,3.2016286268213664e-06
2017-02-05,0.0,2.756894313952595e-06,2.3798530626388298e-06,1.6145872479511006e-07,3.4675838398896054e-07,7.583231131931942e-07,3.5335589374394533e-06
2017-02-06,0.0,6.023989986625894e-06,0.0,3.2616282391299524e-07,2.614218082601033e-07,5.852639652649793e-07,3.500411475779603e-06
2017-02-07,0.0,3.027917438179833e-06,2.400071741928575e-06,2.4708061109247366e-07,3.4210742378248327e-07,8.197640403006488e-07,4.483496706141402e-06
2017-02-08,0.0,9.132428031941432e-06,1.806860424157995e-06,2.4956381251721137e-07,1.8812692707683057e-07,6.705804285288591e-07,4.334564390677819e-06
2017-02-09,0.0,6.121344666504625e-06,3.0230795490294943e-06,3.3609596070822845e-07,1.4204982051804732e-07,8.830364907985265e-07,4.5324049140326275e-06
2017-02-10,0.0,1.5387540294873545e-05,3.642032841923769e-06,8.486844531741502e-07,3.0987374346261407e-07,3.5722816733766984e-07,3.116686868458666e-06
2017-02-11,0.0,6.189303076135203e-06,6.201256109042928e-07,2.571641621190859e-07,2.4000297187335964e-07,7.39568397227772e-07,3.34785943950146e-06
2017-02-12,0.0,0.0,1.2454881117743448e-06,5.194974098328856e-07,3.383317366740431e-07,9.161881435230259e-07,3.6796074854301024e-06
2017-02-13,0.0,1.2519474579042753e-05,3.1271238789729784e-06,2.623592228007493e-07,1.7034657309049705e-07,4.788247992955693e-07,3.845316158224243e-06
2017-02-14,0.0,1.2591783176403599e-05,2.51267215480315e-06,4.4165996137661553e-07,2.4440239502633044e-07,8.383972204340784e-07,3.6830178963349404e-06
2017-02-15,0.0,6.3326754812876344e-06,4.039134946626923e-06,4.4609871778283776e-07,2.94572379868433e-07,7.191373763456895e-07,4.781501599525056e-06
2017-02-16,0.0,6.853865136904603e-06,2.028068324811087e-06,4.034114224237158e-07,1.47945671594367e-07,1.2870741639206684e-06,5.117477689930561e-06
2017-02-17,0.0,3.4483906558706143e-06,1.3578479898875042e-06,3.05599330967052e-07,3.2200988721409194e-07,1.2632146392969046e-06,4.761118979149638e-06
2017-02-18,0.0,1.041058075568455e-05,2.724785728306415e-06,3.086706553040808e-07,2.4884847735701474e-07,1.0756116761534971e-06,4.7694013798746696e-06
2017-02-19,0.0,1.3958845042771892e-05,2.7341479576813143e-06,2.0784856464257767e-07,3.000263118330365e-07,8.793586376453484e-07,4.8454839332480626e-06
2017-02-20,0.0,7.502928310089623e-06,1.3718918020652233e-06,2.099374774454401e-07,2.7146454790592895e-07,8.50837235588987e-07,4.692924337286474e-06
2017-02-21,0.0,0.0,2.1292894575142454e-06,3.180710762564933e-07,2.45602421112285e-07,1.3681490606341161e-06,5.607510699336247e-06
2017-02-22,0.0,7.594277568495404e-06,1.4421197361444548e-06,5.336936840136441e-07,2.1947671960534627e-07,9.62566752260431e-07,5.755524653172285e-06
2017-02-23,0.0,1.1461633569307618e-05,7.135191312302422e-07,1.0711394437948076e-07,2.6259985228670316e-07,7.256440646657615e-07,5.6869168215328215e-06
2017-02-24,0.0,0.0,4.2996807134477775e-06,6.449991806395954e-07,2.8919627818597966e-07,6.076016245657923e-07,5.55503747114909e-06
2017-02-25,0.0,1.2283789052473866e-05,1.4386299692706588e-06,2.157930651526238e-07,2.1059028270938332e-07,7.905790024646615e-07,5.850407331105219e-06
2017-02-26,0.0,4.1057904086002165e-06,2.1662653473817714e-06,3.249119743675888e-07,2.63596323336363e-07,9.755947784735002e-07,5.52432147997054e-06
2017-02-27,0.0,1.2352185146514517e-05,3.6246706153292002e-06,2.1744456164962638e-07,2.1118492251039575e-07,8.178689736396969e-07,5.3106365473272556e-06
2017-02-28,0.0,0.0,2.1835568730625295e-06,1.089761869608938e-07,4.7590628629486546e-07,1.216255111826184e-06,6.396742798362575e-06
2017-03-01,0.0,4.119059483729582e-06,2.1882468874483087e-06,5.44797996847414e-07,2.3759201619750278e-07,1.0768607584490685e-06,5.98487971298966e-06
2017-03-02,0.0,8.263664712219205e-06,5.127315778459675e-06,3.277038514904333e-07,2.6379499446275746e-07,9.389810155638418e-07,5.666143237213231e-06
2017-03-03,0.0,4.14501841516844e-06,2.2057719798620722e-06,6.560745263732322e-07,2.636252395364547e-07,1.2349200840734566e-06,4.987521987267088e-06
2017-03-04,0.0,4.1586189795229884e-06,7.172381667584054e-07,3.28403478882483e-07,1.6535392317355914e-07,1.0594087321121132e-06,6.495463228050907e-06
2017-03-05,0.0,0.0,1.4407537442165617e-06,5.480042253331809e-07,3.307134190174634e-07,9.553737804210772e-07,6.686053671835828e-06
2017-03-06,0.0,2.21381245460692e-05,2.8887879432591067e-06,5.48724120074762e-07,8.268801582632645e-08,1.3212920997148456e-06,4.964535942578196e-06
2017-03-07,0.0,8.889789884730857e-06,6.391545897247633e-06,4.391329658426857e-07,2.481178373063297e-07,9.044581981006155e-07,5.923763055241091e-06
2017-03-08,0.0,4.462609468715344e-06,7.118114485635884e-07,4.607481152198098e-07,2.690511554078198e-07,1.2651199015324638e-06,9.656085526588086e-06
2017-03-09,0.0,0.0,7.135223125043629e-07,2.306024411012022e-07,4.0444475469171397e-07,1.0321529143036104e-06,7.616599896908283e-06
2017-03-10,0.0,1.274363723885404e-05,2.8222534690543284e-06,1.1542694251438948e-07,2.7023548072280384e-07,1.462243745731003e-06,5.968795659226156e-06
2017-03-11,0.0,9.003968241736721e-06,4.236656611599677e-06,2.3112841453723745e-07,2.1525913617043883e-07,1.2300418137272301e-06,6.999007481689169e-06
2017-03-12,0.0,1.8073508525122403e-05,5.646392225447941e-06,5.768171015525988e-07,3.5979273357899565e-07,1.1946486655442458e-06,8.187678144636684e-06
2017-03-13,0.0,1.3840331707492862e-05,2.1154856362468685e-06,4.606966791623533e-07,4.330274637365353e-07,1.119116834647568e-06,7.163731415385933e-06
2017-03-14,0.0,9.259169221897646e-06,1.3864599887523962e-06,4.5998574713445897e-07,5.067381086664247e-07,6.017893718231638e-07,8.694957476838617e-06
2017-03-15,0.0,0.0,1.3545952711063435e-06,5.014567294693197e-07,4.357098718914641e-07,8.457568663333276e-07,7.898832260629216e-06
2017-03-16,0.0,9.796752436183612e-06,1.35098086851328e-06,8.759956497512328e-07,1.4570545494923438e-07,9.494533967729331e-07,8.086645851518229e-06
2017-03-17,0.0,0.0,6.950488426024071e-07,1.2484540126067887e-07,3.654721415039099e-07,1.232044311452534e-06,6.275100765627353e-06
2017-03-18,0.0,9.861930016065442e-06,2.0807718468415787e-06,2.4912210297354886e-07,3.647407477181035e-07,1.0600189653968551e-06,7.763403393082598e-06
2017-03-19,0.0,5.180700636465052e-06,2.0766052447946013e-06,2.485783158436398e-07,4.004504111421226e-07,9.75430456301192e-07,7.030207305865178e-06
2017-03-20,0.0,5.1927921062764364e-06,4.082663619431454e-06,3.7156466778465814e-07,3.633873137901413e-07,1.0224052594045517e-06,9.265105874429975e-06
2017-03-21,0.0,0.0,2.6823962027172357e-06,4.937320247736977e-07,4.353181659641578e-07,1.4696701869416033e-06,8.123667416173572e-06
2017-03-22,0.0,1.0405653169798402e-05,1.308822082976564e-06,0.0,2.173075437797544e-07,1.5597015369684777e-06,7.915228946968163e-06
2017-03-23,0.0,5.208623990843728e-06,2.6093836045810843e-06,4.90504917253207e-07,3.616295591881634e-07,9.81085561046235e-07,8.030877451180702e-06
2017-03-24,0.0,1.0414177739701909e-05,2.599993353813086e-06,6.103322535413376e-07,5.643766091300298e-07,1.4713413708147145e-06,8.293560886630291e-06
2017-03-25,0.0,0.0,1.943147328410353e-06,1.215188788500265e-07,2.1823295003479e-07,1.1139834580750177e-06,5.990206905296427e-06
2017-03-26,0.0,5.205580666102503e-06,1.2909959718753517e-06,4.839338359237462e-07,4.804652991794135e-07,1.2331894130622558e-06,9.605652357232746e-06
2017-03-27,0.0,5.205607432525196e-06,6.421649810665235e-07,0.0,3.934359451739423e-07,1.1431331868803228e-06,9.501971697801211e-06
2017-03-28,0.0,4.962508891163422e-06,1.2777923864572345e-06,2.3989772450066447e-07,3.93447502036021e-07,1.799704829033395e-06,8.46474513719218e-06
2017-03-29,0.0,9.91613767565612e-06,1.2713825910848982e-06,1.194495819282827e-07,3.934984039761773e-07,1.2082016681839305e-06,8.046451654941664e-06
2017-03-30,0.0,0.0,3.1105590120997524e-06,2.3792449332793515e-07,2.1866036449147093e-07,1.25145460223005e-06,8.23271361342147e-06
2017-03-31,0.0,4.950675769776378e-06,6.333362980856562e-07,3.5546042317036324e-07,2.5357764268594284e-07,1.4278441468217994e-06,8.589654820870223e-06
2017-04-01,0.0,4.954611500869743e-06,2.5183534062157313e-06,3.546243623109316e-07,3.3895353701926107e-07,1.1899336484860886e-06,6.050347458844336e-06
2017-04-02,0.0,4.952149099146931e-06,1.9434117235620205e-06,2.3551125045596986e-07,2.5444214450762413e-07,9.981468702662165e-07,1.0636480114086575e-05
2017-04-03,0.0,0.0,1.935092460803112e-06,5.865745267315607e-07,3.820418710159336e-07,1.3766014023031028e-06,9.897102652995125e-06
2017-04-04,0.0,9.89741951218312e-06,0.0,3.506577511588102e-07,3.399633153563573e-07,1.3265262986811246e-06,1.2163132027941784e-05
2017-04-05,0.0,9.895464941643653e-06,6.396778850931069e-07,5.823430872433594e-07,6.084680418372539e-07,1.134181811687261e-06,9.44153730660982e-06
2017-04-06,0.0,1.4841749888766899e-05,2.4872522802664384e-06,4.6425185921283753e-07,4.4702981053757555e-07,1.5086060010322225e-06,1.1081337902397055e-05
2017-04-07,0.0,4.939397854959856e-06,1.8541381602298965e-06,4.612750504061348e-07,4.07176751892192e-07,9.402498789446363e-07,8.77321726224711e-06
2017-04-08,0.0,4.9320396908990875e-06,1.2286816837474046e-06,4.5834436948886986e-07,4.080034849465469e-07,1.1608746470245053e-06,8.997937143583696e-06
2017-04-09,0.0,4.925174734917454e-06,1.7695593755809702e-06,0.0,1.6354840747576025e-07,1.3885398281198219e-06,9.627734398620141e-06
2017-04-10,0.0,4.840095363901242e-06,5.864778191346772e-07,3.394651677180282e-07,3.688014958873651e-07,1.319575089523614e-06,9.636269684747526e-06
2017-04-11,0.0,0.0,2.332644645385377e-06,2.2491309312855677e-07,6.151033373898805e-07,1.4064030036962193e-06,9.202018357898385e-06
2017-04-12,0.0,0.0,4.054460088023171e-06,5.588464148545895e-07,2.872795453797792e-07,1.404330492038314e-06,8.013319633684273e-06
2017-04-13,0.0,4.802657071689889e-06,1.7251087006158891e-06,6.034800998620186e-07,3.2861667981510765e-07,1.4882851829489357e-06,9.35217597728035e-06
2017-04-14,0.0,0.0,1.141842774353003e-06,4.4753233807514923e-07,3.343990645298389e-07,1.4409528111637673e-06,6.560155920968173e-06
2017-04-15,0.0,4.5439808286585905e-06,5.668636334288606e-07,2.671821248285805e-07,4.0964277830167955e-07,1.0446957574077975e-06,8.060515110903467e-06
2017-04-16,0.0,4.5279057973261696e-06,5.489666066903355e-07,5.317431304944135e-07,5.599316638143644e-07,7.377506322943424e-07,6.769932017784591e-06
2017-04-17,0.0,8.552325501019109e-06,1.6354802808438611e-06,3.527834573918909e-07,5.238944971572875e-07,1.1250080890984793e-06,9.512668557668217e-06
2017-04-18,0.0,1.2790023560878733e-05,1.0828161940051365e-06,8.777669327347477e-08,3.0013628455664613e-07,1.6395599604900727e-06,9.001624774472999e-06
2017-04-19,0.0,1.7003783844324375e-05,5.377102416513914e-07,2.463291301913658e-07,4.137846609902277e-07,1.3680639357072043e-06,1.0235132469779445e-05
2017-04-20,0.0,4.479866599945294e-06,5.340661577724729e-07,1.635207147555206e-07,2.640421060619921e-07,1.3648548962482452e-06,8.161265103737208e-06
2017-04-21,0.0,1.3412224097323848e-05,5.304754809543885e-07,3.2567672318241465e-07,2.1507684550114575e-07,8.785692538169637e-07,8.573486556018824e-06
2017-04-22,0.0,4.462063209466144e-06,1.033031764513005e-06,7.582955632171303e-08,5.036769497770554e-07,1.1702339052326582e-06,9.782935271371106e-06
2017-04-23,0.0,0.0,1.5394039439573222e-06,2.2667080305261793e-07,2.525019693603496e-07,9.516441245389724e-07,7.153827295723578e-06
2017-04-24,0.0,8.892089407531502e-06,1.0196094552149158e-06,3.011674725457266e-07,5.787216325474892e-07,1.3816138058200317e-06,9.866216221636314e-06
2017-04-25,0.0,8.861676846655954e-06,2.3241895432344833e-06,3.0013732468619083e-07,2.9017688960128054e-07,1.033749410692958e-06,9.948478221892908e-06
2017-04-26,0.0,1.3248225691274745e-05,1.3860732704957033e-06,1.4255980890106877e-07,5.092884665042848e-07,1.1167383386938574e-06,1.0343142548847954e-05
2017-04-27,0.0,4.40175364872497e-06,1.3360835440529868e-06,4.2538284476486467e-07,1.8144518747029065e-07,9.85190100630812e-07,7.770672093817515e-06
2017-04-28,0.0,0.0,8.855561844747226e-07,2.8208586764365753e-07,1.8101978157328856e-07,1.2764569507432715e-06,6.197562277974647e-06
2017-04-29,0.0,4.140658265748249e-06,0.0,4.910699166320069e-07,2.889799644884708e-07,6.795795340631873e-07,7.048400290975622e-06
2017-04-30,0.0,0.0,3.964714165131283e-07,2.7916495559343e-07,1.7989326155933244e-07,1.0765226918345253e-06,8.062855763541286e-06
2017-05-01,0.0,1.2260355465876788e-05,3.661970273876784e-07,1.1801009196327559e-07,2.1536112011392564e-07,1.180129118578861e-06,7.373753898431075e-06
2017-05-02,0.0,4.007745320335256e-06,3.5257828722161757e-07,4.7009307003130815e-07,4.648364288704105e-07,9.026577853492941e-07,8.421958199196083e-06
2017-05-03,0.0,3.9884798664948236e-06,9.697572621500883e-07,1.1704819547706561e-07,1.1598067642347787e-07,1.2922228664575238e-06,7.279287218096999e-06
2017-05-04,0.0,3.844216239593329e-06,6.023549153010829e-07,3.1606741519358974e-07,4.6273215565532244e-07,1.367606189362052e-06,8.102840386453757e-06
2017-05-05,0.0,7.638168488017597e-06,9.004819469656171e-07,1.564612459329714e-07,4.231222226164178e-07,1.3994188599919385e-06,7.433077939216523e-06
2017-05-06,0.0,3.79433416003125e-06,0.0,1.4700862446799177e-07,4.604897619530779e-07,1.1669715213711761e-06,6.6199877287152334e-06
2017-05-07,0.0,3.7699635126316597e-06,8.904903439195052e-07,2.910917284284583e-07,1.6166498317836214e-07,6.744621303765471e-07,6.260530700396962e-06
2017-05-08,0.0,0.0,5.904189097431139e-07,1.4409765866817654e-07,4.200090840943546e-07,1.1189922338006764e-06,6.5623788980543045e-06
2017-05-09,0.0,0.0,2.9361831629477476e-07,2.1145375149300674e-07,2.905831475884979e-07,8.832309827577991e-07,6.384099686297879e-06
2017-05-10,0.0,3.210000061268749e-06,1.1265885512787732e-06,8.373990060451569e-08,2.90419833976278e-07,1.0230582397492832e-06,6.5703943847086055e-06
2017-05-11,0.0,0.0,2.5245973723117273e-07,8.290667467167261e-08,1.2901580559532136e-07,8.685195070129139e-07,8.323173138593594e-06
2017-05-12,0.0,0.0,5.026699294065982e-07,1.2312260921307873e-07,2.579380622229623e-07,6.732187848135323e-07,7.711251628333438e-06
2017-05-13,0.0,8.692743161715813e-06,7.194777717201927e-07,1.768431777831731e-07,2.574737296959657e-07,1.1015640172967226e-06,7.162177893597737e-06
2017-05-14,0.0,2.874788032746458e-06,7.165646523183344e-07,3.501671175278103e-08,9.579331291295658e-08,8.949919730161807e-07,6.200515040681085e-06
2017-05-15,0.0,5.7045649855731685e-06,9.51630919971796e-07,1.7334144824641697e-07,3.801742264041814e-07,6.371255238982606e-07,7.479907434499771e-06
2017-05-16,0.0,2.830062183452899e-06,7.800002378611224e-07,1.7161667201820512e-07,2.2004104435599403e-07,5.918639864588752e-07,8.323352870602435e-06
2017-05-17,0.0,2.5729935786097773e-06,5.82503885762608e-07,1.6990905760020952e-07,2.700011896050077e-07,5.905290258218925e-07,6.94317104117522e-06
2017-05-18,0.0,0.0,1.9335528133445733e-07,1.0093106053773913e-07,4.1680088450024623e-07,7.007408095232743e-07,8.008096415843439e-06
2017-05-19,0.0,2.534615167682406e-06,7.702477457492348e-07,6.661785313701057e-08,3.250041134525419e-07,6.985409486853914e-07,6.6821970784447685e-06
2017-05-20,0.0,0.0,1.9132558191118356e-07,6.595499442302381e-08,3.5187743818589845e-07,6.770839290172488e-07,6.187327244841967e-06
2017-05-21,0.0,7.491751909852288e-06,5.703250803080639e-07,1.3059746252688406e-07,3.492401224606198e-07,8.431142001088889e-07,6.534783667552528e-06
2017-05-22,0.0,7.436831668900334e-06,0.0,9.697349704710355e-08,2.888647758655182e-07,8.63172608095912e-07,7.483099073353757e-06
2017-05-23,0.0,2.460885039104217e-06,8.80190678313927e-07,1.6001432438260055e-07,1.4336250153274722e-07,8.571716009384885e-07,8.612718266851635e-06
2017-05-24,0.0,0.0,3.485730538929083e-07,9.505329315148746e-08,3.1307529330518716e-07,7.425937651784661e-07,5.897043505451359e-06
2017-05-25,0.0,4.851007656837769e-06,3.451046940561136e-07,9.410749708194111e-08,1.6951875874284977e-07,4.5784008201196075e-07,5.432515588645389e-06
2017-05-26,0.0,4.816355860224454e-06,2.583956291794216e-07,2.1739926096122762e-07,1.1219075180000703e-07,4.5485303302636556e-07,6.333510248003963e-06
2017-05-27,0.0,2.1559615475192267e-06,2.55824549710598e-07,2.0220273187800326e-08,1.3922527117515022e-07,6.575738404020679e-07,5.975581622526216e-06
2017-05-28,0.0,0.0,0.0,1.0009539053972236e-07,3.317424605842334e-07,5.663070444026256e-07,4.625152744089757e-06
2017-05-29,0.0,2.127162951496069e-06,3.761383263384393e-07,5.9459654857746094e-08,1.9213684284119367e-07,6.404975025534101e-07,5.334158525822892e-06
2017-05-30,0.0,0.0,3.7239568745806223e-07,7.849069520892592e-08,1.635226835879856e-07,5.545058780714449e-07,5.595778629924693e-06
2017-05-31,0.0,0.0,2.457935256378411e-07,3.885484987122686e-08,2.0062138854480628e-07,8.370294922525771e-07,5.694352035196038e-06
2017-06-01,0.0,0.0,5.034596694638178e-07,7.687372810832521e-08,2.4894383935624523e-07,5.070166302480671e-07,5.4448256843464775e-06
2017-06-02,0.0,1.848409693269637e-06,5.482559076612305e-07,3.805441086666307e-08,1.7309465042064154e-07,7.057022400836199e-07,5.093042504793788e-06
2017-06-03,0.0,0.0,9.046677837200009e-08,0.0,9.82548130863997e-08,5.613214149056329e-07,5.00864525675058e-06
2017-06-04,0.0,0.0,1.79133237774043e-07,5.5951324567459975e-08,2.684226130415285e-07,4.169059084546344e-07,4.99152481315255e-06
2017-06-05,0.0,3.159989165309112e-06,0.0,7.385946611474597e-08,2.4242848416404375e-07,4.523597263549939e-07,4.61410631255363e-06
2017-06-06,0.0,3.143802528886649e-06,0.0,1.0968682822155986e-07,2.6494671947485277e-07,5.624478043408963e-07,5.781948884812057e-06
2017-06-07,0.0,1.5639651376684592e-06,4.3459762626975734e-07,1.8099237674204813e-08,2.393169102381768e-07,4.476017567897539e-07,3.993896972618373e-06
2017-06-08,0.0,6.2247416348426774e-06,1.7210932305446255e-07,1.7919147250333153e-08,1.1889854914938044e-07,4.444255127091877e-07,3.6050285663645336e-06
2017-06-09,0.0,1.5407011051768798e-06,8.519840333837625e-08,3.548169751223841e-08,1.6541074638713784e-07,3.8613199760646725e-07,5.185041581542882e-06
2017-06-10,0.0,0.0,1.6870133012170794e-07,0.0,1.6438006517762452e-07,3.4691311510308285e-07,3.644208806450753e-06
2017-06-11,0.0,1.5101931792566288e-06,0.0,3.477911282816768e-08,9.335189834949302e-08,4.3516218967935747e-07,4.755486073628368e-06
2017-06-12,0.0,0.0,8.268040998519155e-08,6.886610974694195e-08,1.320323777839822e-07,5.762158077468124e-07,4.239541648411976e-06
2017-06-13,0.0,1.4802893507442586e-06,8.185772616015194e-08,3.409044025295592e-08,2.406469857866946e-07,5.778823047593575e-07,3.328766096617697e-06
2017-06-14,0.0,0.0,1.234532417100354e-07,5.062685205731243e-08,1.9575709952880583e-07,4.963319348464583e-07,3.8832239934706365e-06
2017-06-15,0.0,1.2173291973709501e-06,6.153653791912004e-07,1.6707702154195298e-08,1.9464078655976397e-07,3.5483235586159294e-07,3.6394018391944303e-06
2017-06-16,0.0,0.0,2.4541043475317975e-07,2.256376019865192e-08,1.088834654558143e-07,3.858956667024884e-07,3.6696782981525024e-06
2017-06-17,0.0,0.0,6.117481476946599e-07,4.467849406686285e-08,1.239541096062367e-07,5.664754926451323e-07,3.4987148419247516e-06
2017-06-18,0.0,1.181351682446829e-06,3.660188302985591e-07,3.317545171729557e-08,1.5435296061439134e-07,3.9432914381834063e-07,2.6298967003496305e-06
2017-06-19,0.0,0.0,4.867004988911584e-07,0.0,9.37615342809094e-08,3.44677180069606e-07,3.532432692402369e-06
2017-06-20,0.0,9.24310891504395e-07,0.0,3.251853375964543e-08,1.3358353432468654e-07,3.268164915122971e-07,3.418673563781776e-06
2017-06-21,0.0,0.0,1.2104929157889295e-07,4.2926625256671564e-08,1.199118403272581e-07,3.710350050572638e-07,3.6134375723953657e-06
2017-06-22,0.0,0.0,2.415090957891143e-07,3.1874623649085386e-08,1.1871869758055865e-07,3.225272331714044e-07,2.973676599217706e-06
2017-06-23,0.0,5.838888367619375e-07,1.2047187976563994e-07,0.0,6.529857044586104e-08,4.5775869987113377e-07,2.4652496209458247e-06
2017-06-24,0.0,5.780790457641512e-07,2.404025178501857e-07,0.0,6.464883881398305e-08,2.989566695580047e-07,2.3282197404608465e-06
2017-06-25,0.0,0.0,2.4072509115426613e-07,0.0,7.680668654383284e-08,2.1079269976100687e-07,2.770667699254922e-06
2017-06-26,0.0,0.0,2.410717371680669e-07,0.0,8.871618845080386e-08,3.4946396788600313e-07,3.3896053924520337e-06
2017-06-27,0.0,3.249975615957517e-07,2.4144249055647826e-07,0.0,1.3802398912748005e-07,3.476417161916709e-07,3.1608099970263207e-06
2017-06-28,0.0,0.0,3.62756082592722e-07,0.0,6.211392158593572e-08,3.3432575466003836e-07,2.9526920456179325e-06
2017-06-29,0.0,0.0,0.0,0.0,7.379505328759744e-08,2.752810619494068e-07,2.9403052563742467e-06
2017-06-30,0.0,0.0,2.4269977780212867e-07,0.0,7.306078023889685e-08,2.2825522422290148e-07,1.8852875000685431e-06
2017-07-01,0.0,0.0,2.4302834004203797e-07,0.0,1.2063188854644344e-07,3.067165383800717e-07,2.266162586234793e-06
2017-07-02,0.0,0.0,0.0,0.0,4.181880332061801e-08,2.600115490661103e-07,2.252723693237865e-06
2017-07-03,0.0,0.0,2.440359193132032e-07,0.0,2.1984228296539922e-08,3.375287586406311e-07,2.6069382038128037e-06
2017-07-04,0.0,0.0,1.222881444216135e-07,0.0,1.7412385256074482e-08,2.5433219449204334e-07,2.323457095153945e-06
2017-07-05,0.0,0.0,4.4873575856788397e-07,0.0,3.8788040537894266e-08,2.1051543044363187e-07,2.289557759299658e-06
2017-07-06,0.0,2.9675924665741116e-07,1.125819590617559e-07,0.0,3.8402093085998205e-08,2.6138552149462753e-07,2.2562128647486316e-06
2017-07-07,0.0,0.0,3.3897371031379684e-07,0.0,1.2673328625137535e-08,2.5608391167008544e-07,2.9572356548075775e-06
2017-07-08,0.0,0.0,2.2682362739722416e-07,0.0,3.7641680695097965e-08,1.7908057018393423e-07,1.96565051763615e-06
2017-07-09,0.0,0.0,0.0,0.0,4.1407933015801126e-08,2.7164124698502884e-07,1.787130446282316e-06
2017-07-10,0.0,0.0,2.0115201613149687e-07,0.0,4.099591719819059e-08,1.711025078492532e-07,2.165496132532933e-06
2017-07-11,0.0,0.0,1.607878592138854e-07,0.0,2.0294000503231624e-08,1.9889843137636439e-07,2.3544141256607303e-06
2017-07-12,0.0,0.0,1.6240380406409062e-07,0.0,4.018414364866e-09,1.5289495220891854e-07,1.7098981702180662e-06
2017-07-13,0.0,0.0,8.20179947150196e-08,0.0,3.978430473870853e-08,1.4672595529166204e-07,1.5801754106019102e-06
2017-07-14,0.0,2.739433115308398e-07,0.0,0.0,2.7571911004669228e-08,1.6031868830478985e-07,1.5237355832418427e-06
2017-07-15,0.0,5.424350600756091e-07,8.367486811457039e-08,0.0,3.509687045098238e-08,1.726383096182369e-07,1.5116650992080023e-06
2017-07-16,0.0,0.0,8.451581451986754e-08,0.0,3.860850083901244e-08,1.7266849102592305e-07,1.5248619646865343e-06
2017-07-17,0.0,5.31694126241182e-07,8.536521257704677e-08,0.0,2.293460390218133e-08,1.727159394266026e-07,1.7543876413536784e-06
2017-07-18,0.0,0.0,8.622314722662161e-08,0.0,1.5137600520305093e-08,1.8029286215494465e-07,1.710614053371171e-06
2017-07-19,0.0,0.0,8.7089704262772e-08,0.0,1.498697887848938e-08,2.10441496590529e-07,1.2640758100190212e-06
2017-07-20,0.0,2.579900950123659e-07,2.638949110257709e-07,0.0,3.338517588086408e-08,2.1056236499198347e-07,1.5118914310240176e-06
2017-07-21,0.0,0.0,0.0,0.0,3.305298783053622e-08,2.0317913659807044e-07,1.824962445409443e-06
2017-07-22,0.0,0.0,2.6922594185473293e-07,0.0,2.9088093428031694e-08,2.560531320569825e-07,1.2040571292409536e-06
2017-07-23,0.0,0.0,2.7193170755376555e-07,0.0,1.7999163789064408e-08,1.2060078145464796e-07,1.2397905827836998e-06
2017-07-24,0.0,0.0,9.1554888883388e-08,0.0,1.0692041470192357e-08,2.414360630634307e-07,1.5297431306706628e-06
2017-07-25,0.0,0.0,2.7742509244211546e-07,0.0,2.8228410346675072e-08,1.8882398986333522e-07,1.634037981353751e-06
2017-07-26,0.0,0.0,2.8021326097449956e-07,0.0,4.1921299456093435e-08,2.1929212809705837e-07,1.4660041381442827e-06
2017-07-27,0.0,2.405483701864784e-07,9.43431503554976e-08,0.0,2.7669450371369587e-08,1.362850493885389e-07,1.4342816668283283e-06
2017-07-28,0.0,0.0,1.9058262955963428e-07,0.0,4.109120211015799e-08,1.754976018003284e-07,1.2750015126673284e-06
2017-07-29,0.0,0.0,9.624900841502434e-08,0.0,2.3731363727000632e-08,1.4347927047020505e-07,1.0356520507324629e-06
2017-07-30,0.0,0.0,1.9443265406256171e-07,0.0,2.01387708964783e-08,1.5051915412453783e-07,1.1905363740972664e-06
2017-07-31,0.0,0.0,1.9638673472250869e-07,0.0,1.3292257851980616e-08,1.5761979631131455e-07,1.525649255139313e-06
2017-08-01,0.0,0.0,9.918184713702291e-08,0.0,1.9756910879703707e-08,1.9122946023703807e-07,1.4809579786777482e-06
2017-08-02,0.0,0.0,1.0017864127246639e-07,0.0,3.912065266369557e-08,1.7498269575732184e-07,1.6135697570964205e-06
2017-08-03,0.0,0.0,9.980166814898772e-08,0.0,3.2276163054875625e-08,1.430592337185233e-07,1.6469238948601485e-06
2017-08-04,0.0,0.0,9.943467527549227e-08,0.0,2.236850690657846e-08,2.19526930081506e-07,1.1038479303157073e-06
2017-08-05,0.0,0.0,0.0,0.0,2.8473346985239436e-08,1.5106411922163805e-07,1.211559033759619e-06
2017-08-06,0.0,0.0,0.0,0.0,2.1925580793681196e-08,1.4434500870686598e-07,9.153465247804454e-07
2017-08-07,0.0,0.0,0.0,2.686538848618109e-09,2.480847727958631e-08,1.7203200438924203e-07,1.1038639078318795e-06
2017-08-08,0.0,0.0,9.806578718360491e-08,0.0,2.763183240700249e-08,2.0669029925121738e-07,1.1940298263879808e-06
2017-08-09,0.0,0.0,0.0,2.740810533394132e-09,2.1277581951684876e-08,2.276591486812631e-07,1.0113043975527848e-06
2017-08-10,0.0,0.0,9.744031751520282e-08,5.536712274401581e-09,3.6112913955171264e-08,1.4507928545776392e-07,1.1965121176900313e-06
2017-08-11,0.0,0.0,9.71422142429274e-08,5.592357157856281e-09,0.0,2.28327118263695e-07,7.373026387718248e-07
2017-08-12,0.0,0.0,0.0,5.648561281687081e-09,0.0,2.217651734678476e-07,1.0021921404642198e-06
2017-08-13,0.0,0.0,1.9315024353273689e-07,5.7053302663531984e-09,0.0,1.6660830671842516e-07,9.561826175587243e-07
2017-08-14,0.0,0.0,9.561418324909875e-08,0.0,0.0,1.4604572001729252e-07,8.030805500045637e-07
2017-08-15,0.0,0.0,1.8932561245966538e-07,8.730878374543111e-09,0.0,1.81162770718639e-07,9.985100273413927e-07
2017-08-16,0.0,0.0,9.372089557007558e-08,5.879083440665879e-09,0.0,1.6057993805605917e-07,1.0121642641291784e-06
2017-08-17,0.0,0.0,9.278835707797646e-08,2.9690846057731678e-09,0.0,1.9589842104302328e-07,8.900993421543314e-07
2017-08-18,0.0,0.0,1.8373019499781805e-07,5.997848804296439e-09,0.0,1.6126927401901946e-07,9.040463037745813e-07
2017-08-19,0.0,0.0,9.0951024506146e-08,6.058128186925197e-09,0.0,1.7569360321450974e-07,7.5249770104212e-07
2017-08-20,0.0,0.0,0.0,3.059506693710551e-09,0.0,1.8315657025603046e-07,7.866737224977635e-07
2017-08-21,0.0,0.0,4.4575036778407255e-07,9.27076574153242e-09,0.0,1.6948625444180983e-07,8.87492442290613e-07
2017-08-22,0.0,0.0,8.82630155036503e-08,9.363938486233002e-09,0.0,1.0620115896065251e-07,9.7703630301206e-07
2017-08-23,0.0,0.0,2.621543514767676e-07,1.2610730176780686e-08,0.0,2.0586912292583758e-07,7.328328770504457e-07
2017-08-24,0.0,0.0,1.730305813974632e-07,1.2737470122110693e-08,0.0,2.2843580720417648e-07,7.104902840027745e-07
2017-08-25,0.0,0.0,3.4261779669216063e-07,3.2163709562668754e-09,0.0,2.1669597298705586e-07,6.05079734182562e-07
2017-08-26,0.0,0.0,2.5440651949093493e-07,1.2994784087128092e-08,0.0,1.895723461501973e-07,5.613984175205468e-07
2017-08-27,0.0,0.0,1.6791675488446975e-07,6.5626919192132095e-09,0.0,1.6580040464041368e-07,7.287556423671355e-07
2017-08-28,0.0,0.0,0.0,3.3143240347616108e-09,0.0,2.584964001553737e-07,6.424541906389544e-07
2017-08-29,0.0,0.0,0.0,1.0042900635246119e-08,0.0,2.3486402075029064e-07,7.223416403089586e-07
2017-08-30,0.0,0.0,4.073851619639833e-07,3.3812778215466796e-09,0.0,1.26573701037429e-07,6.690126923193781e-07
2017-08-31,0.0,0.0,2.419989671245917e-07,6.830520457222431e-09,0.0,1.7827606780789823e-07,7.272583366953333e-07
2017-09-01,0.0,0.0,7.974080985399576e-08,1.0336193993551437e-08,0.0,2.6470031880373646e-07,6.815125322080211e-07
2017-09-02,0.0,0.0,6.315790043117802e-07,0.0,0.0,1.7988089293235188e-07,9.846634035589202e-07
2017-09-03,0.0,0.0,3.1264734410917157e-07,3.163499688899304e-08,0.0,2.481708021318039e-07,7.751505493020046e-07
2017-09-04,0.0,0.0,1.5476822552870213e-07,7.1006519763187894e-09,0.0,1.2825490043165129e-07,4.815872980708285e-07
2017-09-05,0.0,0.0,6.129130238173811e-07,7.172014715087321e-09,0.0,2.135973641016937e-07,4.6807158254688174e-07
2017-09-06,0.0,0.0,7.585180466663727e-08,1.0866141991956092e-08,0.0,3.5023411147778113e-07,6.20765680048918e-07
2017-09-07,0.0,0.0,7.509706659977859e-08,7.316899023023697e-09,0.0,2.717012324186093e-07,6.907676461945635e-07
2017-09-08,0.0,0.0,0.0,0.0,0.0,3.6304086087425807e-07,6.869759768173847e-07
2017-09-09,0.0,0.0,7.361004505033202e-08,1.1197065282193854e-08,0.0,1.7055455449015293e-07,6.271364791604623e-07
2017-09-10,0.0,0.0,3.4793878428765357e-07,1.5079463545509654e-08,0.0,2.5072778286317763e-07,5.990862610782513e-07
2017-09-11,0.0,0.0,1.7280266050251124e-07,1.5231014673681646e-08,0.0,2.8560677135760356e-07,6.474274310253267e-07
2017-09-12,0.0,0.0,1.7165320927124864e-07,7.692044458006781e-09,0.0,3.7794790249729477e-07,7.517612463792067e-07
2017-09-13,0.0,0.0,1.7052092350395798e-07,7.769350790028598e-09,0.0,2.870701984149697e-07,8.019636584687054e-07
2017-09-14,0.0,0.0,8.470284498555947e-08,1.1771151095405849e-08,0.0,2.763311381092323e-07,7.743573087301212e-07
2017-09-15,0.0,0.0,8.415369857422446e-08,1.1889453130687663e-08,0.0,2.7710251908418136e-07,6.671647727598619e-07
2017-09-16,0.0,0.0,8.361296760287517e-08,1.2008944121190462e-08,0.0,2.894808443145399e-07,7.406305474257099e-07
2017-09-17,0.0,0.0,3.323223919918555e-07,4.043212005370954e-09,0.0,2.322737436603124e-07,8.037325915629963e-07
2017-09-18,0.0,0.0,4.127826826104323e-07,1.225154088474494e-08,0.0,3.844269650709197e-07,8.677965311335825e-07
2017-09-19,0.0,0.0,2.4612219230597577e-07,1.2374670917675143e-08,0.0,3.739546144186065e-07,7.462722391505233e-07
2017-09-20,0.0,0.0,0.0,8.332692285339582e-09,0.0,3.75168961511211e-07,7.973693894956044e-07
2017-09-21,0.0,0.0,8.103368092555175e-08,8.416437235068202e-09,0.0,2.1767860657714525e-07,8.490751014676277e-07
2017-09-22,0.0,0.0,0.0,0.0,0.0,2.9048186240759794e-07,5.79500202881946e-07
2017-09-23,0.0,0.0,1.5595431185898952e-07,1.2879690818201495e-08,0.0,1.8691369144755767e-07,6.629552839646623e-07
2017-09-24,0.0,0.0,1.5568780569031024e-07,1.734551181722246e-08,0.0,2.8066160145127794e-07,7.436647459836797e-07
2017-09-25,0.0,0.0,3.8859217107985064e-08,2.189979638643245e-08,0.0,2.7057403834283325e-07,9.576348927851946e-07
2017-09-26,0.0,0.0,7.760073749497231e-08,4.336377954305615e-09,0.0,3.438452857969383e-07,9.176434670117067e-07
2017-09-27,0.0,0.0,1.1623620136858723e-07,8.586460545467663e-09,0.0,2.921367795302685e-07,8.227928075415268e-07
2017-09-28,0.0,0.0,1.1608292021171667e-07,1.2751535753301078e-08,0.0,1.8807123713161728e-07,8.773716084280455e-07
2017-09-29,0.0,0.0,7.729416496240225e-08,4.208218617534101e-09,0.0,2.511454215084784e-07,8.223612125347975e-07
2017-09-30,0.0,0.0,7.720744593123497e-08,8.332692285339582e-09,0.0,1.3625858364060212e-07,7.263374214277921e-07
2017-10-01,0.0,0.0,1.1556325368628967e-07,2.47270118975324e-08,0.0,2.4132595922206457e-07,7.639673215175436e-07
2017-10-02,0.0,0.0,3.848548177662663e-08,4.080162336377609e-09,0.0,2.3125421359704747e-07,4.491161081365463e-07
2017-10-03,0.0,0.0,7.094125401601408e-08,1.2118692128400805e-08,0.0,2.2116629811413222e-07,6.653340265403423e-07
2017-10-04,0.0,0.0,5.374066910402658e-08,1.199810912698057e-08,0.0,3.060356944598217e-07,5.554790569052583e-07
2017-10-05,0.0,0.0,5.4280771807737035e-08,7.91915063098099e-09,0.0,2.4323044606450544e-07,7.030217355143636e-07
2017-10-06,0.0,0.0,1.8275434211287458e-08,1.56807075312747e-08,0.0,1.8017579407305922e-07,6.341418513195495e-07
2017-10-07,0.0,0.0,3.691821075729324e-08,3.881170471101961e-09,0.0,2.230824818233287e-07,4.2336784966237774e-07
2017-10-08,0.0,0.0,1.8644622471926284e-08,2.3055313078000062e-08,0.0,2.023202998513422e-07,4.959137813950752e-07
2017-10-09,0.0,0.0,5.649601212897114e-08,1.1412954439954493e-08,0.0,1.9214933753158336e-07,6.412545092810793e-07
2017-10-10,0.0,0.0,3.804253766030432e-08,1.1299393645863774e-08,0.0,2.7826648364664334e-07,8.107113108248759e-07
2017-10-11,0.0,0.0,7.684974304019227e-08,2.6102913201292282e-08,0.0,1.6096831792636439e-07,6.729793197708621e-07
2017-10-12,0.0,0.0,4.054247774432332e-08,0.0,0.0,2.3674108607405748e-07,4.588517629442752e-07
2017-10-13,0.0,0.0,8.189987283931985e-08,3.6551486984782976e-09,0.0,2.590025238130977e-07,7.036464753677187e-07
2017-10-14,0.0,0.0,1.6544596049105427e-07,7.237558722513853e-09,0.0,1.5153130131097694e-07,6.884908168579496e-07
2017-10-15,0.0,0.0,4.177718000934751e-08,7.16554380997468e-09,0.0,2.915087185440075e-07,4.878801120138465e-07
2017-10-16,0.0,0.0,1.6878819059498725e-07,1.064136818668172e-08,0.0,3.2311961106688417e-07,7.897400457351226e-07
2017-10-17,0.0,0.0,8.524227005615066e-08,1.404731307211723e-08,0.0,1.5044071382859577e-07,8.941221168032299e-07
2017-10-18,0.0,0.0,4.3049484556424366e-08,1.3907539971672178e-08,1.3646509271074727e-08,2.8949268861526413e-07,4.994603242252524e-07
2017-10-19,0.0,0.0,1.3044641720731121e-07,1.376915763681395e-08,9.189105979576449e-09,2.9957787414791086e-07,7.246094436295756e-07
2017-10-20,0.0,0.0,0.0,1.0224114171895304e-08,1.0828367701696207e-08,1.8151814738879464e-07,5.876616805668258e-07
2017-10-21,0.0,0.0,8.872107309105877e-08,1.3496510048156612e-08,7.812281861676474e-09,1.3854014375626014e-07,7.176254236283764e-07
2017-10-22,0.0,0.0,0.0,1.0021663147028572e-08,9.468955919633925e-09,1.973016866836038e-07,6.994239065747169e-07
2017-10-23,0.0,0.0,1.810267153122198e-07,1.6536576554343004e-08,2.2316281187057363e-08,1.3159587431185683e-07,1.0127135300272696e-06
2017-10-24,0.0,0.0,1.8284606404780576e-07,6.548813947363072e-09,1.2880322023819751e-08,2.1935030843481478e-07,8.105634055567692e-07
2017-10-25,0.0,0.0,1.3851277315662654e-07,9.725478239761564e-09,1.13835499857249e-08,1.6674103212159646e-07,9.584983248546138e-07
2017-10-26,0.0,0.0,4.6634949890047365e-08,3.209569371469029e-09,2.463847835376946e-08,1.9983602189560419e-07,7.361840207923508e-07
2017-10-27,0.0,0.0,1.8841455571361656e-07,6.355267245258669e-09,1.49316595067547e-08,1.8064347936311297e-07,6.939667646561621e-07
2017-10-28,0.0,0.0,4.757703836990693e-08,6.292031279599878e-09,5.0272417265471626e-09,1.2774717622237237e-07,6.369992128871268e-07
2017-10-29,0.0,0.0,2.4027597777447187e-07,6.229424522312424e-09,1.523329903761439e-08,1.180443325421597e-07,5.531766523167965e-07
2017-10-30,0.0,0.0,4.807812139869536e-08,3.0837203563342033e-09,5.128798746061838e-09,1.9200033939950895e-07,8.204672167409631e-07
2017-10-31,0.0,0.0,2.769712355579775e-07,9.159110478352809e-09,8.633906717334716e-09,1.735603472238096e-07,8.558334328505283e-07
2017-11-01,0.0,0.0,3.478166631270412e-07,2.751842375910292e-08,1.9208849054000013e-08,1.9653432359532124e-07,6.384313453328528e-07
2017-11-02,0.0,0.0,2.7926211839965035e-07,2.7673964732961808e-08,1.2346664397764627e-08,1.783638765347569e-07,7.092561321196822e-07
2017-11-03,0.0,0.0,3.503735409277835e-07,4.1748409689533556e-08,8.907678884210222e-09,1.20401677029609e-07,7.978669075830121e-07
2017-11-04,0.0,0.0,7.034089430041518e-08,0.0,3.5988810181314613e-09,1.430443923915425e-07,6.70843257972535e-07
2017-11-05,0.0,0.0,7.061411456332132e-08,5.6314511547921915e-08,5.452575560519584e-09,2.045637777531074e-07,7.436348471682725e-07
2017-11-06,0.0,0.0,7.089439629652905e-08,4.2485943790061835e-08,9.178958093236428e-09,2.8042384729232176e-07,7.80268775988126e-07
2017-11-07,0.0,6.229089508661664e-08,3.5590883764222655e-07,4.274025254896631e-08,2.5959382836049686e-08,2.467854074587247e-07,9.441094141999065e-07
2017-11-08,0.0,1.2583385798011903e-07,2.1442877098929823e-07,5.733178049165691e-08,2.809315604030772e-08,1.1452961794979583e-07,7.564332804487332e-07
2017-11-09,0.0,0.0,4.294225861306532e-07,1.442057270262947e-08,2.0808697765118572e-08,2.2678005842110219e-07,8.32228455936327e-07
2017-11-10,0.0,0.0,8.633510614752323e-08,5.803856940652863e-08,1.719640526274161e-08,1.042358118124887e-07,7.802527696649408e-07
2017-11-11,0.0,1.9449910422071488e-07,0.0,1.4600162976961418e-08,1.398707232985779e-08,8.498712201054683e-08,6.531919252086971e-07
2017-11-12,0.0,2.619384702878055e-07,8.726223066062423e-08,5.8768574523020867e-08,1.4127644743791205e-08,7.813137987326484e-08,7.203093640001243e-07
2017-11-13,0.0,0.0,1.7547771793111307e-07,4.4356780533466764e-08,2.319605450899466e-08,1.0115517800923248e-07,9.363937412251598e-07
2017-11-14,0.0,1.3361498919608882e-07,2.646727836885041e-07,1.4880521963228441e-08,3.5143768098755286e-08,1.2960415751529285e-07,8.341980590900978e-07
2017-11-15,0.0,6.747892108122942e-08,2.661554579792689e-07,2.4693313522910343e-08,7.888215297803343e-09,1.283145746012167e-07,7.016144375970887e-07
2017-11-16,0.0,0.0,2.676647480376285e-07,6.235371362419334e-08,4.780495907725293e-08,1.1548893022866345e-07,8.81596240603256e-07
2017-11-17,0.0,1.3175901470068943e-07,2.6920080479384664e-07,7.557645463732181e-08,2.414270345171557e-08,1.3149076559867115e-07,7.198562966671974e-07
2017-11-18,0.0,1.3308321481327674e-07,3.610183758065052e-07,6.361334219504663e-08,3.251378887369178e-08,1.2658977895455892e-07,7.136202323726105e-07
2017-11-19,0.0,0.0,1.8156922367982257e-07,1.285053338257784e-08,2.463041841330881e-08,1.0158288779214793e-07,6.317805374302565e-07
2017-11-20,0.0,4.393218254819724e-07,9.132370826503435e-08,3.893905017058028e-08,3.731693735057329e-08,1.184688162960662e-07,7.646579696570852e-07
2017-11-21,0.0,4.43737083231788e-07,2.7561581141126184e-07,2.6220262753928945e-08,1.6751990580451552e-08,1.1744019981701817e-07,9.138662497578761e-07
2017-11-22,0.0,0.0,9.24293532794141e-08,1.3241890387798358e-08,1.2690263163583125e-08,1.3052404163563028e-07,6.875623656839504e-07
2017-11-23,0.0,0.0,4.2841054204216267e-07,1.687604893374356e-07,3.845340728615759e-08,2.0975047026570806e-07,7.390647866346778e-07
2017-11-24,0.0,2.2862544464975254e-07,1.0782036826287218e-07,0.0,2.5893246969559358e-08,1.40839334383403e-07,7.222368453343824e-07
2017-11-25,2.8160126259160794e-07,4.6184633713634946e-07,4.5260625711366537e-07,4.919133639017796e-08,2.1794565356629215e-08,1.0190223940857586e-07,6.405211224929444e-07
2017-11-26,0.0,4.6648796999178075e-07,4.561003319572113e-07,4.968571753999276e-08,2.2013604379990158e-08,1.455289965769314e-07,7.933758130410511e-07
2017-11-27,0.0,0.0,1.5321333907134595e-07,7.527760095444971e-08,2.2234844782133836e-08,2.0745245834017025e-07,8.960467222954815e-07
2017-11-28,2.901772978045572e-07,4.759116520919758e-07,4.6322566685562033e-07,5.06894356144915e-08,4.491661737456964e-08,1.4990777363603052e-07,8.297874659595308e-07
2017-11-29,0.0,6.468036972771135e-07,3.112384262999408e-07,5.1198872911819314e-08,5.444164426084766e-08,1.675755258950934e-07,8.699615951571304e-07
2017-11-30,0.0,0.0,3.136908654647976e-07,7.757014520865628e-08,4.1241593911504515e-08,1.171818414331809e-07,1.18397036122466e-06
2017-12-01,0.0,6.531387644702982e-07,3.1432316627239586e-07,7.810499891191645e-08,4.6136032463043465e-08,7.94952650461106e-08,1.0056582943833748e-06
2017-12-02,0.0,6.597029181823717e-07,0.0,2.6296655733696653e-08,2.3299853648948826e-08,1.215460189310109e-07,6.074053868488172e-07
2017-12-03,0.0,9.994995641040267e-07,3.166186812870582e-07,5.3121883035150296e-08,1.8827216856925938e-08,1.4797167675644358e-07,7.296105010685466e-07
2017-12-04,1.2941356986937237e-06,1.0095447017238253e-06,4.767208107230287e-07,1.073115336709584e-07,3.8032867064135814e-08,9.663479565452691e-08,8.679842992949038e-07
2017-12-05,3.267854946737955e-07,1.0196907946550864e-06,4.78561271993811e-07,1.625850487716148e-07,2.8811327799615256e-08,1.4221703972157847e-07,9.699576682193222e-07
2017-12-06,0.0,0.0,4.804495897905952e-07,9.815973668679661e-08,6.790206840180895e-08,9.605598907381231e-08,9.160197436354319e-07
2017-12-07,3.3338699956751246e-07,0.0,1.607953176489115e-07,6.609750562762457e-08,3.8795916300114684e-08,1.1858601056258186e-07,7.847429058339178e-07
2017-12-08,0.0,3.5024833419433275e-07,3.229137034001054e-07,2.0028538980908683e-07,4.36438465653359e-08,1.3337715112497003e-07,6.727673161943435e-07
2017-12-09,3.401218637062757e-07,1.061305165421812e-06,0.0,1.0114914572059294e-07,4.3646651714069313e-08,9.595456890136095e-08,1.0046151456676624e-06
2017-12-10,0.0,4.806347700288846e-07,1.6282842503004033e-07,6.811047435700384e-08,7.760679389217148e-08,9.588718452959602e-08,1.0025697351445614e-06
2017-12-11,0.0,9.70930459548271e-07,8.176930073368141e-07,1.4829013124109272e-07,4.3665356833158364e-08,1.0647709884021147e-07,1.0156848691859849e-06
2017-12-12,0.0,0.0,8.213256595055733e-07,1.1233535387774917e-07,7.765557097607375e-08,1.262007564803432e-07,1.1516515272712246e-06
2017-12-13,0.0,4.952722779519699e-07,8.250404449247231e-07,3.782144765122656e-08,2.9134352451462126e-08,1.730077317977857e-07,1.2747410049890422e-06
2017-12-14,0.0,0.0,1.6576754701518037e-07,1.5280623807794602e-07,3.886770566189393e-08,1.5400849382887804e-07,1.0897999972275607e-06
2017-12-15,0.0,0.0,6.661743277530305e-07,1.1575647472659941e-07,4.861686857265969e-08,1.1556735652047524e-07,1.6120421515008913e-06
2017-12-16,3.647834814484122e-07,1.1452613745081066e-06,1.0040176281498931e-06,1.5589312885156803e-07,5.351936347485574e-08,9.927151323588969e-08,1.2253000104040343e-06
2017-12-17,3.684496163865133e-07,1.156771442676957e-06,6.725827781798266e-07,1.1809491063285002e-07,4.3826337409690596e-08,1.0898827014196584e-07,1.1650674035355106e-06
2017-12-18,0.0,2.336794377908109e-06,3.379438648823482e-07,1.1928178421650004e-07,5.849131649847088e-08,1.6843775138081406e-07,1.44718939068887e-06
2017-12-19,3.75892792369865e-07,0.0,3.120168293253175e-07,8.032039071864903e-08,6.831225990292715e-08,2.106122851242386e-07,1.87923699572609e-06
2017-12-20,7.593411554778333e-07,1.6852441784211701e-06,6.252645424291736e-07,1.6225524813127422e-07,8.702774982065048e-08,1.8973124688461126e-07,1.5050027338160445e-06
2017-12-21,7.669726609642706e-07,2.553271745987887e-06,1.0666070228821596e-06,4.062215908279822e-08,6.358542202686841e-08,1.9163807761688912e-07,1.884344644770997e-06
2017-12-22,0.0,8.596441845487835e-07,5.983426386068717e-07,2.8479197867776646e-07,6.00192513635615e-08,1.701017605206728e-07,2.364105063449381e-06
2017-12-23,1.1736998047194535e-06,0.0,4.427148615241149e-07,1.6300418469208037e-07,8.049315214261159e-08,9.479244779874022e-08,1.7239402187377415e-06
2017-12-24,1.5806609118180525e-06,2.2472640986125027e-06,6.671139989453021e-07,2.041079955103937e-07,1.4169519906984158e-07,1.316495506389729e-07,2.2077043719883374e-06
2017-12-25,0.0,1.2582356892845925e-06,4.4681494504017123e-07,1.6358493690026283e-07,1.1199693334350683e-07,3.2163448831245116e-07,2.3928879354019154e-06
2017-12-26,4.0314809509117275e-07,5.0835246727726646e-06,1.1223297649591467e-06,1.6389983602222195e-07,2.0486022608613634e-07,3.555491986716353e-07,2.2535111164628012e-06
2017-12-27,4.071998008065031e-07,3.8449226342707236e-06,1.5788281617214948e-06,8.211556263218348e-08,1.030550752341568e-07,3.7753906739800054e-07,3.097933674384454e-06
2017-12-28,4.112922268412484e-07,0.0,1.6134423604713313e-06,1.6457883775589813e-07,1.2442841162237804e-07,2.697236230506925e-07,2.95322518085008e-06
2017-12-29,8.30851564882845e-07,3.910637646445529e-06,5.399960893765379e-07,4.123575206708859e-08,1.356367739010059e-07,4.30265983104828e-07,3.756651531997815e-06
2017-12-30,0.0,3.94408010048509e-06,8.387021066038806e-07,1.653236732190904e-07,1.8898569092518622e-07,3.5827315399044954e-07,2.799604580483391e-06
2017-12-31,4.238179399284027e-07,2.6519446438809624e-06,8.423922081314178e-07,8.286043533745927e-08,1.264515810428359e-07,2.901028791994039e-07,3.258453631218647e-06
2018-01-01,4.1447562841891646e-07,2.5874695480097822e-06,8.565814909169084e-07,2.4298357928258674e-07,1.5432694182795012e-07,5.765505216202331e-07,3.271862782306674e-06
2018-01-02,0.0,3.914709766282525e-06,5.737498307220477e-07,2.0301087088401588e-07,2.118206762773749e-07,5.867329878930186e-07,3.613196905514709e-06
2018-01-03,4.2284859152141027e-07,1.3162022282630914e-06,1.9787022829149068e-06,1.2213343617328446e-07,1.650744723186776e-07,7.082648261049194e-07,3.0985429664829467e-06
2018-01-04,4.2709829051750563e-07,6.638164112091697e-06,1.3264255431796046e-06,5.1257324491133894e-08,1.7723146857830024e-07,7.007833527645188e-07,3.1394853645620373e-06
2018-01-05,8.627813993971381e-07,4.0117470533634495e-06,6.669244373711402e-07,2.5739652037054017e-07,1.6577414410239732e-07,6.572008428584265e-07,2.565919619016548e-06
2018-01-06,1.7429049932363837e-06,2.6939978783468995e-06,3.49195517744485e-07,2.585321581519458e-07,2.2548769570960486e-07,5.557444083937755e-07,3.067808567033899e-06
2018-01-07,0.0,4.070650684726511e-06,1.5711589091018083e-06,1.5581618961876643e-07,1.1895723411007814e-07,6.232318876682297e-07,3.2108670646330673e-06
2018-01-08,2.2226425120488524e-06,2.7286153117972356e-06,1.5812164439115693e-06,2.608811101586242e-07,1.550232182963049e-07,5.38654798506001e-07,3.3460416653342325e-06
2018-01-09,4.4899608813266374e-07,4.115604546372746e-06,1.757561537705302e-06,2.620946592810552e-07,2.2714870456230476e-07,7.249200853192323e-07,3.176015641780616e-06
2018-01-10,1.8140342953541393e-06,5.5182635852452776e-06,4.4240149215078103e-07,2.6333441808782737e-07,1.1986722537517603e-07,6.784963651687935e-07,2.9652936010387587e-06
2018-01-11,0.0,2.774803136475327e-06,1.8648920795834305e-06,3.175206126670251e-07,1.562528341440887e-07,4.562589547675972e-07,2.9352711490100347e-06
2018-01-12,9.253401094873925e-07,1.3953759814770028e-06,1.4072389518382158e-06,2.530845606127591e-07,1.5669390071407413e-07,7.885908082430556e-07,3.017310076398465e-06
2018-01-13,2.8039197965922693e-06,2.8069798669546146e-06,1.4159495690567457e-06,1.8989754020916454e-07,1.20885105234392e-07,6.896822593413693e-07,2.340312087326195e-06
2018-01-14,9.253401094873925e-07,0.0,3.315046182052272e-06,3.1666774978504864e-07,1.4549823515998605e-07,5.561883504584709e-07,2.5377700530439896e-06
2018-01-15,0.0,1.5394260807284974e-06,1.5502577385962316e-06,1.9794761230917702e-07,1.337864861515111e-07,6.507353067650209e-07,2.92756517445242e-06
2018-01-16,4.535085738385348e-07,3.0983248431380414e-06,0.0,2.6422316760578824e-07,1.220117898483084e-07,6.525317379676262e-07,3.4145351666231566e-06
2018-01-17,4.4899608813266374e-07,6.236214719770695e-06,2.167696117290339e-06,1.9840695600221582e-07,1.3465287292349516e-07,7.757500524968244e-07,2.991628523433235e-06
2018-01-18,0.0,1.6857909947424068e-06,1.6330357320792898e-06,1.9866637716103036e-07,1.3703670034009237e-07,4.7425601093373137e-07,3.5921305020385034e-06
2018-01-19,4.4010536990756e-07,0.0,2.228815933838675e-06,2.6526088683082245e-07,1.6828163578597762e-07,6.619714180638332e-07,2.516164627844445e-06
2018-01-20,0.0,3.889087561448946e-06,2.199467102506331e-06,0.0,1.0400700261544173e-07,6.183361771920212e-07,2.9495418945278684e-06
2018-01-21,4.3139069969856903e-07,3.9122236817799744e-06,1.658592993634284e-06,1.372158914700538e-07,1.5686390273375564e-07,8.012726530664348e-07,2.812599106090742e-06
2018-01-22,1.2812948715525169e-06,1.967875513869689e-06,3.4601001191571193e-06,6.874193799085364e-08,1.577329880653424e-07,7.7319787520327e-07,3.6915542936861683e-06
2018-01-23,8.456971830428205e-07,3.9596719520813595e-06,5.800004914258789e-07,1.377656089955292e-07,3.3485989885738064e-07,7.10731511138241e-07,3.108722644339864e-06
2018-01-24,6.387594075105768e-06,3.983988846918287e-06,3.7494479351811363e-06,3.4515279671263944e-07,2.268222122876414e-07,6.409543874273711e-07,3.2858280495805402e-06
2018-01-25,1.2819851294627908e-06,4.008704143959906e-06,1.2575177463178625e-06,1.3802982535832204e-07,1.3310876792622431e-07,7.984462803011682e-07,4.421110094044847e-06
2018-01-26,3.859738930457096e-06,6.0507304721347815e-06,6.3267263353229e-07,3.4503083782287364e-07,1.1319529418823961e-07,8.235081371728428e-07,3.1488474639009395e-06
2018-01-27,2.582605633090217e-06,2.0296699354730693e-06,1.9099489850886922e-06,1.380086462485004e-07,3.8019150501692426e-08,8.607617855012322e-07,3.094835428191391e-06
2018-01-28,0.0,4.085265364505646e-06,3.3072826742981057e-06,4.830656542161933e-07,2.681723675449319e-07,7.86856627717149e-07,3.039626093732709e-06
2018-01-29,3.9034111259149355e-06,6.8714343069109785e-06,2.704612365659167e-06,2.760853448746359e-07,2.316321420327848e-07,8.248899992056838e-07,4.115707339619271e-06
2018-01-30,0.0,5.081852820892282e-06,2.77792642891565e-06,4.1373025886352523e-07,2.1397329996952533e-07,1.0390361181532277e-06,4.252182076277765e-06
2018-01-31,0.0,1.2777149585351887e-05,2.8382251726306724e-06,4.1337387378575935e-07,2.5484554008408946e-07,1.046852628982127e-06,3.32824920490086e-06
2018-02-01,1.3433955385398692e-06,5.097419087183499e-06,4.991980036897268e-06,6.177397825572723e-07,1.3785666983162286e-07,1.0930474057343342e-06,3.5940185259711538e-06
2018-02-02,6.745059768897522e-06,1.5381600749854306e-05,4.308410718586467e-06,5.48738129673515e-07,2.778808950962332e-07,1.0081668426098063e-06,4.167761957262168e-06
2018-02-03,0.0,1.0307264712186029e-05,2.892274833472611e-06,2.742145523387415e-07,1.8004901068947758e-07,1.1417973903092762e-06,3.1751044829220786e-06
2018-02-04,0.0,8.480606592426952e-06,3.6407063555597867e-06,3.4260932690559036e-07,2.016425646154617e-07,1.4182704196874701e-06,3.866924125774173e-06
2018-02-05,2.733345855019626e-06,1.4214896450484967e-05,5.229741458187621e-06,2.0549083476357188e-07,1.829257536004013e-07,1.0665093352102716e-06,5.892033798359679e-06
2018-02-06,0.0,9.2878588968291e-06,3.065131157492828e-06,3.4239437106418134e-07,1.8439149177468575e-07,1.2744403857368914e-06,6.245061180869536e-06
2018-02-07,2.2553101269377336e-06,6.230022579231313e-06,1.54370903026194e-06,2.7387060579587647e-07,1.5278662429478802e-07,1.3103888299585576e-06,5.192772631316242e-06
2018-02-08,2.2705506189886985e-06,6.2533151109967205e-06,2.3959283938058373e-06,3.423163775365173e-07,1.314577714111965e-07,1.418768270986893e-06,5.875288461436202e-06
2018-02-09,4.572036335987388e-06,9.415849469226511e-06,4.82586934050422e-06,1.7480912601313078e-07,2.1994787504639298e-07,1.502538105605316e-06,5.09126798080137e-06
2018-02-10,4.60342864144102e-06,9.452667864751433e-06,5.665688093519505e-06,2.9190239005829636e-07,8.807310927851413e-08,1.283707254449619e-06,6.1779090553704584e-06
2018-02-11,0.0,3.2817666529432896e-06,1.7106369940771235e-06,1.7549125634617998e-07,2.2043968980698363e-07,1.6158275797715052e-06,5.536798502357706e-06
2018-02-12,4.667597477741089e-06,9.864408481489518e-06,8.810221144883613e-07,1.1723908528617334e-07,2.2071865057036293e-07,9.451299797839226e-07,5.328594191656126e-06
2018-02-13,4.700380425524627e-06,9.87291811044558e-06,3.5866225419525767e-06,1.7624358552168225e-07,2.4312165172100533e-07,1.4732220586375612e-06,5.227327855655881e-06
2018-02-14,0.0,6.588276692960098e-06,0.0,5.888205587317561e-08,1.445437757530879e-07,1.2277395986673791e-06,6.393227738967394e-06
2018-02-15,2.383679886148519e-06,0.0,3.6859553668681262e-06,2.3608855264178536e-07,2.701247420374013e-07,1.462938913136777e-06,6.55731149020406e-06
2018-02-16,2.4007814346382014e-06,3.480640434824269e-06,3.869499687060878e-06,4.141768589750287e-07,2.1090613702682272e-07,1.2495938866533804e-06,7.128518316708657e-06
2018-02-17,0.0,1.3950976696801917e-05,7.670134370066432e-06,5.932002412256844e-08,3.327285394061489e-07,1.6750724188443243e-06,5.753996887065912e-06
2018-02-18,2.4357065062272466e-06,3.495196690900573e-06,4.818328122759283e-06,3.568671455175856e-07,3.036967475726677e-07,1.4720308721585646e-06,6.455458614191421e-06
2018-02-19,7.3606005655886165e-06,3.5029987301824306e-06,7.749286561687374e-06,1.7892491665585124e-07,2.608562091986235e-07,1.702842223576007e-06,6.975796748181852e-06
2018-02-20,4.943211785790604e-06,1.4044604289025928e-05,4.867410945731869e-06,2.3924553759157325e-07,4.5881371368587454e-07,1.6273072392836937e-06,6.287421713760479e-06
2018-02-21,7.4697762797301e-06,1.0558963597091184e-05,9.949840359222651e-07,5.998711109878565e-08,4.470810582607821e-07,1.4413346946922452e-06,7.065153670255475e-06
2018-02-22,5.016987909751401e-06,7.057019921714532e-06,4.9940689497248485e-06,1.2033767312155458e-07,9.6203846065478e-08,2.0255231292359807e-06,7.67193526659004e-06
2018-02-23,5.054626669321214e-06,7.075436486574647e-06,7.019203983253113e-06,3.000849293732973e-07,2.254332002596519e-07,1.351628304204049e-06,8.357706387926142e-06
2018-02-24,2.5463854478850814e-06,1.395722682976245e-05,5.0338666879565155e-06,1.1974227387428676e-07,1.6172378800553054e-07,1.7416754789547874e-06,6.731691317723103e-06
2018-02-25,2.5657122017763387e-06,6.999600685036462e-06,4.041811084619625e-06,2.5972912244325605e-07,9.746402043207117e-08,1.1863137189851245e-06,8.123310812557066e-06
2018-02-26,0.0,3.7472229098064722e-06,7.148199430249816e-06,3.8910397792758624e-07,4.5688306787240847e-07,1.8820180805046282e-06,8.700988396124904e-06
2018-02-27,7.8154121639482e-06,1.8417485645297526e-05,3.0713489376811446e-06,1.9432659145616778e-07,2.6227413090438616e-07,1.8897563144713828e-06,8.39111168680237e-06
2018-02-28,5.25047952569869e-06,7.396429368445588e-06,1.0251435223623593e-06,2.5882750235950327e-07,1.9762383799214392e-07,1.7878436037796148e-06,8.412507343850086e-06
2018-03-01,0.0,1.8467734374567723e-05,3.073681480148695e-06,2.581597822493149e-07,2.6424920645825846e-07,1.6754252822854079e-06,9.669198977341106e-06
2018-03-02,2.7639120550183977e-06,7.417846691635415e-06,2.133645803104297e-06,1.2896863243124426e-07,2.655239398312582e-07,2.176005337998508e-06,8.65484793531479e-06
2018-03-03,0.0,3.724670712147231e-06,3.164129556031204e-06,1.0783315242806857e-07,2.0011891936463386e-07,1.775138632569501e-06,8.872258624759931e-06
2018-03-04,5.6150277134902445e-06,7.481581097303744e-06,5.281783878474915e-06,2.3531451263131233e-07,4.357489411481415e-07,2.123876482623025e-06,1.0873648264780375e-05
2018-03-05,5.065939756081127e-06,1.1271853401986146e-05,2.0351068510534242e-06,2.9302825968805424e-07,4.379504655968164e-07,1.9158309528527394e-06,1.0316682927075692e-05
2018-03-06,5.116853297068072e-06,1.885156440886386e-05,5.092322825563897e-06,1.1660755124869662e-07,4.40195785457011e-07,2.3330253585531064e-06,1.0494194984298801e-05
2018-03-07,0.0,1.1586475314301782e-05,7.133191066142084e-06,2.90038648686174e-07,3.744104906068004e-07,2.614373127241116e-06,9.860828890354843e-06
2018-03-08,2.6101102951945855e-06,1.55069223925878e-05,6.1168008022306545e-06,1.7315245401430503e-07,3.255252977096537e-07,2.232030305339758e-06,1.2980272797083462e-05
2018-03-09,0.0,7.6219246188260655e-06,4.245533789028065e-06,4.3837912645329857e-07,2.3523233149246668e-07,2.4639613644964774e-06,1.265736900817262e-05
2018-03-10,2.6628380207751474e-06,3.815552263808425e-06,5.310525183270882e-06,3.119952292525419e-07,4.5203344110942003e-07,2.9674038078227783e-06,8.88886409899405e-06
2018-03-11,2.6895999878020133e-06,1.5282095106439343e-05,2.1251902896187942e-06,3.7307245298563723e-07,3.6273919640826763e-07,2.5408287899477007e-06,1.0455126742430906e-05
2018-03-12,2.716630917068999e-06,7.651754689945374e-06,4.252766053458392e-06,3.3544712964767836e-07,3.638879141509237e-07,2.9473546299858604e-06,1.2742338395930502e-05
2018-03-13,2.74393351169156e-06,3.831613504258278e-06,4.335625655077014e-06,4.01195445704692e-07,5.932436591058833e-07,2.425628760345125e-06,1.247799330837895e-05
2018-03-14,2.7715105019519083e-06,7.675465656174634e-06,1.0842479536752442e-06,1.9994722785553556e-07,6.410156120057819e-07,2.7267104840859294e-06,1.20382011070434e-05
2018-03-15,0.0,3.844235928397285e-06,3.2500414462720975e-06,3.9863345549626766e-07,5.508703337374357e-07,3.2508751204817072e-06,1.0737326328357771e-05
2018-03-16,2.7681907746924725e-06,7.70224691100727e-06,3.247664038371467e-06,1.8343688501170876e-07,6.444127687894076e-07,2.0469867933060905e-06,1.2725273316269744e-05
2018-03-17,0.0,3.858396098164813e-06,2.1637409330540465e-06,1.8299811934420186e-07,4.6119460001083787e-07,2.051088697825276e-06,9.3274492321317e-06
2018-03-18,0.0,7.732109167302305e-06,7.569061090815736e-06,0.0,2.772842910098582e-07,2.440582568160175e-06,9.303857441723035e-06
2018-03-19,0.0,7.748199355635152e-06,5.469714465146876e-06,2.844412192031137e-07,6.020723597923356e-07,2.3695120945678263e-06,1.299958433370194e-05
2018-03-20,2.764872374837226e-06,3.759519379668851e-06,6.55625127433005e-06,2.8434672263687184e-07,3.713367980313966e-07,2.698405089313897e-06,9.266980607671807e-06
2018-03-21,2.7647341369784007e-06,7.508243975970935e-06,7.927558852396667e-06,1.3705057233395966e-07,5.117814109203546e-07,2.3942934028404584e-06,8.353773621327597e-06
2018-03-22,0.0,0.0,2.344991036926077e-06,2.741647991935537e-07,3.7310974772008496e-07,2.608677962700101e-06,1.292769015013897e-05
2018-03-23,0.0,7.4889058967972255e-06,7.029818255299004e-06,6.856396760689469e-08,5.143216983277135e-07,2.8622813942172116e-06,1.0763683022798478e-05
2018-03-24,5.531956721305234e-06,3.7401803335831245e-06,5.854471989586257e-06,2.74374367477194e-07,3.281529529973837e-07,1.7045550412860763e-06,1.2089711037489924e-05
2018-03-25,5.5338924384173725e-06,3.6786165729727413e-06,4.681078041467503e-06,2.058902266441522e-07,3.290430953549839e-07,2.5591550074108613e-06,1.3100525421541357e-05
2018-03-26,0.0,7.3359658339435945e-06,4.67904660297106e-06,2.746936891661988e-07,7.542083252487384e-07,2.881117267455127e-06,1.3623681263075189e-05
2018-03-27,2.769712151560562e-06,7.315432124638424e-06,9.35136409134085e-06,1.3744727286901174e-07,4.254713821631116e-07,2.260194085751524e-06,1.2291768987999695e-05
2018-03-28,2.7715105019519083e-06,3.6401325106997683e-06,1.1677460082767666e-06,2.0634216899512613e-07,9.009021609405678e-07,1.4715015135244359e-06,1.352341848877489e-05
2018-03-29,2.74393351169156e-06,7.245825950729695e-06,3.5000648421296387e-06,2.7537875076744874e-07,4.7523701215755456e-07,2.4579217904518915e-06,1.1714543074831592e-05
2018-03-30,0.0,3.375395066566245e-06,6.9863787145231684e-06,7.099256814794011e-08,4.04985835079144e-07,1.4588940128284656e-06,1.0596366271770441e-05
2018-03-31,0.0,6.722387092236798e-06,1.141943109541391e-06,0.0,3.5579588588381826e-07,2.378825885004826e-06,1.3623506655236787e-05
2018-04-01,0.0,1.0039860054977664e-05,3.3541287752903905e-06,2.135206176720528e-07,5.402788668732904e-07,2.6856879829583362e-06,1.1466824815396449e-05
2018-04-02,2.6113590886586748e-06,6.6585035897279885e-06,7.664363694027844e-06,2.8514538581943605e-07,5.922025204506558e-07,2.607857577623752e-06,1.3643444690839863e-05
2018-04-03,0.0,0.0,7.641619416709554e-06,2.1421884713925425e-07,3.9671275609915024e-07,2.529521427711577e-06,1.3492875088164096e-05
2018-04-04,2.5596507142307707e-06,0.0,1.1294927269043407e-06,2.1460007697716165e-07,4.484964414420768e-07,2.756972821263669e-06,1.236283909301393e-05
2018-04-05,0.0,5.877867676679358e-06,5.632697711771519e-06,7.166758900053357e-08,4.501622385646842e-07,1.9163733956535204e-06,1.5163697633347311e-05
2018-04-06,0.0,2.9262723248382825e-06,1.1232494654678327e-06,7.180898582730318e-08,5.001690234542566e-07,1.472592862801366e-06,1.0838024029781308e-05
2018-04-07,0.0,2.906222594618731e-06,0.0,2.878302544499862e-07,5.002077991557965e-07,1.8379079301694642e-06,1.1117754955864766e-05
2018-04-08,0.0,0.0,4.29687784679454e-06,7.211333721401601e-08,2.5014829802704647e-07,2.4033140345441033e-06,1.3430242738860954e-05
2018-04-09,2.4348150758205777e-06,2.8669930322965746e-06,0.0,1.4455264441870301e-07,4.003483384231281e-07,2.2929806236605807e-06,1.510052539331471e-05
2018-04-10,7.231764783078392e-06,1.423904638602523e-05,3.1755008601237156e-06,3.622326744856921e-07,3.997345768693584e-07,2.6269982963095365e-06,1.5039193409131712e-05
2018-04-11,2.386602507066617e-06,5.893091151018782e-06,5.2339557858509795e-06,3.6311996149393673e-07,4.989509863829862e-07,2.5162502434574503e-06,1.131132305096502e-05
2018-04-12,0.0,0.0,9.385443359498614e-06,2.1842613648055908e-07,4.3553785322213713e-07,2.3449439239023908e-06,1.1299984115859328e-05
2018-04-13,0.0,0.0,2.995425637794216e-06,0.0,3.384193745507086e-07,2.3393896655287185e-06,1.3504903051969425e-05
2018-04-14,0.0,2.8951211294025955e-06,0.0,2.520953550576539e-07,3.864239173756246e-07,1.4411726060542152e-06,1.1229173079096284e-05
2018-04-15,0.0,0.0,9.91868657650461e-07,1.899951431592206e-07,4.826518474731046e-07,2.4075845552736484e-06,1.0003481874891176e-05
2018-04-16,0.0,5.7245771892657925e-06,4.876084965807177e-06,6.34764574600552e-08,3.8585765105090953e-07,2.672783528320778e-06,1.1790673985416462e-05
2018-04-17,2.247617596918591e-06,0.0,3.7261364432743078e-06,2.54510192929387e-07,5.1132579861314e-07,1.6385296802332965e-06,1.2867337223320666e-05
2018-04-18,0.0,0.0,9.288433276586038e-07,3.8271001087490806e-07,4.0910941922469995e-07,1.8881915178214632e-06,9.703735709110273e-06
2018-04-19,0.0,5.584273980087221e-06,1.771506871824204e-06,2.5579533578383277e-07,7.16098443973038e-07,1.8808885514916376e-06,1.3466843056940667e-05
2018-04-20,0.0,5.538629287034123e-06,2.6509531957285325e-06,2.564762440644688e-07,4.093297227108565e-07,1.321431445083692e-06,1.1324919004472005e-05
2018-04-21,0.0,8.240307692287904e-06,0.0,2.571828001832421e-07,4.6068892638002715e-07,1.905209341173554e-06,1.2565044289475664e-05
2018-04-22,0.0,5.448996994440532e-06,5.141815535860337e-06,2.7151296792303853e-07,4.6092798398688727e-07,1.7998395588632041e-06,1.1960948911986948e-05
2018-04-23,0.0,2.7025002157980423e-06,1.7079635754234605e-06,2.7211949515057143e-07,4.099672309122259e-07,1.6280646902918462e-06,1.439931156051091e-05
2018-04-24,0.0,2.6807721866494883e-06,4.2553985916858125e-06,1.7403368822077198e-07,3.076962715089628e-07,2.4215285826753798e-06,9.724861900069187e-06
2018-04-25,0.0,7.632018903817236e-06,8.077707639503309e-07,2.7817084025755375e-07,5.645711311484225e-07,1.74667325349237e-06,1.2044981553446527e-05
2018-04-26,0.0,0.0,1.5838884021549e-06,1.116645640058587e-07,3.596020201331552e-07,2.4301748494876582e-06,9.426338063023416e-06
2018-04-27,0.0,0.0,7.830811493342511e-07,2.2414391691630125e-07,4.108814804824555e-07,2.417279747692377e-06,8.763540339097444e-06
2018-04-28,0.0,4.7232672014366574e-06,3.119057022011109e-06,1.1215162865456133e-07,4.838764189858269e-07,1.3486019975100746e-06,1.130332776782079e-05
2018-04-29,0.0,0.0,7.664023403233256e-07,2.806062852682438e-07,5.294092342535967e-07,9.228271598803413e-07,9.655832939071706e-06
2018-04-30,0.0,2.0921305954416053e-06,1.5064376076842496e-06,1.6851693585747025e-07,4.1363731925947447e-07,2.349824548874165e-06,1.024678224709248e-05
2018-05-01,0.0,2.062812480449695e-06,1.4996918138536604e-06,1.0802727234451427e-07,1.8295680152025768e-07,1.6243261238296953e-06,1.0277790678497075e-05
2018-05-02,1.9243126028283518e-06,0.0,1.4522652463289266e-06,1.6178014990650635e-07,3.641026720053535e-07,1.7067482589075857e-06,1.0397873122528719e-05
2018-05-03,0.0,2.027682200898462e-06,1.4458561744904868e-06,5.384518981534975e-08,4.5291018942601516e-07,1.953304520856322e-06,7.827468922086241e-06
2018-05-04,0.0,0.0,1.3586605252938388e-06,2.6884523779525023e-07,4.392525630258965e-07,1.0187019742174177e-06,1.1479290773929004e-05
2018-05-05,0.0,1.9933630212637134e-06,2.7066905583696262e-06,0.0,4.3723905329337804e-07,1.087494501024007e-06,9.666958918318884e-06
2018-05-06,9.89034199766834e-07,3.953006582703483e-06,2.022248053097246e-06,5.3632886818551773e-08,4.661629506762196e-07,1.2687162187784654e-06,9.911168165668616e-06
2018-05-07,0.0,0.0,3.3578006898463245e-06,1.6071856415449704e-07,4.641697695630393e-07,1.4601331630894074e-06,1.1143163888770065e-05
2018-05-08,0.0,5.830125363704402e-06,3.242113515482883e-06,3.1907589119852625e-07,4.202027325578406e-07,1.4348868908611713e-06,9.847029111334886e-06
2018-05-09,0.0,1.6977529966451732e-06,6.356698494877024e-07,2.639554682858964e-07,6.695599487272415e-07,1.0797277347101527e-06,1.0801839924313085e-05
2018-05-10,0.0,2.9092113166496052e-06,1.2367246820088707e-06,2.0963260507185053e-07,3.334312409573897e-07,1.604322765909606e-06,8.061824486439927e-06
2018-05-11,0.0,1.4432591628772723e-06,6.032766010516459e-07,5.2030449737546386e-08,3.73630332322254e-07,1.638360918532449e-06,8.397173260000737e-06
2018-05-12,0.0,0.0,1.7954077687486588e-06,5.1657951295462753e-08,4.135420910133737e-07,1.3530073478612261e-06,6.706961345001823e-06
2018-05-13,0.0,1.4209980331130668e-06,1.187443517743622e-06,2.0516247476622835e-07,4.531787951779826e-07,8.405884163683017e-07,7.604757282849199e-06
2018-05-14,0.0,1.4100811726648643e-06,1.7671009024941773e-06,0.0,3.694144978623454e-07,1.7269875129524237e-06,8.681694520434148e-06
2018-05-15,0.0,0.0,5.844044133119203e-07,1.0114260915385688e-07,1.6359257194762481e-07,1.3358499225417955e-06,9.480342452071456e-06
2018-05-16,0.0,0.0,0.0,2.0087700453677827e-07,3.667888845373917e-07,1.1339946521548344e-06,8.540575086190809e-06
2018-05-17,0.0,9.240130492451924e-07,0.0,4.987221965842363e-08,3.2491658789932414e-07,1.3978967622802088e-06,9.15066800783052e-06
2018-05-18,0.0,0.0,1.0885796457891626e-06,3.9624140356943083e-07,3.1464328992231706e-07,1.3541342633025824e-06,7.341966079898631e-06
2018-05-19,0.0,9.124243224422428e-07,0.0,9.825062268625145e-08,2.3411365900072406e-07,1.3504597826480503e-06,7.629429556158809e-06
2018-05-20,0.0,0.0,9.920268188953937e-07,0.0,4.258251472212939e-07,1.030693120748315e-06,7.4168781126752906e-06
2018-05-21,0.0,0.0,1.4771577695620248e-06,1.1741996460071912e-07,2.688537743038665e-07,1.0218003396396297e-06,8.332055607065315e-06
2018-05-22,0.0,0.0,4.4834209383935716e-07,4.089683790367532e-07,3.4297045080221013e-07,9.454757567886503e-07,6.877559888667599e-06
2018-05-23,0.0,0.0,4.24982575980677e-07,2.907198422497867e-07,4.537414140594995e-07,1.1782357810223681e-06,6.99461503159099e-06
2018-05-24,0.0,0.0,4.1063753317339477e-07,1.7360909159131663e-07,1.5007808941185903e-07,9.734977390985405e-07,7.399146586174042e-06
2018-05-25,0.0,0.0,2.03275810724744e-06,2.3040485184879345e-07,3.531688431517107e-07,6.48150594105998e-07,6.971226178425989e-06
2018-05-26,0.0,0.0,0.0,1.7201546668976573e-07,2.0516131693080117e-07,6.502530617959444e-07,5.666525479183093e-06
2018-05-27,0.0,5.312422744679833e-07,1.0340443908346466e-06,1.7124449618295204e-07,1.455183061546075e-07,7.280282710923426e-07,5.830470941390479e-06
2018-05-28,0.0,5.296628599382027e-07,1.3650073029801354e-06,5.114719508053825e-07,5.49127992522848e-07,1.0553052912494238e-06,6.394900121360313e-06
2018-05-29,0.0,5.28136412135803e-07,1.6892815667273543e-06,1.1316923570738172e-07,2.5831957969660165e-07,1.0578831223271697e-06,6.49257376094605e-06
2018-05-30,0.0,1.5799883352441963e-06,1.0034837605763707e-06,3.944127422211722e-07,3.0761467428637247e-07,6.365244720197791e-07,5.452653711712395e-06
2018-05-31,0.0,5.214223962113805e-07,1.3246652404381677e-06,2.2444148632537654e-07,2.2922593287760685e-07,7.226782001463157e-07,5.328914999814814e-06
2018-06-01,0.0,5.228023811211299e-07,9.350150853174157e-07,2.794792543862915e-07,1.7727057980559147e-07,7.369759577537118e-07,5.789431685137422e-06
2018-06-02,0.0,0.0,1.2342820396952954e-06,5.567268770679835e-08,3.2713627627308167e-07,6.27931048214749e-07,4.983926065085036e-06
2018-06-03,0.0,0.0,9.165005461499335e-07,1.6636527555450942e-07,2.0005444638700184e-07,6.338608904501092e-07,4.111324126877601e-06
2018-06-04,0.0,0.0,3.024604044489211e-07,2.7621520775802905e-07,2.733696168949479e-07,7.480914598075042e-07,4.983540234770002e-06
2018-06-05,0.0,0.0,2.9945087314036044e-07,9.98962809963001e-08,2.96390953306109e-07,7.87469809258458e-07,4.374338044534698e-06
2018-06-06,0.0,2.6503653305042257e-07,9.889794115143488e-07,4.979774842409691e-08,2.445348450378922e-07,5.126840262818092e-07,5.696229584392507e-06
2018-06-07,0.0,0.0,1.3088210941576846e-06,1.9860934466553772e-07,2.4210168267564376e-07,8.127204221523898e-07,3.454030974624069e-06
2018-06-08,0.0,0.0,9.743503921222563e-07,4.951188918366569e-08,1.6778491147839043e-07,7.894157034200786e-07,6.322657417459805e-06
2018-06-09,0.0,5.144070394519283e-07,9.671823994774223e-07,1.4812918029337604e-07,1.1865387408199953e-07,4.830733830374845e-07,4.814706419451439e-06
2018-06-10,0.0,0.0,2.7957317650376955e-07,1.9698334143630106e-07,1.1747324830857836e-07,4.373909085711975e-07,3.6713285610028203e-06
2018-06-11,0.0,0.0,5.553014229269343e-07,1.473606057347982e-07,2.55869613907342e-07,7.017674946427248e-07,5.259591053219481e-06
2018-06-12,0.0,2.496020069310175e-07,8.272680351770622e-07,2.634666325289925e-07,2.302942442822071e-07,5.297118049627971e-07,4.727841053799838e-06
2018-06-13,0.0,7.413552763965379e-07,2.7388888781887774e-07,0.0,1.3680166695899365e-07,5.472810486009601e-07,4.127747817709633e-06
2018-06-14,0.0,0.0,5.440983060581829e-07,1.306773875388268e-07,1.8058729017248094e-07,4.141968387975994e-07,4.185111702902172e-06
2018-06-15,0.0,1.648023277672722e-07,5.404732467626329e-07,1.7355873469054116e-07,1.3409281245935813e-07,5.447470346309976e-07,3.6847084569078747e-06
2018-06-16,0.0,1.6316251720746376e-07,2.684511176210775e-07,0.0,2.4253191362485466e-07,4.1387838673911705e-07,2.411779150081991e-06
2018-06-17,0.0,3.230780460706905e-07,0.0,3.7975418057726925e-08,2.741878015378656e-07,4.031064780296884e-07,2.106175626571343e-06
2018-06-18,0.0,0.0,4.4979844594441044e-07,3.7869570642448024e-08,1.2341911200386976e-07,5.828895224231391e-07,3.436963957430868e-06
2018-06-19,0.0,4.750210081995445e-07,4.471846886271045e-07,3.021400817263316e-07,6.664967526594613e-08,3.1495006751797756e-07,3.416587665793931e-06
2018-06-20,0.0,0.0,4.4461565015131647e-07,1.3032340587151946e-07,1.3197299983297197e-07,4.460763905839138e-07,3.798798620916911e-06
2018-06-21,0.0,1.5520498734334359e-07,2.0081360407765956e-07,1.6268482477997547e-07,7.621824381734087e-08,4.611183975659178e-07,3.2889249494708137e-06
2018-06-22,0.0,0.0,3.995494632792679e-07,6.499266433544028e-08,2.1559959891431965e-08,4.7621915226062553e-07,2.4472274310684675e-06
2018-06-23,0.0,1.5213172268453714e-07,1.987558368412518e-07,9.737684711922701e-08,7.470902147152832e-08,3.871503530774381e-07,2.4757841700189943e-06
2018-06-24,0.0,0.0,1.9775681779218422e-07,0.0,5.2832610205321166e-08,3.551375257830611e-07,2.7454184404002116e-06
2018-06-25,0.0,1.4911931274325452e-07,5.90332723769081e-07,7.52745126640244e-08,1.150752172906882e-07,4.086468166017444e-07,2.552938046025662e-06
2018-06-26,0.0,0.0,3.916360186172881e-07,1.50649189951601e-07,1.6571665417788398e-07,4.848004306398732e-07,2.463811133923903e-06
2018-06-27,0.0,1.461665525153532e-07,0.0,5.502870939484645e-08,1.2305080943871182e-07,3.2876593771754133e-07,2.4347717232161903e-06
2018-06-28,0.0,0.0,3.612075657680027e-07,2.7648191612803084e-08,7.106541949937336e-08,4.198711426154487e-07,2.99834004726005e-06
2018-06-29,0.0,2.8654452171474277e-07,2.7874338000252326e-07,2.7784793370384447e-08,9.046068012086077e-08,3.450240233145041e-07,2.3931875653500685e-06
2018-06-30,0.0,0.0,9.856020301236694e-08,2.7924173630456924e-08,8.956058131449488e-08,3.97892594370442e-07,1.9178857334715446e-06
2018-07-01,0.0,0.0,9.872490936465294e-08,2.8128123603516893e-08,5.9257548738781047e-08,2.6476636990377115e-07,1.9993685343119117e-06
2018-07-02,0.0,0.0,0.0,5.654684415714122e-08,5.866792627721339e-08,3.0256910631930927e-07,2.0394480387292122e-06
2018-07-03,0.0,1.373617979004062e-07,9.889247518248316e-08,0.0,5.8084170657163564e-08,2.0692236453930546e-07,1.716959601476617e-06
2018-07-04,0.0,1.35995025174784e-07,2.969732629502933e-07,5.7145031877385843e-08,6.709059408634695e-08,2.873126938226443e-07,1.7435175214467282e-06
2018-07-05,0.0,1.346418520650088e-07,1.9819919861794057e-07,1.436317061669839e-07,4.7445022515229085e-08,3.5871801584502836e-07,1.6352763491187304e-06
2018-07-06,0.0,0.0,9.921802101035694e-08,1.444151959308134e-07,6.576211131479931e-08,3.37900669034334e-07,2.344121631434952e-06
2018-07-07,0.0,0.0,1.986927291930532e-07,8.71278764007494e-08,1.8602219249774674e-08,2.161538474674684e-07,1.794378071163896e-06
2018-07-08,0.0,2.6132516793037354e-07,9.948464290194481e-08,5.433057190443975e-08,1.7241008522293387e-08,4.2107127318998114e-07,1.8918749417288779e-06
2018-07-09,0.0,0.0,9.963286975455739e-08,8.205298111231523e-08,3.755280676656203e-08,3.3650365360981395e-07,2.087242453194152e-06
2018-07-10,0.0,1.280752914535086e-07,9.979105997717306e-08,8.15992194272978e-08,2.3659459152031417e-08,3.5383083039498563e-07,1.817920243650433e-06
2018-07-11,0.0,0.0,9.995922938894596e-08,2.7051205910740887e-08,4.015550331439531e-08,3.2684923051261026e-07,1.6690023775316757e-06
2018-07-12,0.0,1.2553923076610515e-07,0.0,1.076215086220653e-07,4.638194094395313e-08,2.3955361335169224e-07,1.5208428557914988e-06
2018-07-13,0.0,0.0,0.0,1.0704895584171417e-07,1.6400154614473044e-08,3.4704506078727186e-07,1.390944408066173e-06
2018-07-14,0.0,1.2305338744488686e-07,0.0,5.3243554023077486e-08,3.2473940699039375e-08,4.71424422716516e-07,1.2731526690648957e-06
2018-07-15,0.0,1.218289857820822e-07,1.8309269048477458e-07,2.648397726253498e-08,2.893573763123785e-08,3.678500144436092e-07,1.2482839116625123e-06
2018-07-16,0.0,0.0,1.2328853507735766e-07,7.904647779998261e-08,1.5915456795120323e-08,3.3986614527797004e-07,1.3333417214652333e-06
2018-07-17,0.0,0.0,1.245276054544474e-07,1.0486523803468336e-07,2.2059933495671318e-08,4.5157011343323104e-07,1.3782308870352608e-06
2018-07-18,0.0,2.364567902179328e-07,6.288956434792799e-08,2.608641473681202e-08,1.872037156277751e-08,3.45111977478596e-07,1.7624603899036351e-06
2018-07-19,0.0,0.0,2.540864599099008e-07,2.5959128628165625e-08,2.1623117545692283e-08,3.60361943046015e-07,1.071059882141526e-06
2018-07-20,0.0,0.0,6.416001782145501e-08,5.1668876908029455e-08,1.8349683369644024e-08,3.1556269195676333e-07,1.4621129343925342e-06
2018-07-21,0.0,0.0,6.480483672068383e-08,5.142466349047601e-08,3.6334201938931874e-08,3.609602746062046e-07,1.4995003102100727e-06
2018-07-22,0.0,0.0,0.0,0.0,2.3981780392698803e-08,4.516419612733198e-07,1.1348816471845938e-06
2018-07-23,0.0,0.0,1.9834194378797026e-07,1.2737910068922071e-07,4.748631538160101e-08,4.37057785732668e-07,1.3431563174598135e-06
2018-07-24,0.0,0.0,2.0033531346283804e-07,1.0144556635147667e-07,2.056854565890016e-08,3.6956347318016045e-07,1.4158960320428174e-06
2018-07-25,0.0,0.0,1.348991445573325e-07,1.5149699518912526e-07,2.327301166863574e-08,3.560481334936076e-07,1.3119766879656598e-06
2018-07-26,0.0,0.0,1.3355687564189206e-07,2.514013177946706e-08,0.0,3.4251108350861785e-07,1.249808138101625e-06
2018-07-27,0.0,0.0,6.611398126265675e-08,5.0066556789749404e-08,0.0,2.985085250130615e-07,1.2710769779800982e-06
2018-07-28,0.0,0.0,1.3091227231517787e-07,2.4928928358982964e-08,0.0,2.4071166437975265e-07,9.704878427084063e-07
2018-07-29,0.0,0.0,6.480483672068383e-08,2.4827071236701303e-08,0.0,2.1158615451408537e-07,1.2144034246832732e-06
2018-07-30,0.0,0.0,6.416001782145501e-08,7.418309052669782e-08,0.0,3.653880928169097e-07,1.3878233634149286e-06
2018-07-31,0.0,0.0,3.8112968986485114e-07,2.4630795238054618e-08,0.0,3.640633902565108e-07,9.8805298608501e-07
2018-08-01,0.0,0.0,1.8898065486749647e-07,4.918853145580205e-08,0.0,4.192891398665263e-07,1.575912088718089e-06
2018-08-02,0.0,0.0,2.4946702124449835e-07,0.0,0.0,4.7355435634841046e-07,1.2732510929458793e-06
2018-08-03,0.0,0.0,0.0,6.311543722182151e-08,0.0,3.3314944236119235e-07,9.300597183910847e-07
2018-08-04,0.0,0.0,1.222636216288227e-07,0.0,0.0,3.5973008135944323e-07,1.2744311666700084e-06
2018-08-05,0.0,0.0,1.2104707826718712e-07,8.3732388127691e-08,0.0,2.758340308734667e-07,1.1740050087711882e-06
2018-08-06,0.0,0.0,5.992131985712557e-08,4.176709716749081e-08,0.0,3.0247821799834256e-07,1.3899316086760855e-06
2018-08-07,0.0,0.0,8.001994914378712e-08,0.0,0.0,3.4269232967015646e-07,1.286129871340795e-06
2018-08-08,0.0,0.0,0.0,4.1581424116255493e-08,0.0,3.963646701148236e-07,1.076647286189078e-06
2018-08-09,0.0,0.0,1.5852659486289992e-07,2.0747414696957506e-08,0.0,5.042792193294668e-07,1.3853898599553874e-06
2018-08-10,0.0,0.0,7.889687988632856e-08,4.141238418909306e-08,0.0,3.3979879656997777e-07,1.4307312812054283e-06
2018-08-11,0.0,0.0,7.853835209494342e-08,6.200112038580069e-08,0.0,2.846779916846371e-07,1.312936840903423e-06
2018-08-12,0.0,0.0,7.818767820421663e-08,4.125990976777875e-08,0.0,3.6508302294029206e-07,1.378982649896842e-06
2018-08-13,0.0,0.0,3.1137929258586744e-07,5.12791113173247e-08,0.0,3.1023421689791336e-07,9.27587731904692e-07
2018-08-14,0.0,0.0,0.0,2.5488737000672938e-08,0.0,3.9024267134069103e-07,1.1447559427715044e-06
2018-08-15,0.0,0.0,7.71824331651937e-08,5.068093447524856e-08,0.0,3.4843056774071686e-07,1.4022102992613032e-06
2018-08-16,0.0,0.0,7.686283200212018e-08,2.519473154241651e-08,0.0,3.7371733431402365e-07,1.465258615625137e-06
2018-08-17,0.0,0.0,1.5310183437259888e-07,2.5051515341358664e-08,0.0,2.658850868339452e-07,1.0944567450463145e-06
2018-08-18,0.0,0.0,7.624665752598998e-08,4.982160862542257e-08,0.0,2.780985997825351e-07,1.5389350234734087e-06
2018-08-19,0.0,0.0,7.595002259497222e-08,4.954516877050851e-08,0.0,3.034309702412656e-07,1.1496814027202606e-06
2018-08-20,0.0,0.0,7.566098272950583e-08,0.0,0.0,2.891642725478532e-07,1.039232385921418e-06
2018-08-21,0.0,0.0,2.2613852707609036e-07,4.9007125586418935e-08,0.0,3.143117917120601e-07,1.2677623775027204e-06
2018-08-22,0.0,0.0,1.502111466698801e-07,1.4623640535743004e-07,0.0,3.2625320955901193e-07,1.2420700454818048e-06
2018-08-23,0.0,0.0,0.0,1.2122171476500248e-07,0.0,2.8611521694283373e-07,8.553323378457602e-07
2018-08-24,0.0,0.0,7.458020717112925e-08,2.4118376134261646e-08,0.0,3.240411604930242e-07,8.908307589296617e-07
2018-08-25,0.0,0.0,0.0,1.199741058661747e-07,0.0,3.1006444514688366e-07,9.984195896869506e-07
2018-08-26,0.0,0.0,0.0,9.549466285728522e-08,0.0,2.3023443927690018e-07,7.216092966845892e-07
2018-08-27,0.0,0.0,7.384803253766407e-08,1.1877448820936948e-07,0.0,3.4191535249414193e-07,1.1318956925885472e-06
2018-08-28,0.0,0.0,1.4723755171103847e-07,9.455402031594592e-08,0.0,3.7612581988123703e-07,9.416225912258025e-07
2018-08-29,0.0,0.0,7.339688111230913e-08,1.3301254653470055e-08,0.0,3.1031942120182355e-07,1.281944911370399e-06
2018-08-30,0.0,0.0,2.195469783551236e-07,2.6582602367785245e-08,0.0,2.949424237152034e-07,9.3865728886103e-07
2018-08-31,0.0,0.0,7.297508941803725e-08,0.0,0.0,2.6767372276774586e-07,9.373155092282039e-07
2018-09-01,0.0,0.0,7.275851640948527e-08,3.984572402453014e-08,0.0,3.85680802294026e-07,1.0846517070276251e-06
2018-09-02,0.0,0.0,1.4513179778066785e-07,2.655187314623202e-08,0.0,2.5058460931313654e-07,8.801926414484863e-07
2018-09-03,0.0,0.0,7.238053802154339e-08,3.981387822832779e-08,0.0,3.737262593162142e-07,9.13008936739848e-07
2018-09-04,0.0,0.0,1.4440483053374465e-07,1.3267976052769581e-08,0.0,2.939480201756018e-07,8.445027505121233e-07
2018-09-05,0.0,0.0,1.4406302562779366e-07,6.632993085712595e-08,0.0,4.055956179801741e-07,1.1450246848226223e-06
2018-09-06,0.0,0.0,7.186781357222919e-08,2.653064579950593e-08,0.0,2.9948498459609817e-07,9.737518776109256e-07
2018-09-07,0.0,0.0,2.1513390351542645e-07,7.959591702855113e-08,0.0,2.990701375765469e-07,1.104888281799996e-06
2018-09-08,0.0,0.0,1.4312391992253048e-07,2.6535952105539162e-08,0.0,1.833509641885576e-07,9.438554061833337e-07
2018-09-09,0.0,0.0,7.141977500635295e-08,2.654258548555186e-08,0.0,1.6466709441115548e-07,9.097927405245744e-07
2018-09-10,0.0,0.0,1.6325959043095571e-07,1.194834291580441e-07,0.0,2.0647792177238394e-07,9.364769369340765e-07
2018-09-11,0.0,0.0,2.4481755132935606e-07,2.656381601635343e-08,0.0,3.2454525606695586e-07,9.479755887001888e-07
2018-09-12,0.0,0.0,3.2636026529523574e-07,0.0,0.0,2.4588916139264764e-07,9.144815698018262e-07
2018-09-13,0.0,0.0,1.63164882558247e-07,0.0,0.0,2.6095975047321097e-07,9.261107328403756e-07
2018-09-14,0.0,0.0,1.2306631781110047e-07,1.3307794577346896e-08,0.0,2.089504536667709e-07,8.484183447587367e-07
2018-09-15,0.0,0.0,0.0,3.995725119409847e-08,0.0,1.4738974837931992e-07,7.86164015403223e-07
2018-09-16,0.0,0.0,4.185080744768111e-08,3.9995114414573485e-08,0.0,1.2964254941012954e-07,9.731255807533518e-07
2018-09-17,0.0,0.0,8.454283011027528e-08,5.3382636239759093e-08,0.0,1.457298013060772e-07,1.0113223117422036e-06
2018-09-18,0.0,0.0,8.539249967865201e-08,2.6721895784098266e-08,0.0,7.246086427722504e-08,9.908163659506285e-07
2018-09-19,0.0,0.0,0.0,2.675514566016372e-08,0.0,1.6630170934205406e-07,6.589429397421856e-07
2018-09-20,0.0,0.0,4.355877130019754e-08,0.0,0.0,1.4886240290310515e-07,7.340904087613112e-07
2018-09-21,0.0,0.0,8.799308845949117e-08,3.385617214339246e-08,0.0,1.2064812528812944e-07,7.432781013544228e-07
2018-09-22,0.0,0.0,4.443871685038052e-08,3.396807713979504e-08,0.0,1.4183357409584547e-07,9.080736062358474e-07
2018-09-23,0.0,0.0,1.3465600013919863e-07,1.0225013691665527e-07,0.0,1.4109718359950624e-07,7.872837355400345e-07
2018-09-24,0.0,0.0,4.5336438479827784e-08,1.7101044585470976e-08,0.0,1.457739376675356e-07,9.759457953335337e-07
2018-09-25,0.0,0.0,1.3737623178465346e-07,3.43242196070844e-08,0.0,1.3429486527498444e-07,7.65099024889058e-07
2018-09-26,0.0,0.0,0.0,6.889956498758234e-08,0.0,1.0690183355018245e-07,8.967155685823406e-07
2018-09-27,0.0,0.0,4.536613537506977e-08,1.0373637116236669e-07,0.0,1.4361092795630364e-07,7.564860732933573e-07
2018-09-28,0.0,0.0,9.031995988707025e-08,1.7355628094487234e-08,0.0,1.0057244795608602e-07,9.642902760983252e-07
2018-09-29,0.0,0.0,4.495834054762828e-08,3.4847193145038404e-08,0.0,7.902269316758027e-08,6.148971078644088e-07
2018-09-30,0.0,0.0,8.952239404648321e-08,0.0,0.0,1.4157717777426083e-07,3.6583819981570816e-07
2018-10-01,0.0,0.0,8.919300346952998e-08,1.2283191717707246e-07,0.0,1.4613763905979314e-07,7.255633421779857e-07
2018-10-02,0.0,0.0,1.776326925316788e-07,0.0,0.0,8.313070226060366e-08,4.712767336876743e-07
2018-10-03,0.0,0.0,1.326728561561839e-07,6.148442482681353e-08,0.0,1.603523347228531e-07,5.51246675581453e-07
2018-10-04,0.0,0.0,1.321344603097854e-07,2.450735100597095e-08,0.0,1.0557088518914221e-07,5.413206638179507e-07
2018-10-05,0.0,0.0,8.773951867968686e-08,2.442338283673994e-08,0.0,9.645421568204374e-08,4.069403023736933e-07
2018-10-06,0.0,0.0,0.0,1.2170928513072748e-08,0.0,7.866389899853516e-08,3.746469924213598e-07
2018-10-07,0.0,0.0,0.0,2.4262765421538617e-08,0.0,6.970540346176699e-08,4.589390989266614e-07
2018-10-08,0.0,0.0,4.337083129147062e-08,6.046525028423231e-08,0.0,8.252449519777233e-08,4.6828637358346387e-07
2018-10-09,0.0,0.0,8.642643583849357e-08,3.616778015402063e-08,0.0,8.661271189788082e-08,3.502556062254334e-07
2018-10-10,0.0,0.0,1.275260753716853e-07,1.2020008981885731e-08,0.0,9.932112477585282e-08,4.4460367396552807e-07
2018-10-11,0.0,0.0,1.9146636429737143e-07,3.5955879770038445e-08,0.0,8.612831570816361e-08,3.8011881102876325e-07
2018-10-12,0.0,0.0,1.9166276233320052e-07,4.780710428314672e-08,0.0,7.301419153304727e-08,4.634504977133433e-07
2018-10-13,0.0,0.0,3.1979721134163744e-07,5.9597270362304004e-08,0.0,5.140702319587352e-08,4.4134142462323216e-07
2018-10-14,0.0,0.0,6.403769308978134e-08,3.5664972088425237e-08,0.0,8.546626303243469e-08,5.451858505570434e-07
2018-10-15,0.0,0.0,2.564893909356364e-07,5.929191414399639e-08,0.0,2.4499921376540472e-08,4.7075515051458247e-07
2018-10-16,0.0,0.0,6.421341466624572e-08,4.7318509905153483e-08,0.0,3.629435286388807e-08,4.253822853738984e-07
2018-10-17,0.0,0.0,1.2862180598712064e-07,3.5406165289149456e-08,0.0,3.832544068230835e-08,4.360669874820005e-07
2018-10-18,0.0,0.0,1.2882964492953372e-07,1.1775662931822648e-08,0.0,3.871061776473991e-08,4.356010259845069e-07
2018-10-19,0.0,4.930001641093249e-07,1.9357555041569727e-07,0.0,0.0,3.569969498979762e-08,4.2402019867177774e-07
2018-10-20,0.0,7.469323471967189e-07,1.9392599115344897e-07,1.1726408809540585e-08,0.0,2.9190200434194362e-08,4.443721750107991e-07
2018-10-21,0.0,5.029594280577438e-07,3.238263744198693e-07,1.1703541926365753e-08,0.0,4.6826841429177425e-08,4.190057962782562e-07
2018-10-22,0.0,1.0160285086925635e-06,6.489502929825773e-08,4.672738162854616e-08,0.0,3.853867030408959e-08,5.373493335793279e-07
2018-10-23,0.0,0.0,3.2515636634775375e-07,2.3322634164365895e-08,0.0,4.162385904815771e-08,8.244120204608728e-07
2018-10-24,0.0,0.0,3.258701021118183e-07,2.3283909797310736e-08,0.0,3.262434166174664e-08,6.192180211957521e-07
2018-10-25,0.0,2.6174279585207056e-07,2.6129314012612266e-07,3.487127076095795e-08,0.0,3.569969498979762e-08,5.347183189924779e-07
2018-10-26,0.0,1.0574934187338447e-06,1.3095816404727417e-07,5.8033606636808954e-08,0.0,4.544289911512947e-08,5.639572725803812e-07
2018-10-27,0.0,2.67030351070632e-07,1.312828539570239e-07,1.1590846416209304e-08,0.0,3.832544068230835e-08,3.588197664108922e-07
2018-10-28,0.0,5.394281014308717e-07,1.9743100839235807e-07,1.1576130599357508e-08,0.0,2.8045636303913507e-08,4.569788900120762e-07
2018-10-29,0.0,2.7242472199007376e-07,2.639433054860612e-07,1.0406315164691207e-07,0.0,3.429988992715666e-08,6.367704883474725e-07
2018-10-30,0.0,5.503252719278642e-07,6.582996936586742e-08,5.7750852389717164e-08,0.0,3.7192752731424426e-08,6.918694475945425e-07
2018-10-31,0.0,5.558561328613793e-07,1.9704208623604375e-07,5.769461788673689e-08,0.0,3.36207066011667e-08,4.477021216151825e-07
2018-11-01,0.0,5.618124366433796e-07,4.2858381527498227e-07,1.5027633384012795e-08,0.0,3.491401875238405e-08,6.070365043313377e-07
2018-11-02,0.0,2.837293727508045e-07,3.2227940843751424e-07,3.010731524518052e-08,0.0,3.456661846131317e-08,4.794620605094151e-07
2018-11-03,0.0,0.0,0.0,3.0162374478949475e-08,0.0,2.9555946470772117e-08,5.258343427868075e-07
2018-11-04,0.0,0.0,4.3207903254206527e-07,7.55511249382543e-08,0.0,3.8502447223272693e-08,5.433570752484305e-07
2018-11-05,0.0,2.9237021856685394e-07,4.3333036184318166e-07,0.0,0.0,1.829728390672188e-08,7.207703223061937e-07
2018-11-06,0.0,0.0,1.190273393084376e-07,1.517283664417888e-08,0.0,2.5663232427374375e-08,7.531043080178126e-07
2018-11-07,0.0,4.216077221785446e-07,3.583983054538015e-07,1.5206416813748603e-08,0.0,3.13862034683502e-08,6.161180515130489e-07
2018-11-08,0.0,4.2584495023041447e-07,5.995840551858363e-07,7.620758818835877e-08,0.0,2.9594195738912076e-08,5.916248908532788e-07
2018-11-09,0.0,0.0,1.203795120374354e-07,4.549355527178179e-08,0.0,2.7834742142687724e-08,6.394461477149264e-07
2018-11-10,0.0,0.0,2.417085021784478e-07,9.053421404797379e-08,0.0,2.610737226077584e-08,5.708551640682882e-07
2018-11-11,0.0,6.854763265515899e-07,0.0,3.003012368307809e-08,0.0,1.8667710797961882e-08,5.307559397366552e-07
2018-11-12,0.0,0.0,1.2184003445312774e-07,4.4827768581337606e-08,0.0,5.321369088801203e-08,5.197711236072198e-07
2018-11-13,0.0,0.0,2.4470235468880193e-07,1.189728918727275e-07,0.0,3.832420612648248e-08,5.235815055715294e-07
2018-11-14,0.0,0.0,5.329825545136312e-07,7.4010603073054e-08,0.0,3.8118192683161e-08,8.003737171592623e-07
2018-11-15,0.0,1.426902292257429e-06,2.2710818296422922e-07,0.0,0.0,3.771940802204833e-08,6.615773771373205e-07
2018-11-16,0.0,1.4412428987073985e-06,3.4322903454639456e-07,5.8670290990876594e-08,0.0,4.648337398542242e-08,7.960306313211076e-07
2018-11-17,0.0,0.0,0.0,2.9205004590817644e-08,0.0,4.195999221086035e-08,5.576205397000183e-07
2018-11-18,0.0,0.0,4.646210459005757e-07,5.815556842198731e-08,0.0,2.8646385689382703e-08,5.761165570129632e-07
2018-11-19,0.0,0.0,3.511362978837702e-07,5.7906943267644685e-08,0.0,5.8792539293207315e-08,7.506993333504395e-07
2018-11-20,0.0,1.5000611372029292e-06,4.717892336860154e-07,4.324808164191356e-08,0.0,4.028610191676984e-08,6.427835205184469e-07
2018-11-21,0.0,0.0,0.0,4.6197665931509955e-08,0.0,6.207655111393249e-08,5.719525836012289e-07
2018-11-22,0.0,7.651821911482439e-07,4.791461434555365e-07,4.6163095729346535e-08,0.0,4.974455328097194e-08,9.167030248027008e-07
2018-11-23,0.0,1.545744800038227e-06,2.414481428739218e-07,3.9335664281619484e-08,0.0,6.540560271994863e-08,8.602276884741904e-07
2018-11-24,0.0,9.027439639103956e-07,2.4334735903557016e-07,1.9767699882917682e-08,0.0,7.217572740138399e-08,7.220208977565231e-07
2018-11-25,0.0,9.11816691581919e-07,2.4527091013591225e-07,3.9739088822974106e-08,0.0,8.433550287919954e-08,7.954390379529651e-07
2018-11-26,0.0,1.8419612033649015e-06,7.41656965594983e-07,1.9973375911055582e-08,0.0,1.2279140678506504e-07,8.176163190547825e-07
2018-11-27,0.0,0.0,2.6578552210914264e-07,1.0039602382429877e-07,0.0,1.1480457131841335e-07,6.567559653412622e-07
2018-11-28,0.0,1.8791712879501682e-06,5.690874897263212e-07,1.2112224933523883e-07,1.6522691081094173e-08,1.0675702711693786e-07,1.017010089939567e-06
2018-11-29,0.0,1.898057273373839e-06,3.062896323463268e-07,8.11875882714588e-08,7.152320094488254e-09,9.864626494485931e-08,1.0699567632411838e-06
2018-11-30,0.0,1.917133066106566e-06,1.5376518535271827e-07,6.122634685943154e-08,1.3244370528541743e-08,1.0172153149265266e-07,9.925181327507922e-07
2018-12-01,0.0,9.607560698800926e-07,0.0,4.1059741901487423e-08,3.649122099474143e-09,1.4215057161928214e-07,7.561519811680985e-07
2018-12-02,0.0,9.70411828909516e-07,8.278174001104866e-07,2.0645889829704247e-08,1.4743185545137552e-08,1.944679980081406e-07,1.0329960167645208e-06
2018-12-03,0.0,9.801646299305098e-07,3.3267011255110124e-07,8.305589325941086e-08,6.204732093007949e-09,2.013845086810896e-07,1.6475138254857249e-06
2018-12-04,0.0,1.980030896462607e-06,5.013697985197333e-07,4.176826642927209e-08,1.3787599511961393e-08,1.0419506278585108e-07,1.6390575199379584e-06
2018-12-05,0.0,9.999652689019355e-07,5.037845656104763e-07,8.402552618057735e-08,1.4678639680568147e-08,1.1065533423121615e-07,1.5861239594799135e-06
2018-12-06,0.0,3.030045260798295e-06,5.062497115776022e-07,2.1130730531312513e-08,7.413081230963077e-09,9.961826126058203e-08,1.2342979065099e-06
2018-12-07,0.0,1.0122545757599627e-06,3.3917698862517477e-07,2.1257192608142834e-08,1.7471029183866452e-08,1.468544024553436e-07,1.5667894079027751e-06
2018-12-08,0.0,1.0145952908882848e-06,5.113321312701884e-07,6.415734126584504e-08,1.5125670811111448e-08,1.6547869313111074e-07,1.011127340894618e-06
2018-12-09,0.0,0.0,6.852665509891378e-07,2.1516506831617594e-08,5.497342924010404e-08,2.1634657494770918e-07,1.7629384592717423e-06
2018-12-10,0.0,2.523823667566127e-06,3.444127270887569e-07,4.329876981980099e-08,5.5525921389156776e-08,2.502212589158748e-07,1.9599302730177886e-06
2018-12-11,0.0,1.5093236220461358e-06,6.924532404853309e-07,1.524909956130092e-07,2.2433586470648075e-08,2.8459473314068847e-07,1.5376633079885701e-06
2018-12-12,0.0,4.550901255811886e-06,6.961502726942425e-07,1.5345154608335242e-07,4.5318095525950434e-08,1.6417796060402617e-07,1.7406316977017401e-06
2018-12-13,0.0,1.6055390755660544e-06,3.6379829745324276e-07,1.3236637871672636e-07,5.149524370266284e-08,1.9704196610169327e-07,1.5869752772941042e-06
2018-12-14,0.0,1.7354637785348637e-06,7.317114203506255e-07,6.660804876937826e-08,4.6233581783035166e-08,1.5921781662688658e-07,1.5985815549848973e-06
2018-12-15,0.0,1.7456023999984723e-06,0.0,6.703956904077721e-08,4.669823700485422e-08,1.606315851979646e-07,1.3860883860179115e-06
2018-12-16,0.0,3.5118311663135095e-06,5.551207539731285e-07,6.747779332494669e-08,9.731707843184432e-08,1.922817523522123e-07,1.597798646169349e-06
2018-12-17,0.0,1.7664043593366202e-06,1.861241524414451e-07,6.792276544468037e-08,2.680776309006203e-08,2.0392492689511807e-07,1.8217864767718488e-06
2018-12-18,0.0,5.331209332273285e-06,3.744533322577241e-07,6.8374529897561e-08,9.025728529423315e-08,2.1578271155366177e-07,2.1889955413105582e-06
2018-12-19,0.0,3.5758258079417497e-06,1.8855343799221834e-07,1.1472188643401728e-07,7.29315088736029e-08,2.972064052617967e-07,2.139704281878858e-06
2018-12-20,0.0,3.597869646595302e-06,6.112167076634088e-07,1.6169677345221609e-07,7.366448272348309e-08,2.401547034345302e-07,1.694883920109033e-06
2018-12-21,0.0,3.620273275211748e-06,1.0194356531215272e-06,2.6624962894407966e-08,5.5803617312267194e-08,2.3246128589967534e-07,1.8908626732615705e-06
2018-12-22,0.0,0.0,2.123596498958906e-07,8.011822789067255e-08,6.575852848851584e-08,2.963607176185198e-07,1.7814818978679067e-06
2018-12-23,0.0,3.82772255825931e-06,4.3564413429698443e-07,5.357971932511714e-08,5.693092516031525e-08,1.4412627779707436e-07,1.9594141180222926e-06
2018-12-24,0.0,2.047586636323676e-06,2.2854784649394196e-07,8.06289671095525e-08,5.750309047043268e-08,2.2127217066353422e-07,2.181777049281076e-06
2018-12-25,0.0,4.1231142491167574e-06,1.3741193065606562e-06,5.3930945463554186e-08,2.9040503068758282e-08,2.1173304595242252e-07,2.792933209817114e-06
2018-12-26,0.0,0.0,7.186674957855181e-07,2.705731966344783e-08,1.0755200491496119e-07,3.9207849714272103e-07,3.2172591188489915e-06
2018-12-27,0.0,2.2033715075189534e-06,0.0,5.430374469926552e-08,1.1351250983102704e-07,3.480166543916463e-07,3.2549924369993327e-06
2018-12-28,0.0,0.0,1.478224356520219e-06,8.801432942277932e-08,9.172266361677771e-08,5.373038448408365e-07,2.9461849877906486e-06
2018-12-29,0.0,6.681903772161451e-06,3.0345386436637957e-07,0.0,6.948336878364844e-08,4.1348863867158306e-07,3.16402228822282e-06
2018-12-30,0.0,8.92675317981239e-06,1.522210694047748e-06,0.0,1.7545422062373744e-07,3.0018181804017706e-07,2.4369351483802703e-06
2018-12-31,0.0,2.2362985032082852e-06,3.2622061351725403e-07,1.2634898425331408e-07,1.5358855620907803e-07,3.822940073280954e-07,3.1117300331296877e-06
2019-01-01,0.0,2.180651094153545e-06,0.0,3.6238632620826955e-08,6.99845316527618e-08,4.187599461044225e-07,3.259547941917212e-06
2019-01-02,0.0,0.0,2.2684879163259257e-06,1.4601667218248362e-07,1.0603183183376898e-07,3.697294106174298e-07,3.4611327665367278e-06
2019-01-03,0.0,0.0,6.705435863663458e-07,0.0,1.0709746945993876e-07,4.784361870877301e-07,3.994929520052597e-06
2019-01-04,0.0,0.0,3.363777100654653e-07,1.852310857784737e-07,1.5625106888777065e-07,4.308233646073342e-07,3.03705456356742e-06
2019-01-05,0.0,2.2818350269831047e-06,7.159605564748601e-07,2.612594953243614e-07,7.284065457100271e-08,4.666356109266151e-07,3.287339445616687e-06
2019-01-06,0.0,0.0,3.675444471762411e-07,4.271454917541332e-08,7.357271531996146e-08,4.3812777045080584e-07,4.267882930476865e-06
2019-01-07,0.0,4.590546681198309e-06,1.5307344741990804e-06,1.7219992312821218e-07,1.7170027376896808e-07,5.325197370112112e-07,4.244292860880441e-06
2019-01-08,0.0,0.0,1.537419160137205e-06,1.7355886969058432e-07,2.4568667779572016e-07,5.799076901285087e-07,4.852593418061142e-06
2019-01-09,0.0,0.0,7.994128122873986e-07,0.0,1.8976625349723396e-07,4.898747469732595e-07,4.194563233955633e-06
2019-01-10,0.0,4.872468678448909e-06,4.179621352477245e-07,4.748988475460274e-08,1.769293255862933e-07,6.873562827425296e-07,5.332768244434385e-06
2019-01-11,0.0,5.361955754441929e-06,4.20052138629869e-07,1.9150795782993381e-07,8.935374743526235e-08,6.337858655970919e-07,4.4635305881665615e-06
2019-01-12,0.0,5.385089874650851e-06,8.44368295151842e-07,2.396756765883991e-07,1.3537765128987496e-07,6.991329712070852e-07,2.886595837119328e-06
2019-01-13,0.0,8.101597018824671e-06,2.587076278208012e-06,0.0,1.6712449026142278e-07,5.068453490209387e-07,2.294091121785469e-06
2019-01-14,0.0,2.708789797375434e-06,8.669291916783175e-07,1.4419744197749965e-07,1.227666322272047e-07,6.430096668565799e-07,4.9553410684993625e-06
2019-01-15,0.0,5.4346362727594285e-06,3.050552111584513e-06,3.0927601496590515e-07,1.2400045739344873e-07,8.478163756483324e-07,5.0723931715854885e-06
2019-01-16,0.0,5.452236418924144e-06,4.816878881259244e-06,2.066304385228273e-07,2.6614920075612804e-07,6.033743426767779e-07,4.3108052653482926e-06
2019-01-17,0.0,2.7351908966371484e-06,2.6386774216986726e-06,1.5532314771332207e-07,1.4197960018203512e-07,7.251117113899949e-07,3.982762868393702e-06
2019-01-18,0.0,2.7445371051812222e-06,2.1065659684797155e-06,1.037926659858209e-07,7.948382244169072e-08,6.522486186534366e-07,3.977844911337899e-06
2019-01-19,0.0,2.7541577697229357e-06,8.4629670326775e-07,2.0809389236503974e-07,1.4417646781531708e-07,8.068526455277268e-07,3.822081125587537e-06
2019-01-20,0.0,2.76405385233676e-06,3.0897736474519267e-06,1.5646744674081477e-07,9.686431533501323e-08,6.842968141010647e-07,2.721446186306913e-06
2019-01-21,0.0,0.0,2.658880260738638e-06,1.5688012108291373e-07,2.4393477281063736e-07,6.962773754193623e-07,4.90292803625421e-06
2019-01-22,0.0,3.021651860956087e-06,1.82069202622166e-06,2.0974464475713984e-07,1.2268617338907866e-07,7.089359462452964e-07,4.645158010490463e-06
2019-01-23,0.0,9.10428567167018e-06,1.8830285122637613e-06,2.629209617204061e-07,2.115200235229754e-07,1.1088499696664264e-06,4.4934723060633246e-06
2019-01-24,0.0,3.0481753988753986e-06,9.45764114223628e-07,1.0547496392386439e-07,1.6565945741292322e-07,9.259386426769251e-07,6.568970184811657e-06
2019-01-25,0.0,3.0618937272741126e-06,1.9002170990298741e-06,1.5868813611578227e-07,1.8028091112160923e-07,8.355186375578696e-07,4.654154540198407e-06
2019-01-26,0.0,2.844796482043814e-06,1.963664028208182e-06,0.0,1.815933282367991e-07,9.185205643461186e-07,4.658531693804412e-06
2019-01-27,0.0,5.722856593492633e-06,1.5290729201320466e-06,2.129162300928495e-07,2.35187877646467e-07,6.54992595618649e-07,3.979419453103122e-06
2019-01-28,0.0,3.1141369915898793e-06,2.5615469347051254e-06,2.6701769782997384e-07,2.360746086865263e-07,9.519111778341887e-07,5.1124828293211585e-06
2019-01-29,0.0,6.252029391390834e-06,4.634811286832894e-06,1.0716672401447372e-07,3.4231159066604297e-07,1.1130101567515632e-06,5.334487748657034e-06
2019-01-30,0.0,6.261014349514328e-06,3.188053103745136e-06,5.376854282933263e-08,2.907898702794159e-07,8.944659788380157e-07,5.637386123002603e-06
2019-01-31,0.0,1.2541250828580603e-05,5.342522021361487e-06,1.6187730165155582e-07,3.9812802376782553e-07,1.015671432337947e-06,4.9340731878053066e-06
2019-02-01,0.0,9.836867368827104e-06,1.1144666737946418e-06,2.7074131783179876e-07,1.5983337704251782e-07,1.1211057021228415e-06,6.328889819742014e-06
2019-02-02,0.0,0.0,1.1204645091213299e-06,2.71748037714218e-07,1.8725413326380235e-07,1.2670532732468247e-06,5.478457143511047e-06
2019-02-03,8.4913469724531e-07,1.0549346509440004e-05,2.2531487836653064e-06,1.0911277305074642e-07,1.961276690104302e-07,8.48341132958296e-07,4.551886047246528e-06
2019-02-04,8.576686428295896e-07,3.5202593589489354e-06,4.251157034733124e-06,3.490550191018764e-07,2.5247481865743097e-07,7.969049997516169e-07,5.403024209968537e-06
2019-02-05,0.0,0.0,3.6653232468919995e-06,1.9061584248639954e-07,3.3708098551542804e-07,1.2724161912502729e-06,7.267450443246254e-06
2019-02-06,8.749946987136763e-07,2.1527008879886016e-05,3.072636785207524e-06,1.915433288178463e-07,2.8130215655589e-07,1.2771562164842672e-06,5.617302602891563e-06
2019-02-07,8.837885416335101e-07,7.1865892804281786e-06,3.707370397610977e-06,3.849799392835897e-07,1.6903897337939889e-07,1.3186532143586163e-06,6.027450049186496e-06
2019-02-08,0.0,7.198227599144574e-06,3.8070956098422955e-06,3.8691171924623275e-07,8.465677843173401e-08,1.0419434363142674e-06,6.1500433888770635e-06
2019-02-09,9.016422544747994e-07,7.210585746619425e-06,5.975997659995716e-06,1.2272543119730347e-07,1.6960507184431859e-07,1.0291820739636072e-06,6.066190593723666e-06
2019-02-10,0.0,1.1185368613607437e-05,7.812725259685896e-06,4.929567515598783e-07,4.531027932631776e-07,1.0458631491966451e-06,5.828947932203198e-06
2019-02-11,1.8397132724798709e-06,2.2403944910796698e-05,4.8340089441898515e-06,2.475305372082487e-07,4.2559753649851776e-07,1.4581763513530547e-06,6.886259630255407e-06
2019-02-12,1.8582026982552552e-06,1.1208274305505824e-05,1.821749706858399e-06,1.864555889224164e-07,2.2744200769126515e-07,1.5029446000466148e-06,5.032726429907734e-06
2019-02-13,2.815316918773458e-06,7.943626229043763e-06,4.2721658843136434e-06,3.1213653442153115e-07,2.564115828453288e-07,9.653868686611148e-07,6.532376476133894e-06
2019-02-14,2.8436113242020167e-06,2.317614574978503e-05,3.6593366183069257e-06,2.508359743087401e-07,3.4263539787992777e-07,1.3728754399051042e-06,6.848253771624196e-06
2019-02-15,1.9147933954217866e-06,1.1596832924126913e-05,1.2249209555646627e-06,5.039756097734338e-07,3.7142970053318544e-07,1.1755719519300655e-06,6.48842415618293e-06
2019-02-16,0.0,1.5475670221757044e-05,6.137571927503703e-06,1.896734030021379e-07,1.7155762921970535e-07,9.659663501187734e-07,7.123928769324389e-06
2019-02-17,3.906949575767377e-06,1.5490444124596812e-05,1.8446780653534671e-06,3.807498396752002e-07,4.1409600106308684e-07,1.4632642509045712e-06,7.004958862998255e-06
2019-02-18,9.865537679483145e-07,1.4592251719044866e-05,1.8482690217995952e-06,5.095879315298464e-07,3.3369476380785236e-07,1.685126013320377e-06,8.259591058906576e-06
2019-02-19,0.0,7.3096124743822274e-06,3.70008289441236e-06,3.1889096903059937e-07,4.557434402092819e-07,1.3882833809157904e-06,8.003864210609897e-06
2019-02-20,2.0129669521386314e-06,7.3238300565808205e-06,4.416786639200184e-06,6.369742167750352e-08,2.4346354179143303e-07,1.317602456311986e-06,8.616212482346676e-06
2019-02-21,3.049796409513799e-06,1.1707912393013968e-05,5.054566243505091e-06,1.2724603868827254e-07,3.336922922844091e-07,1.3586961281244744e-06,7.707853643731571e-06
2019-02-22,4.1072631640028116e-06,1.1730855904855443e-05,1.2652076936789495e-06,3.8132987619433674e-07,4.014521339164908e-07,1.2413809755333e-06,1.0009003161644034e-05
2019-02-23,0.0,1.5673296682750863e-05,1.9003505224580053e-06,1.9047988481462568e-07,4.0251366263962684e-07,1.51961397306121e-06,8.680419666474266e-06
2019-02-24,0.0,3.9267548754393e-06,3.883971725819083e-06,1.903138796792982e-07,4.7473161749354694e-07,1.6805189922630852e-06,1.0132958976831422e-05
2019-02-25,0.0,7.871156517901473e-06,4.818894454779427e-06,3.1611058165404986e-07,3.4015725406799635e-07,2.2326322990749645e-06,9.19529921498758e-06
2019-02-26,2.1374418767688225e-06,3.944795203567727e-06,4.131716362858708e-06,6.641981035779913e-08,4.165909978620095e-07,2.360685352440941e-06,9.63966095752018e-06
2019-02-27,2.1589235247630466e-06,1.1863219892977241e-05,4.1333649395572995e-06,2.0641873484660928e-07,4.554282547625125e-07,1.4883524922013538e-06,9.405346340532085e-06
2019-02-28,0.0,7.921212205908445e-06,4.821548328588126e-06,4.120174529835339e-07,3.423293594786028e-07,1.6367899963108576e-06,1.060396619856563e-05
2019-03-01,2.2647887189173755e-06,1.9647632047941105e-05,2.0650244486196583e-06,2.0553656219745473e-07,3.8186050620225277e-07,1.2078445379730645e-06,7.643279084590254e-06
2019-03-02,0.0,3.928909782144112e-06,4.814903342678046e-06,0.0,5.35892779844298e-07,1.3070681668958893e-06,6.675172011775303e-06
2019-03-03,1.155270242958493e-06,0.0,4.8118977995902555e-06,2.320742484387382e-07,2.686172203650027e-07,1.810504436227349e-06,7.757740055305032e-06
2019-03-04,1.1668809019275933e-06,1.1446879121878637e-05,4.120984302633764e-06,2.894876464284151e-07,3.4626203068338167e-07,1.5044064401872767e-06,7.759986741040345e-06
2019-03-05,3.5358247498778713e-06,7.634630093919769e-06,3.4315807324264454e-06,2.3112914505143266e-07,1.543083067761058e-07,1.6810769262218373e-06,1.1569427980725823e-05
2019-03-06,1.1904534597981601e-06,8.10083565907511e-06,4.8010914563607225e-06,2.3024580251593458e-07,2.707911651413485e-07,1.0586182084326264e-06,1.0710854820586212e-05
2019-03-07,3.607253147925173e-06,1.6220768371686024e-05,3.4896493311430134e-06,5.734637118814005e-08,4.6554835331431894e-07,1.8108938509852709e-06,1.0783781445665379e-05
2019-03-08,4.858008859702283e-06,0.0,1.3797704308661515e-06,1.7141107929661224e-07,4.5334267941435246e-07,1.9108948313058744e-06,9.998380277230693e-06
2019-03-09,0.0,8.131915410876415e-06,3.3999242543582555e-06,1.7080018627957705e-07,4.5490604983392453e-07,1.534892147729823e-06,8.903980820885313e-06
2019-03-10,0.0,1.2215850393423552e-05,4.081679065164055e-06,1.1347091561566913e-07,2.663003648885823e-07,1.3995567265367924e-06,9.259416826180189e-06
2019-03-11,1.2514893138666427e-06,2.447009853150347e-05,3.4005427351047903e-06,1.1308638756440794e-07,3.208480999518976e-07,1.7396143955996797e-06,1.0623259626639084e-05
2019-03-12,2.528133981150107e-06,2.856970183166494e-05,4.019872028048335e-06,1.1271316824614211e-07,3.218347518630375e-07,1.7117912545035407e-06,8.995615322450576e-06
2019-03-13,2.5535421500718284e-06,2.1560457358809913e-05,2.0091276105453155e-06,2.2470244067725774e-07,6.039362922727039e-07,1.6514977097664395e-06,1.0218245800737875e-05
2019-03-14,2.5792056753365158e-06,4.545526990851924e-06,7.359675854244891e-06,1.1200050764677584e-07,4.824629076896003e-07,1.8093901534556152e-06,9.306149511834032e-06
2019-03-15,1.3025635616590413e-06,0.0,4.010883514659347e-06,3.3498298529706465e-07,4.292180491251423e-07,1.7232975882803775e-06,9.165425785375881e-06
2019-03-16,1.3156545430914636e-06,1.3668885256332805e-05,5.671065126363714e-06,1.6699897311574243e-07,5.059482329076142e-07,1.3063835999274564e-06,8.133647625788624e-06
2019-03-17,1.3288770910745778e-06,4.562362302117139e-06,4.250411301112524e-06,5.5507717873143455e-08,5.823338845840631e-07,9.324327349920487e-07,7.0192047329244444e-06
2019-03-18,0.0,9.599836267427464e-06,3.5372857398700126e-06,4.4283729753933325e-07,3.0983444290994974e-07,1.532665712485424e-06,9.580650631927143e-06
2019-03-19,2.711444378090283e-06,1.4405033739622827e-05,7.065831587335977e-07,5.7765677335089565e-08,3.5809567117823794e-07,1.9807556354803933e-06,8.353082239507174e-06
2019-03-20,2.738694847129518e-06,1.3732380711403892e-05,2.8231193135915515e-06,1.7294817490285919e-07,5.005352245670118e-07,1.6684062974993885e-06,8.963631181301214e-06
2019-03-21,1.38310959396786e-06,8.711952495784755e-06,2.8184072430435766e-06,2.301554836827518e-07,1.1576064276438154e-07,1.4081973958275498e-06,7.117924686346496e-06
2019-03-22,2.7940201529659057e-06,3.054562996979858e-05,4.220965523352881e-06,1.148682082842616e-07,3.08527986724995e-07,1.7199887701993265e-06,1.0136469525002205e-05
2019-03-23,0.0,8.581280463881599e-06,2.7804190197652144e-06,1.1467016164369956e-07,2.3129383435056453e-07,1.336629455688487e-06,8.734949346787402e-06
2019-03-24,4.275694656176367e-06,2.086760665715142e-05,3.4676816979995174e-06,1.7172537317229104e-07,3.8535801372260555e-07,1.3352707088764716e-06,8.444082379919424e-06
2019-03-25,0.0,4.171186568706876e-06,1.3840745569408245e-06,2.2861690207927318e-07,2.694214066815013e-07,1.832781285229341e-06,9.746475755660968e-06
2019-03-26,1.3970100764829528e-06,1.6677075712465353e-05,3.4463581201432107e-06,4.556880365164712e-07,3.5614934702991406e-07,1.6935700740796497e-06,8.649057759399233e-06
2019-03-27,0.0,1.2497647791006045e-05,2.7462995892946798e-06,5.660642342548158e-07,2.4922635309673134e-07,1.592434970777057e-06,9.98572761430359e-06
2019-03-28,1.369347423564759e-06,1.2488738572856917e-05,3.4197341434028878e-06,2.8128751487959505e-07,3.559615515936027e-07,1.5910808813620847e-06,9.871415339855713e-06
2019-03-29,1.3557221890451415e-06,1.248107823897239e-05,2.014081696086996e-06,1.1182841664707084e-07,1.423684209431822e-07,1.7389377046137613e-06,7.4091982541398044e-06
2019-03-30,1.3422325278742004e-06,1.2474666023312694e-05,3.275773725246085e-06,2.2230602055431808e-07,2.8473291641931686e-07,1.3402035476887373e-06,9.763761171910837e-06
2019-03-31,1.3288770910745778e-06,8.313000856433949e-06,1.3050351717319157e-06,1.5570158728134992e-07,3.559468306014869e-07,1.586262253313359e-06,6.263732988209987e-06
2019-04-01,0.0,8.29079023156152e-06,1.9238520183471756e-06,1.0317480476721337e-07,3.2034350018551886e-07,1.5605685943004019e-06,7.091973069794106e-06
2019-04-02,0.0,1.2196090794197539e-05,3.169255175525849e-06,1.5389797275200903e-07,1.7801954118794563e-07,1.8013663831278767e-06,9.639852802018317e-06
2019-04-03,1.2851345591427503e-06,7.897616063077396e-06,1.2430469806928126e-06,2.0406550437162932e-07,3.56176546528366e-07,2.0715694876026853e-06,8.591952156665578e-06
2019-04-04,1.2723472566245904e-06,7.878633063362989e-06,4.335627477741684e-06,2.5369264807634023e-07,1.7817481431615418e-07,1.5388991748211122e-06,6.774821244208995e-06
2019-04-05,1.2596871898923858e-06,1.9651094833801157e-05,1.214100315331172e-06,1.5139727109861763e-07,4.278700151952875e-07,1.5363191337889657e-06,8.29133916872845e-06
2019-04-06,2.4943061858578266e-06,7.616900058303537e-06,1.7746424186579157e-06,2.1443241657064575e-07,3.4265244842432507e-07,1.0836541289260617e-06,9.310294035814354e-06
2019-04-07,0.0,1.5205050614675058e-05,4.396218150569842e-06,2.0549656146028424e-07,4.1168796004646575e-07,9.216472485773502e-07,8.526853779131606e-06
2019-04-08,0.0,3.794455407618857e-06,2.328916230744931e-06,2.558549970628699e-07,5.148213946124248e-07,1.7420184400291807e-06,7.4201544184354225e-06
2019-04-09,0.0,3.788027610271769e-06,1.7437946547417618e-06,3.0583785361596483e-07,4.117846808135377e-07,1.4482767383746656e-06,7.751920074113971e-06
2019-04-10,1.198251520692256e-06,7.563957237684812e-06,2.801628324230734e-06,1.8306490191055241e-07,3.7744063935267436e-07,1.107845808742188e-06,7.4821161657508845e-06
2019-04-11,1.1863287188510557e-06,7.552615656853176e-06,1.1184643343312189e-06,0.0,4.803905684302786e-07,1.4891986226446869e-06,7.367633101785579e-06
2019-04-12,0.0,7.5269662811356516e-06,3.907362152174719e-06,8.106186595706127e-08,3.0801250077613537e-07,1.3884195649482171e-06,5.768862851782912e-06
2019-04-13,0.0,0.0,1.6405879071389076e-06,2.0225738652684222e-07,1.3654813101440828e-07,1.2448627311452165e-06,7.235456120075059e-06
2019-04-14,2.3025348130586616e-06,0.0,1.637107861457687e-06,8.075213362729293e-08,2.724309443326301e-07,1.487535115244168e-06,6.356508690094542e-06
2019-04-15,1.1398121044352e-06,0.0,5.377444275331641e-07,1.20914081886758e-07,4.404380485247309e-07,1.9760201957832974e-06,7.349896679520985e-06
2019-04-16,0.0,7.285574165385338e-06,1.5817113353405e-06,2.113411677521702e-07,4.377297106180783e-07,1.4933925206631782e-06,7.867058845317075e-06
2019-04-17,0.0,7.265119836974919e-06,0.0,1.7549384775318836e-07,1.8947908132186408e-07,1.3721999071437258e-06,7.600485610326941e-06
2019-04-18,1.1061255658336657e-06,0.0,2.037381859557846e-06,1.0468207468001643e-07,1.666090840247151e-07,1.1524355469514473e-06,6.436377557294511e-06
2019-04-19,1.0951194325593252e-06,0.0,1.9754621606614755e-06,1.7346384833803865e-07,3.6477599889415503e-07,1.4450802332719136e-06,4.070368576915683e-06
2019-04-20,0.0,0.0,1.9035925480139406e-06,1.5576217322161263e-07,2.6403526606385973e-07,1.083623838093368e-06,5.710696939317561e-06
2019-04-21,0.0,3.2583198004141335e-06,9.483318657309142e-07,9.297407151261103e-08,2.956559628543419e-07,1.8797441708441891e-06,4.820428678612665e-06
2019-04-22,0.0,9.759756543318478e-06,4.7248114571585526e-07,2.158336520127303e-07,2.61601615315118e-07,1.6058912014455011e-06,7.14734497769899e-06
2019-04-23,0.0,0.0,4.6416588231844653e-07,9.203545173189918e-08,2.2787107935794925e-07,1.532778844365215e-06,7.6533549888616e-06
2019-04-24,0.0,9.732277356133836e-06,1.3879256187051927e-06,9.157997050878361e-08,3.564998369632844e-07,1.2059523366066182e-06,6.302827960684662e-06
2019-04-25,0.0,3.2324678949377775e-06,2.76698476834705e-06,1.622120000974819e-07,2.904154359561822e-07,1.041678480362781e-06,6.738206731351836e-06
2019-04-26,0.0,0.0,2.295326337581667e-06,1.3461427849586025e-07,2.8917822890983195e-07,1.0967342399327207e-06,6.58910827996827e-06
2019-04-27,0.0,3.2101873990336064e-06,1.8280492555365293e-06,5.3626140713539e-08,2.559732799354269e-07,1.4908908481558336e-06,5.62397029601927e-06
2019-04-28,0.0,0.0,0.0,5.341193268749383e-08,1.27462421412821e-07,1.00817986626892e-06,6.031857680718336e-06
2019-04-29,0.0,6.839775842604802e-06,9.06086621459111e-07,0.0,2.8563963571414974e-07,1.1533286839929164e-06,5.5716692126473975e-06
2019-04-30,0.0,1.3648748696724349e-05,0.0,7.94992791928307e-08,1.2620081524521625e-07,1.2975209657272648e-06,5.167194568831713e-06
2019-05-01,0.0,3.2736222709227534e-06,8.68555509801378e-07,7.933959980629203e-08,1.817946024245121e-07,1.1736074900927378e-06,5.218207535845929e-06
2019-05-02,0.0,6.295658800488881e-06,8.4513732586107e-07,1.3174941200302884e-07,2.456333002174686e-07,1.3366220714732328e-06,5.581168940202788e-06
2019-05-03,0.0,3.1284326414888546e-06,1.2229709685721622e-06,2.6255866542645885e-08,2.431731064939185e-07,1.759400213020925e-06,5.233123954525776e-06
2019-05-04,0.0,0.0,4.0630343646589793e-07,1.0465790517288096e-07,2.1788220993268842e-07,9.915421709651649e-07,4.717452179986867e-06
2019-05-05,0.0,0.0,2.4219198649744764e-06,1.0430281005291086e-07,1.5548821112098862e-07,5.344218891466536e-07,4.139550881055021e-06
2019-05-06,0.0,3.0721118379144426e-06,1.5506427858908723e-06,2.5989536325216335e-08,1.5489649153345904e-07,8.137156068408656e-07,4.9590799598156406e-06
2019-05-07,0.0,3.046465111451434e-06,1.8458238877715355e-06,1.8134178378746847e-07,2.425032684236858e-07,9.059385619690394e-07,5.015282342963721e-06
2019-05-08,0.0,5.59248087819633e-06,1.1007798017786357e-06,2.5741351207128515e-08,1.757251017938758e-07,9.079238002639641e-07,4.9272939002285106e-06
2019-05-09,0.0,5.546876191425237e-06,1.0941753497918471e-06,2.5579307458333438e-08,2.1887720355665616e-07,7.832851728980151e-07,4.702821376382333e-06
2019-05-10,0.0,2.7509130984478484e-06,1.04753175309084e-06,2.541982166160036e-08,1.303051760752605e-07,5.681363135210149e-07,5.464323261156113e-06
2019-05-11,0.0,0.0,1.3887266311560788e-06,1.7684014507751687e-07,2.585941212854457e-07,6.428275907993545e-07,3.804827587874201e-06
2019-05-12,0.0,2.538024213511141e-06,1.950879008534103e-06,7.532538115101697e-08,2.1383645837332903e-07,7.211405685226182e-07,3.818194520978801e-06
2019-05-13,0.0,0.0,0.0,4.99131075321802e-08,2.546390393993859e-07,5.569360935482949e-07,3.799671404220119e-06
2019-05-14,0.0,4.551149479794031e-06,1.60862811859421e-06,0.0,1.1954309718345893e-07,8.427287959148714e-07,5.085796622515259e-06
2019-05-15,0.0,0.0,2.7991496566588207e-07,4.262370517580271e-08,1.7798075669449978e-07,6.098489689336149e-07,3.91982880886745e-06
2019-05-16,0.0,0.0,8.360530868151703e-07,3.235633023347788e-08,9.814703657655469e-08,8.833130069707955e-07,4.410618351988798e-06
2019-05-17,0.0,2.1686557635989135e-06,1.109926510184119e-06,4.835733866311432e-08,2.338216554598692e-07,4.762764016967731e-07,3.9400667017633105e-06
2019-05-18,0.0,2.1525708142025863e-06,1.105226564857304e-06,0.0,1.35399719872903e-07,7.718798601449896e-07,4.104581263188266e-06
2019-05-19,0.0,0.0,1.0471057255599815e-06,4.8017515379167127e-08,1.5361944473794637e-07,5.832276725595694e-07,3.1021890318851056e-06
2019-05-20,0.0,4.242090210106721e-06,1.0431590149464348e-06,7.975802466618472e-08,1.5251171455077976e-07,7.722181987373026e-07,4.334161396415883e-06
2019-05-21,0.0,0.0,0.0,6.359586632215155e-08,1.7034664011993193e-07,8.200649363413273e-07,3.2164657068012825e-06
2019-05-22,0.0,0.0,2.5889453994728624e-07,9.508750882647641e-08,2.4430558558785116e-07,7.741445068071902e-07,3.0811313801112446e-06
2019-05-23,0.0,3.9302574393442915e-06,2.579858142883922e-07,4.739536349992399e-08,1.11959697224694e-07,6.81507406172475e-07,3.1719584342234702e-06
2019-05-24,0.0,0.0,5.142057748518319e-07,4.7251712162456035e-08,2.0381930505739138e-07,4.906491891612442e-07,3.584023283381021e-06
2019-05-25,0.0,1.715238646067456e-06,0.0,1.0992983408302208e-07,1.1039975307447243e-07,6.150268062001587e-07,4.037792071634975e-06
2019-05-26,0.0,0.0,1.4927353986427714e-06,6.219200797598265e-08,1.461818397617489e-07,6.943839642989509e-07,3.995600516996145e-06
2019-05-27,0.0,1.6931773933849502e-06,4.960982029439198e-07,3.078659357857428e-08,2.359152689779102e-07,3.915916856232236e-07,3.6596756886741944e-06
2019-05-28,0.0,1.6824012930447194e-06,7.379897150782509e-07,3.048026185417067e-08,1.878618803473796e-07,6.126482233591749e-07,3.862705239776623e-06
2019-05-29,0.0,3.3435868684715973e-06,4.879372835514158e-07,4.526546727202917e-08,2.645262591101088e-07,6.817947561483954e-07,3.0777303462187314e-06
2019-05-30,0.0,1.6613527561634672e-06,1.2098255446307543e-06,2.987671223150059e-08,3.0797743860606934e-07,5.121344376106319e-07,2.819725890798931e-06
2019-05-31,0.0,1.6510782147512176e-06,4.532058368042402e-07,2.9579433977768905e-08,3.951921937510985e-07,5.050040220345956e-07,2.9983763525496026e-06
2019-06-01,0.0,1.42435561041988e-06,6.751236951735522e-07,1.466045549364382e-08,1.910188957867384e-07,4.843976664503075e-07,2.9296570156217096e-06
2019-06-02,0.0,0.0,6.39572028727427e-07,2.9029163048338275e-08,1.14547301100859e-07,3.413201071484726e-07,2.319856841669644e-06
2019-06-03,0.0,1.4089918219216312e-06,1.2690672255770694e-06,5.7480636099769615e-08,1.717420793328622e-07,4.525266681723902e-07,2.8943266103765537e-06
2019-06-04,0.0,2.8030433175267753e-06,5.880248081880996e-07,4.2681520660779995e-08,1.9483035495747227e-07,5.659286124400971e-07,2.6138604279777037e-06
2019-06-05,0.0,1.3941916489389594e-06,1.5386286486755668e-07,2.817122162291128e-08,1.9660260084497035e-07,5.087289647776541e-07,2.643172355624825e-06
2019-06-06,0.0,0.0,3.046638075645904e-07,3.177901101346159e-08,1.0611659334104011e-07,3.8064630746885895e-07,2.294118408002027e-06
2019-06-07,0.0,1.3799491712053327e-06,3.0163235202871123e-07,1.59465235905855e-08,1.362079030585746e-07,4.855818431831126e-07,2.331627943363567e-06
2019-06-08,0.0,0.0,4.4794658996909415e-07,1.5787853029736364e-08,1.5110423001228144e-07,3.337343761190332e-07,2.2022563876790154e-06
2019-06-09,0.0,1.366258691539756e-06,0.0,2.344614190102018e-08,9.052887363837445e-08,3.804160185506823e-07,2.0771478089605673e-06
2019-06-10,0.0,0.0,4.390766531999912e-07,7.73761629705481e-09,1.657411474256722e-07,3.655099094572147e-07,2.010663373512058e-06
2019-06-11,0.0,1.353114733567821e-06,2.898051783358616e-07,2.2981877185541906e-08,1.655292674338519e-07,3.8376511630671695e-07,2.1242106301406826e-06
2019-06-12,0.0,0.0,4.303823529466017e-07,3.0337604915719414e-08,1.6533394050671653e-07,3.3389245752568665e-07,2.0244981408502634e-06
2019-06-13,0.0,0.0,1.420333256611196e-07,0.0,1.0509872997998854e-07,3.0777222916248267e-07,1.99463484786365e-06
2019-06-14,0.0,1.108216256063029e-06,2.8124014091526577e-07,0.0,1.499935176076777e-07,2.8213874473604337e-07,2.1569659953055407e-06
2019-06-15,0.0,1.10450042762983e-06,5.956166627382584e-07,7.360248297254793e-09,8.991659511813368e-08,3.129194494164786e-07,1.5379246490976124e-06
2019-06-16,0.0,1.100895050159814e-06,5.896901779222471e-07,7.287012603049705e-09,8.984607140610328e-08,3.407864337588325e-07,2.2691388409507766e-06
2019-06-17,0.0,2.194799526224459e-06,0.0,1.4429011232354905e-08,1.7956906475217098e-07,3.1204923745894726e-07,2.1253172994783347e-06
2019-06-18,0.0,1.086480453025639e-06,5.78013530061411e-07,1.4285440171757852e-08,1.0468730051981366e-07,4.4410742502244156e-07,2.038588290303712e-06
2019-06-19,0.0,0.0,3.433573196052418e-07,7.071648833541276e-09,1.1749416686794034e-07,2.580780222255753e-07,2.036487327649821e-06
2019-06-20,0.0,0.0,1.1331361906390989e-07,1.4002569503960076e-08,9.147582453790862e-08,3.3090991746567855e-07,1.7794006318290673e-06
2019-06-21,0.0,0.0,1.1218612971574053e-07,6.931620804728421e-09,9.157644472610311e-08,1.2510785064996268e-07,1.9313416175236e-06
2019-06-22,0.0,0.0,2.2213971814806304e-07,6.862650025333648e-09,1.3098031805012025e-07,1.8579451010506695e-07,2.24673332056617e-06
2019-06-23,0.0,5.878301863343129e-07,2.1992939102157684e-07,2.0383096549980903e-08,1.8361033848546835e-07,1.244970868451787e-07,1.743074663626549e-06
2019-06-24,0.0,0.0,1.3735087769457168e-07,6.726760450200612e-09,1.8386659288762604e-07,1.4566892379392943e-07,1.9422853729722785e-06
2019-06-25,0.0,0.0,2.0397632044021948e-07,3.329914032695798e-08,7.891767175812649e-08,1.6640710821300008e-07,1.9054832242802876e-06
2019-06-26,0.0,0.0,0.0,1.9780685006816977e-08,7.904326696878258e-08,1.482761968388645e-07,2.2919751554449883e-06
2019-06-27,0.0,3.408358944908904e-07,1.332915457876645e-07,1.2040844717731434e-08,1.319612776200086e-07,1.0742512550215942e-07,1.767384290235094e-06
2019-06-28,0.0,0.0,1.979479091208703e-07,1.1921036310989554e-08,9.253788123751011e-08,8.801894701563846e-08,2.016213435597739e-06
2019-06-29,0.0,0.0,1.3065219634407536e-07,1.1802420017813006e-08,6.242912304996108e-08,7.261928654967473e-08,1.401425166548062e-06
2019-06-30,0.0,3.307626714816952e-07,1.293521852694155e-07,0.0,9.413393116946655e-08,7.189671257548866e-08,1.5558259347290701e-06
2019-07-01,0.0,0.0,1.2829555792159507e-07,1.5449861837251515e-08,1.7904936948186158e-07,8.193957756379736e-08,1.5341749908789246e-06
2019-07-02,0.0,3.2439583580845213e-07,1.2701899579103194e-07,3.824033285854619e-09,9.530081217497195e-08,1.163956847725645e-07,1.6095981358915796e-06
2019-07-03,0.0,0.0,0.0,3.7859835189116505e-09,6.38802078958074e-08,8.380911153323493e-08,1.4585054812893504e-06
2019-07-04,0.0,0.0,6.225192557956292e-08,3.748312353475571e-09,5.352744090193619e-08,7.260329732262665e-08,1.3575267765592235e-06
2019-07-05,0.0,0.0,1.8489752571183557e-07,3.711016022398441e-09,4.3061382410183547e-08,7.530378160790354e-08,1.2360665114802561e-06
2019-07-06,0.0,0.0,1.8305776459163535e-07,3.674090796016075e-09,1.1908907525059533e-07,5.7610292720318444e-08,1.5494123498424752e-06
2019-07-07,0.0,0.0,6.041210313348097e-08,3.6375329817750642e-09,8.710636936723796e-08,9.394339414351652e-08,1.2237988152725973e-06
2019-07-08,0.0,3.0550449300681943e-07,1.7943297799122129e-07,7.202677847727037e-09,8.761121289811403e-08,9.965211616459403e-08,1.520142325346891e-06
2019-07-09,0.0,0.0,1.7764759002932677e-07,1.0696515008536452e-08,6.609361321746711e-08,9.866056104150911e-08,1.6984073123104545e-06
2019-07-10,0.0,0.0,1.7587996697447537e-07,7.060055270597996e-09,1.329708523554973e-07,1.1721464646809487e-07,1.2640668344058635e-06
2019-07-11,0.0,2.964754707174694e-07,1.1608662137525897e-07,1.3979613093830969e-08,1.00325831604079e-07,8.058912586715615e-08,1.6409435487356005e-06
2019-07-12,0.0,0.0,1.7239731028961665e-07,1.7300642024281303e-08,6.728903773886704e-08,8.297874069343946e-08,1.4703697848634574e-06
2019-07-13,0.0,0.0,0.0,1.0277098655936147e-08,1.5796880563690264e-07,1.0111149345016008e-07,1.47521819906211e-06
2019-07-14,0.0,0.0,2.2531148643671368e-07,1.017483981573338e-08,1.248858706558469e-07,8.446394583038905e-08,1.3750625385371544e-06
2019-07-15,0.0,0.0,1.6730219976633477e-07,0.0,6.854502693637826e-08,5.029684380666905e-08,1.660006867667702e-06
2019-07-16,0.0,0.0,5.521250502150994e-08,0.0,1.1496223770048518e-07,6.046703510223642e-08,1.7570970945532765e-06
2019-07-17,0.0,0.0,2.8791424374795538e-08,0.0,1.1569426015991212e-07,5.986537805027427e-08,1.6903844016770582e-06
2019-07-18,0.0,0.0,1.425247245783403e-08,0.0,9.16344664296432e-08,5.752648089229909e-08,1.3537636144613625e-06
2019-07-19,0.0,0.0,0.0,0.0,7.938235222256672e-08,4.832467635214156e-08,1.5823172797219128e-06
2019-07-20,0.0,2.7095817835666206e-07,2.794050918901998e-08,0.0,1.1227497802938583e-07,4.613512929597653e-08,1.3842601909161534e-06
2019-07-21,0.0,0.0,1.3831248238728164e-08,0.0,1.1115782333218492e-07,4.060095741286928e-08,1.406101525585553e-06
2019-07-22,0.0,0.0,2.7387250038592587e-08,0.0,7.703624915696436e-08,3.684722354194592e-08,1.1644357444158272e-06
2019-07-23,0.0,0.0,1.3557371173777742e-08,0.0,1.3074810114944925e-07,4.642983868959163e-08,1.318369933019916e-06
2019-07-24,0.0,0.0,0.0,0.0,8.629809053735442e-08,4.432614500150121e-08,1.2307330555427491e-06
2019-07-25,0.0,2.5774339206196946e-07,0.0,0.0,1.6019889410508447e-07,2.873086422187701e-08,1.1629163722365331e-06
2019-07-26,0.0,0.0,0.0,0.0,8.458927385362107e-08,2.5162873421761647e-08,1.3270515098496602e-06
2019-07-27,0.0,0.0,0.0,0.0,7.714932347325097e-08,2.7078802878115738e-08,1.6915506114656637e-06
2019-07-28,0.0,4.85685647431203e-07,0.0,0.0,5.940796934998561e-08,2.8954113430613378e-08,1.3330062447727087e-06
2019-07-29,0.0,0.0,0.0,0.0,1.1763370035665784e-07,3.397453651950617e-08,1.4176883855101187e-06
2019-07-30,0.0,0.0,0.0,0.0,1.0814442366130794e-07,2.1022802645526326e-08,1.5239560546092881e-06
2019-07-31,0.0,0.0,0.0,0.0,2.4708085076948658e-08,0.0,1.3691908510671044e-06
2019-08-01,0.0,4.9140887237229e-07,0.0,0.0,4.0842698321078625e-08,0.0,1.4485093027783825e-06
2019-08-02,0.0,0.0,0.0,0.0,8.087261336530262e-08,0.0,1.1238014209213419e-06
2019-08-03,0.0,0.0,0.0,0.0,4.003395870858931e-08,0.0,1.2231720595104284e-06
2019-08-04,0.0,0.0,0.0,0.0,1.0305259682577576e-07,0.0,1.1382419659752414e-06
2019-08-05,0.0,0.0,0.0,0.0,3.9241233213376664e-08,0.0,1.4319583597737011e-06
2019-08-06,0.0,0.0,0.0,0.0,6.216124227042543e-08,0.0,1.344702865330957e-06
2019-08-07,0.0,0.0,0.0,0.0,8.462125041628013e-08,0.0,1.4577405853202424e-06
2019-08-08,0.0,0.0,0.0,0.0,6.093036720457082e-08,0.0,1.1148699070010492e-06
2019-08-09,0.0,0.0,0.0,0.0,6.03240999211611e-08,0.0,1.1763669726744895e-06
2019-08-10,0.0,5.221872827810071e-07,0.0,0.0,5.972386509801374e-08,0.0,1.1355417451234382e-06
2019-08-11,0.0,0.0,0.0,0.0,3.6956001694466406e-08,0.0,1.2838143803113464e-06
2019-08-12,0.0,5.32736165638114e-07,0.0,0.0,3.658828333364044e-08,0.0,1.4503287803423825e-06
2019-08-13,0.0,0.0,0.0,0.0,2.17345342989829e-08,0.0,1.5207079084221604e-06
2019-08-14,0.0,0.0,0.0,0.0,4.303654413864722e-08,0.0,1.1403162359963444e-06
2019-08-15,0.0,0.0,0.0,0.0,7.101387228267737e-08,0.0,1.396133643839393e-06
2019-08-16,0.0,0.0,0.0,0.0,4.9215090713144563e-08,0.0,1.2049949107687568e-06
2019-08-17,0.0,0.0,0.0,0.0,6.264693305807013e-08,0.0,1.0154927798275468e-06
2019-08-18,0.0,0.0,0.0,0.0,6.202358565903761e-08,0.0,1.0350954616976248e-06
2019-08-19,0.0,0.0,0.0,0.0,4.093762711350497e-08,0.0,1.2034211258967517e-06
2019-08-20,0.0,0.0,0.0,0.0,4.7285339404112876e-08,0.0,1.045148922837593e-06
2019-08-21,0.0,5.829062124409436e-07,0.0,0.0,7.356618093913776e-08,0.0,9.904753264677557e-07
2019-08-22,0.0,5.887645172703747e-07,0.0,0.0,5.959160607956281e-08,0.0,9.887461389512741e-07
2019-08-23,0.0,0.0,0.0,0.0,7.866487958922277e-08,0.0,8.56433381962749e-07
2019-08-24,0.0,0.0,0.0,0.0,4.5431254726204855e-08,0.0,7.196722445414835e-07
2019-08-25,0.0,0.0,0.0,0.0,5.140480707279454e-08,0.0,8.977617480152544e-07
2019-08-26,0.0,0.0,0.0,1.0286460056043008e-08,8.270164613153348e-08,0.0,1.0602938446106355e-06
2019-08-27,0.0,6.189511195781274e-07,0.0,5.19492034915543e-09,3.149182730896433e-08,0.0,8.771124487179009e-07
2019-08-28,0.0,0.0,0.0,3.1482780999920324e-08,7.482834814007433e-08,0.0,1.08312750322356e-06
2019-08-29,0.0,0.0,0.0,4.239891761232505e-08,3.086824734825228e-08,0.0,8.959142878361566e-07
2019-08-30,0.0,6.378009874648867e-07,0.0,1.07062584546292e-08,4.2785544417371525e-08,0.0,9.366368779282525e-07
2019-08-31,0.0,0.0,0.0,1.0813858140944512e-08,3.630841811767398e-08,0.0,9.501737063368397e-07
2019-09-01,0.0,0.0,0.0,1.0919294701636181e-08,6.590668316923748e-08,0.0,8.692463259121582e-07
2019-09-02,0.0,0.0,0.0,3.308710631348668e-08,7.118280077963199e-08,0.0,6.704120830911879e-07
2019-09-03,0.0,1.3417179059015554e-06,0.0,1.670981863013443e-08,4.111013671197697e-08,0.0,1.1723145771528567e-06
2019-09-04,0.0,0.0,0.0,1.6877755099313424e-08,4.651552459096957e-08,0.0,7.443589891591015e-07
2019-09-05,0.0,0.0,0.0,2.8412298930111986e-08,4.605268738804476e-08,0.0,1.0004711660989745e-06
2019-09-06,0.0,6.91289649711438e-07,0.0,2.8697847281604942e-08,0.0,0.0,1.0119820979969103e-06
2019-09-07,0.0,0.0,0.0,1.1594506176696407e-08,0.0,0.0,9.181279114908362e-07
2019-09-08,0.0,0.0,0.0,1.1711032901030621e-08,0.0,0.0,9.449904994432298e-07
2019-09-09,0.0,0.0,0.0,2.3657461476828343e-08,0.0,0.0,9.268951116030647e-07
2019-09-10,0.0,0.0,0.0,1.1947611458728866e-08,0.0,0.0,9.685967275945024e-07
2019-09-11,0.0,1.4534656559310819e-06,0.0,3.6203060850437433e-08,0.0,0.0,1.0101090763212567e-06
2019-09-12,0.0,0.0,0.0,6.094484610157107e-09,0.0,0.0,8.737361819759767e-07
2019-09-13,0.0,7.414138049318788e-07,0.0,6.1557351987810755e-09,0.0,0.0,9.31823775208767e-07
2019-09-14,0.0,1.4823089270720868e-06,0.0,6.2176013660547205e-09,0.0,0.0,7.931516800073762e-07
2019-09-15,0.0,0.0,0.0,3.1400446493231606e-08,0.0,0.0,9.635867689768444e-07
2019-09-16,0.0,0.0,0.0,1.2686410490802427e-08,0.0,0.0,8.851058485172314e-07
2019-09-17,0.0,0.0,0.0,3.203477758983333e-08,0.0,0.0,9.429396471871274e-07
2019-09-18,0.0,0.0,0.0,6.4713464914230644e-09,0.0,0.0,7.320016026099118e-07
2019-09-19,0.0,7.409692382041922e-07,0.0,6.536384604921411e-09,0.0,0.0,9.967349271127162e-07
2019-09-20,0.0,0.0,0.0,1.3204152724654511e-08,4.0701084017098374e-08,0.0,6.419252308622717e-07
2019-09-21,0.0,7.414138049318788e-07,0.0,2.000528499861324e-08,2.9364383365697836e-08,0.0,7.241700490823291e-07
2019-09-22,0.0,0.0,0.0,1.347089430361047e-08,2.9659500324846666e-08,0.0,6.375058247372502e-07
2019-09-23,0.0,0.0,0.0,6.803139521067461e-09,3.5949099910493173e-08,0.0,6.94821531371483e-07
2019-09-24,0.0,0.0,0.0,2.0614536629853287e-08,6.051732395186514e-08,0.0,6.142871225279083e-07
2019-09-25,0.0,0.0,0.0,2.0821716167346015e-08,5.50129798521613e-08,0.0,7.928582346600739e-07
2019-09-26,0.0,7.052546269822357e-07,0.0,1.4020651929204646e-08,4.939188399242088e-08,0.0,6.847823162629844e-07
2019-09-27,0.0,0.0,0.0,2.1242342735583173e-08,9.97765613582931e-08,0.0,6.824893079561846e-07
2019-09-28,0.0,0.0,0.0,2.8607775772446596e-08,4.409095795607462e-08,0.0,4.91883597076914e-07
2019-09-29,0.0,6.844112027693298e-07,0.0,7.223822174716525e-09,6.998212485068231e-08,0.0,7.180008433582687e-07
2019-09-30,0.0,0.0,2.0594559092567316e-08,2.918569117823498e-08,1.2851901254243048e-08,0.0,5.459709137215901e-07
2019-10-01,0.0,6.767101832602088e-07,2.086147224201867e-08,4.423368471674772e-08,4.546484722721764e-08,0.0,7.57542983916361e-07
2019-10-02,0.0,0.0,6.321340057101808e-08,3.723186719908287e-08,7.872304549424118e-08,0.0,5.253611251162017e-07
2019-10-03,0.0,0.0,0.0,7.521210737057843e-09,4.6383298065319166e-08,0.0,4.1330811548101665e-07
2019-10-04,0.0,0.0,6.449039597020074e-08,2.2790400484921538e-08,6.023501737815908e-08,0.0,5.042171561022249e-07
2019-10-05,0.0,0.0,0.0,1.534629854514007e-08,5.4080346104113197e-08,0.0,4.605357087014248e-07
2019-10-06,0.0,0.0,0.0,1.550053140964225e-08,6.145184544573282e-08,0.0,4.38805033667735e-07
2019-10-07,0.0,0.0,4.430294728263397e-08,2.3484471510303832e-08,7.586265715122467e-08,2.481459016766926e-08,4.829533624806099e-07
2019-10-08,0.0,6.309603927392405e-07,2.237409965257277e-08,1.5813662915243842e-08,6.965917230094856e-08,1.7007701355521797e-08,3.6245211274906634e-07
2019-10-09,0.0,0.0,0.0,0.0,4.221555517291078e-08,1.8986908605953206e-08,5.605756941424463e-07
2019-10-10,0.0,0.0,2.2826086447446904e-08,4.0332800242157955e-08,6.395974283392416e-08,2.1004180706031517e-08,4.180403702789148e-07
2019-10-11,0.0,0.0,4.6110984860242826e-08,8.147630324712804e-09,4.3068365957377014e-08,2.6749696118095766e-08,4.259682598737322e-07
2019-10-12,0.0,0.0,4.657440796250381e-08,1.6459030741632404e-08,4.350121023129075e-08,2.329184054614944e-08,4.4964173669492096e-07
2019-10-13,0.0,0.0,1.325254241914802e-07,8.312223375314635e-09,9.519987676870394e-08,1.5997630656028506e-08,5.311642017722555e-07
2019-10-14,0.0,0.0,8.923821789833654e-08,3.3583050436309894e-08,7.39666549512474e-08,2.5663356291820874e-08,5.204688814695497e-07
2019-10-15,0.0,5.883035707954977e-07,4.506753844925411e-08,8.312223375314635e-09,5.2297022534515114e-08,3.722090119720269e-08,5.213726563533305e-07
2019-10-16,0.0,0.0,0.0,5.7606607595713406e-08,5.282261634899149e-08,3.132914789438157e-08,4.991139658733484e-07
2019-10-17,0.0,5.766543795953737e-07,1.3793388935290915e-07,1.6295260649425608e-08,6.097541996471059e-08,3.3226211618590954e-08,4.475899763490485e-07
2019-10-18,0.0,0.0,4.6440049329158343e-08,9.176745797843273e-08,8.468382054465195e-08,3.974939674109232e-08,3.9436371218530927e-07
2019-10-19,0.0,0.0,4.6906779584313393e-08,7.350645345186259e-08,3.887950322293246e-08,7.298511645883982e-08,3.4115581034841976e-07
2019-10-20,0.0,0.0,1.7737198961292587e-07,7.360629122757974e-08,4.7124298471766866e-08,4.607414317119289e-08,4.240711340062097e-07
2019-10-21,0.0,1.10808687591234e-06,8.957730387229353e-08,5.5285117270318835e-08,2.3798952772566163e-08,8.99719122827583e-08,4.820976383956619e-07
2019-10-22,0.0,0.0,1.8095514148631878e-07,7.382805957033462e-08,5.608898452350358e-08,9.400980520767117e-08,5.252835181664981e-07
2019-10-23,0.0,0.0,4.569344272324888e-07,7.395001231439145e-08,3.2372964679740635e-08,7.596369556604669e-08,5.747951919486165e-07
2019-10-24,0.0,0.0,2.7691601674361046e-07,3.703968006065245e-08,7.357121636350927e-08,5.754535754911226e-08,4.358419100832876e-07
2019-10-25,0.0,0.0,0.0,7.421611592596352e-08,7.431061938054802e-08,5.166550933991024e-08,4.946689475117538e-07
2019-10-26,0.0,0.0,0.0,1.1154044010609252e-07,1.0453741858372889e-07,7.175403996923936e-08,5.757048713256592e-07
2019-10-27,0.0,5.21778459932206e-07,9.511645499260044e-08,3.725595348673369e-08,4.799456232138317e-08,5.929787459445896e-08,3.6529864811213566e-07
2019-10-28,0.0,0.0,1.9214478251545966e-07,5.60032288467479e-08,9.307886019349738e-08,7.052865249944185e-08,5.122514660269739e-07
2019-10-29,0.0,0.0,1.9407586968409115e-07,5.6128127832949465e-08,8.226252850414019e-08,7.519511486579816e-08,3.787432751996094e-07
2019-10-30,0.0,0.0,5.880790938042646e-07,7.501151957161056e-08,1.1869897237196134e-07,8.394566342191399e-08,4.6511271535163574e-07
2019-10-31,0.0,0.0,2.3930425656851476e-07,1.1970862459366505e-07,7.193515012621116e-08,7.267656974168191e-08,5.902983271730487e-07
2019-11-01,0.0,4.974270808916922e-07,3.2454876707325803e-07,7.222197356844911e-08,8.491317621739642e-08,1.1024322787409649e-07,6.349134338681694e-07
2019-11-02,0.0,0.0,4.917158046139575e-07,7.252646254736105e-08,1.470284019874777e-07,9.073059985743858e-08,6.515014637069436e-07
2019-11-03,0.0,0.0,4.966576306082538e-07,2.4279401410988877e-08,8.124711342813045e-08,9.164245754565264e-08,4.892517196940811e-07
2019-11-04,0.0,0.0,3.344327485196625e-07,7.315722979969424e-08,1.6412732098637902e-07,1.1360063400053344e-07,5.187192979541977e-07
2019-11-05,0.0,4.970294043489155e-07,6.755877070414055e-07,7.348357115036636e-08,1.1051788532357935e-07,1.2324177189778078e-07,5.691796208784586e-07
2019-11-06,0.0,0.0,3.411887381885908e-07,4.9211507279593356e-08,2.093036410066317e-07,8.584853261869131e-08,6.962664303465829e-07
2019-11-07,0.0,4.871875627372538e-07,3.446177420146226e-07,7.415833247602024e-08,1.1275049470403901e-07,9.971802342275578e-08,8.501820780723631e-07
2019-11-08,0.0,0.0,3.480812079020383e-07,4.967121328513124e-08,1.1388365601463719e-07,9.196192741776549e-08,7.879253212090085e-07
2019-11-09,0.0,2.3877030132330395e-07,7.031589644006255e-07,4.990850541563698e-08,1.4517942591633463e-07,8.403985918667751e-08,8.679432321758391e-07
2019-11-10,0.0,4.727889942587516e-07,3.964492228391116e-07,1.0030157687654971e-07,1.288382502300653e-07,6.701405827360544e-08,7.508389415896788e-07
2019-11-11,0.0,0.0,4.004336037690332e-07,7.559712987232353e-08,1.9296150870033263e-07,7.671256885707581e-08,1.0663239697260469e-06
2019-11-12,0.0,0.0,4.044580283930275e-07,1.5195127372643964e-07,1.9268493836723912e-07,1.549670859830903e-07,1.0237283058510662e-06
2019-11-13,0.0,0.0,2.042614495784553e-07,1.0181565530815421e-07,1.6035636390712803e-07,5.0640289470218745e-08,8.394599450716834e-07
2019-11-14,0.0,0.0,1.0315715563778658e-06,5.117032155786308e-08,6.406319264463132e-08,8.834867490646513e-08,9.399291652976295e-07
2019-11-15,0.0,0.0,0.0,0.0,9.598536914859308e-08,1.243355222076739e-07,7.225500185501507e-07
2019-11-16,0.0,0.0,2.1883248581050917e-07,1.2927671837787372e-07,1.917710958942842e-07,8.372340998690555e-08,9.49365063111844e-07
2019-11-17,0.0,2.411699827463403e-07,6.63095366569046e-07,5.198861327767956e-08,1.1176120127712252e-07,6.870893594998084e-08,1.0282590474053196e-06
2019-11-18,0.0,2.435937813686269e-07,9.756853972597108e-07,5.227173810886137e-08,1.9142932485001418e-07,1.6549104917923538e-07,7.537009616104347e-07
2019-11-19,0.0,0.0,7.370941473701757e-07,2.6280045078707005e-08,1.1158417785156653e-07,1.1074714435069943e-07,1.060787100630233e-06
2019-11-20,0.0,0.0,1.2374965947075875e-06,1.5856109477634785e-07,1.7523378408076682e-07,1.8021916544500196e-07,1.261676596793944e-06
2019-11-21,0.0,0.0,0.0,0.0,1.1145178958496005e-07,1.7575348788778687e-07,7.703165366238023e-07
2019-11-22,0.0,3.741200235479021e-07,0.0,5.3456800592732735e-08,8.92870865128389e-08,1.681313321964155e-07,1.298748640917663e-06
2019-11-23,0.0,3.778799922940914e-07,7.591570863963726e-07,1.0753271027210045e-07,1.7871466649662646e-07,1.0613817511067079e-07,1.0220896812526169e-06
2019-11-24,0.0,3.8167774935441113e-07,1.274768690578102e-06,8.112192953953018e-08,1.967603347414696e-07,1.7798614418156954e-07,1.0262232443582376e-06
2019-11-25,0.0,0.0,1.2844030484269516e-06,8.16024386355408e-08,1.2533449888533113e-07,2.611081610623949e-07,1.2561142974101433e-06
2019-11-26,0.0,0.0,1.0353326781207867e-06,2.7363702681139073e-08,1.6131909756444245e-07,1.8588985362561557e-07,1.2884772805395244e-06
2019-11-27,0.0,0.0,7.824348387229533e-07,5.5058657753671656e-08,1.974010762329992e-07,1.6846603967803895e-07,1.2119900602001983e-06
2019-11-28,0.0,3.9725431379757296e-07,2.6281613766374e-07,5.5395416056722886e-08,5.39056654980073e-08,1.6964805783738054e-07,1.0734090262211452e-06
2019-11-29,0.0,0.0,5.296938885052188e-07,5.573771394754281e-08,1.7993354817677205e-07,1.7084704094387968e-07,1.9036080613214894e-06
2019-11-30,0.0,0.0,5.338084715132213e-07,1.682567569686172e-07,1.0811972291896955e-07,1.6250404729146589e-07,1.0970896691680905e-06
2019-12-01,0.0,0.0,8.072561283480188e-07,1.1275613088404525e-07,2.1633272522240514e-07,2.5021159326176026e-07,1.2814696823661226e-06
2019-12-02,0.0,2.1287783787698775e-06,2.9119764489419197e-07,5.673680156056627e-08,1.7300021916724602e-07,2.5201726087553525e-07,1.8718793319171214e-06
2019-12-03,0.0,5.375432392904199e-07,0.0,5.710121140654681e-08,2.1192518173913385e-07,3.0266507858414614e-07,1.4231801240953313e-06
2019-12-04,0.0,1.085891277320507e-06,2.945699226005744e-07,5.253006163465016e-08,1.5449225007819894e-07,2.0612508788297989e-07,1.4944057865338115e-06
2019-12-05,0.0,0.0,8.889004868116173e-07,7.958699629653007e-08,2.516678849895624e-07,1.87502500829379e-07,1.8943598412012156e-06
2019-12-06,0.0,5.539138681228734e-07,2.980600322036485e-07,1.0718247854271635e-07,1.1645124489243432e-07,2.976783551571689e-07,2.1587338156110086e-06
2019-12-07,0.0,5.594807950477461e-07,5.996994167767248e-07,5.345796416750218e-08,1.1675972654967984e-07,2.1887157108853983e-07,1.935890337563809e-06
2019-12-08,0.0,1.6953110115550775e-06,3.0166936979379075e-07,1.0666006980922278e-07,2.536730825999075e-07,1.192989108066578e-07,1.8701925570455588e-06
2019-12-09,0.0,0.0,6.043384198688219e-07,7.981115803447937e-08,1.565490001201007e-07,2.933545327972707e-07,1.753412274169604e-06
2019-12-10,0.0,5.765195219168683e-07,9.080978017434994e-07,2.1236065305161228e-07,9.812946431343595e-08,1.8505683832121613e-07,2.2711629227388003e-06
2019-12-11,0.0,2.3292545577576702e-06,9.09778784220691e-07,1.3244549224180372e-07,7.874049326401209e-08,3.27224958785577e-07,2.0815205664978556e-06
2019-12-12,0.0,5.881659888111736e-07,0.0,0.0,1.5860034839504925e-07,3.303105546203467e-07,1.947486853188639e-06
2019-12-13,0.0,5.940771552719509e-07,1.2735742504840253e-06,7.915522063340117e-08,2.95745072893088e-07,2.676673808839192e-07,2.0706470282603462e-06
2019-12-14,0.0,6.000477299433212e-07,1.5959248508900256e-06,2.633702142108709e-08,2.5128756770419586e-07,2.0462646446670466e-07,1.7449170437901472e-06
2019-12-15,0.0,1.4490162937446334e-06,3.200082964980101e-07,5.258320604359366e-08,1.8322639850260216e-07,3.708004619806622e-07,2.075841062378549e-06
2019-12-16,0.0,0.0,9.625908717430179e-07,1.3124406902359243e-07,2.0668109074175605e-07,3.057306800718833e-07,2.7351418055519442e-06
2019-12-17,0.0,9.760038562686181e-07,6.435020759208944e-07,1.572518969453682e-07,2.526125147871114e-07,4.796794259154104e-07,2.710295371767489e-06
2019-12-18,0.0,1.97162571619782e-06,6.86692493479295e-07,1.8230579519171163e-07,6.89018370050484e-08,3.8736898437251506e-07,2.266939812294904e-06
2019-12-19,0.0,0.0,1.0748689294777119e-06,2.1917789697253462e-07,1.6080456475194754e-07,4.5532832773000704e-07,2.1056762601355065e-06
2019-12-20,0.0,3.0171827965443423e-06,7.178945578820086e-07,1.821691197234919e-07,2.527709754155064e-07,3.2243916488723864e-07,2.336060685377262e-06
2019-12-21,0.0,1.0158353292576967e-06,1.7914541064830482e-06,1.4536656722692163e-07,1.8390861139771003e-07,2.5311918806595305e-07,2.3925964841617982e-06
2019-12-22,0.0,6.156267864280426e-06,1.073010579098764e-06,7.250618772645583e-08,4.140048985739882e-07,2.680266603355163e-07,2.7645231903163727e-06
2019-12-23,0.0,4.145426256620891e-06,1.4614223193242544e-06,3.616817125932276e-08,1.3785753352383976e-07,2.936944873779731e-07,2.76488121309845e-06
2019-12-24,0.0,0.0,1.0946686352615347e-06,3.608686550268377e-08,2.0659083008687627e-07,3.9060795108077344e-07,3.1150547627026643e-06
2019-12-25,0.0,4.229169421986732e-06,2.186759997611263e-06,1.8004584231333774e-07,2.0641601914316117e-07,4.078715949096956e-07,3.0323517626272475e-06
2019-12-26,0.0,2.1358366406524766e-06,1.0922007012607618e-06,2.15610434217032e-07,1.9498734796223693e-07,5.513196071852699e-07,2.944022632919105e-06
2019-12-27,0.0,2.394161829724701e-06,1.4548408329282517e-06,1.0759370944057816e-07,2.1935886994389974e-07,4.270909607224221e-07,4.3579763917946635e-06
2019-12-28,0.0,7.254670668419914e-06,3.6338988736778794e-07,1.0739296123324612e-07,1.9500347511117947e-07,3.971490128938267e-07,3.4196986374653325e-06
2019-12-29,0.0,5.8324929097288135e-06,1.4524236231803025e-06,7.146863494102122e-08,1.4888225785473603e-07,4.307937995790715e-07,4.121165858477851e-06
2019-12-30,0.0,0.0,2.535282686222596e-06,0.0,2.2332965388845684e-07,4.807886055241821e-07,4.033916468081919e-06
2019-12-31,0.0,4.821598041553521e-06,7.225935892174366e-07,1.7809179665473646e-07,2.233582541463072e-07,4.5076781213286274e-07,4.090434973502839e-06
2020-01-01,0.0,4.749536438422335e-06,2.4907509571961002e-06,3.484469972042665e-08,2.548504483652087e-07,5.079556055077822e-07,3.5460480941127547e-06
2020-01-02,0.0,3.1981800488005492e-06,1.7750887096635194e-06,1.0438985339781562e-07,2.9448986787736264e-07,5.927490660480122e-07,4.4735729156322296e-06
2020-01-03,0.0,1.8461592444363403e-06,2.8339953649737715e-06,1.3900806227557728e-07,1.768927659610219e-07,7.314909660113807e-07,4.4881548543916126e-06
2020-01-04,0.0,5.594140359920721e-06,1.4129999648635767e-06,1.3884355427613504e-07,9.83940558997963e-08,5.24777741982631e-07,4.122160935183431e-06
2020-01-05,0.0,1.8759127705423769e-06,1.056857661310693e-06,6.934646537391187e-08,3.3498225422780805e-07,5.102427412265392e-07,4.46888781174065e-06
2020-01-06,0.0,3.774599361236334e-06,1.0540710356205525e-06,6.927808831408252e-08,2.762597080360223e-07,5.649341496140046e-07,4.15197611246086e-06
2020-01-07,0.0,3.7977506444695493e-06,1.4808290736253233e-06,1.038249586812248e-07,3.1620491828254106e-07,6.723947972436312e-07,4.091626735104416e-06
2020-01-08,0.0,7.642563411864023e-06,6.977622510766874e-07,1.7290527912285835e-07,1.5835803835390926e-07,8.441660028497409e-07,3.8059162255589364e-06
2020-01-09,0.0,5.767792348124223e-06,1.3911884560201551e-06,3.455725022313517e-08,3.767449520680786e-07,7.419325606426139e-07,4.438828998069604e-06
2020-01-10,0.0,2.1619737229716188e-06,1.7337394123648315e-06,6.90738007510376e-08,2.582396890585368e-07,8.595522494563009e-07,4.680159762082199e-06
2020-01-11,0.0,0.0,1.037199978054296e-06,1.7260002123360408e-07,2.579270471072371e-07,7.52221665167775e-07,3.904175797738411e-06
2020-01-12,0.0,0.0,3.651636722831092e-07,1.380262405884571e-07,2.774586748506333e-07,7.773760544253231e-07,4.341147640262158e-06
2020-01-13,0.0,2.428624899414023e-06,1.4576931691530349e-06,0.0,1.583871466328908e-07,7.129794831900169e-07,5.028990273532638e-06
2020-01-14,0.0,4.885035731019499e-06,1.8185967746316204e-06,6.89800460057244e-08,2.7692405634612717e-07,7.367018900735683e-07,4.852811318179768e-06
2020-01-15,0.0,0.0,1.815258949014913e-06,6.897385660897693e-08,1.5811331355491477e-07,7.95516369601005e-07,4.675930437364327e-06
2020-01-16,0.0,2.4710379729009413e-06,1.5313234370413192e-06,1.724364116384219e-07,3.1600024132174785e-07,6.246613037418599e-07,4.952221896567149e-06
2020-01-17,0.0,1.4914007797385489e-05,1.1473229075737094e-06,2.0694651064711536e-07,2.763297738434912e-07,6.690358469348894e-07,4.1169319196777405e-06
2020-01-18,0.0,4.9935516923234535e-06,2.2925359412265846e-06,1.0349501107582259e-07,1.5782112556463592e-07,4.663195664627797e-07,3.5283141482595472e-06
2020-01-19,0.0,7.524400217273429e-06,2.290655322810327e-06,1.035271164154412e-07,1.380358922799325e-07,8.206274349092218e-07,4.633927160873618e-06
2020-01-20,0.0,1.007896712313834e-05,1.9075031431960297e-06,1.726159575882904e-07,2.56271049162267e-07,1.1476015569396725e-06,5.031526749591482e-06
2020-01-21,0.0,1.2658010660446157e-05,1.8029550484454738e-06,3.1086716920281254e-07,1.7704535421767335e-07,6.507986328005086e-07,4.8952354065757275e-06
2020-01-22,0.0,2.6592146947708703e-06,2.2411894748276926e-06,2.073711344817863e-07,2.3558665929000874e-07,9.795269816045724e-07,4.7517070929840165e-06
2020-01-23,0.0,5.345486733647598e-06,7.664863426359608e-07,1.725204462579289e-07,2.3513640515203824e-07,1.0100536482391583e-06,4.9451772724250405e-06
2020-01-24,0.0,1.6119235892644227e-05,1.5315578666752707e-06,1.0334931958165754e-07,2.933870810631632e-07,7.828579705017602e-07,5.095877502910268e-06
2020-01-25,0.0,8.101811760683828e-06,4.097878234176162e-07,6.879780428442707e-08,2.343063957111e-07,7.353602651624629e-07,5.298740679135171e-06
2020-01-26,0.0,5.891873371531863e-06,2.0489208435752822e-06,9.787861936223832e-08,2.3392655740649652e-07,7.74263252207323e-07,4.7819459138109924e-06
2020-01-27,0.0,8.88859325639712e-06,2.0491074638542815e-06,7.357195379170481e-08,2.1410593595652538e-07,8.313885540168935e-07,5.859714373110752e-06
2020-01-28,0.0,5.960176881486176e-06,1.6428324100250821e-06,1.2290383386403372e-07,2.3323702370448743e-07,9.933982148166094e-07,5.395364955158634e-06
2020-01-29,0.0,2.997610474014627e-06,3.7047220505477394e-06,4.928001409107974e-08,1.9410604946094752e-07,9.150895137778732e-07,5.617995174056327e-06
2020-01-30,0.0,1.2061729083326337e-05,2.475627769220919e-06,6.956630687376347e-08,2.520275202486476e-07,7.185062420825791e-07,4.567286162784e-06
2020-01-31,0.0,3.0335556133884937e-06,1.6526820463969804e-06,1.747432405004977e-07,2.505344392811732e-07,7.495805921503157e-07,4.18813046684297e-06
2020-02-01,0.0,6.06652251409855e-06,4.132792868522137e-06,2.099821746012557e-07,7.633408889122758e-08,5.663963091285101e-07,5.506057201344508e-06
2020-02-02,0.0,9.844378189809458e-06,8.278541689974699e-07,1.4067575203636332e-07,1.3281065014935794e-07,1.136801134443677e-06,5.201331284135652e-06
2020-02-03,0.0,0.0,1.821551047706322e-06,3.180992745697275e-07,2.840439191076394e-07,9.303490015424967e-07,5.829096168021511e-06
2020-02-04,0.0,9.950259672031198e-06,2.7391690491204733e-06,1.0656997241672606e-07,3.001692789181801e-07,1.1441685259723473e-06,5.831590214085443e-06
2020-02-05,0.0,3.3274016589266896e-06,3.6617139278253657e-06,1.4282334719501316e-07,2.199470458538797e-07,8.543093862016663e-07,4.4558593134751525e-06
2020-02-06,0.0,3.3383828367817166e-06,1.8331221929017245e-06,1.7781961459067336e-07,1.8764075949517094e-07,9.80155083982028e-07,5.687051873938392e-06
2020-02-07,0.0,3.349697855702417e-06,3.66759197429919e-06,1.7712782729722286e-07,1.2451616261288915e-07,8.302960687995928e-07,4.843857651768982e-06
2020-02-08,0.0,1.3445391388800448e-05,2.193406060156774e-06,9.110043490023473e-08,1.239509372823561e-07,1.3268856426335842e-06,6.115697158240126e-06
2020-02-09,0.0,6.746667952567318e-06,3.959527744070106e-06,9.08535596293558e-08,1.3882287054244964e-07,9.290097251917626e-07,6.115839956305505e-06
2020-02-10,0.0,3.3856574415759554e-06,3.088804861280478e-06,1.812315395803028e-07,1.3821481904498897e-07,1.087774546659473e-06,5.429237517178115e-06
2020-02-11,0.0,1.3593277901735204e-05,8.84692122821806e-07,1.8077408320687878e-07,1.7015575662205511e-07,1.122397578802363e-06,5.2769330247106934e-06
2020-02-12,0.0,1.3645285376284524e-05,1.7739140818831496e-06,2.705020565886315e-07,3.56184598255079e-07,9.37530376669266e-07,6.043033439776602e-06
2020-02-13,0.0,1.027399304305694e-05,3.1125872942659983e-06,1.799133591986819e-07,1.5243875379624941e-07,7.205311134747782e-07,4.763267865626654e-06
2020-02-14,0.0,1.7191749102944133e-05,8.917532018742126e-07,1.1967333699386065e-07,3.37390494937629e-08,7.223609918815779e-07,5.777161700498591e-06
2020-02-15,0.0,1.069026644728593e-05,1.3414273864607571e-06,5.970820097768043e-08,1.680309714960119e-07,9.761807094206777e-07,4.867468287097531e-06
2020-02-16,0.0,1.430080975052702e-05,2.242265189944503e-06,3.2772137380556907e-07,1.1716844913226967e-07,9.472664987109732e-07,4.566042235289938e-06
2020-02-17,0.0,1.0739535432224847e-05,3.1486592165120847e-06,8.920374944846689e-08,1.9269543982855736e-07,1.2665822876592316e-06,5.59696714990674e-06
2020-02-18,0.0,0.0,4.3122678363561155e-06,8.903786285378736e-08,1.9213679473499089e-07,1.0162153890571363e-06,5.826389779678707e-06
2020-02-19,0.0,3.5827095394530127e-06,3.0300979284489606e-06,1.1850784015945559e-07,1.9159736348101245e-07,1.1466748916692221e-06,6.81508678392528e-06
2020-02-20,0.0,1.4338716269951954e-05,1.7382350764380434e-06,2.9577595182491874e-08,1.7637885426742807e-07,7.34474245786203e-07,5.211351974633453e-06
2020-02-21,0.0,1.0761021199250869e-05,2.6177391709350015e-06,8.859356432785853e-08,1.0229387357623227e-07,1.0245900412573389e-06,5.285475883106805e-06
2020-02-22,0.0,1.4328794654901546e-05,4.380645838852482e-07,2.3590187343600654e-07,2.179506677908592e-07,8.340322396797819e-07,5.155313136182488e-06
2020-02-23,0.0,7.1554969677707306e-06,2.159451406657733e-06,1.7668337428623962e-07,1.4448131544451253e-07,8.553165469842569e-07,4.302279442288815e-06
2020-02-24,0.0,6.697241904438203e-06,8.676646577944548e-07,2.0586768064349615e-07,1.0057364376294539e-07,9.518385218321439e-07,5.7613291723159075e-06
2020-02-25,0.0,1.3388500222990142e-05,2.1790888002866305e-06,5.875009854076212e-08,2.1432948034911427e-07,6.035108991342525e-07,5.676377745064856e-06
2020-02-26,0.0,0.0,2.0859958203692755e-06,8.803010222043557e-08,1.98954413377323e-07,9.203115281317508e-07,5.459636417902357e-06
2020-02-27,0.0,0.0,1.6752207607312293e-06,1.1725847961774487e-07,2.4029241847221237e-07,6.816060984865456e-07,4.236808774969017e-06
2020-02-28,0.0,1.0033935681257469e-05,2.1022654857989166e-06,1.7573282333087976e-07,1.1248064208392396e-07,9.599715263614313e-07,4.6164929989010186e-06
2020-02-29,0.0,6.448949917534548e-06,4.221430497968541e-07,8.779775033195991e-08,1.25880465557696e-07,8.660520645814567e-07,5.3230439184951526e-06
2020-03-01,0.0,1.2821301157713977e-05,2.5465722400570417e-06,1.1713134301097137e-07,1.0874137859337191e-07,9.997323912045851e-07,4.882450313357333e-06
2020-03-02,0.0,0.0,2.1276958965431966e-06,2.048604487665692e-07,6.015074850956145e-08,8.546256570371357e-07,4.740112316424632e-06
2020-03-03,0.0,1.3639848229037769e-05,3.413537649709225e-06,1.1700659055973301e-07,1.6770777841378936e-07,1.2277533117911778e-06,4.856065677661428e-06
2020-03-04,0.0,3.3996014070950347e-06,8.557758053897326e-07,5.848088414756556e-08,9.543441823908858e-08,6.924327761477075e-07,5.284661687871556e-06
2020-03-05,0.0,6.7791614398086935e-06,1.2873791649687702e-06,8.769648172862043e-08,1.1880670470384867e-07,8.057534427313476e-07,4.528213838640418e-06
2020-03-06,0.0,1.3519595974441239e-05,1.289224161674715e-06,8.7680406957146e-08,7.099936042698776e-08,8.066391861504923e-07,4.737604577925732e-06
2020-03-07,0.0,3.3705552600322252e-06,2.1519968031186408e-06,2.9224366766478173e-08,1.2965662971593812e-07,6.833585796742302e-07,3.838826573303569e-06
2020-03-08,0.0,0.0,8.622007486345621e-07,8.767456102481418e-08,5.8709423221250524e-08,6.838297952326991e-07,4.08699280406441e-06
2020-03-09,0.0,3.24192833277863e-06,8.636889968150341e-07,5.8456526186239106e-08,1.1697977148937016e-07,1.1168223808656816e-06,4.020961324811614e-06
2020-03-10,0.0,3.23469707409896e-06,1.2978954219223968e-06,8.770378608590203e-08,1.2820763407195884e-07,8.670372935150558e-07,5.199306665029161e-06
2020-03-11,0.0,1.613894643911145e-05,1.2403626265958368e-06,2.9243851114713562e-08,9.450250571282354e-08,9.273446377712139e-07,4.870200094152019e-06
2020-03-12,0.0,9.652415431609294e-06,2.484497676304016e-06,0.0,1.1518040643289877e-07,6.789298868094334e-07,3.7478261831912005e-06
2020-03-13,0.0,0.0,1.2432596760434332e-06,1.6083637811731932e-07,1.5663991154254003e-07,8.935624114284211e-07,4.418075454385942e-06
2020-03-14,0.0,6.395602211941017e-06,2.073991401564194e-06,1.6109174306386514e-07,9.373877796987094e-08,8.30267674216061e-07,3.803920065983079e-06
2020-03-15,0.0,1.2753783646414385e-05,1.2429888474646358e-06,1.0757547821264058e-07,1.662275252802324e-07,8.900647330475653e-07,3.7252038307235835e-06
2020-03-16,0.0,6.343889238458563e-06,8.278047692742193e-07,8.082541401512919e-08,1.6582495706063456e-07,1.131027271783548e-06,3.8769062955381266e-06
2020-03-17,0.0,0.0,1.6540661761442303e-06,5.398486798635611e-08,1.137392928890149e-07,9.7619156599476e-07,3.046891544131067e-06
2020-03-18,0.0,6.279784014746592e-06,8.236785119779577e-07,2.704576258053947e-08,7.221791934185529e-08,9.418990358413957e-07,3.5301484338231374e-06
2020-03-19,0.0,3.1243374826037284e-06,8.204063044213992e-07,5.4203591533394294e-08,1.9560095711362043e-07,8.19329988864675e-07,2.900664665033517e-06
2020-03-20,0.0,0.0,8.172161381789572e-07,8.049638517936726e-08,1.2328509960057963e-07,9.309488629140487e-07,3.745025054410801e-06
2020-03-21,0.0,3.0941642178987e-06,1.5748602661069811e-06,0.0,7.470284532081242e-08,8.440350720656155e-07,3.2379812878330126e-06
2020-03-22,0.0,3.0795424606116253e-06,3.923342733613084e-07,2.6300816652935112e-08,1.047060615403336e-07,7.03197668960212e-07,3.3707693569717753e-06
2020-03-23,0.0,0.0,2.3459562837009244e-06,2.6039119154705758e-08,8.986166599280503e-08,7.523010656544339e-07,3.041998776254808e-06
2020-03-24,0.0,0.0,7.767149093823892e-07,7.734007677027364e-08,8.998426547823693e-08,7.101122521556607e-07,3.01887353423522e-06
2020-03-25,0.0,0.0,3.857610315013366e-07,2.5523510049519105e-08,9.762551875397079e-08,7.055516051041237e-07,2.713711669381384e-06
2020-03-26,0.0,5.3205564611958305e-06,3.832031847360973e-07,2.526954688122161e-08,1.4290608242988884e-07,7.781086792585644e-07,2.837689188461067e-06
2020-03-27,0.0,2.6430329482733723e-06,0.0,3.0315629000352984e-08,6.780458136341216e-08,8.753288010920116e-07,2.6848912436334e-06
2020-03-28,0.0,0.0,0.0,0.0,7.547065378472682e-08,7.41110892540653e-07,2.21360991360891e-06
2020-03-29,0.0,0.0,6.858810483912218e-07,1.4857669663302895e-08,4.5366258576359956e-08,4.960504705316564e-07,2.111957209820545e-06
2020-03-30,0.0,5.1857523361950804e-06,0.0,5.883933352021236e-08,7.575776924257803e-08,6.155958173149448e-07,2.5306572190500365e-06
2020-03-31,0.0,0.0,0.0,1.4563468092399525e-08,6.073014669168963e-08,3.4226645967362744e-07,2.5506364824717933e-06
2020-04-01,0.0,2.5666177172659996e-06,3.253238784382204e-07,2.884022778489971e-08,8.371071241533914e-08,5.231902846219414e-07,2.734529767053594e-06
2020-04-02,0.0,2.5508973032230357e-06,0.0,2.85532627237281e-08,6.027474684351341e-08,4.780674047207716e-07,1.6596989503894784e-06
2020-04-03,0.0,2.535431981036149e-06,0.0,4.240372951893498e-08,3.729687693230853e-08,3.8436194868744205e-07,1.7771176228356961e-06
2020-04-04,0.0,7.560660612480697e-06,3.1570910478704887e-07,8.396361072113252e-08,5.393656344469635e-08,5.614049811931406e-07,1.83593218126038e-06
2020-04-05,0.0,0.0,6.251354934150329e-07,2.7709386278479043e-08,3.5599923780948714e-08,4.4610235481421293e-07,1.9691363800675523e-06
2020-04-06,0.0,0.0,0.0,2.7433673278299657e-08,3.524569862081134e-08,5.982192026295498e-07,2.2119816461000734e-06
2020-04-07,0.0,0.0,0.0,0.0,5.8158330099845904e-08,6.162696801112367e-07,2.2385782917330322e-06
2020-04-08,0.0,0.0,3.033299737236307e-07,0.0,5.7579645046481674e-08,4.59169138732828e-07,2.1448103860304373e-06
2020-04-09,0.0,0.0,0.0,0.0,7.410873340728688e-08,4.996278332195766e-07,1.7081900468249308e-06
2020-04-10,0.0,0.0,5.946472756361516e-07,3.9536975344418394e-08,3.9507644178824654e-08,5.478969610439089e-07,1.57459772992244e-06
2020-04-11,0.0,1.963884813288653e-06,0.0,1.3047858622228798e-08,3.776030161634488e-08,4.1880233145685135e-07,1.5624115901648205e-06
2020-04-12,0.0,1.7265376857617786e-06,2.914362353320161e-07,0.0,6.230763389596784e-08,5.987853274794495e-07,1.9013553077153495e-06
2020-04-13,0.0,1.716265185427846e-06,2.8853639633894597e-07,2.5578987422005555e-08,3.701259754800419e-08,4.959824660625237e-07,1.88243650630168e-06
2020-04-14,0.0,0.0,0.0,3.7986708366942985e-08,3.257272537691236e-08,6.297613789969216e-07,1.789071043597146e-06
2020-04-15,0.0,0.0,8.484689786764409e-07,0.0,4.0310776680211745e-08,4.800601097397671e-07,2.113766035184815e-06
2020-04-16,0.0,1.6864734287979635e-06,0.0,1.2411507048189379e-08,2.7936774425380434e-08,4.7331632316186785e-07,1.6979801886588563e-06
2020-04-17,0.0,1.6768814478335752e-06,0.0,3.686403146890956e-08,2.3707541893145066e-08,4.0601101518666345e-07,1.95554297300967e-06
2020-04-18,0.0,1.6674571564113765e-06,5.096416115504611e-07,0.0,3.1295530546546276e-08,3.2322505499409086e-07,1.1881535102829622e-06
2020-04-19,0.0,1.433555352452689e-06,0.0,2.408938315904242e-08,3.098413481470015e-08,1.996180269624049e-07,1.0431972584223836e-06
2020-04-20,0.0,1.4266988772094605e-06,2.497750157518394e-07,2.3849689791729963e-08,4.2179276592964077e-08,4.891685659622017e-07,1.3702565570421258e-06
2020-04-21,0.0,0.0,2.2724938324508005e-07,4.7224762826542953e-08,3.416693381879258e-08,3.480915287607039e-07,1.4347327511508904e-06
2020-04-22,0.0,0.0,0.0,0.0,3.0068415241790596e-08,3.5961178453463856e-07,1.3036530516438907e-06
2020-04-23,0.0,0.0,0.0,1.1572412467450896e-08,3.34903832001402e-08,4.59876717178149e-07,1.1715416574730945e-06
2020-04-24,0.0,2.305504391333491e-06,0.0,2.2914530078953115e-08,4.7893658683714614e-08,4.2592661787847895e-07,9.82953070518188e-07
2020-04-25,0.0,0.0,1.9829847790102746e-07,3.402979004266176e-08,2.1884819454208182e-08,3.6352463553442553e-07,9.63857467177266e-07
2020-04-26,0.0,1.129926172843993e-06,1.9632537507862535e-07,2.2460791982837582e-08,2.1667061862269367e-08,3.887001053725517e-07,9.510063316771188e-07
2020-04-27,0.0,0.0,1.9437190495733608e-07,2.2237303368482993e-08,2.1451470994572728e-08,4.653404494096521e-07,1.1127334170388536e-06
2020-04-28,0.0,2.215104271112523e-06,0.0,1.1008019251498203e-08,2.477769617382713e-08,2.090139148575525e-07,1.152507451525528e-06
2020-04-29,0.0,1.0965318076760126e-06,1.9052308336728754e-07,1.0898487629853437e-08,2.1026703409358528e-08,2.831731043713447e-07,9.783066082885573e-07
2020-04-30,0.0,0.0,1.8862734701316194e-07,3.237013759816127e-08,2.4287064917183218e-08,2.5878967837392513e-07,7.568025187902012e-07
2020-05-01,0.0,0.0,0.0,1.0688648691421333e-08,1.718665416909913e-08,2.028484130679645e-07,7.415592350139293e-07
2020-05-02,0.0,0.0,0.0,0.0,1.3612515282256829e-08,2.0083003763422082e-07,7.745849891068106e-07
2020-05-03,0.0,0.0,0.0,2.095399853354635e-08,3.032340410723937e-08,2.0905259184868176e-07,4.089333148646034e-07
2020-05-04,0.0,9.33473710713819e-07,0.0,2.0745502764517875e-08,3.335742355009019e-08,2.661074791773687e-07,6.418711281728572e-07
2020-05-05,0.0,0.0,1.304259502428673e-07,2.0539081563053828e-08,6.605102328013475e-09,2.1610377261279812e-07,5.281783969668774e-07
2020-05-06,0.0,0.0,0.0,3.050207143029307e-08,4.2505973001348905e-08,1.711500767776538e-07,3.7440612587116677e-07
2020-05-07,0.0,0.0,0.0,2.01323804990446e-08,2.2660093886409592e-08,1.7984027101909493e-07,2.6351146681262767e-07
2020-05-08,0.0,6.790013583093996e-07,8.688547036802499e-08,1.99320599660541e-08,3.5254406290683426e-08,1.432353676005832e-07,2.790700657641425e-07
2020-05-09,0.0,0.0,0.0,0.0,2.5384450245103084e-08,9.272202238304973e-08,2.8492743697085107e-07
2020-05-10,0.0,0.0,0.0,0.0,9.424451529366876e-09,1.2959918519325886e-07,2.5217347476682567e-07
2020-05-11,0.0,0.0,8.43176166489111e-08,0.0,2.1771578896262465e-08,9.517967215887206e-08,2.0311672415092543e-07
2020-05-12,0.0,0.0,8.347864234538052e-08,0.0,2.155494806670155e-08,1.2421572451447985e-07,2.2204314553743462e-07
2020-05-13,0.0,0.0,8.512671289045802e-08,0.0,1.5243194821364155e-08,1.1873907611477966e-07,2.198337793244795e-07
2020-05-14,0.0,8.387988793498627e-07,0.0,0.0,2.7164740497655976e-08,1.3855003159678303e-07,2.2996600403148162e-07
2020-05-15,0.0,0.0,4.172054551909601e-08,0.0,2.6894446813543593e-08,8.267011361977203e-08,1.7888970318947266e-07
2020-05-16,0.0,0.0,0.0,0.0,1.4792690331402594e-08,8.512143353509134e-08,2.33462813916504e-07
2020-05-17,0.0,0.0,0.0,0.0,8.787300361984838e-09,1.1020506454141821e-07,2.5106566666539323e-07
2020-05-18,0.0,0.0,0.0,0.0,2.3199640699965585e-08,9.627221102430655e-08,1.297332606223126e-07
2020-05-19,0.0,3.989450876379069e-07,0.0,0.0,2.0097700365786188e-08,6.03657147955437e-08,1.2377176063409962e-07
2020-05-20,0.0,0.0,0.0,0.0,3.126785342353705e-08,9.122036373825549e-08,1.1097981377083667e-07
2020-05-21,0.0,0.0,0.0,0.0,1.688549077290884e-08,5.605616231602664e-08,1.1445369393055255e-07
2020-05-22,0.0,3.871544784293249e-07,0.0,0.0,0.0,1.0174705599959738e-07,1.1784745507383861e-07
2020-05-23,0.0,0.0,0.0,0.0,0.0,4.5788479944031206e-08,1.435998194506049e-07
2020-05-24,0.0,3.7948830612119307e-07,0.0,0.0,0.0,6.648821953578232e-08,0.0
2020-05-25,0.0,0.0,0.0,0.0,0.0,8.677149410148659e-08,0.0
2020-05-26,0.0,0.0,0.0,0.0,0.0,6.813401296947948e-08,0.0
2020-05-27,0.0,5.1648550558201e-07,0.0,0.0,0.0,7.332181327510525e-08,0.0
2020-05-28,0.0,0.0,0.0,0.0,0.0,8.711069885184658e-08,0.0
2020-05-29,0.0,2.5312920367682746e-07,0.0,0.0,0.0,7.474474186057193e-08,0.0
2020-05-30,0.0,0.0,0.0,0.0,0.0,5.977005401178302e-08,0.0
2020-05-31,0.0,0.0,0.0,0.0,0.0,8.735406157923247e-08,0.0
2020-06-01,0.0,4.967475871540456e-07,0.0,0.0,0.0,5.859204860390055e-08,0.0
2020-06-02,0.0,0.0,0.0,0.0,0.0,5.800904797931492e-08,0.0
2020-06-03,0.0,0.0,0.0,0.0,0.0,5.743184830786826e-08,0.0
2020-06-04,0.0,4.820664772546419e-07,0.0,0.0,0.0,8.122913124158914e-08,0.0
2020-06-05,0.0,0.0,0.0,0.0,0.0,5.629462151692728e-08,0.0
2020-06-06,0.0,0.0,0.0,0.0,0.0,6.104252645226393e-08,0.0
2020-06-07,0.0,0.0,0.0,0.0,0.0,7.094560284668319e-08,0.0
2020-06-08,0.0,0.0,0.0,0.0,0.0,7.02396823035932e-08,0.0
2020-06-09,0.0,0.0,0.0,0.0,0.0,8.756987839878045e-08,0.0
2020-06-10,0.0,0.0,0.0,0.0,0.0,0.0,0.0
2020-06-11,0.0,0.0,0.0,0.0,0.0,0.0,0.0
2020-06-12,0.0,0.0,0.0,0.0,0.0,0.0,0.0
2020-06-13,0.0,0.0,0.0,0.0,0.0,0.0,0.0
2020-06-14,0.0,0.0,0.0,0.0,0.0,0.0,0.0
2020-06-15,0.0,0.0,0.0,0.0,0.0,0.0,0.0
2020-06-16,0.0,0.0,0.0,0.0,0.0,0.0,0.0
2020-06-17,0.0,0.0,0.0,0.0,0.0,0.0,0.0
2020-06-18,0.0,0.0,0.0,0.0,0.0,0.0,0.0
2020-06-19,0.0,0.0,0.0,0.0,0.0,0.0,0.0
2020-06-20,0.0,0.0,0.0,0.0,0.0,0.0,0.0
2020-06-21,0.0,0.0,0.0,0.0,0.0,0.0,0.0
2020-06-22,0.0,0.0,0.0,0.0,0.0,0.0,0.0
2020-06-23,0.0,0.0,0.0,0.0,0.0,0.0,0.0
2020-06-24,0.0,0.0,0.0,0.0,0.0,0.0,0.0
2020-06-25,0.0,0.0,0.0,0.0,0.0,0.0,0.0
2020-06-26,0.0,0.0,0.0,0.0,0.0,0.0,0.0
2020-06-27,0.0,0.0,0.0,0.0,0.0,0.0,0.0
2020-06-28,0.0,0.0,0.0,0.0,0.0,0.0,0.0
2020-06-29,0.0,0.0,0.0,0.0,0.0,0.0,0.0
2020-06-30,0.0,0.0,0.0,0.0,0.0,0.0,0.0
2020-07-01,0.0,0.0,0.0,0.0,0.0,0.0,0.0
2020-07-02,0.0,0.0,0.0,0.0,0.0,0.0,0.0
2020-07-03,0.0,0.0,0.0,0.0,0.0,0.0,0.0
2020-07-04,0.0,0.0,0.0,0.0,0.0,0.0,0.0
2020-07-05,0.0,0.0,0.0,0.0,0.0,0.0,0.0
2020-07-06,0.0,0.0,0.0,0.0,0.0,0.0,0.0
2020-07-07,0.0,0.0,0.0,0.0,0.0,0.0,0.0
2020-07-08,0.0,0.0,0.0,0.0,0.0,0.0,0.0
2020-07-09,0.0,0.0,0.0,0.0,0.0,0.0,0.0
2020-07-10,0.0,0.0,0.0,0.0,0.0,0.0,0.0
2020-07-11,0.0,0.0,0.0,0.0,0.0,0.0,0.0
2020-07-12,0.0,0.0,0.0,0.0,0.0,0.0,0.0
2020-07-13,0.0,0.0,0.0,0.0,0.0,0.0,0.0
2020-07-14,0.0,0.0,0.0,0.0,0.0,0.0,0.0
2020-07-15,0.0,0.0,0.0,0.0,0.0,0.0,0.0
2020-07-16,0.0,0.0,0.0,0.0,0.0,0.0,0.0
2020-07-17,0.0,0.0,0.0,0.0,0.0,0.0,0.0
2020-07-18,0.0,0.0,0.0,0.0,0.0,0.0,0.0
2020-07-19,0.0,0.0,0.0,0.0,0.0,0.0,0.0
2020-07-20,0.0,0.0,0.0,0.0,0.0,0.0,0.0
2020-07-21,0.0,0.0,0.0,0.0,0.0,0.0,0.0
2020-07-22,0.0,0.0,0.0,0.0,0.0,0.0,0.0
2020-07-23,0.0,0.0,0.0,0.0,0.0,0.0,0.0
2020-07-24,0.0,0.0,0.0,0.0,0.0,0.0,0.0
2020-07-25,0.0,0.0,0.0,0.0,0.0,0.0,0.0
2020-07-26,0.0,0.0,0.0,0.0,0.0,0.0,0.0
2020-07-27,0.0,0.0,0.0,0.0,0.0,0.0,0.0
2020-07-28,0.0,0.0,0.0,0.0,0.0,0.0,0.0
2020-07-29,0.0,0.0,0.0,0.0,0.0,0.0,0.0
2020-07-30,0.0,0.0,0.0,0.0,0.0,0.0,0.0
2020-07-31,0.0,0.0,0.0,0.0,0.0,0.0,0.0
2020-08-01,0.0,0.0,0.0,0.0,0.0,0.0,0.0
2020-08-02,0.0,0.0,0.0,0.0,0.0,0.0,0.0
2020-08-03,0.0,0.0,0.0,0.0,0.0,0.0,0.0
2020-08-04,0.0,0.0,0.0,0.0,0.0,0.0,0.0
2020-08-05,0.0,0.0,0.0,0.0,0.0,0.0,0.0
2020-08-06,0.0,0.0,0.0,0.0,0.0,0.0,0.0
2020-08-07,0.0,0.0,0.0,0.0,0.0,0.0,0.0
2020-08-08,0.0,0.0,0.0,0.0,0.0,0.0,0.0
2020-08-09,0.0,0.0,0.0,0.0,0.0,0.0,0.0
2020-08-10,0.0,0.0,0.0,0.0,0.0,0.0,0.0
2020-08-11,0.0,0.0,0.0,0.0,0.0,0.0,0.0
2020-08-12,0.0,0.0,0.0,0.0,0.0,0.0,0.0
2020-08-13,0.0,0.0,0.0,0.0,0.0,0.0,0.0
2020-08-14,0.0,0.0,0.0,0.0,0.0,0.0,0.0
2020-08-15,0.0,0.0,0.0,0.0,0.0,0.0,0.0
2020-08-16,0.0,0.0,0.0,0.0,0.0,0.0,0.0
2020-08-17,0.0,0.0,0.0,0.0,0.0,0.0,0.0
2020-08-18,0.0,0.0,0.0,0.0,0.0,0.0,0.0
2020-08-19,0.0,0.0,0.0,0.0,0.0,0.0,0.0
2020-08-20,0.0,0.0,0.0,0.0,0.0,0.0,0.0
2020-08-21,0.0,0.0,0.0,0.0,0.0,0.0,0.0
2020-08-22,0.0,0.0,0.0,0.0,0.0,0.0,0.0
2020-08-23,0.0,0.0,0.0,0.0,0.0,0.0,0.0
2020-08-24,0.0,0.0,0.0,0.0,0.0,0.0,0.0
2020-08-25,0.0,0.0,0.0,0.0,0.0,0.0,0.0
2020-08-26,0.0,0.0,0.0,0.0,0.0,0.0,0.0
2020-08-27,0.0,0.0,0.0,0.0,0.0,0.0,0.0
2020-08-28,0.0,0.0,0.0,0.0,0.0,0.0,0.0
2020-08-29,0.0,0.0,0.0,0.0,0.0,0.0,0.0
2020-08-30,0.0,0.0,0.0,0.0,0.0,0.0,0.0
2020-08-31,0.0,0.0,0.0,0.0,0.0,0.0,0.0
2020-09-01,0.0,0.0,0.0,0.0,0.0,0.0,0.0
2020-09-02,0.0,0.0,0.0,0.0,0.0,0.0,0.0
2020-09-03,0.0,0.0,0.0,0.0,0.0,0.0,0.0
2020-09-04,0.0,0.0,0.0,0.0,0.0,0.0,0.0
2020-09-05,0.0,0.0,0.0,0.0,0.0,0.0,0.0
2020-09-06,0.0,0.0,0.0,0.0,0.0,0.0,0.0
2020-09-07,0.0,0.0,0.0,0.0,0.0,0.0,0.0
2020-09-08,0.0,0.0,0.0,0.0,0.0,0.0,0.0
2020-09-09,0.0,0.0,0.0,0.0,0.0,0.0,0.0
2020-09-10,0.0,0.0,0.0,0.0,0.0,0.0,0.0
2020-09-11,0.0,0.0,0.0,0.0,0.0,0.0,0.0
2020-09-12,0.0,0.0,0.0,0.0,0.0,0.0,0.0
2020-09-13,0.0,0.0,0.0,0.0,0.0,0.0,0.0
2020-09-14,0.0,0.0,0.0,0.0,0.0,0.0,0.0
2020-09-15,0.0,0.0,0.0,0.0,0.0,0.0,0.0
2020-09-16,0.0,0.0,0.0,0.0,0.0,0.0,0.0
2020-09-17,0.0,0.0,0.0,0.0,0.0,0.0,0.0
2020-09-18,0.0,0.0,0.0,0.0,0.0,0.0,0.0
2020-09-19,0.0,0.0,0.0,0.0,0.0,0.0,0.0
2020-09-20,0.0,0.0,0.0,0.0,0.0,0.0,0.0
2020-09-21,0.0,0.0,0.0,0.0,0.0,0.0,0.0
2020-09-22,0.0,0.0,0.0,0.0,0.0,0.0,0.0
2020-09-23,0.0,0.0,0.0,0.0,0.0,0.0,0.0
2020-09-24,0.0,0.0,0.0,0.0,0.0,0.0,0.0
2020-09-25,0.0,0.0,0.0,0.0,0.0,0.0,0.0
2020-09-26,0.0,0.0,0.0,0.0,0.0,0.0,0.0
2020-09-27,0.0,0.0,0.0,0.0,0.0,0.0,0.0
2020-09-28,0.0,0.0,0.0,0.0,0.0,0.0,0.0
2020-09-29,0.0,0.0,0.0,0.0,0.0,0.0,0.0
2020-09-30,0.0,0.0,0.0,0.0,0.0,0.0,0.0
2020-10-01,0.0,0.0,0.0,0.0,0.0,0.0,0.0
2020-10-02,0.0,0.0,0.0,0.0,0.0,0.0,0.0
2020-10-03,0.0,0.0,0.0,0.0,0.0,0.0,0.0
2020-10-04,0.0,0.0,0.0,0.0,0.0,0.0,0.0
2020-10-05,0.0,0.0,0.0,0.0,0.0,0.0,0.0
2020-10-06,0.0,0.0,0.0,0.0,0.0,0.0,0.0
2020-10-07,0.0,0.0,0.0,0.0,0.0,0.0,0.0
2020-10-08,0.0,0.0,0.0,0.0,0.0,0.0,0.0
2020-10-09,0.0,0.0,0.0,0.0,0.0,0.0,0.0
2020-10-10,0.0,0.0,0.0,0.0,0.0,0.0,0.0
2020-10-11,0.0,0.0,0.0,0.0,0.0,0.0,0.0
2020-10-12,0.0,0.0,0.0,0.0,0.0,0.0,0.0
2020-10-13,0.0,0.0,0.0,0.0,0.0,0.0,0.0
2020-10-14,0.0,0.0,0.0,0.0,0.0,0.0,0.0
2020-10-15,0.0,0.0,0.0,0.0,0.0,0.0,0.0
2020-10-16,0.0,0.0,0.0,0.0,0.0,0.0,0.0
2020-10-17,0.0,0.0,0.0,0.0,0.0,0.0,0.0
2020-10-18,0.0,0.0,0.0,0.0,0.0,0.0,0.0
2020-10-19,0.0,0.0,0.0,0.0,0.0,0.0,0.0
2020-10-20,0.0,0.0,0.0,0.0,0.0,0.0,0.0
2020-10-21,0.0,0.0,0.0,0.0,0.0,0.0,0.0
2020-10-22,0.0,0.0,0.0,0.0,0.0,0.0,0.0
2020-10-23,0.0,0.0,0.0,0.0,0.0,0.0,0.0
2020-10-24,0.0,0.0,0.0,0.0,0.0,0.0,0.0
2020-10-25,0.0,0.0,0.0,0.0,0.0,0.0,0.0
2020-10-26,0.0,0.0,0.0,0.0,0.0,0.0,0.0
2020-10-27,0.0,0.0,0.0,0.0,0.0,0.0,0.0
2020-10-28,0.0,0.0,0.0,0.0,0.0,0.0,0.0
2020-10-29,0.0,0.0,0.0,0.0,0.0,0.0,0.0
2020-10-30,0.0,0.0,0.0,0.0,0.0,0.0,0.0
2020-10-31,0.0,0.0,0.0,0.0,0.0,0.0,0.0
2020-11-01,0.0,0.0,0.0,0.0,0.0,0.0,0.0
2020-11-02,0.0,0.0,0.0,0.0,0.0,0.0,0.0
2020-11-03,0.0,0.0,0.0,0.0,0.0,0.0,0.0
2020-11-04,0.0,0.0,0.0,0.0,0.0,0.0,0.0
2020-11-05,0.0,0.0,0.0,0.0,0.0,0.0,0.0
2020-11-06,0.0,0.0,0.0,0.0,0.0,0.0,0.0
2020-11-07,0.0,0.0,0.0,0.0,0.0,0.0,0.0
2020-11-08,0.0,0.0,0.0,0.0,0.0,0.0,0.0
2020-11-09,0.0,0.0,0.0,0.0,0.0,0.0,0.0
2020-11-10,0.0,0.0,0.0,0.0,0.0,0.0,0.0
2020-11-11,0.0,0.0,0.0,0.0,0.0,0.0,0.0
2020-11-12,0.0,0.0,0.0,0.0,0.0,0.0,0.0
2020-11-13,0.0,0.0,0.0,0.0,0.0,0.0,0.0
2020-11-14,0.0,0.0,0.0,0.0,0.0,0.0,0.0
2020-11-15,0.0,0.0,0.0,0.0,0.0,0.0,0.0
2020-11-16,0.0,0.0,0.0,0.0,0.0,0.0,0.0
2020-11-17,0.0,0.0,0.0,0.0,0.0,0.0,0.0
2020-11-18,0.0,0.0,0.0,0.0,0.0,0.0,0.0
2020-11-19,0.0,0.0,0.0,0.0,0.0,0.0,0.0
2020-11-20,0.0,0.0,0.0,0.0,0.0,0.0,0.0
2020-11-21,0.0,0.0,0.0,0.0,0.0,0.0,0.0
2020-11-22,0.0,0.0,0.0,0.0,0.0,0.0,0.0
2020-11-23,0.0,0.0,0.0,0.0,0.0,0.0,0.0
2020-11-24,0.0,0.0,0.0,0.0,0.0,0.0,0.0
2020-11-25,0.0,0.0,0.0,0.0,0.0,0.0,0.0
2020-11-26,0.0,0.0,0.0,0.0,0.0,0.0,0.0
2020-11-27,0.0,0.0,0.0,0.0,0.0,0.0,0.0
2020-11-28,0.0,0.0,0.0,0.0,0.0,0.0,0.0
2020-11-29,0.0,0.0,0.0,0.0,0.0,0.0,0.0
2020-11-30,0.0,0.0,0.0,0.0,0.0,0.0,0.0
2020-12-01,0.0,0.0,0.0,0.0,0.0,0.0,0.0
2020-12-02,0.0,0.0,0.0,0.0,0.0,0.0,0.0
2020-12-03,0.0,0.0,0.0,0.0,0.0,0.0,0.0
2020-12-04,0.0,0.0,0.0,0.0,0.0,0.0,0.0
2020-12-05,0.0,0.0,0.0,0.0,0.0,0.0,0.0
2020-12-06,0.0,0.0,0.0,0.0,0.0,0.0,0.0
2020-12-07,0.0,0.0,0.0,0.0,0.0,0.0,0.0
2020-12-08,0.0,0.0,0.0,0.0,0.0,0.0,0.0
2020-12-09,0.0,0.0,0.0,0.0,0.0,0.0,0.0
2020-12-10,0.0,0.0,0.0,0.0,0.0,0.0,0.0
2020-12-11,0.0,0.0,0.0,0.0,0.0,0.0,0.0
2020-12-12,0.0,0.0,0.0,0.0,0.0,0.0,0.0
2020-12-13,0.0,0.0,0.0,0.0,0.0,0.0,0.0
2020-12-14,0.0,0.0,0.0,0.0,0.0,0.0,0.0
2020-12-15,0.0,0.0,0.0,0.0,0.0,0.0,0.0
2020-12-16,0.0,0.0,0.0,0.0,0.0,0.0,0.0
2020-12-17,0.0,0.0,0.0,0.0,0.0,0.0,0.0
2020-12-18,0.0,0.0,0.0,0.0,0.0,0.0,0.0
2020-12-19,0.0,0.0,0.0,0.0,0.0,0.0,0.0
2020-12-20,0.0,0.0,0.0,0.0,0.0,0.0,0.0
2020-12-21,0.0,0.0,0.0,0.0,0.0,0.0,0.0
2020-12-22,0.0,0.0,0.0,0.0,0.0,0.0,0.0
2020-12-23,0.0,0.0,0.0,0.0,0.0,0.0,0.0
2020-12-24,0.0,0.0,0.0,0.0,0.0,0.0,0.0
2020-12-25,0.0,0.0,0.0,0.0,0.0,0.0,0.0
2020-12-26,0.0,0.0,0.0,0.0,0.0,0.0,0.0
2020-12-27,0.0,0.0,0.0,0.0,0.0,0.0,0.0
2020-12-28,0.0,0.0,0.0,0.0,0.0,0.0,0.0
2020-12-29,0.0,0.0,0.0,0.0,0.0,0.0,0.0
2020-12-30,0.0,0.0,0.0,0.0,0.0,0.0,0.0
2020-12-31,0.0,0.0,0.0,0.0,0.0,0.0,0.0
2021-01-01,0.0,0.0,0.0,0.0,0.0,0.0,0.0
2021-01-02,0.0,0.0,0.0,0.0,0.0,0.0,0.0
2021-01-03,0.0,0.0,0.0,0.0,0.0,0.0,0.0
2021-01-04,0.0,0.0,0.0,0.0,0.0,0.0,0.0
2021-01-05,0.0,0.0,0.0,0.0,0.0,0.0,0.0
2021-01-06,0.0,0.0,0.0,0.0,0.0,0.0,0.0
2021-01-07,0.0,0.0,0.0,0.0,0.0,0.0,0.0
2021-01-08,0.0,0.0,0.0,0.0,0.0,0.0,0.0
2021-01-09,0.0,0.0,0.0,0.0,0.0,0.0,0.0
2021-01-10,0.0,0.0,0.0,0.0,0.0,0.0,0.0
2021-01-11,0.0,0.0,0.0,0.0,0.0,0.0,0.0
2021-01-12,0.0,0.0,0.0,0.0,0.0,0.0,0.0
2021-01-13,0.0,0.0,0.0,0.0,0.0,0.0,0.0
2021-01-14,0.0,0.0,0.0,0.0,0.0,0.0,0.0
2021-01-15,0.0,0.0,0.0,0.0,0.0,0.0,0.0
2021-01-16,0.0,0.0,0.0,0.0,0.0,0.0,0.0
2021-01-17,0.0,0.0,0.0,0.0,0.0,0.0,0.0
2021-01-18,0.0,0.0,0.0,0.0,0.0,0.0,0.0
2021-01-19,0.0,0.0,0.0,0.0,0.0,0.0,0.0
2021-01-20,0.0,0.0,0.0,0.0,0.0,0.0,0.0
2021-01-21,0.0,0.0,0.0,0.0,0.0,0.0,0.0
2021-01-22,0.0,0.0,0.0,0.0,0.0,0.0,0.0
2021-01-23,0.0,0.0,0.0,0.0,0.0,0.0,0.0
2021-01-24,0.0,0.0,0.0,0.0,0.0,0.0,0.0
2021-01-25,0.0,0.0,0.0,0.0,0.0,0.0,0.0
2021-01-26,0.0,0.0,0.0,0.0,0.0,0.0,0.0
2021-01-27,0.0,0.0,0.0,0.0,0.0,0.0,0.0
2021-01-28,0.0,0.0,0.0,0.0,0.0,0.0,0.0
2021-01-29,0.0,0.0,0.0,0.0,0.0,0.0,0.0
2021-01-30,0.0,0.0,0.0,0.0,0.0,0.0,0.0
2021-01-31,0.0,0.0,0.0,0.0,0.0,0.0,0.0
2021-02-01,0.0,0.0,0.0,0.0,0.0,0.0,0.0
2021-02-02,0.0,0.0,0.0,0.0,0.0,0.0,0.0
2021-02-03,0.0,0.0,0.0,0.0,0.0,0.0,0.0
2021-02-04,0.0,0.0,0.0,0.0,0.0,0.0,0.0
2021-02-05,0.0,0.0,0.0,0.0,0.0,0.0,0.0
2021-02-06,0.0,0.0,0.0,0.0,0.0,0.0,0.0
2021-02-07,0.0,0.0,0.0,0.0,0.0,0.0,0.0
2021-02-08,0.0,0.0,0.0,0.0,0.0,0.0,0.0
2021-02-09,0.0,0.0,0.0,0.0,0.0,0.0,0.0
2021-02-10,0.0,0.0,0.0,0.0,0.0,0.0,0.0
2021-02-11,0.0,0.0,0.0,0.0,0.0,0.0,0.0
2021-02-12,0.0,0.0,0.0,0.0,0.0,0.0,0.0
2021-02-13,0.0,0.0,0.0,0.0,0.0,0.0,0.0
2021-02-14,0.0,0.0,0.0,0.0,0.0,0.0,0.0
2021-02-15,0.0,0.0,0.0,0.0,0.0,0.0,0.0
2021-02-16,0.0,0.0,0.0,0.0,0.0,0.0,0.0
2021-02-17,0.0,0.0,0.0,0.0,0.0,0.0,0.0
2021-02-18,0.0,0.0,0.0,0.0,0.0,0.0,0.0
2021-02-19,0.0,0.0,0.0,0.0,0.0,0.0,0.0
2021-02-20,0.0,0.0,0.0,0.0,0.0,0.0,0.0
2021-02-21,0.0,0.0,0.0,0.0,0.0,0.0,0.0
2021-02-22,0.0,0.0,0.0,0.0,0.0,0.0,0.0
2021-02-23,0.0,0.0,0.0,0.0,0.0,0.0,0.0
2021-02-24,0.0,0.0,0.0,0.0,0.0,0.0,0.0
2021-02-25,0.0,0.0,0.0,0.0,0.0,0.0,0.0
2021-02-26,0.0,0.0,0.0,0.0,0.0,0.0,0.0
2021-02-27,0.0,0.0,0.0,0.0,0.0,0.0,0.0
2021-02-28,0.0,0.0,0.0,0.0,0.0,0.0,0.0
2021-03-01,0.0,0.0,0.0,0.0,0.0,0.0,0.0
2021-03-02,0.0,0.0,0.0,0.0,0.0,0.0,0.0
2021-03-03,0.0,0.0,0.0,0.0,0.0,0.0,0.0
2021-03-04,0.0,0.0,0.0,0.0,0.0,0.0,0.0
2021-03-05,0.0,0.0,0.0,0.0,0.0,0.0,0.0
2021-03-06,0.0,0.0,0.0,0.0,0.0,0.0,0.0
2021-03-07,0.0,0.0,0.0,0.0,0.0,0.0,0.0
2021-03-08,0.0,0.0,0.0,0.0,0.0,0.0,0.0
2021-03-09,0.0,0.0,0.0,0.0,0.0,0.0,0.0
2021-03-10,0.0,0.0,0.0,0.0,0.0,0.0,0.0
2021-03-11,0.0,0.0,0.0,0.0,0.0,0.0,0.0
2021-03-12,0.0,0.0,0.0,0.0,0.0,0.0,0.0
2021-03-13,0.0,0.0,0.0,0.0,0.0,0.0,0.0
2021-03-14,0.0,0.0,0.0,0.0,0.0,0.0,0.0
2021-03-15,0.0,0.0,0.0,0.0,0.0,0.0,0.0
2021-03-16,0.0,0.0,0.0,0.0,0.0,0.0,0.0
2021-03-17,0.0,0.0,0.0,0.0,0.0,0.0,0.0
2021-03-18,0.0,0.0,0.0,0.0,0.0,0.0,0.0
2021-03-19,0.0,0.0,0.0,0.0,0.0,0.0,0.0
2021-03-20,0.0,0.0,0.0,0.0,0.0,0.0,0.0
2021-03-21,0.0,0.0,0.0,0.0,0.0,0.0,0.0
2021-03-22,0.0,0.0,0.0,0.0,0.0,0.0,0.0
2021-03-23,0.0,0.0,0.0,0.0,0.0,0.0,0.0
2021-03-24,0.0,0.0,0.0,0.0,0.0,0.0,0.0
2021-03-25,0.0,0.0,0.0,0.0,0.0,0.0,0.0
2021-03-26,0.0,0.0,0.0,0.0,0.0,0.0,0.0
2021-03-27,0.0,0.0,0.0,0.0,0.0,0.0,0.0
2021-03-28,0.0,0.0,0.0,0.0,0.0,0.0,0.0
2021-03-29,0.0,0.0,0.0,0.0,0.0,0.0,0.0
2021-03-30,0.0,0.0,0.0,0.0,0.0,0.0,0.0
2021-03-31,0.0,0.0,0.0,0.0,0.0,0.0,0.0
2021-04-01,0.0,0.0,0.0,0.0,0.0,0.0,0.0
2021-04-02,0.0,0.0,0.0,0.0,0.0,0.0,0.0
2021-04-03,0.0,0.0,0.0,0.0,0.0,0.0,0.0
2021-04-04,0.0,0.0,0.0,0.0,0.0,0.0,0.0
2021-04-05,0.0,0.0,0.0,0.0,0.0,0.0,0.0
2021-04-06,0.0,0.0,0.0,0.0,0.0,0.0,0.0
2021-04-07,0.0,0.0,0.0,0.0,0.0,0.0,0.0
2021-04-08,0.0,0.0,0.0,0.0,0.0,0.0,0.0
2021-04-09,0.0,0.0,0.0,0.0,0.0,0.0,0.0
2021-04-10,0.0,0.0,0.0,0.0,0.0,0.0,0.0
2021-04-11,0.0,0.0,0.0,0.0,0.0,0.0,0.0
2021-04-12,0.0,0.0,0.0,0.0,0.0,0.0,0.0
2021-04-13,0.0,0.0,0.0,0.0,0.0,0.0,0.0
2021-04-14,0.0,0.0,0.0,0.0,0.0,0.0,0.0
2021-04-15,0.0,0.0,0.0,0.0,0.0,0.0,0.0
2021-04-16,0.0,0.0,0.0,0.0,0.0,0.0,0.0
2021-04-17,0.0,0.0,0.0,0.0,0.0,0.0,0.0
2021-04-18,0.0,0.0,0.0,0.0,0.0,0.0,0.0
2021-04-19,0.0,0.0,0.0,0.0,0.0,0.0,0.0
2021-04-20,0.0,0.0,0.0,0.0,0.0,0.0,0.0
2021-04-21,0.0,0.0,0.0,0.0,2.5546479034243454e-08,0.0,0.0
2021-04-22,0.0,0.0,0.0,0.0,4.300537569491632e-08,0.0,0.0
2021-04-23,0.0,0.0,0.0,0.0,2.8958391270778436e-08,0.0,0.0
2021-04-24,0.0,0.0,0.0,0.0,2.6324485147384623e-08,0.0,0.0
2021-04-25,0.0,0.0,0.0,0.0,1.772603374768036e-08,0.0,0.0
2021-04-26,0.0,0.0,0.0,0.0,1.7904183348584152e-08,0.0,0.0
2021-04-27,0.0,0.0,0.0,0.0,2.4112164510324e-08,0.0,0.0
2021-04-28,0.0,0.0,0.0,0.0,1.2177247896206851e-08,0.0,0.0
2021-04-29,0.0,0.0,0.0,0.0,3.9973801634614465e-08,0.0,0.0
2021-04-30,0.0,0.0,0.0,0.0,1.2423244621548224e-08,0.0,0.0
2021-05-01,0.0,0.0,0.0,0.0,3.454673072038044e-08,0.0,0.0
2021-05-02,0.0,0.0,0.0,0.0,2.8549580020635304e-08,0.0,0.0
2021-05-03,0.0,0.0,0.0,0.0,3.5244620974475626e-08,0.0,0.0
2021-05-04,0.0,0.0,0.0,0.0,6.4725155098340506e-09,0.0,0.0
2021-05-05,0.0,0.0,0.0,0.0,2.941904417473239e-08,0.0,0.0
2021-05-06,0.0,0.0,0.0,0.0,1.980980698942998e-08,0.0,0.0
2021-05-07,0.0,0.0,0.0,0.0,2.000889885957887e-08,0.0,0.0
2021-05-08,0.0,0.0,0.0,0.0,4.7156647151338344e-08,0.0,0.0
2021-05-09,0.0,0.0,0.0,0.0,3.0619658143503285e-08,0.0,0.0
2021-05-10,0.0,0.0,0.0,0.0,3.4363767582117336e-08,0.0,0.0
2021-05-11,0.0,0.0,0.0,0.0,2.4296390431571393e-08,0.0,0.0
2021-05-12,0.0,0.0,0.0,0.0,4.9081146429901734e-08,0.0,0.0
2021-05-13,0.0,0.0,0.0,0.0,2.4787210076102383e-08,0.0,0.0
2021-05-14,0.0,0.0,0.0,0.0,7.153235908262167e-09,0.0,0.0
2021-05-15,0.0,0.0,0.0,0.0,2.167538137299802e-08,0.0,0.0
2021-05-16,0.0,0.0,0.0,0.0,1.824435214784143e-08,0.0,0.0
2021-05-17,0.0,0.0,0.0,0.0,3.685542187053927e-08,0.0,0.0
2021-05-18,0.0,0.0,0.0,0.0,3.7225825018295686e-08,0.0,0.0
2021-05-19,0.0,0.0,0.0,0.0,1.8799975389787782e-08,0.0,0.0
2021-05-20,0.0,0.0,0.0,0.0,7.595567313453358e-09,0.0,0.0
2021-05-21,0.0,0.0,0.0,0.0,2.301571210215783e-08,0.0,0.0
2021-05-22,0.0,0.0,0.0,0.0,1.5498015902897085e-08,0.0,0.0
2021-05-23,0.0,0.0,0.0,0.0,4.6961320656582885e-08,0.0,0.0
2021-05-24,0.0,0.0,0.0,0.0,3.557496733175605e-08,0.0,0.0
2021-05-25,0.0,0.0,0.0,0.0,2.7947501320242014e-08,0.0,0.0
2021-05-26,0.0,0.0,0.0,0.0,2.8228378378095455e-08,0.0,0.0
2021-05-27,0.0,0.0,0.0,0.0,5.295100255214793e-08,0.0,0.0
2021-05-28,0.0,0.0,0.0,0.0,2.057044960579663e-08,0.0,0.0
2021-05-29,0.0,0.0,0.0,0.0,2.4932623273597612e-08,0.0,0.0
2021-05-30,0.0,0.0,0.0,0.0,3.357760040445851e-08,0.0,0.0
2021-05-31,0.0,0.0,0.0,0.0,5.0872591348213134e-08,0.0,0.0
2021-06-01,0.0,0.0,0.0,0.0,2.5682872462140033e-08,0.0,0.0
2021-06-02,0.0,0.0,0.0,0.0,3.4587986162114556e-08,0.0,0.0
2021-06-03,0.0,0.0,0.0,0.0,4.3669501502685874e-08,0.0,0.0
2021-06-04,0.0,0.0,0.0,0.0,3.0875871102489134e-08,0.0,0.0
2021-06-05,0.0,0.0,0.0,0.0,3.1186178765938386e-08,0.0,0.0
2021-06-06,0.0,0.0,0.0,0.0,3.5999548655146057e-08,0.0,0.0
2021-06-07,0.0,0.0,0.0,0.0,3.6361350134084915e-08,0.0,0.0
2021-06-08,0.0,0.0,0.0,0.0,4.1317636250630706e-08,0.0,0.0
2021-06-09,0.0,0.0,0.0,0.0,1.8547949065987743e-08,0.0,0.0
2021-06-10,0.0,0.0,0.0,0.0,3.6726787778338407e-08,0.0,0.0
2021-06-11,0.0,0.0,0.0,0.0,3.1816181367324295e-08,0.0,0.0
2021-06-12,0.0,0.0,0.0,0.0,1.7999774327573028e-08,0.0,0.0
2021-06-13,0.0,0.0,0.0,0.0,4.0096515556206494e-08,0.0,0.0
2021-06-14,0.0,0.0,0.0,0.0,2.2054193644635098e-08,0.0,0.0
2021-06-15,0.0,0.0,0.0,0.0,4.3669501502685874e-08,0.0,0.0
2021-06-16,0.0,0.0,0.0,0.0,3.0264487891850233e-08,0.0,0.0
2021-06-17,0.0,0.0,0.0,0.0,2.1402393718450022e-08,0.0,0.0
2021-06-18,0.0,0.0,0.0,0.0,3.3903098148457096e-08,0.0,0.0
2021-06-19,0.0,0.0,0.0,0.0,2.9370037099778962e-08,0.0,0.0
2021-06-20,0.0,0.0,0.0,0.0,2.0769857391316474e-08,0.0,0.0
2021-06-21,0.0,0.0,0.0,0.0,5.3464304028893696e-08,0.0,0.0
2021-06-22,0.0,0.0,0.0,0.0,3.664545598753004e-08,0.0,0.0
2021-06-23,0.0,0.0,0.0,0.0,3.628082760811658e-08,0.0,0.0
2021-06-24,0.0,0.0,0.0,0.0,3.19287354148427e-08,0.0,0.0
2021-06-25,0.0,0.0,0.0,0.0,4.3465178885268514e-08,0.0,0.0
2021-06-26,0.0,0.0,0.0,0.0,3.520856710574014e-08,0.0,0.0
2021-06-27,0.0,0.0,0.0,0.0,1.1619412003194818e-08,0.0,0.0
2021-06-28,0.0,0.0,0.0,0.0,3.4511390766078345e-08,0.0,0.0
2021-06-29,0.0,0.0,0.0,0.0,5.315021707396868e-08,0.0,0.0
2021-06-30,0.0,0.0,0.0,0.0,5.2621363577814886e-08,0.0,0.0
2021-07-01,0.0,0.0,0.0,0.0,3.3544121626673436e-08,0.0,0.0
2021-07-02,0.0,0.0,0.0,0.0,2.5830273808694375e-08,0.0,0.0
2021-07-03,0.0,0.0,0.0,0.0,2.1919935677137163e-08,0.0,0.0
2021-07-04,0.0,0.0,0.0,0.0,1.8084857227451756e-08,0.0,0.0
2021-07-05,0.0,0.0,0.0,0.0,1.432392791313284e-08,0.0,0.0
2021-07-06,0.0,0.0,0.0,0.0,2.1272103673548354e-08,0.0,0.0
2021-07-07,0.0,0.0,0.0,0.0,2.8080590273988818e-08,0.0,0.0
2021-07-08,0.0,0.0,0.0,0.0,3.8226627631969064e-08,0.0,0.0
2021-07-09,0.0,0.0,0.0,0.0,2.0643417999175813e-08,0.0,0.0
2021-07-10,0.0,0.0,0.0,0.0,1.7031677131748828e-08,0.0,0.0
2021-07-11,0.0,0.0,0.0,0.0,3.035197640296339e-08,0.0,0.0
2021-07-12,0.0,0.0,0.0,0.0,3.004996919171257e-08,0.0,0.0
2021-07-13,0.0,0.0,0.0,0.0,2.9750967002422652e-08,0.0,0.0
2021-07-14,0.0,0.0,0.0,0.0,2.9454939934625536e-08,0.0,0.0
2021-07-15,0.0,0.0,0.0,0.0,3.56422713598939e-08,0.0,0.0
2021-07-16,0.0,0.0,0.0,0.0,2.5663727152222326e-08,0.0,0.0
2021-07-17,0.0,0.0,0.0,0.0,1.905627660033129e-08,0.0,0.0
2021-07-18,0.0,0.0,0.0,0.0,2.515555130671487e-08,0.0,0.0
2021-07-19,0.0,0.0,0.0,0.0,9.339468520905649e-09,0.0,0.0
2021-07-20,0.0,0.0,0.0,0.0,2.7739617769284676e-08,0.0,0.0
2021-07-21,0.0,0.0,0.0,0.0,3.966965016552166e-08,0.0,0.0
2021-07-22,0.0,0.0,0.0,0.0,2.1148039527602818e-08,0.0,0.0
2021-07-23,0.0,0.0,0.0,0.0,1.7946525444363433e-08,0.0,0.0
2021-07-24,0.0,0.0,0.0,0.0,3.849723482056233e-08,0.0,0.0
2021-07-25,0.0,0.0,0.0,0.0,2.0523020502869456e-08,0.0,0.0
2021-07-26,0.0,0.0,0.0,0.0,1.7416125460197148e-08,0.0,0.0
2021-07-27,0.0,0.0,0.0,0.0,3.161185888010854e-08,0.0,0.0
2021-07-28,0.0,0.0,0.0,0.0,2.5606894605343873e-08,0.0,0.0
2021-07-29,0.0,0.0,0.0,0.0,2.253520155275837e-08,0.0,0.0
2021-07-30,0.0,0.0,0.0,0.0,0.0,0.0,0.0
2021-07-31,0.0,0.0,0.0,0.0,0.0,0.0,0.0
2021-08-01,0.0,0.0,0.0,0.0,0.0,0.0,0.0
2021-08-02,0.0,0.0,0.0,0.0,0.0,0.0,0.0
2021-08-03,0.0,0.0,0.0,0.0,0.0,0.0,0.0
2021-08-04,0.0,0.0,0.0,0.0,0.0,0.0,0.0
2021-08-05,0.0,0.0,0.0,0.0,0.0,0.0,0.0
2021-08-06,0.0,0.0,0.0,0.0,0.0,0.0,0.0
2021-08-07,0.0,0.0,0.0,0.0,0.0,0.0,0.0
2021-08-08,0.0,0.0,0.0,0.0,0.0,0.0,0.0
2021-08-09,0.0,0.0,0.0,0.0,0.0,0.0,0.0
2021-08-10,0.0,0.0,0.0,0.0,0.0,0.0,0.0
2021-08-11,0.0,0.0,0.0,0.0,0.0,0.0,0.0
2021-08-12,0.0,0.0,0.0,0.0,0.0,0.0,0.0
2021-08-13,0.0,0.0,0.0,0.0,0.0,0.0,0.0
2021-08-14,0.0,0.0,0.0,0.0,0.0,0.0,0.0
2021-08-15,0.0,0.0,5.5938125012134506e-08,0.0,0.0,0.0,0.0
2021-08-16,0.0,0.0,2.8250156257440767e-08,0.0,0.0,0.0,0.0
2021-08-17,0.0,0.0,8.560222514394572e-08,0.0,0.0,0.0,0.0
2021-08-18,0.0,0.0,5.764169453961262e-08,0.0,0.0,0.0,0.0
2021-08-19,0.0,0.0,2.9110501600375155e-08,0.0,0.0,0.0,0.0
2021-08-20,0.0,0.0,2.940306700536287e-08,0.0,0.0,0.0,0.0
2021-08-21,0.0,0.0,2.9698572741553753e-08,0.0,0.0,0.0,0.0
2021-08-22,0.0,0.0,5.999409671953537e-08,0.0,0.0,0.0,0.0
2021-08-23,0.0,0.0,3.0298523707815217e-08,0.0,0.0,0.0,0.0
2021-08-24,0.0,0.0,1.5301514466741198e-08,0.0,0.0,0.0,0.0
2021-08-25,0.0,0.0,3.0910594487545515e-08,0.0,0.0,0.0,0.0
2021-08-26,0.0,0.0,0.0,0.0,0.0,0.0,0.0
2021-08-27,0.0,0.0,4.730254487582639e-08,0.0,0.0,0.0,0.0
2021-08-28,0.0,0.0,1.592598111844493e-08,0.0,0.0,0.0,0.0
2021-08-29,0.0,0.0,4.825811966899384e-08,0.0,0.0,0.0,0.0
2021-08-30,0.0,0.0,4.8743121834834995e-08,0.0,0.0,0.0,0.0
2021-08-31,0.0,0.0,3.2821998902319364e-08,0.0,0.0,0.0,0.0
2021-09-01,0.0,0.0,4.987751758685574e-08,0.0,0.0,0.0,0.0
2021-09-02,0.0,0.0,6.717172662979622e-08,0.0,0.0,0.0,0.0
2021-09-03,0.0,0.0,1.6961703426439433e-08,0.0,0.0,0.0,0.0
2021-09-04,0.0,0.0,6.852868551962902e-08,0.0,0.0,0.0,0.0
2021-09-05,0.0,0.0,6.921741025915969e-08,0.0,0.0,0.0,0.0
2021-09-06,0.0,0.0,4.697935889218385e-08,0.0,0.0,0.0,0.0
2021-09-07,0.0,0.0,4.7451509298557395e-08,0.0,0.0,0.0,0.0
2021-09-08,0.0,0.0,7.189260734310578e-08,0.0,0.0,0.0,0.0
2021-09-09,0.0,0.0,1.4523028011804094e-07,0.0,0.0,0.0,0.0
2021-09-10,0.0,0.0,2.4448311449817963e-08,0.0,0.0,0.0,0.0
2021-09-11,0.0,0.0,7.408206319444325e-08,0.0,0.0,0.0,0.0
2021-09-12,0.0,0.0,2.494220010249576e-08,0.0,0.0,0.0,0.0
2021-09-13,0.0,0.0,5.038574676194519e-08,0.0,0.0,0.0,0.0
2021-09-14,0.0,0.0,1.2723032983890832e-07,0.0,0.0,0.0,0.0
2021-09-15,0.0,0.0,1.2850901591196316e-07,0.0,0.0,0.0,0.0
2021-09-16,0.0,0.0,1.0384044239496032e-07,0.0,0.0,0.0,0.0
2021-09-17,0.0,0.0,1.573260842866854e-07,0.0,0.0,0.0,0.0
2021-09-18,0.0,0.0,1.5890723772046451e-07,0.0,0.0,0.0,0.0
2021-09-19,0.0,0.0,1.0700285467362584e-07,0.0,0.0,0.0,0.0
2021-09-20,0.0,0.0,5.403912562078937e-08,0.0,0.0,0.0,0.0
2021-09-21,0.0,0.0,5.458222786236065e-08,0.0,0.0,0.0,0.0
2021-09-22,0.0,0.0,5.513078837220351e-08,0.0,0.0,0.0,0.0
2021-09-23,0.0,0.0,5.568486200682606e-08,0.0,0.0,0.0,0.0
2021-09-24,0.0,0.0,5.6244504174053504e-08,0.0,0.0,0.0,0.0
2021-09-25,0.0,0.0,8.52146562578534e-08,0.0,0.0,0.0,0.0
2021-09-26,0.0,0.0,5.7380718527509844e-08,0.0,0.0,0.0,0.0
2021-09-27,0.0,0.0,2.8978702168060473e-07,0.0,0.0,0.0,0.0
2021-09-28,0.0,0.0,8.780982890019546e-08,0.0,0.0,0.0,0.0
2021-09-29,0.0,0.0,1.7738466470454927e-07,0.0,0.0,0.0,0.0
2021-09-30,0.0,0.0,1.1944494014866608e-07,0.0,0.0,0.0,0.0
2021-10-01,0.0,0.0,1.5143373794582394e-07,0.0,0.0,0.0,0.0
2021-10-02,0.0,0.0,6.118226892574383e-08,0.0,0.0,0.0,0.0
2021-10-03,0.0,0.0,1.2359432190207213e-07,0.0,0.0,0.0,0.0
2021-10-04,0.0,0.0,9.224786016598887e-08,0.0,0.0,0.0,0.0
2021-10-05,0.0,0.0,2.1422147545939864e-07,0.0,0.0,0.0,0.0
2021-10-06,0.0,0.0,1.5229954727920552e-07,0.0,0.0,0.0,0.0
2021-10-07,0.0,0.0,6.06395940104798e-08,0.0,0.0,0.0,0.0
2021-10-08,0.0,0.0,6.03654331192116e-08,0.0,0.0,0.0,0.0
2021-10-09,0.0,0.0,1.2019461764312002e-07,0.0,0.0,0.0,0.0
2021-10-10,0.0,0.0,2.991759715243592e-08,0.0,0.0,0.0,0.0
2021-10-11,0.0,0.0,5.957906335747697e-08,0.0,0.0,0.0,0.0
2021-10-12,0.0,0.0,1.186577807321345e-07,0.0,0.0,0.0,0.0
2021-10-13,0.0,0.0,8.862697546970257e-08,0.0,0.0,0.0,0.0
2021-10-14,0.0,0.0,5.8846318774471524e-08,0.0,0.0,0.0,0.0
2021-10-15,0.0,0.0,1.758416157501726e-07,0.0,0.0,0.0,0.0
2021-10-16,0.0,0.0,1.1677457299002723e-07,0.0,0.0,0.0,0.0
2021-10-17,0.0,0.0,8.724980977591315e-08,0.0,0.0,1.4450118021368616e-08,0.0
2021-10-18,0.0,0.0,1.159032198173225e-07,0.0,0.0,2.5020589923204543e-08,0.0
2021-10-19,0.0,0.0,1.4435618793999446e-07,0.0,0.0,3.159006379059651e-08,9.418471439262579e-08
2021-10-20,0.0,0.0,5.753911473897079e-08,0.0,0.0,2.5526039367913223e-08,8.10955229257444e-08
2021-10-21,0.0,0.0,1.1468301652273423e-07,0.0,0.0,3.222822541069725e-08,9.293696619951231e-08
2021-10-22,0.0,0.0,1.4287408995593583e-07,0.0,0.0,1.844620386117723e-08,7.477859181680197e-08
2021-10-23,0.0,0.0,5.696347871460465e-08,0.0,0.0,1.5343663416982918e-08,6.106691293696651e-08
2021-10-24,0.0,0.0,2.8391508921088077e-08,6.731386054752894e-09,0.0,2.656777679658314e-08,6.655017026913664e-08
2021-10-25,0.0,0.0,3.113452942536816e-07,3.3995188046555994e-09,0.0,2.9071019675147326e-08,2.4638255665882876e-07
2021-10-26,0.0,0.0,5.604497396626241e-08,6.867369073296319e-09,0.0,2.9363188280189694e-08,3.1239714486537437e-07
2021-10-27,0.0,0.0,1.9420561005221095e-07,1.387277455982319e-08,0.0,3.1939700399954827e-08,2.353155709862219e-07
2021-10-28,0.0,0.0,1.3733802281810514e-07,7.006099131035205e-09,0.0,2.3043356946851887e-08,3.403617320406907e-07
2021-10-29,0.0,0.0,1.3597148665850444e-07,7.076511597910354e-09,0.0,1.2801220593891332e-08,3.765236075850191e-07
2021-10-30,0.0,0.0,5.384741910435182e-08,7.147631721842405e-09,0.0,1.4105318181535888e-08,4.133779703830242e-07
2021-10-31,0.0,0.0,1.0662325666417058e-07,1.443893322980604e-08,0.0,3.5617697465089196e-08,4.4668785733730535e-07
2021-11-01,0.0,0.0,1.0584902778396809e-07,0.0,0.0,3.119739563516415e-08,4.802121533157379e-07
2021-11-02,0.0,0.0,5.2397906180014334e-08,1.4746864928356552e-08,0.0,3.51468117516448e-08,5.092902839770297e-07
2021-11-03,0.0,0.0,2.3344442236047462e-07,1.489507338485419e-08,0.0,2.0810370082683407e-08,7.10373969349282e-07
2021-11-04,0.0,0.0,2.3112161154765848e-07,1.128357852082719e-08,0.0,2.8438171112896953e-08,5.938041487725402e-07
2021-11-05,0.0,0.0,5.084931401968869e-08,1.5195973827025113e-08,0.0,2.997284815737363e-08,6.372577284131624e-07
2021-11-06,0.0,0.0,1.5103006467435606e-07,7.674347951496678e-09,0.0,2.901266027728765e-08,6.689039329048584e-07
2021-11-07,0.0,0.0,1.9936972056262978e-07,3.875738215335633e-09,0.0,3.694882732427335e-08,5.481498255723359e-07
2021-11-08,0.0,3.7354212458070765e-07,7.401973451161862e-08,7.829380063948502e-09,0.0,3.732016921244638e-08,7.437268443512268e-07
2021-11-09,0.0,1.0061234275885835e-06,9.771096779651412e-08,7.908066641756638e-09,0.0,2.859639135414137e-08,6.664594303663029e-07
2021-11-10,0.0,3.8108817605367926e-07,1.4510809113361364e-07,1.5975088065638056e-08,0.0,2.625799078659522e-08,1.2180944496123592e-06
2021-11-11,0.0,2.566121172645464e-07,2.2564425172020614e-07,1.6135640369882017e-08,0.0,3.3152359976618814e-08,1.0036955677108708e-06
2021-11-12,0.0,2.591911119188772e-07,1.3531054213176086e-07,8.14890312580469e-09,0.0,3.8843234210997245e-08,1.0137828758680042e-06
2021-11-13,0.0,0.0,3.1557881692953085e-07,1.2346201445657589e-08,0.0,2.9763432224412395e-08,7.59720837181405e-07
2021-11-14,0.0,2.644271197026634e-07,4.506637052804228e-08,1.2470282833041244e-08,0.0,3.279551966319933e-08,7.006295360513236e-07
2021-11-15,0.0,4.0062698465589067e-07,9.010911919580535e-08,1.6794148345466857e-08,0.0,2.7604266762855497e-08,6.94859363024664e-07
2021-11-16,0.0,1.3488445093003627e-07,3.153307791288791e-07,1.2722199256781327e-08,0.0,3.485211782007268e-08,8.73533844161982e-07
2021-11-17,0.0,4.087201865968182e-07,4.0540008138830864e-07,8.566706323326706e-09,0.0,3.520238742740152e-08,9.926021309056713e-07
2021-11-18,0.0,4.1282789276278853e-07,9.009231459359435e-08,1.2979204729855707e-08,0.0,2.2755953473797455e-08,1.091695988006652e-06
2021-11-19,0.0,2.7798458804137303e-07,1.802094630370911e-07,1.7479530541347175e-08,0.0,3.160390008650693e-08,1.057660869577307e-06
2021-11-20,0.0,2.807783795980125e-07,1.8025231798347228e-07,4.413800685960133e-09,0.0,2.9019567784443336e-08,9.091834366254853e-07
2021-11-21,0.0,0.0,9.015659915593128e-08,8.916320240660496e-09,0.0,2.1983414467040503e-08,8.953628600218865e-07
2021-11-22,0.0,2.864504791164335e-07,1.352940825827591e-07,1.3508896123282623e-08,0.0,2.2204351455514775e-08,1.321758978535018e-06
2021-11-23,0.0,2.893293542928936e-07,1.251148672754269e-07,1.8192883715259048e-08,0.0,3.139851245669361e-08,1.545839120869183e-06
2021-11-24,0.0,2.9223716264589164e-07,1.8867127489205502e-07,9.18786261817012e-09,0.0,2.869368487183221e-08,8.280019269874342e-07
2021-11-25,0.0,0.0,1.580742634630713e-07,0.0,0.0,3.5083547767276606e-08,9.796932249339e-07
2021-11-26,0.0,0.0,1.9072592648900642e-07,4.686734877519447e-09,0.0,3.543614328424314e-08,9.895393055357134e-07
2021-11-27,0.0,4.517056638572556e-07,9.589090478695748e-08,1.893534938447086e-08,0.0,2.645516528548526e-08,9.751066740416574e-07
2021-11-28,0.0,3.0416358750125735e-07,6.428562366653322e-08,9.562826404790948e-09,0.0,2.5149217992323455e-08,1.0095293255166801e-06
2021-11-29,0.0,0.0,1.293008121820659e-07,9.658934407955988e-09,0.0,4.286582747187042e-08,1.5998396345635032e-06
2021-11-30,0.0,1.551540497780641e-07,1.6255413402504327e-07,9.756008312610966e-09,0.0,4.008947796311467e-08,1.5081904041854908e-06
2021-12-01,0.0,6.19912914055758e-07,9.824989921004129e-08,9.851638576603562e-09,0.0,3.722395635285998e-08,1.490086390745947e-06
2021-12-02,0.0,4.6960735681473884e-07,2.3059684639431822e-07,9.950649190351262e-09,0.0,3.5963364927925215e-08,1.3682381890388992e-06
2021-12-03,0.0,0.0,9.941442336086182e-08,1.507598231596535e-08,0.0,2.8069165764732554e-08,1.2869838911307775e-06
2021-12-04,0.0,1.5969801823627313e-07,1.3334875781816816e-07,1.015166563813251e-08,0.0,2.6683544066429488e-08,1.4332432475298665e-06
2021-12-05,0.0,1.613030100025582e-07,1.0951389221576882e-07,1.0253691573978352e-08,0.0,4.379654198187916e-08,1.716977364270458e-06
2021-12-06,0.0,1.6292413220426315e-07,1.1035184066701724e-07,2.0713485775052717e-08,0.0,5.0031645124555285e-08,1.7342332736611102e-06
2021-12-07,0.0,8.228077347747953e-07,3.336024731828775e-07,3.13824896519813e-08,0.0,3.962705755021066e-08,2.266857492478542e-06
2021-12-08,0.0,3.324308359949712e-07,2.241218565933497e-07,5.282981486083482e-09,0.0,2.9424571304666084e-08,2.1824155992237196e-06
2021-12-09,0.0,3.3577182144065035e-07,2.8233059596317827e-07,1.0672152665442373e-08,0.0,2.91317919283252e-08,1.9915898856804103e-06
2021-12-10,0.0,0.0,1.138148417918168e-07,2.1558819165755636e-08,0.0,2.7239596546817407e-08,1.585904555899978e-06
2021-12-11,0.0,0.0,2.29417653554775e-07,1.0887744450254424e-08,0.0,3.1727715332436447e-08,1.6352078968502168e-06
2021-12-12,0.0,3.4599759577734883e-07,3.4684284822368076e-07,2.199433620229841e-08,0.0,4.868862989968544e-08,1.972147478410013e-06
2021-12-13,0.0,0.0,3.4959390068905813e-07,1.6331616675381638e-08,0.0,2.7989518028317744e-08,1.9170122130319515e-06
2021-12-14,0.0,1.764936054290435e-07,4.6983988378111147e-07,2.6948523957194547e-08,0.0,3.079001963406148e-08,2.036709909637663e-06
2021-12-15,0.0,3.5653479130578524e-07,4.793231215693361e-07,0.0,0.0,4.877384611173788e-08,2.048101153665643e-06
2021-12-16,0.0,3.6011802552972737e-07,3.22760266018942e-07,1.0565962972166964e-08,0.0,4.5270504594594004e-08,2.0964775168285273e-06
2021-12-17,0.0,3.6373727185632183e-07,3.8033807072399e-07,2.6152074709984418e-08,0.0,4.183205184444416e-08,1.8082748032220544e-06
2021-12-18,0.0,5.51089338319826e-07,3.2928045589991676e-07,3.6248600106342254e-08,0.0,2.6624453126129045e-08,1.6293427876045385e-06
2021-12-19,0.0,1.8554262608274795e-07,5.5431629916543674e-08,2.0507383147956704e-08,0.0,2.1966279492655488e-08,1.8952197449781699e-06
2021-12-20,0.0,0.0,4.4790981647162155e-07,1.5227498457198763e-08,0.0,2.0297863935805233e-08,1.787386284644335e-06
2021-12-21,0.0,4.3556165618323333e-07,1.6965426936217518e-07,2.5126637193275588e-08,0.0,3.445010882589807e-08,2.0119673097487554e-06
2021-12-22,0.0,4.399391236033317e-07,1.713593231158075e-07,2.9851947571053785e-08,0.0,4.689757120911656e-08,1.7523395118698505e-06
2021-12-23,0.0,1.3330817559072229e-06,1.730815129445513e-07,0.0,0.0,1.8290973440143425e-08,1.455195819938104e-06
2021-12-24,0.0,4.488264834303156e-07,1.7482101106882462e-07,4.876806567461623e-09,0.0,3.064595805365675e-08,1.9793029439149777e-06
2021-12-25,0.0,4.533372645805898e-07,2.3543732191985268e-07,1.4484844594026693e-08,0.0,3.0341025676106845e-08,2.018611711553318e-06
2021-12-26,0.0,4.5789337983510456e-07,1.7835262975724718e-07,1.4340717982198665e-08,0.0,3.95970316075389e-08,1.646559039873051e-06
2021-12-27,0.0,1.756892085059841e-06,3.709664210515507e-07,9.465350302746327e-09,0.0,3.109206189241732e-08,3.1471134718988868e-06
2021-12-28,0.0,1.7624891874263387e-06,4.454192774736049e-07,4.685584246805819e-09,0.0,3.881295784859528e-08,2.361495774463739e-06
2021-12-29,0.0,0.0,2.699374893808344e-07,4.6389619045678225e-09,0.0,2.7826276267986894e-08,2.2465561391172955e-06
2021-12-30,0.0,0.0,3.635338750018568e-07,0.0,0.0,3.148502879197582e-08,2.5061275641091496e-06
2021-12-31,0.0,5.934467746313435e-07,9.110418195886253e-08,4.547104304377959e-09,0.0,2.857410189432648e-08,1.955616716849272e-06
2022-01-01,0.0,0.0,3.6396116186128424e-07,1.3374929098570711e-08,0.0,2.940350259129829e-08,1.7238077514060635e-06
2022-01-02,0.0,1.1712257394240723e-06,9.122834838237035e-08,8.827897553631228e-09,0.0,2.657954738675305e-08,2.105963070152468e-06
2022-01-03,0.0,5.87789120553113e-07,0.0,1.3110087757990926e-08,0.0,3.884606526727966e-08,1.6842084782076115e-06
2022-01-04,0.0,1.180048301592142e-06,2.7519557300203204e-07,1.297964020523592e-08,0.0,2.7293867422998397e-08,2.8232422537273715e-06
2022-01-05,0.0,5.923181839457971e-07,1.83994718773233e-07,1.2850490627317842e-08,0.0,3.193543234169529e-08,2.39345368284549e-06
2022-01-06,0.0,5.946714494075178e-07,5.536323655109543e-07,4.240875369723757e-09,0.0,2.796947684822593e-08,2.4592446719809675e-06
2022-01-07,0.0,0.0,2.776679692000612e-07,8.397355909491894e-09,0.0,2.528324756419056e-08,1.9594391448277997e-06
2022-01-08,0.0,0.0,9.284917422431869e-08,1.6627601644250087e-08,0.0,2.8607628625789627e-08,1.8015493824167824e-06
2022-01-09,0.0,0.0,1.8630328742016122e-07,8.231077121768595e-09,0.0,2.7142853883049258e-08,2.0936601752604758e-06
2022-01-10,0.0,6.046816302920605e-07,9.346342843784021e-08,1.6298353071967157e-08,5.63712940793606e-09,3.388306788075371e-08,2.2606729462934035e-06
2022-01-11,0.0,6.073347065431366e-07,5.627073575179802e-07,4.0340454373215814e-09,1.8979278334536318e-08,3.123241360347599e-08,2.482300092052099e-06
2022-01-12,0.0,0.0,1.8823013853786506e-07,1.5975624058227288e-08,5.7510069758806014e-09,2.7485907462850363e-08,2.702671282462142e-06
2022-01-13,0.0,0.0,5.469201838028647e-07,3.954165985721784e-09,1.90765582747108e-08,3.401552264255003e-08,2.542392709751984e-06
2022-01-14,0.0,0.0,0.0,1.5659285507121868e-08,3.4682905570972515e-08,4.0821867471511723e-08,1.9671767248099882e-06
2022-01-15,0.0,0.0,1.382922729259736e-07,3.875868253239191e-09,2.335431637795014e-08,1.0838835199280358e-07,2.5271238540639584e-06
2022-01-16,0.0,1.2430332335832677e-06,4.172822730829226e-07,0.0,1.9657525966404222e-08,9.949108002247301e-08,2.030939091949588e-06
2022-01-17,0.0,0.0,2.79819637308646e-07,1.1397362759210478e-08,1.5884069909462366e-08,1.5718816351760495e-07,2.0493887666406076e-06
2022-01-18,0.0,0.0,5.6295814951785e-07,7.522638069956862e-09,3.859222509777332e-08,1.2452339169868926e-07,1.8824413290477806e-06
2022-01-19,0.0,6.307693081331327e-07,1.4158333017562324e-07,3.7238932852579766e-09,3.898008340815576e-08,1.3002993979529702e-07,2.036113703437175e-06
2022-01-20,0.0,0.0,1.4244128142278806e-07,7.373679855938605e-09,6.890071957888442e-08,1.3076012977506265e-07,2.685706516001646e-06
2022-01-21,0.0,8.78539119638526e-07,0.0,1.8250776288729018e-08,1.0936071665022685e-07,1.1689190744602037e-07,2.272554137509842e-06
2022-01-22,0.0,1.7686023623305396e-06,2.8840000775585037e-07,0.0,3.012540276136527e-08,9.797023142789435e-08,2.0955628218621356e-06
2022-01-23,0.0,1.7803033470941004e-06,2.9020190191921715e-07,7.155754682012227e-09,5.071361348765808e-08,1.1332138765222348e-07,1.6130631044414222e-06
2022-01-24,0.0,8.96091181837981e-07,3.1179019604629277e-07,7.084553733276037e-09,3.0733976265990575e-08,1.8337254920156667e-07,2.30160257872414e-06
2022-01-25,0.0,9.021202999938408e-07,0.0,1.4028122491633979e-08,8.278095430033238e-08,1.114364448726088e-07,2.57314741201796e-06
2022-01-26,0.0,9.082396309314692e-07,3.132059797818803e-07,0.0,9.406453131274227e-08,1.0049678550253948e-07,2.7080762015503244e-06
2022-01-27,0.0,0.0,3.139608167620426e-07,3.4375867638210694e-09,5.278327531618295e-08,9.338625138920086e-08,2.502636180085292e-06
2022-01-28,0.0,0.0,3.5702210549934076e-07,0.0,7.463925847330431e-08,1.8303955917190218e-07,1.7434240659832215e-06
2022-01-29,0.0,0.0,0.0,3.3695179852742747e-09,5.4353913382728946e-08,1.1962767709238325e-07,2.726706949632592e-06
2022-01-30,0.0,0.0,1.7977154579437926e-07,3.3359907211356277e-09,6.862522411737972e-08,1.0984541385004782e-07,1.8564907213268919e-06
2022-01-31,0.0,0.0,1.8042872631289103e-07,9.908391176547286e-09,6.931491908594784e-08,1.830664747109061e-07,3.109156447411809e-06
2022-02-01,0.0,9.361493352802624e-07,5.458223930767407e-07,0.0,7.008739969418718e-08,2.1298404377042122e-07,3.2191377478967475e-06
2022-02-02,0.0,9.428410629843159e-07,3.652746710963313e-07,0.0,7.079178977160863e-08,1.5851284031326633e-07,2.1358596342556338e-06
2022-02-03,0.0,1.899254151160743e-06,3.6670427457967506e-07,0.0,1.716078218088014e-07,1.5262735828218057e-07,2.504148429248423e-06
2022-02-04,0.0,0.0,0.0,0.0,7.22218787878875e-08,1.4773790170392613e-07,2.3726554769905453e-06
2022-02-05,0.0,9.634846793725757e-07,0.0,0.0,1.458954414736766e-07,1.8815035116177107e-07,2.5685557957999376e-06
2022-02-06,0.0,0.0,0.0,0.0,1.4955525442049938e-07,1.0485036889814719e-07,2.642691533320605e-06
2022-02-07,0.0,0.0,3.944550603666388e-07,0.0,1.0070553981049378e-07,1.9857024867076919e-07,2.406380942956849e-06
2022-02-08,0.0,9.84995497009438e-07,1.3870053726259559e-06,0.0,1.0171764731189058e-07,1.8050932156306972e-07,2.6652277922151865e-06
2022-02-09,0.0,0.0,3.981590673319374e-07,0.0,1.198632477732475e-07,1.418071436483554e-07,2.044081707157484e-06
2022-02-10,0.0,0.0,4.0007070158070663e-07,0.0,1.5565872013793957e-07,1.705146775425595e-07,2.0932588298952545e-06
2022-02-11,0.0,0.0,8.040446864660543e-07,0.0,1.2228464599822615e-07,1.308935676920456e-07,2.1692237920773166e-06
2022-02-12,0.0,0.0,0.0,0.0,1.9409284262081477e-07,1.1829232571574156e-07,2.3203461886263765e-06
2022-02-13,0.0,0.0,6.090696501476692e-07,0.0,8.911068550863412e-08,1.0542457354761142e-07,2.097379724679362e-06
2022-02-14,0.0,1.967884192393869e-06,1.6324771375623382e-06,0.0,3.600250511479226e-08,1.7037457300246733e-07,2.0616874060455652e-06
2022-02-15,0.0,0.0,1.2916313926171414e-06,0.0,2.0000384968654498e-07,2.0793829632971004e-07,2.4092685530566954e-06
2022-02-16,0.0,1.719352511864813e-06,2.1553155424950202e-07,0.0,1.4691921584972477e-07,1.8830106499057044e-07,2.472449281133914e-06
2022-02-17,0.0,0.0,7.111438901259883e-07,0.0,2.2259366777533417e-07,1.4630270935065574e-07,2.2672821414223855e-06
2022-02-18,0.0,1.7100593982423125e-06,5.600691431586225e-07,0.0,1.3115128327487323e-07,1.2560711462082188e-07,2.3478016624560532e-06
2022-02-19,0.0,0.0,1.3009332761352387e-06,0.0,1.8924196512155538e-08,2.014985971742634e-07,1.926313685712405e-06
2022-02-20,0.0,8.507251655901023e-07,1.3069433214724075e-06,0.0,1.3380071494325432e-07,1.4322037567106346e-07,1.990077134431308e-06
2022-02-21,0.0,8.487006141449364e-07,1.0504672497846774e-06,0.0,2.3167788768756886e-07,1.6750077980426994e-07,2.8730256670114602e-06
2022-02-22,0.0,0.0,1.0554848899917994e-06,0.0,1.75504716876402e-07,1.6918419062803132e-07,2.720592700658137e-06
2022-02-23,0.0,8.449059295909225e-07,1.3257600994593676e-06,0.0,1.7726856860506948e-07,2.7962921456483363e-07,2.3578103828776963e-06
2022-02-24,0.0,2.529406251031371e-06,1.332296663543736e-06,0.0,1.3926122570758357e-07,1.7260193799005968e-07,3.0261895197079443e-06
2022-02-25,0.0,8.414492186743079e-07,8.033798750428256e-07,0.0,1.406608242942908e-07,1.3471465805456756e-07,2.1943313613578414e-06
2022-02-26,0.0,0.0,8.074620906163996e-07,0.0,1.4207448908064525e-07,2.2411292709103951e-07,2.1767482990027853e-06
2022-02-27,0.0,0.0,8.116250530719224e-07,0.0,1.8450303612981886e-07,1.7785844957102074e-07,2.910097000341535e-06
2022-02-28,0.0,1.6737897299530218e-06,5.439127858060727e-07,0.0,1.863573224704598e-07,2.5313748445012536e-07,3.75668677502249e-06
2022-03-01,0.0,1.6432925563145301e-06,1.1541746603134787e-06,0.0,1.4630653681702982e-07,3.749138140409729e-07,3.548677902930379e-06
2022-03-02,0.0,0.0,1.1606429116293714e-06,0.0,1.2630031104167447e-07,2.70486971795891e-07,3.1262945088066494e-06
2022-03-03,0.0,0.0,1.3376928559503715e-06,0.0,1.908114738505173e-07,3.96147846031969e-07,3.0538157317938692e-06
2022-03-04,0.0,8.181545422320054e-07,6.702709676635287e-07,1.5063345555320407e-08,2.1293065725638516e-07,3.7253408096602894e-07,3.114195479804363e-06
2022-03-05,0.0,0.0,3.3588126750359937e-07,1.0143156463331957e-08,2.138698590331418e-07,2.502485214885679e-07,2.433248151030826e-06
2022-03-06,0.0,0.0,3.579688430504291e-07,3.585783908192256e-08,2.577965375688326e-07,3.899110961533184e-07,2.6773671106448313e-06
2022-03-07,0.0,8.153992006218428e-07,3.6965013421271775e-07,2.0390292186205913e-08,1.0790626006936798e-07,4.0453519536543313e-07,2.831453929434803e-06
2022-03-08,0.0,8.146439489116526e-07,2.595742093320652e-06,3.089282704435844e-08,1.3008970424118176e-07,3.9129937448290457e-07,3.849451920549312e-06
2022-03-09,0.0,1.6279403245504516e-06,1.1800072490584862e-06,6.168886756423593e-08,2.159949394160198e-07,4.0605403669352754e-07,3.43415017590026e-06
2022-03-10,0.0,8.133777733333372e-07,1.5791774037117621e-06,7.788606373811202e-08,1.7215624381653969e-07,5.557997684802536e-07,3.068514219905443e-06
2022-03-11,0.0,8.12866722846599e-07,1.6419916036508115e-06,7.866883169220821e-08,8.576687593405461e-08,3.982133252750108e-07,3.131758371919612e-06
2022-03-12,0.0,1.609557127629013e-06,8.24356757657511e-07,4.767567995701872e-08,2.7336119752727103e-07,4.4223951726346204e-07,3.680696579937562e-06
2022-03-13,0.0,0.0,2.4834004495570445e-06,6.42064380085841e-08,2.95370146928193e-07,6.983314508310833e-07,2.826424814883761e-06
2022-03-14,0.0,0.0,2.078315806880015e-06,3.242586171922483e-08,2.719648004270871e-07,6.167200834500524e-07,3.538689469209653e-06
2022-03-15,0.0,7.809937627493708e-07,3.9623371865975913e-07,4.912762057102675e-08,2.9391638376273335e-07,6.198166250556754e-07,3.855911042186796e-06
2022-03-16,0.0,1.5464454899383034e-06,7.958801658938056e-07,3.308090757747545e-08,2.030078946549898e-07,6.659389522086174e-07,3.978079405518587e-06
2022-03-17,0.0,1.5310581002155685e-06,8.846052970212873e-07,5.012006433888751e-08,1.3503701126294595e-07,6.046030061535127e-07,3.449125208342702e-06
2022-03-18,0.0,0.0,9.742669700837108e-07,3.877030142494852e-08,1.7966523987051938e-07,6.728917858790907e-07,3.1121221353703293e-06
2022-03-19,0.0,0.0,1.531299678229355e-06,1.9579974716086407e-08,3.361858088702863e-07,5.227119853849732e-07,3.326976467659096e-06
2022-03-20,0.0,8.218844009316098e-07,1.5380634826730776e-06,2.9818987103700467e-08,2.0048879073537804e-07,6.119490568494521e-07,3.999532314276912e-06
2022-03-21,0.0,1.6305722877985637e-06,1.5449810947467905e-06,6.023734581274661e-08,2.4357195523800615e-07,5.702623266774071e-07,3.404633947702676e-06
2022-03-22,0.0,8.087694161607512e-07,1.6799024270275208e-06,3.042137060143576e-08,2.421264125312736e-07,5.723432701310679e-07,3.940139899487118e-06
2022-03-23,0.0,1.6046671320756268e-06,1.125609767428615e-06,6.145422091781918e-08,2.6258736291007293e-07,5.30290567743412e-07,4.589190257812289e-06
2022-03-24,0.0,1.591955899880186e-06,0.0,3.103592305303531e-08,2.8281833687866337e-07,7.984759503737074e-07,5.719666089209047e-06
2022-03-25,0.0,0.0,1.8027970912346345e-06,9.404351779598913e-08,3.0282572134135804e-07,7.341046689012719e-07,4.09956337531015e-06
2022-03-26,0.0,0.0,5.438375489828197e-06,1.2665156115069567e-07,3.011081319455685e-07,5.801517571819467e-07,4.217846122570398e-06
2022-03-27,0.0,0.0,1.8858489905743816e-06,9.594332287629815e-08,1.7109751635079873e-07,5.595923397240195e-07,4.2912162707892336e-06
2022-03-28,0.0,1.7820122185465725e-06,6.319353959242193e-07,6.460504620121016e-08,2.96901385063951e-07,6.736828933065306e-07,5.081203367742762e-06
2022-03-29,0.0,1.7724897997094315e-06,1.2706353114463695e-06,6.525433771001273e-08,2.7338239212136296e-07,6.308608579419746e-07,4.763370629910371e-06
2022-03-30,0.0,0.0,3.406899273769202e-06,9.88652320604476e-08,2.710979794360886e-07,7.460523345896117e-07,5.163061307291045e-06
2022-03-31,0.0,8.816329413553915e-07,2.0559534772054152e-06,1.331451255486269e-07,1.8612046853631252e-07,8.869140083861971e-07,4.741277540797876e-06
2022-04-01,0.0,0.0,2.0686751044168894e-06,6.732159400832438e-08,1.847780055777995e-07,1.0291965324957935e-06,5.715961068332131e-06
2022-04-02,0.0,0.0,2.808645453517112e-06,3.3999093638240284e-08,1.6288947606715622e-07,6.050270646621471e-07,5.353482307399494e-06
2022-04-03,0.0,0.0,4.494144678198073e-06,7.87357533258242e-08,1.0096757821781607e-07,7.55537364548505e-07,4.6320770789646114e-06
2022-04-04,0.0,0.0,2.325211536020339e-06,1.5905412160449311e-07,2.2030652761836668e-07,7.851764430899853e-07,5.19231137812964e-06
2022-04-05,0.0,8.777574369689991e-07,3.9004553640509e-06,2.0081580262755484e-07,1.390495361779295e-07,8.677251300953976e-07,5.6215995893623046e-06
2022-04-06,0.0,7.640909683777119e-07,1.541825585682842e-06,1.2924105067760765e-07,2.1672815119290042e-07,1.025631893632519e-06,6.633007603159679e-06
2022-04-07,0.0,7.659019723517459e-07,3.9163351534019654e-06,0.0,9.771434608529015e-08,1.003568545262801e-06,5.883217043988135e-06
2022-04-08,0.0,0.0,3.1518770598019023e-06,4.3950631029253744e-08,3.101621366075033e-07,6.269649987623706e-07,5.197082589393716e-06
2022-04-09,0.0,7.697539415673346e-07,1.6111376484245633e-06,8.878468442910471e-08,1.5383469110710413e-07,7.123466299496425e-07,5.634433328450067e-06
2022-04-10,0.0,0.0,1.6467806715916408e-06,1.7935397068426472e-07,2.0983008407317457e-07,8.935332633316796e-07,5.154023250435174e-06
2022-04-11,0.0,1.5478276452461461e-06,2.558411446432449e-06,1.358673810426379e-07,1.5138796440534342e-07,1.0143229271509095e-06,6.141941169424008e-06
2022-04-12,0.0,7.761097452643178e-07,2.570935683631234e-06,9.148858061560317e-08,9.386710639095073e-08,1.2239032913816206e-06,6.015492630385204e-06
2022-04-13,0.0,7.783832795268492e-07,3.5017971901063533e-06,1.3861208420562504e-07,1.6762701927136274e-07,1.1473956766736733e-06,5.5439268065528495e-06
2022-04-14,0.0,0.0,4.399693411285434e-06,9.333677254118422e-08,2.771833498010516e-07,9.927346761352411e-07,5.764411000478594e-06
2022-04-15,0.0,1.5663282002420369e-06,1.769032123178192e-06,1.414122340504802e-07,1.1000642108631958e-07,8.989987199914179e-07,6.1285550248648244e-06
2022-04-16,0.0,7.856718645386995e-07,8.891818932643632e-07,4.761115021014431e-08,9.095875248833292e-08,1.038644818316699e-06,4.281965630459283e-06
2022-04-17,0.0,0.0,4.55494497142758e-06,0.0,2.527128333961864e-07,9.103440075402203e-07,5.640580970156999e-06
2022-04-18,0.0,0.0,2.833275306891723e-06,1.9429183697841754e-07,7.164755180542145e-08,9.490084125474888e-07,5.852421727161836e-06
2022-04-19,0.0,2.737749467043289e-06,3.79927143646508e-06,2.3646119402631835e-07,1.7774650435276313e-07,1.2125743670800816e-06,6.064696568034618e-06
2022-04-20,0.0,1.833203791927613e-06,3.8875761095740125e-06,3.153040405119967e-07,1.263128563419016e-07,1.0679245440433809e-06,6.677599428171842e-06
2022-04-21,0.0,1.8414245943999017e-06,2.011210586430747e-06,0.0,1.253905566178156e-07,8.489063857510919e-07,4.569081082817408e-06
2022-04-22,0.0,9.24914770433078e-07,0.0,1.2866944185847582e-07,1.2448079605388383e-07,1.2578862100845354e-06,5.553985929288326e-06
2022-04-23,0.0,0.0,3.0459875718600964e-06,6.481717699348784e-08,2.4476133785123043e-07,1.001376887711119e-06,5.06309140918186e-06
2022-04-24,0.0,9.335976231428842e-07,4.082641046172004e-06,1.959183444883548e-07,1.3505641498664603e-07,1.0491032312092993e-06,5.905720132433906e-06
2022-04-25,0.0,2.8142366127362096e-06,6.152385102242892e-06,3.2900791665660127e-07,9.390347028921376e-08,1.114308753997934e-06,5.975389565190616e-06
2022-04-26,0.0,9.426539273500816e-07,5.14944685996535e-06,3.306975670797733e-07,1.4657789223480442e-07,6.780888355562639e-07,5.5535609133719386e-06
2022-04-27,0.0,9.473232499663759e-07,3.2313452783400926e-06,1.9945217252114122e-07,1.8531907699736645e-07,7.48997525951986e-07,5.612820068109914e-06
2022-04-28,0.0,1.9041746113942113e-06,6.489275711620498e-06,2.000133942866746e-07,4.559978745664569e-08,1.0940687027910451e-06,4.9991212584283615e-06
2022-04-29,0.0,9.56946570951814e-07,6.516509799539717e-06,6.686487251943836e-08,4.54178594167242e-08,8.542412146691856e-07,6.220095532998225e-06
2022-04-30,0.0,1.0784623944559639e-06,3.2708060073302767e-06,6.706530015295802e-08,1.2818134073501267e-07,9.888176339275022e-07,5.14432751353519e-06
2022-05-01,0.0,0.0,2.1925567169271878e-06,6.74128683936089e-08,5.2350456161994133e-08,9.190177565900164e-07,4.646088771408754e-06
2022-05-02,0.0,0.0,1.1006874512032005e-06,2.0288152907219295e-07,6.663800625412551e-08,1.1890199971190073e-06,5.5400212944680135e-06
2022-05-03,0.0,0.0,4.42082645442068e-06,1.5584681701509972e-07,5.1313847676990103e-08,1.0172910712546377e-06,6.23732110412405e-06
2022-05-04,0.0,3.5176393162038206e-06,1.0993732286034827e-06,3.130100847286989e-07,5.806087584186763e-08,1.0463573918405194e-06,5.886903913263551e-06
2022-05-05,0.0,3.0132994550775474e-06,4.587663017678782e-06,3.929472958706424e-07,9.341013577117973e-08,1.2888353445915722e-06,5.470814725121408e-06
2022-05-06,0.0,2.029055745383806e-06,4.603624506769469e-06,4.7360553706494644e-07,4.9797294287323535e-08,8.697919755777002e-07,4.779461964449941e-06
2022-05-07,0.0,3.0741721419720065e-06,2.3357004508787193e-06,2.3761414816438636e-07,4.930180293032307e-08,8.688362387861841e-07,4.624388477134096e-06
2022-05-08,0.0,1.0324939752759391e-06,3.47961440767415e-06,1.5896619293941894e-07,6.973034542100085e-08,1.0037821481541264e-06,5.544090103482484e-06
2022-05-09,0.0,0.0,4.65030770280443e-06,1.5888100558137554e-07,4.123477277249999e-08,1.1704228511216172e-06,5.8297582840013395e-06
2022-05-10,0.0,0.0,5.826993204194428e-06,3.176234129125829e-07,3.265958394247867e-08,9.024816131927134e-07,6.228441851478433e-06
2022-05-11,0.0,0.0,3.500828847142085e-06,3.1751657726839316e-07,4.041826956571e-08,1.1694612835249972e-06,4.667712708717743e-06
2022-05-12,0.0,0.0,5.84301976261599e-06,3.1744149354652824e-07,4.8019321276752294e-08,9.353247531965443e-07,5.93374033152812e-06
2022-05-13,0.0,0.0,2.3671378784236496e-06,7.934953855963837e-08,3.565614078509737e-08,8.015777252810144e-07,5.60103513740275e-06
2022-05-14,0.0,3.5993489734311534e-06,1.1845613176772857e-06,1.5869327750525092e-07,3.530135625642259e-08,7.864171915084293e-07,4.843097491302781e-06
2022-05-15,0.0,3.623221346505379e-06,4.742688613046608e-06,7.935167367561025e-08,1.5533378619018374e-08,8.849234916609295e-07,5.909704959465678e-06
2022-05-16,0.0,3.6474560447336153e-06,1.1757415141811044e-06,2.3809393149626758e-07,3.4602342568474547e-08,1.1475023984685863e-06,5.556723225579449e-06
2022-05-17,0.0,1.8360277458029415e-06,3.5935366464299503e-06,1.5877110103817758e-07,7.81199868264427e-09,1.246396203677993e-06,5.3328610091078245e-06
2022-05-18,0.0,1.8485110735436833e-06,5.99466459918427e-06,3.9707197913647567e-07,1.5468535994001358e-08,1.082970814118603e-06,5.3872149206663835e-06
2022-05-19,0.0,1.8611792539322107e-06,1.2414439853916114e-06,3.178047305650524e-07,1.3400293803053557e-08,1.0179772701163196e-06,5.441703767316634e-06
2022-05-20,0.0,0.0,3.7254188942077616e-06,2.3848774391911416e-07,9.4763990370737e-09,8.204999232759405e-07,6.328365092878108e-06
2022-05-21,0.0,3.7438043606475963e-06,8.84549166488552e-06,0.0,1.5011371665912948e-08,1.015924110748539e-06,5.177728467400566e-06
2022-05-22,0.0,0.0,3.792564483800555e-06,3.184369315117194e-07,2.229300903327613e-08,1.2436173089005976e-06,4.756791406551448e-06
2022-05-23,0.0,0.0,2.5696320044544467e-06,1.5902673842944437e-07,1.8392658239303114e-08,9.145108750480643e-07,5.340607763271143e-06
2022-05-24,0.0,1.88939196560689e-06,6.4186945141056354e-06,2.3827637086409203e-07,1.6388683408824585e-08,9.453623061249129e-07,5.651927872614611e-06
2022-05-25,0.0,4.023568172724867e-06,5.131160713500396e-06,5.554184111458925e-07,1.2619921443324633e-08,1.3341218632115696e-06,5.6055951473533e-06
2022-05-26,0.0,2.0193483414087334e-06,5.08602666011951e-06,7.919122165581222e-08,1.2494351126891113e-08,1.1362759793152704e-06,5.410354719954072e-06
2022-05-27,0.0,2.02711453297197e-06,2.5404431082120453e-06,2.3713462557968047e-07,2.762090903962547e-08,8.098436212854585e-07,4.591941727486917e-06
2022-05-28,0.0,0.0,3.7444119852721456e-06,7.890643328403172e-08,9.22881419821572e-09,6.788397236014884e-07,5.033103808639986e-06
2022-05-29,0.0,2.0432558524232483e-06,3.614992324413529e-06,7.87758820839206e-08,5.550948963400084e-08,7.742613598414327e-07,4.169156499327896e-06
2022-05-30,0.0,2.051632594456688e-06,9.6302904345757e-06,2.3595962561299395e-07,2.782582253696442e-08,9.968782397201981e-07,4.591462605987298e-06
2022-05-31,0.0,0.0,0.0,4.712304022668421e-07,4.649947143728396e-08,7.693692219096148e-07,5.118076440903893e-06
2022-06-01,0.0,2.0823660727740504e-06,8.551215906606212e-06,2.3537441565920408e-07,5.597122867915853e-08,1.1182821263907002e-06,5.2732419953616515e-06
2022-06-02,0.0,4.182838004667339e-06,4.8786697096906144e-06,2.3507698133516982e-07,8.419526601015433e-08,8.896488550569123e-07,6.4307317852569454e-06
2022-06-03,0.0,2.100681075536377e-06,2.435709100464254e-06,3.9133842484194525e-07,3.7529826043704376e-08,8.838217300721965e-07,4.664175007785968e-06
2022-06-04,0.0,0.0,6.080817297557529e-06,2.3455260897632499e-07,5.1759519452510144e-08,1.034883521567903e-06,4.4686710236703475e-06
2022-06-05,0.0,6.359509136215117e-06,1.0931345875352777e-05,3.9054269750640256e-07,6.608089611455193e-08,7.477989042448789e-07,3.976007381069803e-06
2022-06-06,0.0,0.0,4.850353600841291e-06,5.462848085064545e-07,4.2616702506417085e-08,1.0526258728059973e-06,4.508111238087891e-06
2022-06-07,0.0,0.0,2.4195495716098106e-06,3.8990319245716777e-07,5.2258666343837935e-08,1.1668453511148999e-06,4.003903004551211e-06
2022-06-08,0.0,0.0,6.035410749431087e-06,2.3279806131242855e-07,5.720233937092676e-08,8.129827149780056e-07,4.775259941681133e-06
2022-06-09,0.0,0.0,3.570006133742733e-06,1.542323018261929e-07,5.261753276099984e-08,1.012758187311294e-06,4.2695226039075775e-06
2022-06-10,0.0,2.1523565383767476e-06,2.372404927382234e-06,7.664065973473837e-08,5.760529043175383e-08,4.893772526978682e-07,3.4886853224812876e-06
2022-06-11,0.0,0.0,2.279945441890811e-06,2.2851849805866364e-07,2.890769830518687e-08,6.642431136389285e-07,4.037564820928694e-06
2022-06-12,0.0,2.1668665621563182e-06,2.2708648895815954e-06,7.077311257700565e-08,2.9015642188417177e-08,6.081955540356848e-07,3.701601777851088e-06
2022-06-13,0.0,0.0,2.2620114256537315e-06,0.0,7.281621915011529e-08,5.027536988506227e-07,3.836720507946731e-06
2022-06-14,0.0,0.0,2.2115323478996172e-06,4.198390244682534e-07,6.335386591021193e-08,6.483464586651295e-07,4.6979583222930005e-06
2022-06-15,0.0,4.380517420947033e-06,2.182620951402315e-06,6.464420530697984e-08,5.382103466360081e-08,1.0389797557094412e-06,4.263323865168703e-06
2022-06-16,0.0,4.396986174381223e-06,3.258414256761247e-06,1.9293257296801576e-07,4.421481886380938e-08,8.589454295779378e-07,4.097059165337237e-06
2022-06-17,0.0,0.0,3.180445205279303e-06,1.1808886147388843e-07,4.439866724885937e-08,6.330333592688279e-07,3.853647595744048e-06
2022-06-18,0.0,2.2156222394770395e-06,3.16620285287725e-06,0.0,3.9632849366785115e-08,4.971270525483681e-07,3.936296354664621e-06
2022-06-19,0.0,0.0,0.0,1.1701513972644806e-07,2.985313503941122e-08,5.363864036975011e-07,3.28598779420571e-06
2022-06-20,0.0,2.226002129784463e-06,1.0324104133139172e-06,5.82479289096767e-08,3.606888030730533e-08,5.32656980809086e-07,4.908615578782634e-06
2022-06-21,0.0,0.0,2.056231266028912e-06,5.799411279756046e-08,2.1858827148559565e-08,6.313642093650792e-07,4.775400194840226e-06
2022-06-22,0.0,2.2372724506242243e-06,2.0478473302701244e-06,2.296682469346209e-07,3.679752002277756e-08,6.609337118624797e-07,4.4010062224640205e-06
2022-06-23,0.0,4.486485834738043e-06,2.0396681809509083e-06,1.7053725727131325e-07,3.345060712256054e-08,3.191674952347524e-07,3.666237475513975e-06
2022-06-24,0.0,2.245620130947079e-06,4.0578102704033526e-06,1.6884038320950275e-07,2.627861546582933e-08,4.828859610382064e-07,3.619519687538477e-06
2022-06-25,0.0,0.0,3.869282695898122e-06,1.6716039332671405e-07,3.412635421114481e-08,3.961405436783617e-07,3.4357517306885444e-06
2022-06-26,0.0,0.0,3.7663605065372935e-06,1.0539190267426128e-07,4.212918083359372e-08,4.0905306341875426e-07,2.562477064283421e-06
2022-06-27,0.0,2.1776868414814967e-06,1.831631129698079e-06,2.0868647144232172e-07,3.094733537461125e-08,3.892806075069782e-07,3.0626765852286125e-06
2022-06-28,0.0,2.1817242874375255e-06,1.8510024584640565e-06,4.177348077440361e-08,3.907295158241985e-08,6.431820041951743e-07,3.422598865772528e-06
2022-06-29,0.0,2.1783447489847017e-06,1.8423772659477288e-06,8.271565539164473e-08,1.578625650971791e-08,5.579239002882341e-07,3.503857172532358e-06
2022-06-30,0.0,4.335095776332729e-06,1.8356272382593187e-06,8.189262086895134e-08,3.188982205054822e-08,4.4249547180852607e-07,4.389587828058079e-06
2022-07-01,0.0,0.0,3.6677371213634796e-06,4.063421433617115e-08,2.8250810673814903e-08,4.703950181003118e-07,2.88454397711491e-06
2022-07-02,0.0,0.0,1.7635937543729797e-06,1.6091958859221722e-07,1.6305563452199964e-08,4.1973131307105353e-07,1.9173991285047485e-06
2022-07-03,0.0,0.0,1.7570706339130858e-06,1.593184119327092e-07,4.117359272324019e-08,2.9284565123427055e-07,2.2874610109613285e-06
2022-07-04,0.0,1.971458448057809e-06,3.501446443961628e-06,1.9716645905895024e-07,4.158739420956424e-08,4.2789026399248206e-07,2.5134298536956115e-06
2022-07-05,0.0,0.0,2.553883585793997e-06,7.808184800489035e-08,4.200535446996552e-08,5.303266312783737e-07,2.857253428782921e-06
2022-07-06,0.0,1.9393644782972956e-06,1.6956111062368973e-06,0.0,5.091301836098206e-08,4.95795267632858e-07,2.769549417406248e-06
2022-07-07,0.0,0.0,2.5332040767021515e-06,7.653572382373323e-08,4.713931081041348e-08,3.8733528588769754e-07,2.8455189758421037e-06
2022-07-08,0.0,1.908046280186639e-06,1.5954443647750423e-06,0.0,6.925537274224098e-08,4.431723820709413e-07,2.464879330601618e-06
2022-07-09,0.0,1.6645783889877544e-06,1.5870126575196863e-06,0.0,3.497570040488841e-08,3.2133319850527907e-07,2.5047281670967952e-06
2022-07-10,0.0,1.651665137334351e-06,2.366013084526883e-06,3.713687567082203e-08,4.415901504730418e-08,3.313260905775778e-07,2.3624218076231867e-06
2022-07-11,0.0,1.6389170535710737e-06,2.3265666900741636e-06,3.676735758386087e-08,3.122197436876132e-08,2.556345508073341e-07,2.2178474403574508e-06
2022-07-12,0.0,0.0,7.282670698592358e-07,6.290078136408315e-08,5.856641222317782e-08,2.1576553206463666e-07,2.58616809814291e-06
2022-07-13,0.0,4.841733920485019e-06,2.8099494947731773e-06,1.5568727033050824e-07,4.550385727041616e-08,3.0421997076223887e-07,2.1483402679514055e-06
2022-07-14,0.0,0.0,0.0,0.0,5.974953223064539e-08,4.0247491550745026e-07,2.494750992906819e-06
2022-07-15,0.0,1.5819537217879103e-06,7.367615820689537e-07,0.0,5.106540578003129e-08,3.6867144594284474e-07,2.4621390174774065e-06
2022-07-16,0.0,1.5662130192549982e-06,1.4236734279604084e-06,8.329881808566976e-08,2.2980589319478994e-08,4.054742262723786e-07,2.1764056982313714e-06
2022-07-17,0.0,1.5506289393291935e-06,1.4163496103146127e-06,5.497998733147969e-08,4.550385727041616e-08,4.203395571958951e-07,1.8426337552822762e-06
2022-07-18,0.0,0.0,2.762385755442043e-06,8.164939097559425e-08,3.1535760427864983e-08,4.818223909692892e-07,2.428023370085506e-06
2022-07-19,0.0,0.0,2.0196831217181255e-06,2.6945655320369302e-08,4.0142538474121685e-08,4.848002070423671e-07,2.09748105053019e-06
2022-07-20,0.0,0.0,1.2883565094398878e-06,1.0671016628077606e-07,5.2990818056765014e-08,3.277269564883679e-07,2.080441818903383e-06
2022-07-21,0.0,0.0,1.921870051692921e-06,7.923628678922132e-08,3.934766295549946e-08,4.699395198026658e-07,1.7578905393859254e-06
2022-07-22,0.0,0.0,2.49258093493208e-06,2.6149290854189986e-08,2.1642303981950304e-08,4.68551682587178e-07,2.1167863450051043e-06
2022-07-23,0.0,0.0,0.0,2.588910106284944e-08,3.856852702670194e-08,2.681344685020687e-07,1.6654887845283224e-06
2022-07-24,0.0,0.0,0.0,7.68945006095685e-08,2.545650918049103e-08,2.5814626947138367e-07,1.6489168942333693e-06
2022-07-25,0.0,0.0,3.0673350725232237e-06,2.5376462514909525e-08,4.200535446996552e-08,3.0206080802665974e-07,1.7508077156252712e-06
2022-07-26,0.0,0.0,0.0,7.537188748208452e-08,1.66349576838257e-08,4.2200949328927903e-07,1.499145416459728e-06
2022-07-27,0.0,0.0,0.0,0.0,2.4704155633944115e-08,3.4889048534875254e-07,1.6323785890120948e-06
2022-07-28,0.0,1.2773167447430622e-06,1.1203847732525016e-06,2.944844708468581e-08,2.0381954315249952e-08,2.2515431202576544e-07,1.7867219493021615e-06
2022-07-29,0.0,0.0,2.1637047645484344e-06,0.0,2.4214980577555628e-08,1.7581231040257252e-07,1.8424819786696003e-06
2022-07-30,0.0,0.0,2.0427718305189392e-06,3.349427102784212e-08,3.596105624257243e-08,2.2695709078055806e-07,1.3991364086343809e-06
2022-07-31,0.0,0.0,1.463356741585601e-06,2.2107331641776446e-08,3.955915306044812e-09,2.2789247837030385e-07,1.6686694689875007e-06
2022-08-01,0.0,0.0,1.3980582100894537e-06,2.1937754160319986e-08,3.1391068979741055e-08,2.5452426545859427e-07,1.7875560082137862e-06
2022-08-02,0.0,0.0,1.415267177982753e-06,2.171946985925492e-08,2.3309041968450975e-08,2.300538493904166e-07,1.9085537074369836e-06
2022-08-03,0.0,0.0,0.0,1.07516787616377e-08,3.46156696885759e-08,2.3105886544474954e-07,1.5705633973781095e-06
2022-08-04,0.0,1.2044271686472096e-06,1.4076454312692026e-06,3.1934093311451606e-08,3.427123802029068e-08,2.3208698757817676e-07,2.4006626678739584e-06
2022-08-05,0.0,1.1924429180821508e-06,8.519478848730011e-07,1.0538781257977692e-08,3.393023350436696e-08,2.0723406098112728e-07,2.007716812694662e-06
2022-08-06,0.0,0.0,4.252392169099882e-07,1.043391863237966e-08,1.1197540680022987e-08,1.214437589324828e-07,1.355536500932567e-06
2022-08-07,0.0,2.3376619325963206e-06,8.490940313190683e-07,4.132039762935932e-08,5.5430616443281516e-08,2.440262535394762e-07,1.4487822354352702e-06
2022-08-08,0.0,0.0,2.119486347322182e-06,1.0227313200849179e-08,3.2927443556570864e-08,2.6270292004574644e-07,1.930560412237825e-06
2022-08-09,0.0,0.0,8.465798266990681e-07,3.037664920260421e-08,1.8111005566093388e-08,2.6397541038154984e-07,2.0117405954634817e-06
2022-08-10,0.0,0.0,1.268174659736128e-06,1.002479883096503e-08,2.510311726963742e-08,3.094866815581003e-07,1.4492486438207417e-06
2022-08-11,0.0,1.0110718744314769e-06,1.2666063979464434e-06,0.0,2.1302860353763202e-08,2.66599714226104e-07,1.6377656478508535e-06
2022-08-12,0.0,0.0,1.686886397136083e-06,0.0,3.5151488919375e-08,2.2183911159008538e-07,1.932868316162993e-06
2022-08-13,0.0,0.0,2.6546931812283456e-06,0.0,1.740086288033147e-08,1.7553418352771195e-07,1.5120377674790892e-06
2022-08-14,0.0,0.0,7.5852793865945e-07,0.0,3.100989852317563e-08,2.8124689331702724e-07,1.439536380061881e-06
2022-08-15,0.0,8.583737041640866e-07,1.0938302236467195e-06,0.0,1.3645042167754936e-08,2.427968427584723e-07,1.4327840748025496e-06
2022-08-16,0.0,0.0,1.414547712978459e-06,0.0,4.0527815189058496e-08,2.2824591972302654e-07,1.6041078017992254e-06
2022-08-17,0.0,0.0,1.411393468000207e-06,0.0,2.0062278345072184e-08,2.8738034706707104e-07,1.475613808747893e-06
2022-08-18,0.0,6.023303139143729e-07,3.5209509088623e-07,0.0,2.979398301025237e-08,2.3985654142519855e-07,1.3333866571398305e-06
2022-08-19,0.0,0.0,1.0499303377752123e-06,0.0,1.9665018617350603e-08,2.082947620618145e-07,1.4293178919750995e-06
2022-08-20,0.0,0.0,2.0873607936009145e-06,0.0,2.2714239814912628e-08,2.098374732344504e-07,1.3068415363944385e-06
2022-08-21,0.0,1.3004245017792757e-07,3.3183115644571603e-07,0.0,1.2850416772853135e-08,2.705934954614718e-07,9.781277620559028e-07
2022-08-22,0.0,0.0,6.599133133963455e-07,0.0,3.498702072131961e-08,2.385443241631526e-07,8.167563776402883e-07
2022-08-23,0.0,1.2746743713796444e-07,9.843454586737922e-07,0.0,1.5744951840236895e-08,4.0164806535714485e-07,9.412524220046753e-07
2022-08-24,0.0,0.0,1.631532304365374e-06,0.0,3.4294231293993436e-08,2.5870067854214813e-07,8.368965314196005e-07
2022-08-25,0.0,1.24943412772445e-07,2.485265306076019e-06,0.0,2.1606453267110547e-08,4.649377559939486e-07,6.648440072910057e-07
2022-08-26,0.0,2.4136747989747875e-07,1.5459777886793e-06,0.0,1.8335541827153116e-08,3.3156189959285985e-07,8.107935343173041e-07
2022-08-27,0.0,0.0,1.062890066510739e-06,0.0,1.815310013767386e-08,2.997159349920733e-07,7.01348665662408e-07
2022-08-28,0.0,2.4129508835474147e-07,1.5381528657516193e-06,0.0,1.1981649182224003e-08,3.486916720257504e-07,6.819150194378119e-07
2022-08-29,0.0,2.4129508835474147e-07,1.7808449941312508e-06,0.0,2.3724859561803454e-08,3.398723968498641e-07,1.0043350028794734e-06
2022-08-30,0.0,0.0,2.3730406032136827e-06,0.0,1.468049579055367e-08,4.136157162961339e-07,8.893430179749198e-07
2022-08-31,0.0,0.0,1.6527698240237575e-06,0.0,2.3255075866868834e-08,2.621658101695346e-07,8.812219234573811e-07
2022-09-01,0.0,4.88118025162143e-07,8.270863955494381e-07,0.0,1.1524746902620587e-08,3.610288187933818e-07,1.0891909258150112e-06
2022-09-02,0.0,0.0,1.3720657930964399e-06,0.0,3.4230221264822254e-08,3.03396759040903e-07,8.390171873443547e-07
2022-09-03,0.0,0.0,8.194748807999107e-07,0.0,1.9768947842253464e-08,5.861780381372229e-07,7.726729363654008e-07
2022-09-04,0.0,1.301451668266171e-07,8.157922339129353e-07,0.0,0.0,3.0601211539505756e-07,8.091505466260473e-07
2022-09-05,0.0,1.314531474984215e-07,8.121911669291805e-07,0.0,0.0,5.447522593075646e-07,8.461406995903055e-07
2022-09-06,0.0,0.0,1.6173426394778936e-06,0.0,0.0,3.96561581237898e-07,7.889761967216757e-07
2022-09-07,0.0,0.0,1.34205390059097e-06,0.0,0.0,5.714813000147623e-07,7.52190738002675e-07
2022-09-08,0.0,0.0,1.4775583510575083e-06,0.0,0.0,3.9475978320224503e-07,9.181981459599e-07
2022-09-09,0.0,0.0,1.4722574219074358e-06,5.068908400277086e-08,0.0,3.9391814270155774e-07,1.0569318013877431e-06
2022-09-10,0.0,1.3819289449274478e-07,7.657365133751827e-07,6.143822131961056e-08,0.0,3.2031665465018343e-07,8.748322112236265e-07
2022-09-11,0.0,4.1874526851672504e-07,1.2725941320455123e-06,7.239829999409786e-08,0.0,3.632897758354519e-07,1.101328992902254e-06
2022-09-12,0.0,0.0,7.614528013636538e-07,4.178623714608473e-08,0.0,4.816024547486489e-07,8.556811728044618e-07
2022-09-13,0.0,1.4240149469020884e-07,1.0370886666572634e-06,4.220619581122155e-08,1.3311752714097543e-08,5.742610634264499e-07,8.942841536190065e-07
2022-09-14,0.0,2.876653070097615e-07,2.8455157358612217e-06,4.717950654916485e-08,1.728712035393088e-08,5.582565927736519e-07,1.2506841121619094e-06
2022-09-15,0.0,0.0,1.2906009965271935e-06,5.3736358553265054e-08,2.3281145069189342e-08,5.274163482773611e-07,1.3419630491031656e-06
2022-09-16,0.0,1.4673826584528338e-07,1.0303318485250095e-06,1.266449751821803e-07,1.1757562233522725e-08,3.72453953653768e-07,8.617298045673262e-07
2022-09-17,0.0,1.4821300993466955e-07,5.141429669358648e-07,7.30958733389323e-08,9.896439748726777e-09,3.5712412427363017e-07,1.1406933738731975e-06
2022-09-18,0.0,1.4970257544856045e-07,1.5395142730031165e-06,3.691524953957588e-08,3.120687266803815e-08,4.971811093413534e-07,1.2452925283778571e-06
2022-09-19,0.0,3.024142226894975e-07,2.049004797211829e-06,1.2706548709703837e-07,4.334069705972364e-08,7.29476570097808e-07,1.4315383912761592e-06
2022-09-20,0.0,1.5272676807807788e-07,2.114189393432255e-06,8.556167764866322e-08,3.183729331397686e-08,4.3165862466680146e-07,1.0304851047027173e-06
2022-09-21,0.0,0.0,1.5823050295231132e-06,8.6421586805034e-08,2.4117947573467495e-08,5.819504905305117e-07,1.7445242027881793e-06
2022-09-22,0.0,0.0,1.052750830529053e-06,6.546760364407764e-08,4.060056162718008e-08,5.162653720572751e-07,1.4637638646846763e-06
2022-09-23,0.0,0.0,1.38494259891928e-06,8.81674186657343e-08,3.6907743649719874e-08,8.340975936139807e-07,1.6835745916845876e-06
2022-09-24,0.0,3.988170309396687e-07,1.1066202825462626e-06,1.0932914955581306e-07,5.38469715912544e-08,4.679318076826733e-07,1.2032169876854382e-06
2022-09-25,0.0,4.028252087366242e-07,1.1053971489075425e-06,5.521396288800949e-08,3.76533295288082e-08,5.52532855889414e-07,1.4403330263887224e-06
2022-09-26,0.0,4.4132428784541487e-07,8.282134169286603e-07,1.394221811010326e-07,2.9580251385881746e-08,6.375132256324476e-07,1.8852827776427454e-06
2022-09-27,0.0,4.457596706765627e-07,2.2065647845560982e-06,1.4082339731633708e-07,2.560931816117276e-08,5.174284755770914e-07,1.9526894889320335e-06
2022-09-28,0.0,1.0194229862676638e-06,1.1023905578098505e-06,8.534321759323589e-08,3.0177812102204855e-08,6.440156461906925e-07,1.6738341053043164e-06
2022-09-29,0.0,0.0,1.1302175442156176e-06,1.7240186237909686e-07,5.225332141039996e-08,4.305137935453469e-07,1.960383800564105e-06
2022-09-30,0.0,1.5600250449665214e-06,5.649168162771426e-07,0.0,2.199103167553218e-08,6.55421042166701e-07,1.0597769457442225e-06
2022-10-01,4.1888879998642995e-07,5.301921600853958e-07,1.6960081765955465e-06,1.4683859972856534e-07,4.004139604242414e-08,5.702160818336116e-07,1.3308259027807503e-06
2022-10-02,4.2309870241598024e-07,2.1420827195238804e-06,8.847040817836405e-07,1.1865148175219418e-07,4.0443818762933855e-08,7.928843476133101e-07,1.2676310964643275e-06
2022-10-03,4.273509150683555e-07,0.0,1.4750671833712843e-06,2.6964888517932255e-07,1.8155682621788065e-08,4.136291597438145e-07,1.0187191014972308e-06
2022-10-04,4.316458631683647e-07,5.463389152266049e-07,2.1928223053751817e-06,1.513105008496858e-07,6.418352592982455e-08,5.771406835633623e-07,1.2560341073507408e-06
2022-10-05,2.179919881071983e-06,3.310978275655293e-06,2.4703501926498795e-06,1.2226495733185146e-07,2.3153064674810836e-08,6.494366340978901e-07,1.49564165823951e-06
2022-10-06,8.807313760427424e-07,5.573756934229464e-07,2.6085655242234276e-06,1.5436717572696904e-07,4.209436231794582e-08,5.826255775084135e-07,1.2255810854130589e-06
2022-10-07,8.895828735282413e-07,1.1259548245410022e-06,1.307158528432501e-06,2.182860282894707e-07,2.8344945128361794e-08,5.098309407964023e-07,9.660288771632321e-07
2022-10-08,4.4926166502120726e-07,2.2745417173137287e-06,1.319571299975537e-06,9.44913597196797e-08,2.8629816562893402e-08,4.508355765704195e-07,9.908101418277015e-07
2022-10-09,9.075536396383637e-07,2.8717515520158033e-06,2.2097499646781953e-06,1.5906835612145452e-07,3.373714283676282e-08,8.812827435185664e-07,1.2200909405811687e-06
2022-10-10,1.3750120580318612e-06,2.320490507950225e-06,6.661306218705287e-07,1.9280042361393489e-07,3.89442362962454e-08,7.088231070605031e-07,1.0526242153990207e-06
2022-10-11,4.6294371965260917e-07,2.3438118252723502e-06,9.498105155419798e-07,1.9473810008515333e-07,3.9335632377987994e-08,5.348485090044411e-07,1.6558207528455265e-06
2022-10-12,9.351927627713681e-07,1.1836837628650933e-06,2.4586876268377805e-06,6.556508350955419e-08,4.469733231271671e-08,8.763153890878884e-07,1.4408076143950317e-06
2022-10-13,4.722958031465626e-07,3.5867399473701132e-06,2.876938771040222e-06,1.6556005888428157e-07,5.0162831078529e-08,7.1403169729273e-07,1.500172562673644e-06
2022-10-14,1.4311273646440107e-06,1.2075957610428807e-06,1.940021394222458e-06,2.0066875816624001e-07,3.5466883138598176e-08,6.059549224522608e-07,1.5686523542938532e-06
2022-10-15,1.927347245036544e-06,6.059463572963998e-07,1.3930189187927672e-06,3.1087278937514833e-07,1.5352856245755323e-08,4.4202892651762106e-07,1.6975876755704216e-06
2022-10-16,0.0,1.216310858424092e-06,8.402685440019069e-07,2.7474747374400376e-07,2.0676206688325835e-08,7.205372967651021e-07,1.451774442163878e-06
2022-10-17,9.83141121041579e-07,3.0521265858870563e-06,2.8633733915673402e-06,7.928820907459544e-08,4.176801204042061e-08,4.726324584067821e-07,1.8128538184832499e-06
2022-10-18,9.930218535753633e-07,3.0637812409159182e-06,2.2895027053987922e-06,1.6017013764719914e-07,5.273473442525048e-08,5.299788920560762e-07,1.7950586735322623e-06
2022-10-19,1.003001889122026e-06,2.4605938212976246e-06,1.43033478107636e-06,1.213349057193358e-07,4.793825458562712e-08,5.877507691264646e-07,1.641366742935683e-06
2022-10-20,1.0130822256934387e-06,2.470408711295147e-06,2.5737721307073595e-06,2.4510868358991376e-07,4.30400373812765e-08,5.89794169968183e-07,1.5849850584196848e-06
2022-10-21,0.0,7.401840866755495e-07,1.7154660232234384e-06,1.6504804454251527e-07,5.434074618533396e-08,4.791543505815578e-07,1.7910879856179942e-06
2022-10-22,2.0670956884194686e-06,8.240125535755536e-07,2.1939431899223043e-06,3.7509031117593607e-07,6.037556774037242e-08,4.809041936898938e-07,1.4660530221373941e-06
2022-10-23,5.21967586366762e-07,1.6573511852033644e-06,2.039381346980543e-06,3.367644724221395e-07,5.543850207633153e-08,6.814280120096549e-07,1.2363931131289146e-06
2022-10-24,1.5816403434668036e-06,7.500793498898727e-06,1.021869845585746e-06,3.826676380927428e-07,4.479653462807571e-08,7.884202610495461e-07,1.89883461930819e-06
2022-10-25,1.0650240621238038e-06,8.382507499980987e-07,2.989928200809235e-06,4.802412564097177e-07,6.221427751808445e-08,5.37352726324121e-07,2.261768611735407e-06
2022-10-26,2.689319329742018e-06,1.6863276517842107e-06,5.282906805412213e-06,1.9402710451093843e-07,5.712685582014728e-08,5.137994976027454e-07,1.9891311495089854e-06
2022-10-27,1.0865389753394435e-06,2.90468293347381e-06,3.5256738578077525e-06,1.4698283199759804e-07,6.924118831935952e-08,9.028002800641145e-07,2.2118644190705813e-06
2022-10-28,5.487294367925328e-07,3.898066167751497e-06,1.930793500113037e-06,1.484600340176781e-07,6.947894643392988e-08,3.5012295704376227e-07,2.194473138299964e-06
2022-10-29,5.542442593162992e-07,4.884142972362527e-06,2.5849136662047777e-06,5.303790730373506e-08,7.017722145442284e-08,5.616746382022684e-07,1.8099334113782705e-06
2022-10-30,0.0,6.149667796937474e-06,2.5928897987516763e-06,2.662133650090508e-07,8.860314281942808e-08,7.618497104125959e-07,2.1234049226847416e-06
2022-10-31,2.827203680283126e-06,6.194771850326224e-06,4.877109792073496e-06,2.6726381505777235e-07,1.3424042881341858e-07,8.892474181265644e-07,2.6570674225223027e-06
2022-11-01,2.3397799801807236e-06,5.492824450318695e-06,3.4372599006849815e-06,1.611938633338166e-07,7.239450685001061e-08,9.231586689418833e-07,2.2535052578270887e-06
2022-11-02,2.3632951599217313e-06,6.918604574304109e-06,2.7583516830690517e-06,1.1197201868861177e-07,7.262412026872664e-08,6.387412843429978e-07,2.865237838191328e-06
2022-11-03,5.967616677870376e-07,6.971870451932805e-06,4.8425497453498536e-06,5.60669234425106e-07,7.286099615998984e-08,8.247244954342725e-07,2.6273126785427383e-06
2022-11-04,1.205518444515448e-06,2.8103334089666413e-06,2.890928199532447e-06,3.3652230993263543e-07,5.4828868658690055e-08,8.275345863808447e-07,2.4793841936332275e-06
2022-11-05,3.0440852657646874e-06,9.912698854950536e-06,4.901187042765002e-06,3.366767317216366e-07,5.5017473129944487e-08,7.381577168672615e-07,1.9928573091746498e-06
2022-11-06,2.459743065043261e-06,4.281523738570256e-06,3.028083915921324e-06,2.8072068455364576e-07,1.104231587887199e-07,9.568704785250246e-07,2.6843142356416583e-06
2022-11-07,2.4844638938310692e-06,9.594422452508051e-06,6.768674661353848e-06,3.370865979699812e-07,6.421068996929739e-08,8.05482455133941e-07,2.4773024524479563e-06
2022-11-08,3.7641497566179814e-06,6.448186221373152e-06,6.899020645431598e-06,3.368441387337191e-07,1.105152683251889e-07,1.2114493818665374e-06,2.931013773072452e-06
2022-11-09,2.5346533937345485e-06,1.4626655171407305e-05,4.437658035782638e-06,5.610589403200579e-07,1.3252255648956319e-07,1.0173965097463664e-06,3.448399412914216e-06
2022-11-10,3.2001588548025437e-06,1.9661805363241442e-05,7.896966049787034e-06,4.486136712897333e-07,1.3244004335498453e-07,6.377810983005651e-07,2.321339331947178e-06
2022-11-11,2.5858567887913507e-06,8.253180454828854e-06,3.526509780681052e-06,3.923719205563458e-07,1.323707743351084e-07,1.0236050506415473e-06,2.987615067664609e-06
2022-11-12,4.57072889275526e-06,1.568963385346881e-05,7.217325150563211e-06,5.043164351826963e-07,7.718359979340218e-08,7.380575694776882e-07,2.7542736718152217e-06
2022-11-13,1.3190472805211097e-06,7.02633498007262e-06,5.6065875197550155e-06,3.3514085653934384e-07,1.1022661854612906e-07,9.63568551767947e-07,2.7391078381550367e-06
2022-11-14,2.664607852164529e-06,3.5401009989784275e-06,5.63046228243678e-06,3.3410427065516234e-07,1.5428276419755159e-07,1.2272804820891521e-06,2.701748794466604e-06
2022-11-15,1.3456938031462842e-06,3.55165158436543e-06,3.358888536142206e-06,2.775842462303896e-07,1.983390310742293e-07,1.1617445476379218e-06,3.130145754404053e-06
2022-11-16,1.3592182507120343e-06,1.2472450682547058e-05,4.963438299694089e-06,6.089072562556601e-07,1.1018574569364914e-07,1.0240895193148869e-06,2.858458952644034e-06
2022-11-17,4.118635863706622e-06,5.357827823891846e-06,4.3336306884016756e-06,3.8639367584205377e-07,1.3223299134827444e-07,1.2399105089760377e-06,3.5879281924639117e-06
2022-11-18,2.038827376068051e-06,4.062605387919604e-06,4.354513333860835e-06,4.403880635138642e-07,1.3225631127349924e-07,9.39002762917438e-07,3.501413211492182e-06
2022-11-19,1.3456938031462842e-06,4.558528153243595e-06,7.297049550919771e-06,4.5550206286677595e-07,2.2048809490010896e-08,9.049704280352966e-07,3.3185469278429585e-06
2022-11-20,4.663063741287926e-06,4.577668002153451e-06,7.520598594856707e-06,3.0081048834650045e-07,2.198980714825703e-07,1.3342160907586283e-06,3.4953331249875465e-06
2022-11-21,1.9785709207816644e-06,4.597265621678259e-06,5.488520697243849e-06,7.527391845697271e-07,1.8143430748563817e-07,1.297678771313885e-06,3.7903524260003182e-06
2022-11-22,2.611845081574434e-06,1.1543307428990754e-05,4.4404052111362895e-06,4.724530517721934e-07,1.6880892701863013e-07,1.519752948644142e-06,4.292697945429282e-06
2022-11-23,0.0,4.637842057659286e-06,8.289190784505928e-06,4.7317559295249406e-07,1.6916002097682982e-07,1.4059878310308555e-06,4.5033845108629155e-06
2022-11-24,0.0,9.317649863585834e-06,9.124215990588206e-06,4.7394545208640435e-07,1.1736555997714226e-07,1.102206537109368e-06,4.1744741249682274e-06
2022-11-25,1.2673266968672743e-06,7.201173701866725e-06,8.677982716211705e-06,4.7476270616047904e-07,2.0912368507537297e-07,1.3145553721478428e-06,3.731803700548796e-06
2022-11-26,3.1367914638483186e-06,5.305945495456003e-06,5.3699878331803245e-06,2.4798201749081656e-07,2.227195481828226e-07,1.0050781562172727e-06,4.269677779389481e-06
2022-11-27,2.4844638938310692e-06,2.667200174471895e-06,6.7502695168608645e-06,4.1423392922553696e-07,1.8386731432874811e-07,1.1178484329361216e-06,4.714683187311492e-06
2022-11-28,1.8448072987824455e-06,1.6090165940735457e-05,7.940577165149578e-06,4.982471036453978e-07,2.501715302667413e-07,1.1974876044680163e-06,4.7787029319076596e-06
2022-11-29,3.0440852657646874e-06,2.6964566441070232e-06,8.843592963780731e-06,3.3297554489714875e-07,1.8482495359387328e-07,1.7162736330719611e-06,6.012467123022584e-06
2022-11-30,1.808277666773172e-06,1.415998694139329e-05,8.466589666815786e-06,3.3381965186266924e-07,2.515212845122172e-07,1.6464936877861771e-06,6.127615468367898e-06
2022-12-01,3.145214666345986e-06,6.159606994511368e-06,5.619625939878841e-06,5.021772245535193e-07,2.3894776796896716e-07,1.195726849117526e-06,5.77414475994739e-06
2022-12-02,1.2455677030085153e-06,2.2533656474131988e-05,4.841337463782871e-06,4.196200177505607e-07,1.3313705580347057e-07,1.15674938901044e-06,5.5663979125710195e-06
2022-12-03,0.0,0.0,4.071571661272797e-06,5.049611728695779e-07,1.7360026507292284e-07,9.798338716656767e-07,4.297143062850106e-06
2022-12-04,6.104519050013446e-07,1.3533128293120469e-05,5.0386664534060785e-06,5.176378259360749e-07,1.3395362905577584e-07,1.0582386524191366e-06,4.234622846482305e-06
2022-12-05,6.043778070584442e-07,2.1890732027032878e-05,1.0644539853205118e-05,5.182825313379327e-07,2.015729822180637e-07,1.0583625481864523e-06,4.949175080353316e-06
2022-12-06,0.0,3.6761252272692506e-06,6.933289743291214e-06,4.324825545206901e-07,9.437664988204297e-08,1.4114563747874117e-06,4.291548091717976e-06
2022-12-07,1.1848206493094662e-06,1.577768628552207e-05,6.029620533771763e-06,2.598637489253749e-07,1.311017714562745e-07,1.5295624848182425e-06,4.316880744483058e-06
2022-12-08,0.0,7.950488274467042e-06,7.911977889243364e-06,5.205279034595644e-07,2.571784193920788e-07,1.451728383303676e-06,4.737594123574876e-06
2022-12-09,5.806798142797936e-07,1.6025856923251846e-05,7.078112544007534e-06,8.689672704874994e-08,1.4773053547486927e-07,1.0991729625253383e-06,5.057623359930653e-06
2022-12-10,5.749019535892074e-07,1.613665249916161e-05,6.362590932075877e-06,3.481899730640995e-07,2.2518250342774082e-07,9.820094466270446e-07,4.093520272511457e-06
2022-12-11,5.691815835730668e-07,4.059650872199596e-06,7.491725079466957e-06,5.319597538324084e-07,2.2496973969256838e-07,6.154158749813339e-07,3.857319360494131e-06
2022-12-12,5.635181321896029e-07,8.171089176158125e-06,1.1515741425510292e-05,4.44213768097437e-07,2.2637488142915306e-07,1.0230945937773822e-06,5.301614664224565e-06
2022-12-13,5.579110330889581e-07,0.0,4.883199982603481e-06,8.903443261630456e-07,2.3076072875320788e-07,1.2600929942999348e-06,4.685642037006826e-06
2022-12-14,2.2094389022261983e-06,1.3136457488316787e-05,7.951771740046184e-06,7.12551920721334e-07,2.839526643466211e-07,1.1561791961137607e-06,4.622747174928963e-06
2022-12-15,5.46863654456998e-07,1.7633444502341726e-05,9.988844964588925e-06,4.455622726863119e-07,1.039610303628872e-07,1.0410016570047504e-06,5.194369643188146e-06
2022-12-16,1.0828445403572266e-06,4.434422078820992e-06,8.127245148761119e-06,2.8275093491468665e-07,2.0935388521516584e-07,1.0297901631568854e-06,5.072845561574764e-06
2022-12-17,5.360350285784332e-07,1.3382779433879396e-05,7.296572233215943e-06,2.8308814169845565e-07,2.888321332361126e-07,1.0298087373981545e-06,5.392797380305569e-06
2022-12-18,5.307013909278084e-07,1.4160876341492652e-05,7.433852169891948e-06,3.376172201470382e-07,3.161798811876981e-07,8.621055057399601e-07,5.383324462385061e-06
2022-12-19,1.050841647717058e-06,4.862390978691839e-06,4.277003867709266e-06,5.916686760159497e-07,3.437435957941463e-07,1.1081450732962489e-06,4.748840413559512e-06
2022-12-20,5.201927993094875e-07,1.465812592455436e-05,1.7477021211396896e-05,5.079140435444938e-07,3.1845541072091046e-07,1.0826112174028965e-06,6.0424537949928675e-06
2022-12-21,1.030033588947745e-06,4.906259729916455e-06,1.0026181200789521e-05,5.935233493867563e-07,2.3973066488641147e-07,1.6876918240386687e-06,4.755985703173919e-06
2022-12-22,5.098922917468868e-07,5.0470975345903405e-06,7.79692247148287e-06,6.118739820242068e-07,2.7356342987326833e-07,9.459603806642425e-07,5.236753550971786e-06
2022-12-23,5.048187786739876e-07,1.0139011882744792e-05,6.848235912567552e-06,4.1269303453481e-07,2.3350856683950462e-07,6.9867147554063e-07,3.943385413668877e-06
2022-12-24,0.0,1.0184842605946387e-05,1.1580063607768481e-05,1.7499301557668225e-07,1.304009902912766e-07,1.0459658048387929e-06,4.264438734542544e-06
2022-12-25,0.0,5.115845910947987e-06,3.4909255898843467e-06,8.77639371072913e-08,3.146112941105942e-07,8.043132982755864e-07,4.046355626951011e-06
2022-12-26,4.898991290155841e-07,1.614012284061524e-05,5.954498005324224e-06,4.402007144654452e-07,2.8993403350423646e-07,1.1258127548542452e-06,4.6689574365442075e-06
2022-12-27,0.0,0.0,1.0760223132430581e-05,3.695741513354736e-07,2.709466714828313e-07,1.039820276509458e-06,5.425242880899517e-06
2022-12-28,4.801984763152106e-07,1.1039912062606347e-05,8.589436743148257e-06,9.404998821807716e-08,4.2046414688229683e-07,1.6172371450760194e-06,5.891722717249432e-06
2022-12-29,2.723957095271063e-06,1.1087280276284839e-05,1.139652872531971e-05,4.72285618460645e-07,2.483732797122052e-07,1.3941384224736297e-06,5.803675213437083e-06
2022-12-30,4.098474278091616e-06,1.16162749054197e-05,7.680969067746034e-06,2.8462111487179366e-07,2.743835004373393e-07,1.2156927546989492e-06,5.119555176902184e-06
2022-12-31,2.740948509413235e-06,1.7388291388815356e-05,1.0285226536597355e-05,9.529977367195755e-08,2.004246049236002e-07,1.7458423525959232e-06,4.620364228853977e-06
2023-01-01,2.6534589170670317e-06,2.306175681113269e-05,5.171181806873327e-06,2.8421578039280087e-07,3.4815053288527704e-07,1.4619655597374418e-06,5.543431710681148e-06
2023-01-02,3.993477708329509e-06,1.158267644727878e-05,5.221064447191621e-06,4.5123124685788494e-07,3.747103768563757e-07,1.5090289533502009e-06,5.453157291202898e-06
2023-01-03,1.3357221307190715e-06,2.968392778835522e-05,1.3464880405041456e-05,6.352177138318804e-07,3.0115183757706275e-07,1.6915927205249193e-06,5.74700425381414e-06
2023-01-04,1.7681585384536594e-06,3.4390885858036266e-05,1.3693627750322057e-05,2.7376080187005226e-07,2.269241168278075e-07,1.2342743863603327e-06,5.848612792432871e-06
2023-01-05,5.265535573655723e-06,1.8002776259577323e-05,6.910432296732357e-06,9.17709389925401e-08,3.293435138840958e-07,1.4307098017012012e-06,5.151037637456776e-06
2023-01-06,2.6506726016026207e-06,1.195351818229415e-05,6.963008252973081e-06,1.9465997355166303e-07,2.545697557935733e-07,1.3417187125151387e-06,6.517527217262087e-06
2023-01-07,2.249572364334977e-06,1.8012945621183756e-05,5.609754695707887e-06,2.0086515209906695e-07,3.8373570637296084e-07,1.2075514987901419e-06,4.51518312668303e-06
2023-01-08,2.2721809424644707e-06,0.0,8.527064020934988e-06,2.0816081693578813e-07,2.0568274823785592e-07,1.1737952784215212e-06,6.197812376126283e-06
2023-01-09,6.885050221745103e-06,1.209138980670363e-05,7.234357784697016e-06,0.0,1.54676214891723e-07,1.2042794665224469e-06,6.7101860438375886e-06
2023-01-10,4.636164084571021e-06,1.8201871691180115e-05,1.1622885739347032e-05,5.205341793314577e-07,2.8436069998497415e-07,1.254616086568034e-06,5.751242308636066e-06
2023-01-11,9.365516616501156e-06,6.0894929582140604e-06,4.3688314381881695e-06,6.241568031268525e-07,2.592516142200813e-07,1.662741479019728e-06,5.670180420181376e-06
2023-01-12,0.0,0.0,7.513318935478111e-06,1.0395583454273357e-07,2.860213692144171e-07,1.1110420466785548e-06,6.442998686361575e-06
2023-01-13,0.0,3.18802828033576e-05,1.2165820504330485e-05,2.1785692628960566e-07,3.3558456614364835e-07,1.4191159913866568e-06,6.635567463178246e-06
2023-01-14,2.412684765072654e-06,6.400566090688191e-06,4.6053518432816095e-06,4.3571810789088644e-07,3.087293571733505e-07,1.4524914237560997e-06,5.628386321077609e-06
2023-01-15,0.0,1.2835895481306728e-05,6.156243576879903e-06,4.353278115939986e-07,2.535303288338312e-07,1.20931311916853e-06,4.97398299770101e-06
2023-01-16,3.325501825714719e-06,6.4359711907409105e-06,3.107729121166306e-06,1.0874526211026112e-07,6.032128262013784e-08,1.2795449253667191e-06,6.456945437766322e-06
2023-01-17,0.0,6.6132638093467805e-06,6.2615632996416675e-06,4.346777837554199e-07,2.1861686450529127e-07,1.3288516789549315e-06,6.878304860210672e-06
2023-01-18,0.0,1.326834108912485e-05,1.5939391632175533e-05,3.258134904078027e-07,3.1371788235315554e-07,1.4961755569332355e-06,7.465690333773613e-06
2023-01-19,6.853556867956861e-06,1.3303713462727643e-05,9.557938203593201e-06,2.1710081641306231e-07,3.151573303198485e-07,1.4813009494195052e-06,7.937964959005013e-06
2023-01-20,0.0,2.0701135549323248e-05,1.4482951892763007e-05,5.676985349273388e-07,5.066052708515286e-07,1.5607132311014464e-06,8.019704888222062e-06
2023-01-21,0.0,0.0,1.3008237398464547e-05,3.4067370635544207e-07,2.2269164493649379e-07,1.3264394115368307e-06,5.327309209399174e-06
2023-01-22,7.062278748294412e-06,4.4393109741261285e-05,1.3053282914694564e-05,8.655676233665358e-07,4.47531506451029e-07,1.6476179666881218e-06,7.672401706423676e-06
2023-01-23,0.0,1.4972686512523482e-05,4.944610420080833e-06,5.939799153269364e-07,5.460940072425152e-07,1.463254809203695e-06,8.378901389369992e-06
2023-01-24,1.0807419363978658e-05,7.4882919799086925e-06,1.0024756700267307e-05,2.378675718310526e-07,2.582642397009813e-07,1.6178748158881761e-06,8.367490075599403e-06
2023-01-25,3.6386785781117728e-06,7.55047412625737e-06,5.048771637111201e-06,5.031741009400173e-07,3.893533363023077e-07,1.7732809327663023e-06,8.664133021975673e-06
2023-01-26,3.675247905787379e-06,1.5093501357171056e-05,1.541583473969702e-05,5.44350526203876e-07,2.2764122205976453e-07,1.370974074602859e-06,7.69858971378171e-06
2023-01-27,8.279849402230914e-06,1.5206532999067987e-05,8.678678263728025e-06,6.821521566050873e-07,2.602878504336605e-07,2.117676166797838e-06,8.78206773350602e-06
2023-01-28,0.0,2.3161857366793793e-05,1.2387854889182885e-05,2.7357374849578095e-07,5.208806664590814e-07,1.3904337529505648e-06,7.244927294780145e-06
2023-01-29,0.0,7.604344974843912e-06,1.7897837875848654e-05,1.6458839517141323e-06,3.095991485914248e-07,1.2023895535813168e-06,5.981744058638515e-06
2023-01-30,0.0,1.5295687139111668e-05,1.9879666404033258e-05,2.9511791234395976e-07,2.745711271198954e-07,1.6569361557973339e-06,8.256096714200701e-06
2023-01-31,4.30887823326617e-06,1.5781567000462515e-05,7.225975373178486e-06,1.1840860557110991e-06,3.7670939403478586e-07,2.4344137449697784e-06,6.106168056349884e-06
2023-02-01,4.449985048657085e-06,2.406255804079712e-05,1.6405511437913537e-05,4.461908553046851e-07,1.777512253770056e-07,1.5188358685172846e-06,9.102522300182869e-06
2023-02-02,8.989416283836275e-06,0.0,1.4426513955894495e-05,7.21356353303486e-07,4.956519150088818e-07,2.159178582000327e-06,8.852604274682397e-06
2023-02-03,4.539880709738986e-06,2.4917099298566703e-05,1.4426329507218057e-05,6.195993544387367e-07,3.526071175476382e-07,1.2452828711929107e-06,9.023186193868552e-06
2023-02-04,0.0,1.6391664277164548e-05,7.3015066085708965e-06,7.769871503089347e-07,5.268186209275052e-07,1.4655053702097463e-06,8.587207585706246e-06
2023-02-05,4.631592383637332e-06,1.640922545711143e-05,1.0962658366801139e-05,9.354633683183648e-07,2.898979287246577e-07,2.0831706150558415e-06,7.551719709584273e-06
2023-02-06,0.0,2.4097910942416734e-05,2.0350251151567882e-05,1.5314509428044289e-06,3.8527232500826077e-07,1.470530488795725e-06,9.300932748283827e-06
2023-02-07,0.0,8.272347698566446e-06,9.311009234565733e-06,6.417748476263208e-07,2.880394544529051e-07,1.6848433305135112e-06,8.954308882975925e-06
2023-02-08,0.0,8.277228402918166e-06,2.4447184022590997e-05,6.444151219690305e-07,4.14777233484024e-07,1.5433788277187973e-06,9.815201529570692e-06
2023-02-09,4.8206112545571414e-06,1.633256124780932e-05,9.395216236978892e-06,8.088997979511892e-07,3.817282664046811e-07,1.63106433779332e-06,8.502440055199858e-06
2023-02-10,0.0,1.63401854224979e-05,1.3464389403813289e-05,8.020675745156078e-07,4.123420312995958e-07,1.6202095372885934e-06,9.936029763944579e-06
2023-02-11,0.0,8.174721814672798e-06,7.734002942707985e-06,8.05297448823901e-07,3.159891684176793e-07,1.2290250968952208e-06,7.416677324971646e-06
2023-02-12,4.967420723685756e-06,8.180168397090405e-06,1.3445835072663917e-05,3.230042713078039e-07,1.5741187904637978e-07,1.4125892064746735e-06,6.21434090279864e-06
2023-02-13,0.0,1.6372866006329102e-05,9.757142212092427e-06,1.295687455129397e-06,2.8232084736540287e-07,1.8959295842506395e-06,1.0268350278420212e-05
2023-02-14,0.0,1.6847542234258877e-05,5.923942917413339e-06,1.1370514704962307e-06,3.751047263564356e-07,1.95895812826341e-06,9.328058115922274e-06
2023-02-15,1.0237402413553296e-05,5.105267035525784e-05,1.547787586892058e-05,1.79075049468035e-06,6.230319450181525e-08,1.3681060519670854e-06,9.519730556060272e-06
2023-02-16,5.170145009158686e-06,0.0,3.904187777471063e-06,6.602574565586482e-07,2.627818291027474e-07,1.9048231704711957e-06,8.995828535893696e-06
2023-02-17,5.1935494790947744e-06,8.638233471222924e-06,1.165528837090015e-05,3.307067145465809e-07,2.3292379902385868e-07,1.9045143560674415e-06,8.791933242137573e-06
2023-02-18,0.0,0.0,1.1790036759698313e-05,6.626355435217644e-07,1.1614352126519624e-07,1.4895699733487623e-06,8.129647203849925e-06
2023-02-19,0.0,8.875798619523362e-06,7.865639149662593e-06,6.840883420240039e-07,2.3167351493475255e-07,1.908083704803338e-06,1.0096669541064478e-05
2023-02-20,1.0533777332690724e-05,2.6404456272660577e-05,2.173671659915043e-05,5.142343269708442e-07,3.7551012668596046e-07,1.790082808539975e-06,9.328420967259103e-06
2023-02-21,5.2923851367489955e-06,3.5226419212606365e-05,1.3892356405023448e-05,1.2027255829981292e-06,2.8814487917580206e-07,2.1888112746654843e-06,9.319864767526525e-06
2023-02-22,1.5955232550229913e-05,0.0,2.395030436933498e-05,5.318481763859706e-07,2.2997170358004662e-07,2.0715392236760124e-06,1.0706616846354603e-05
2023-02-23,5.330690233293646e-06,1.7861455617553536e-05,1.8146809019750835e-05,1.2444200562986003e-06,8.604393794304501e-08,2.38519133608661e-06,9.057642130532474e-06
2023-02-24,5.3149463387209045e-06,1.7856059648584076e-05,2.0028730960567504e-05,5.348509188882512e-07,2.2895224402418767e-07,2.296023942359613e-06,9.722883889711915e-06
2023-02-25,5.299733943211173e-06,0.0,1.7653702612283403e-05,8.932311886131338e-07,1.7135766171158886e-07,1.8384000965259244e-06,8.04959300338172e-06
2023-02-26,0.0,8.812208603570718e-06,2.35496336135429e-05,7.157776497703294e-07,1.425152302616723e-07,1.4364779041144725e-06,8.49754915905391e-06
2023-02-27,0.0,1.7164811578102716e-05,9.7455960108084e-06,5.229279011008212e-07,2.2759465718209553e-07,2.9109539189312823e-06,1.031163040213626e-05
2023-02-28,1.0514541606764076e-05,8.589118477335583e-06,5.849141168829974e-06,8.492055033375571e-07,1.8584203204278595e-07,2.6160100302020464e-06,8.571972922148786e-06
2023-03-01,5.530644687239414e-06,1.703297667097296e-05,1.537713948264478e-05,5.120596557414523e-07,5.313495200505063e-07,2.08614481469111e-06,1.1148681363348717e-05
2023-03-02,0.0,2.5574522881019393e-05,9.616820116539225e-06,1.0076653101709527e-06,1.7058511211707144e-07,2.3218855634379596e-06,8.499104549490206e-06
2023-03-03,0.0,2.5579043342812704e-05,1.5387010697199623e-05,6.742077858148955e-07,4.0916013201307326e-07,2.3928668181819983e-06,1.049384990295347e-05
2023-03-04,5.492507572480339e-06,8.646609753025955e-06,1.1475559127147582e-05,1.0140699496963484e-06,4.0907317971514387e-07,2.704278887694765e-06,8.529490675073873e-06
2023-03-05,1.0961790702911164e-05,3.437289236604675e-05,1.7102283188370628e-05,1.1864178999287814e-06,2.3859916212771416e-07,2.1332128474289535e-06,8.88789216180538e-06
2023-03-06,0.0,0.0,1.1401491562949189e-05,8.334086650098878e-07,4.090219934913836e-07,2.480878634513752e-06,1.0775672086964484e-05
2023-03-07,0.0,4.188460886491833e-05,1.1503536774441257e-05,6.689005199194406e-07,4.763700286355607e-07,2.887143031230503e-06,1.1852139801597701e-05
2023-03-08,0.0,1.6763248751325634e-05,1.3125633811201453e-05,6.711409984403818e-07,3.7334263985970517e-07,2.2713986546063464e-06,1.1269072797380744e-05
2023-03-09,0.0,5.0322990886585495e-05,1.4914049865837257e-05,1.0101728874306797e-06,5.755765379691235e-07,2.6871782501528864e-06,9.631965590621613e-06
2023-03-10,0.0,8.277976759873259e-06,1.1014976096249441e-05,6.960241320601643e-07,2.7022426084165264e-07,2.1664304454363265e-06,1.178030293554273e-05
2023-03-11,0.0,8.047511474143129e-06,1.265017040446203e-05,6.980101866084888e-07,1.6850999815936844e-07,2.9143282862455355e-06,8.455570259700143e-06
2023-03-12,1.234739852555525e-05,1.5856086974769982e-05,1.264261773333191e-05,3.500330213785755e-07,2.6903469509271274e-07,1.9159107061049574e-06,1.0019035161704886e-05
2023-03-13,6.145989687507153e-06,3.959199688080954e-05,9.042097498803274e-06,1.0513093999641783e-06,4.3628048233922985e-07,2.4049040095279244e-06,1.1056347968945342e-05
2023-03-14,6.118894716327107e-06,3.83792262299843e-05,8.92940541983298e-06,8.672870881125091e-07,3.349409335112336e-07,2.611756522162296e-06,1.0550350060204745e-05
2023-03-15,0.0,3.7181908299151904e-05,1.0451944335559106e-05,1.1028852538370748e-06,2.6745199229180804e-07,2.2001983858839967e-06,1.0848048519177959e-05
2023-03-16,0.0,3.7145979321167195e-05,1.2163879881716192e-05,1.1240191129610337e-06,2.0023348739755175e-07,2.3388205600427747e-06,1.1493025128168243e-05
2023-03-17,1.2082541275635103e-05,3.65475986851405e-05,1.5619289228563734e-05,3.744291044214442e-07,4.885901608115006e-07,1.9271940627790376e-06,1.1661226723511212e-05
2023-03-18,6.0015494442084195e-06,2.922151741623627e-05,1.2044936666253269e-05,5.613339216175167e-07,2.2927194264392537e-07,2.270658733503212e-06,8.343281324788241e-06
2023-03-19,0.0,2.189436110215638e-05,1.2020393962572583e-05,7.481070939504119e-07,4.871444371672475e-07,1.8570959856837882e-06,1.0711857382729708e-05
2023-03-20,5.9239036246913734e-06,1.4583182397660756e-05,2.3853413623283807e-05,9.348047130128597e-07,2.1392241152318076e-07,2.474216739404146e-06,1.2478982806290132e-05
2023-03-21,5.8859712341368014e-06,2.912776819097482e-05,1.3430003723812229e-05,9.258486798855318e-07,2.484634442340177e-07,1.9427804974781778e-06,1.0483102564336228e-05
2023-03-22,0.0,2.906129120589789e-05,1.98959151964326e-05,9.24127947573665e-07,2.9791752786732726e-07,1.8747268837441439e-06,8.960082261273857e-06
2023-03-23,0.0,2.8982323783248095e-05,1.6435323312633835e-05,9.224996288266648e-07,2.1983323899673225e-07,2.275393141324346e-06,1.3528547631328858e-05
2023-03-24,1.1551381590981773e-05,2.0970887070956045e-05,1.310296958147624e-05,1.8419271216225986e-07,1.7559814708424602e-07,2.8760495936360204e-06,1.1078804406575106e-05
2023-03-25,1.1480181280343012e-05,6.965319042562278e-06,1.1435281043230893e-05,5.507225243636717e-07,1.5342885506562856e-07,1.7381808443574823e-06,9.650088026695644e-06
2023-03-26,1.1410128997399137e-05,6.941038932514583e-06,1.6165573710082786e-06,5.340715326098003e-07,1.3133543523934816e-07,1.9088785630577396e-06,1.1458714462321988e-05
2023-03-27,0.0,2.7669811728577427e-05,6.420315369584632e-06,7.099648670982694e-07,2.186225948875944e-07,2.2377099430958277e-06,1.1769992319031226e-05
2023-03-28,5.63672030377627e-06,6.661498341974946e-06,1.4275050965103816e-05,7.079053544618208e-07,1.746997281210267e-07,3.0257656287151407e-06,1.2125642652428108e-05
2023-03-29,5.603395415848466e-06,0.0,1.2552862537762837e-05,8.812966472017374e-07,1.090742815314835e-07,1.737214216300885e-06,1.3675842337877445e-05
2023-03-30,1.6711892616395267e-05,0.0,1.0829045849945776e-05,7.022397853802683e-07,1.5256099670892361e-07,1.910492464250254e-06,1.1108078286393706e-05
2023-03-31,0.0,1.2923243093124226e-05,6.160499410152416e-06,3.4975623878144326e-07,2.1776179357225112e-07,2.018364199856208e-06,1.1462477576479302e-05
2023-04-01,0.0,6.5627939998365365e-06,1.2333655514222844e-05,1.71990859624785e-07,2.784807783213705e-07,1.828870243405814e-06,1.2356645544842904e-05
2023-04-02,0.0,0.0,7.57139174798358e-06,1.7136765588821725e-07,4.45589016442437e-07,1.7280334642494178e-06,9.305972464714268e-06
2023-04-03,0.0,1.3509909323555643e-05,8.986372551793953e-06,8.207584865103464e-07,2.2291356150226754e-07,2.236988749037452e-06,1.1144140008417597e-05
2023-04-04,0.0,6.736351658342775e-06,7.452748985048532e-06,6.545139051879877e-07,3.791933407528889e-07,2.486226189811823e-06,1.0185488861950183e-05
2023-04-05,0.0,1.9437960788476448e-05,7.308934988990966e-06,3.262432365518235e-07,2.4554041250717244e-07,2.8470660313204173e-06,9.444875616546902e-06
2023-04-06,5.438546098385036e-06,1.2897901062434079e-05,4.363242416393051e-06,1.1106559624846267e-06,2.6808543523904903e-07,2.2972533413003e-06,8.819892112714144e-06
2023-04-07,5.409717142493961e-06,0.0,5.766611987637053e-06,7.722310357426352e-07,2.0125155829153846e-07,2.5443210818102286e-06,8.456710044786881e-06
2023-04-08,4.4633930449825354e-06,6.29079840642651e-06,4.1768465967074085e-06,1.539981528281062e-07,2.6861222063643925e-07,1.5584973791807176e-06,9.539541210481644e-06
2023-04-09,0.0,1.2056033208741503e-05,5.505698743436097e-06,6.142619938052015e-07,2.4650623402478514e-07,2.362606280968232e-06,9.79359769354362e-06
2023-04-10,0.0,2.3967405341927642e-05,1.643042784658098e-05,4.589492612468622e-07,2.5721937115852933e-07,2.211110313909556e-06,1.1314235932840022e-05
2023-04-11,0.0,5.956285256719845e-06,9.38366859705111e-06,1.5241597414946901e-07,3.0449745380773684e-07,2.4316694207818533e-06,1.1611658750385776e-05
2023-04-12,0.0,5.921314811447037e-06,7.953074145658986e-06,3.037282058821586e-07,3.2349313382170193e-07,1.5795198196505896e-06,1.1262284971571361e-05
2023-04-13,4.374743808758303e-06,1.1542477905215768e-05,7.693861263331496e-06,3.023246091990272e-07,1.9953875758207778e-07,1.742889432533552e-06,8.004250850486345e-06
2023-04-14,0.0,1.7204241257144792e-05,1.2568826410491838e-06,0.0,1.5001857860232348e-07,1.7914523396480248e-06,9.643855675245177e-06
2023-04-15,0.0,1.0934867196691295e-05,2.5045872142474307e-06,7.490199415844916e-07,2.2559713650144723e-07,1.7273582162326181e-06,9.078647526236147e-06
2023-04-16,0.0,0.0,4.953119700295139e-06,1.4418991572460654e-07,1.7592475055637807e-07,2.1055556068258316e-06,8.407600258968159e-06
2023-04-17,2.9664005063721774e-06,0.0,8.529088499538561e-06,5.644751781628756e-07,1.7640265423329062e-07,1.6530907304703802e-06,9.19402353588248e-06
2023-04-18,2.9651099571697393e-06,0.0,4.78736821013759e-06,2.7419069331565945e-07,3.537963966452585e-07,2.408140493951817e-06,1.1409865280752646e-05
2023-04-19,0.0,1.064615854214153e-05,9.34420554606187e-06,6.812932794555241e-07,3.041338840786555e-07,2.0623011836648894e-06,8.968538445069196e-06
2023-04-20,2.9634182997604114e-06,1.0576660715219446e-05,4.586193241010325e-06,5.417423644140732e-07,3.4891877725087166e-07,2.4554914609597552e-06,8.466565482904556e-06
2023-04-21,2.9630170223863715e-06,5.254110281591398e-06,5.693237887157944e-06,1.2116346298911493e-06,4.030616417453516e-07,1.2657717953049332e-06,8.32623720098293e-06
2023-04-22,0.0,1.99560820840632e-05,7.6215716333715314e-06,8.029800695488813e-07,1.6031373826179246e-07,1.7868682219700545e-06,6.67101373950776e-06
2023-04-23,0.0,2.0761465802562578e-05,9.607672182072669e-06,1.2808991748925753e-07,1.235726909718111e-07,1.8238014101981543e-06,7.00421418859401e-06
2023-04-24,2.9635910029328006e-06,0.0,1.0499953840499121e-06,3.8210962257431886e-07,3.1962459911726367e-07,1.5385597350435681e-06,8.92049787030061e-06
2023-04-25,2.0463388799376815e-06,5.127170928444123e-06,1.1475183690501882e-05,8.866379759102795e-07,2.446093572569884e-07,1.558979763809544e-06,8.94434011226752e-06
2023-04-26,4.051954935753521e-06,1.528903144919653e-05,5.127146853315942e-06,6.298396407263857e-07,2.0234285621850722e-07,1.2771575757128525e-06,6.925619833391717e-06
2023-04-27,0.0,4.9117629430062546e-06,7.069801867853251e-06,6.264294260057984e-07,8.581069065734454e-08,1.4851943449818497e-06,6.353920714034109e-06
2023-04-28,0.0,0.0,3.911494658659248e-06,4.984654837998702e-07,2.1361909103097312e-07,1.3635485612717932e-06,5.812120184586944e-06
2023-04-29,0.0,4.855699455609148e-06,9.6084974378188e-07,3.713826143090814e-07,2.1273281750570448e-07,1.6204919222378645e-06,5.849423325737512e-06
2023-04-30,0.0,9.194004724649302e-06,1.0504655382184911e-05,2.3605399858915456e-07,2.9661494441525017e-07,1.2778373708010673e-06,6.738245953287484e-06
2023-05-01,0.0,0.0,2.7649134538837107e-06,4.697686949276771e-07,1.9019609498536543e-07,1.1043276854541762e-06,5.325021524845983e-06
2023-05-02,0.0,4.09116396425521e-06,3.595684042412642e-06,4.271042758989251e-07,1.8945458535986462e-07,1.106735399770195e-06,5.562740385956894e-06
2023-05-03,0.0,0.0,2.6378073719000688e-06,3.184472177886419e-07,1.048511229726551e-07,1.5659930384275965e-06,4.920214191125482e-06
2023-05-04,0.0,3.977071276385095e-06,4.26415788584126e-06,6.312120237747303e-07,1.4624425721197132e-07,1.3303173602743185e-06,5.599974296761178e-06
2023-05-05,0.0,7.80342430022211e-06,3.321729186667505e-06,2.926083873387954e-07,1.248956286941292e-07,1.0621153383032987e-06,4.628689513256533e-06
2023-05-06,0.0,3.881362960465926e-06,3.985309607043507e-06,8.663698228253134e-08,1.5182764474167362e-07,1.16159155730157e-06,5.306446290695094e-06
2023-05-07,0.0,7.607014979521671e-06,1.542135654435226e-06,2.573247897160494e-07,1.5139071987227198e-07,1.154877064879004e-06,5.70559782665709e-06
2023-05-08,0.0,1.4674879203936038e-05,4.409042752447021e-06,1.698429101852762e-07,3.450718496023244e-07,9.984739285470333e-07,4.8000028100445095e-06
2023-05-09,0.0,1.0953754576877654e-05,3.561257915851235e-06,3.3630588998481513e-07,1.7685846417045519e-07,1.2474641500890362e-06,5.8381146738062934e-06
2023-05-10,0.0,0.0,6.921699007196982e-07,5.131787604077322e-07,2.157482791260092e-07,1.0625660780876952e-06,6.446206142307467e-06
2023-05-11,0.0,0.0,6.796813681761117e-07,2.1774537703940544e-07,9.788990371022677e-08,1.0224224020148418e-06,4.9880352553193924e-06
2023-05-12,0.0,9.427416924409972e-06,3.326205133169912e-06,2.87438365783351e-07,1.4520780447606715e-07,8.907683170519396e-07,4.7947687642386185e-06
2023-05-13,0.0,0.0,1.9203019076511908e-06,7.11445765642348e-08,9.066626926139713e-08,1.1076015391267764e-06,4.361283233161322e-06
2023-05-14,0.0,5.702474624762067e-06,1.2557239976544928e-06,1.8152409020793435e-07,1.630561093699211e-07,9.460584202679498e-07,4.339129508086274e-06
2023-05-15,0.0,5.686160500328887e-06,3.5767794756280855e-06,2.995298255530573e-07,1.6292923981614484e-07,9.384434551404757e-07,4.292331906184069e-06
2023-05-16,0.0,5.6704149966842245e-06,1.776991509502903e-06,2.372395631933773e-07,2.7136443887020837e-07,9.909818406334933e-07,4.8126153083125225e-06
2023-05-17,0.0,2.7697238490418074e-06,3.9728260421472665e-06,1.7615924257374638e-07,1.8080485425568898e-07,9.532844471224964e-07,4.201741737735444e-06
2023-05-18,1.2557746404146343e-06,0.0,2.214211099906228e-06,1.5454913656298858e-07,1.4457453058720202e-07,8.641958371741925e-07,4.486726643359078e-06
2023-05-19,0.0,2.5272658939329528e-06,2.6670347494786755e-06,1.5301134696026434e-07,1.8064954417923843e-07,1.051090806037396e-06,3.7922081602464674e-06
2023-05-20,0.0,2.5233687552981295e-06,3.094933398526216e-06,5.0496286206581995e-08,3.070182833900379e-07,8.725305012533368e-07,3.850416946484094e-06
2023-05-21,0.0,5.0240218831705005e-06,2.820548429147684e-06,9.998767952755382e-08,1.8010238398857696e-07,7.084485556388473e-07,3.5892493928866185e-06
2023-05-22,1.2065350124656868e-06,2.500904331059878e-06,1.3755017168517192e-06,4.9496392746609874e-08,1.4369903050896365e-07,9.732104012749592e-07,4.071398132670704e-06
2023-05-23,0.0,7.447004396985916e-06,9.109153747197361e-07,1.4701168622989392e-07,1.791631548123328e-07,6.861409420355893e-07,3.926320940216325e-06
2023-05-24,0.0,2.4640135024792505e-06,2.4622370936058247e-06,9.70325970073942e-08,1.787204379532454e-07,8.794626678966476e-07,3.304265760113358e-06
2023-05-25,0.0,0.0,1.9339789218207653e-06,1.4410065980313095e-07,7.1318237314755e-08,6.020641955382126e-07,3.216481236928286e-06
2023-05-26,0.0,1.9672571838691494e-06,2.307075856328956e-06,9.511122285415682e-08,1.6009972049559464e-07,5.557722505470592e-07,2.7815724425641468e-06
2023-05-27,0.0,1.8384664036729036e-06,0.0,1.8038678384466477e-07,2.3074915808888215e-07,3.6737170126794195e-07,2.513879943324481e-06
2023-05-28,0.0,1.8268120100304118e-06,3.5782527639964813e-07,4.464797633898936e-08,1.5941508885615804e-07,6.100248739235923e-07,2.828289592792362e-06
2023-05-29,0.0,0.0,6.682385481376319e-07,2.6522232930991926e-07,2.1212893628745475e-07,7.02476190294313e-07,3.2049874911153835e-06
2023-05-30,0.0,1.5724724413728811e-06,3.3170192697054743e-07,7.759912821635337e-08,1.937414819675885e-07,7.353070154038923e-07,3.3924185211541973e-06
2023-05-31,0.0,0.0,6.249655009629415e-07,2.3048101196904306e-07,1.7550073937696252e-07,4.1226273017920175e-07,2.656704854104766e-06
2023-06-01,0.0,1.5799022477745596e-06,8.678663231029874e-07,3.810327438955106e-08,2.2708558242337975e-07,4.94251536588803e-07,2.8642802439127295e-06
2023-06-02,0.0,0.0,1.9377549865011224e-06,6.550083991534966e-08,1.909849397778225e-07,3.807241112142634e-07,2.744401937511869e-06
2023-06-03,0.0,0.0,1.9756036734373425e-06,1.296981913372456e-07,1.3806519217101708e-07,3.761280969292094e-07,2.6182752231312753e-06
2023-06-04,0.0,1.4380128157140012e-06,9.803863740138321e-07,9.630575457825584e-08,1.7155756619508923e-07,4.872606992106062e-07,2.3492979421503577e-06
2023-06-05,0.0,1.3133692235276757e-06,0.0,9.534749630929036e-08,2.1892708681580004e-07,3.110515377660023e-07,3.008145439277133e-06
2023-06-06,0.0,0.0,4.829244176094547e-07,9.439877286941234e-08,2.5781740165050617e-07,4.2610291586787734e-07,2.5248426423552213e-06
2023-06-07,0.0,1.3021236770467526e-06,7.190439790221235e-07,1.0471777044598632e-07,2.1740110070852956e-07,3.0328417326563546e-07,3.022597468186817e-06
2023-06-08,0.0,3.8900895055717665e-06,1.1194681026233866e-06,6.28356968644768e-08,2.363680971232707e-07,3.133045055090296e-07,2.152219835998834e-06
2023-06-09,0.0,0.0,1.3338006464544557e-06,1.036841187236473e-07,1.762779340190568e-07,1.8318541647541877e-07,2.187797315250431e-06
2023-06-10,0.0,3.8586919017471315e-06,3.993652752591917e-07,2.0530488900955203e-08,1.937850677605869e-07,2.149232166740342e-07,2.140269218146009e-06
2023-06-11,0.0,1.281190894568147e-06,5.950285235239358e-07,1.8293586410861856e-07,1.1946339047690763e-07,2.1409355597717552e-07,2.128393731016454e-06
2023-06-12,0.0,0.0,1.970228791690984e-07,4.0247915966110705e-08,1.429817975600553e-07,1.6920693386427267e-07,2.604393497144564e-06
2023-06-13,0.0,0.0,1.174335717693928e-06,3.9847442510998395e-08,1.1885152070560782e-07,2.397895804559695e-07,2.000987817960776e-06
2023-06-14,0.0,0.0,3.888838649745507e-07,3.945095383334349e-08,1.3041977156517838e-07,1.8717435298988782e-07,1.8622214919967001e-06
2023-06-15,0.0,2.2335794883353313e-06,1.763437396929238e-07,9.764602570986956e-08,9.462975450183866e-08,1.789395988383683e-07,2.023104033436499e-06
2023-06-16,0.0,1.1056775005459735e-06,3.5053869120330594e-07,1.9334886304064675e-08,1.5342962228992535e-07,1.4058717130389594e-07,2.143260877672174e-06
2023-06-17,0.0,0.0,1.7421247859100055e-07,9.571250485449146e-08,1.0599316380308101e-07,2.372711629636419e-07,1.5337976630421407e-06
2023-06-18,0.0,2.1675672382805853e-06,5.195190989201543e-07,5.591323754712801e-08,8.227054832242646e-08,1.7210858313014147e-07,1.9596097803466382e-06
2023-06-19,0.0,1.0729997919499181e-06,1.714499325051388e-07,5.5356891537911826e-08,7.038016831358387e-08,2.3068630791318967e-07,1.6728960931039252e-06
2023-06-20,0.0,1.0623232656329083e-06,1.6974397717301877e-07,2.7403040631990168e-08,1.1708293642475887e-07,1.7733524889147144e-07,1.7070255420567944e-06
2023-06-21,0.0,1.0517529725277343e-06,1.5402420469568952e-07,4.0695563732885344e-08,1.0518957064628089e-07,1.5000653271723759e-07,1.3379957969818293e-06
2023-06-22,0.0,1.0412878555962767e-06,3.0498327650463046e-07,2.686042407204787e-08,7.001001170333445e-08,1.0268434685401902e-07,1.6071284445166055e-06
2023-06-23,0.0,1.0309268683181212e-06,1.5097432109984296e-07,0.0,9.320085871376959e-08,1.1854951560810707e-07,9.243407593666641e-07
2023-06-24,0.0,2.041337949171813e-06,1.7838400725503581e-07,0.0,1.3959653297994838e-07,1.1072035108292884e-07,1.167784413497998e-06
2023-06-25,0.0,1.7857427435678562e-06,7.098716999573806e-07,0.0,1.2744774639079942e-07,1.4246429107585712e-07,1.0626121251157335e-06
2023-06-26,0.0,8.839871531940698e-07,7.062783586561752e-07,0.0,1.2694474909749206e-07,1.1882340966076633e-07,1.3093840404736609e-06
2023-06-27,0.0,0.0,3.5137782288970133e-07,0.0,1.2645444638488211e-07,1.6254922757101597e-07,1.0990844109663411e-06
2023-06-28,0.0,8.664830347810425e-07,4.992219817577452e-07,0.0,6.871461230306712e-08,1.1906540268087792e-07,1.0561154193111593e-06
2023-06-29,0.0,8.578613845314458e-07,3.3129093204558053e-07,0.0,7.987110080956399e-08,1.3112467808323523e-07,1.0487017702062308e-06
2023-06-30,0.0,0.0,3.298003389552787e-07,0.0,1.0232118142567298e-07,1.1139802188631365e-07,9.716567213449527e-07
2023-07-01,0.0,8.465912748043867e-07,4.941030905667933e-07,0.0,6.82280369092646e-08,1.1181212278828383e-07,1.111760571502046e-06
2023-07-02,0.0,8.381675508735793e-07,0.0,0.0,7.932628913387007e-08,1.3117949493946137e-07,1.1087235259252035e-06
2023-07-03,0.0,8.298276443963346e-07,1.5283605381436502e-07,0.0,1.468278213417172e-07,1.1872139513776514e-07,1.1968630180410602e-06
2023-07-04,0.0,0.0,7.612904658131765e-07,0.0,1.2383467828710816e-07,1.0638051858483984e-07,1.1938155541446228e-06
2023-07-05,0.0,0.0,1.376192991311979e-07,0.0,7.855451825108184e-08,1.2553768259105219e-07,9.967210370160937e-07
2023-07-06,0.0,0.0,5.488471728330977e-07,0.0,1.4543843941109954e-07,1.367267392267756e-07,9.814561366368413e-07
2023-07-07,0.0,7.972896370526478e-07,2.7363601715803063e-07,0.0,1.0038770329918462e-07,9.336707033653706e-08,1.0178877779942384e-06
2023-07-08,0.0,0.0,2.7287581172925904e-07,0.0,4.4487686707033516e-08,1.0073699905856393e-07,8.871124916047824e-07
2023-07-09,0.0,0.0,0.0,0.0,1.1090766299487774e-07,1.1963187628698937e-07,9.879127579170748e-07
2023-07-10,0.0,0.0,5.666847986371336e-07,0.0,1.3524009496371047e-07,9.225771637454126e-08,1.049981453471386e-06
2023-07-11,0.0,0.0,2.2644076229000396e-07,0.0,9.645003902400126e-08,1.015581489337673e-07,9.916701406101562e-07
2023-07-12,0.0,0.0,1.1311512469504238e-07,0.0,8.667868977095262e-08,8.450517840963767e-08,1.201553307365421e-06
2023-07-13,0.0,2.8645082757282727e-07,1.130211798518152e-07,0.0,7.694312209912327e-08,7.03225138578317e-08,1.2659344180633536e-06
2023-07-14,0.0,2.836005942157892e-07,1.1293853722075783e-07,0.0,7.684621433372916e-08,7.865880737973451e-08,1.0931988020159493e-06
2023-07-15,0.0,0.0,3.386015656126148e-07,0.0,8.635161516053306e-08,6.453493211623746e-08,1.2104108865092711e-06
2023-07-16,0.0,2.779849261993241e-07,2.750791130801086e-07,0.0,1.0542873541334047e-07,6.726649669904905e-08,1.0777691248389608e-06
2023-07-17,0.0,2.752189299684155e-07,1.8370869065051562e-07,0.0,8.617675975698685e-08,8.679860677453906e-08,1.3000408856950484e-06
2023-07-18,0.0,0.0,9.20248384682241e-08,0.0,9.566918092518537e-08,9.231484074554636e-08,1.2727602321933857e-06
2023-07-19,0.0,0.0,3.688181366868995e-07,0.0,6.038051977733888e-08,9.224039616307113e-08,1.2858454263088715e-06
2023-07-20,0.0,0.0,9.23934504054802e-08,0.0,6.04010072682806e-08,6.145011713138631e-08,9.491217098254821e-07
2023-07-21,0.0,0.0,1.8518321212254169e-07,0.0,4.3390750573296483e-08,1.1445109351043294e-07,1.1118855651157224e-06
2023-07-22,0.0,2.6179634436555825e-07,0.0,0.0,5.8003056100080084e-08,6.975180450599251e-08,8.072420616172937e-07
2023-07-23,0.0,0.0,2.790471474834375e-07,0.0,5.815757845637758e-08,4.7411865834837024e-08,8.05720441340362e-07
2023-07-24,0.0,0.0,2.4805400358889194e-07,0.0,4.3738437464239146e-08,6.970183210543035e-08,1.0107835624519872e-06
2023-07-25,0.0,5.081181861777663e-07,2.490750989452324e-07,0.0,5.773764365322446e-08,9.198723909157445e-08,9.873730879632422e-07
2023-07-26,0.0,5.030623257502263e-07,8.337370067301024e-08,0.0,7.859932368742243e-08,8.361568964049664e-08,8.642239573714573e-07
2023-07-27,0.0,2.490283859872407e-07,8.373070580382194e-08,0.0,9.904013299031043e-08,1.0312513966790853e-07,8.16254527954505e-07
2023-07-28,0.0,0.0,1.681921681499797e-07,0.0,4.202342880066529e-08,8.053783204175159e-08,8.045184413874596e-07
2023-07-29,0.0,7.322918806812477e-07,1.6893974404929115e-07,0.0,3.320100934786501e-08,6.606735855657666e-08,7.459837892127894e-07
2023-07-30,0.0,2.4166848490811167e-07,2.545563210956866e-07,0.0,4.9305980677737496e-08,4.7365845670996316e-08,7.084297044639646e-07
2023-07-31,0.0,0.0,8.524282732055904e-08,0.0,5.4239308858704114e-08,5.1360695025478524e-08,8.476266040041286e-07
2023-08-01,0.0,0.0,8.573079072573641e-08,0.0,6.997722401983936e-08,9.074983666238182e-08,9.23894447398119e-07
2023-08-02,0.0,0.0,0.0,0.0,5.862233300598252e-08,6.7932992236854e-08,8.429862376621079e-07
2023-08-03,0.0,0.0,8.655586746062933e-08,0.0,6.331530659624875e-08,7.593537640181705e-08,6.382343227104864e-07
2023-08-04,0.0,0.0,1.7396273694789734e-07,0.0,5.223775730782807e-08,5.5847856466851035e-08,7.350544977825756e-07
2023-08-05,0.0,0.0,1.7483113539320026e-07,0.0,5.171798293804457e-08,5.316553943293584e-08,5.343028719176579e-07
2023-08-06,0.0,0.0,1.757170170977356e-07,0.0,6.1444056491584e-08,5.895291749397452e-08,7.177406030041729e-07
2023-08-07,0.0,0.0,1.7662047065041202e-07,0.0,4.055511860957816e-08,5.419730286651377e-08,6.833194878666918e-07
2023-08-08,0.0,0.0,6.763483161235017e-08,0.0,4.517053699172697e-08,6.604065316017878e-08,8.495272852581685e-07
2023-08-09,0.0,0.0,2.0494371891229162e-07,0.0,4.9690091821133263e-08,7.355647989216165e-08,8.549904926711143e-07
2023-08-10,0.0,0.0,6.900114584340363e-08,0.0,2.9517400287896332e-08,4.2481005401571716e-08,6.867357892080846e-07
2023-08-11,0.0,0.0,1.3938923777625778e-07,0.0,7.305924311934852e-08,7.610551755915698e-08,6.633934527220214e-07
2023-08-12,0.0,0.0,1.40790122905644e-07,0.0,4.822152766943403e-08,5.551976684714361e-08,6.98410080833024e-07
2023-08-13,0.0,0.0,2.090838566643867e-07,0.0,2.864502927135244e-08,6.085669335860787e-08,5.663501681695966e-07
2023-08-14,0.0,0.0,2.070034375302109e-07,0.0,3.411553878767043e-08,6.60819164785571e-08,6.450204041339912e-07
2023-08-15,0.0,0.0,6.831457297076386e-08,0.0,1.8764490836109113e-08,5.3878909760465065e-08,7.885785611349335e-07
2023-08-16,0.0,0.0,1.3526966322470033e-07,0.0,3.715556206535523e-08,5.905810625639216e-08,6.717856850861532e-07
2023-08-17,0.0,0.0,1.3392370758692054e-07,0.0,4.7821615459360396e-08,5.281203586642224e-08,5.820209762667603e-07
2023-08-18,0.0,0.0,1.3259114443150287e-07,0.0,3.27778493781852e-08,4.2949663877808856e-08,6.635129773107973e-07
2023-08-19,0.0,0.0,1.3127184050102135e-07,0.0,2.163446955168502e-08,6.10102673999844e-08,5.535587288700477e-07
2023-08-20,0.0,0.0,0.0,0.0,4.997814029342678e-08,5.6742404787477335e-08,4.5529152418690493e-07
2023-08-21,0.0,0.0,5.166953363814481e-07,0.0,3.534346392042841e-08,3.164151404668197e-08,5.811375120584981e-07
2023-08-22,0.0,0.0,3.4277848875764437e-07,0.0,2.7993432462831898e-08,3.024644552419671e-08,5.913693038319602e-07
2023-08-23,0.0,0.0,0.0,0.0,5.8894147956277475e-08,4.06403056351393e-08,6.683470535986243e-07
2023-08-24,0.0,0.0,1.697555102104001e-07,0.0,4.115868804205512e-08,3.9177087631332796e-08,5.251527922393657e-07
2023-08-25,0.0,0.0,4.224103677054839e-07,0.0,2.0374576126685274e-08,3.249744167517585e-08,4.231809035768474e-07
2023-08-26,0.0,0.0,2.522845207642488e-07,0.0,3.025776856040178e-08,1.97196015428336e-08,4.801619357147701e-07
2023-08-27,0.0,0.0,5.022960991350426e-07,0.0,3.9942264977128783e-08,3.904677645816448e-08,5.889219902641312e-07
2023-08-28,0.0,0.0,5.000733867700829e-07,0.0,2.965862460012868e-08,3.865825454084668e-08,5.761968049502441e-07
2023-08-29,0.0,0.0,4.1491723513377444e-07,0.0,2.610090342629901e-08,4.1295198361292875e-08,7.30844021899276e-07
2023-08-30,0.0,0.0,6.790344322610052e-07,0.0,3.5531643259626834e-08,4.088430427223693e-08,5.905087935517339e-07
2023-08-31,0.0,0.0,4.7346709325380025e-07,0.0,4.15741152296698e-08,3.850298651852352e-08,6.942538181311717e-07
2023-09-01,0.0,0.0,5.921998996502541e-07,0.0,2.5405119644024795e-08,2.5463580473303278e-08,6.349851694496224e-07
2023-09-02,0.0,0.0,4.739085757172845e-07,0.0,2.8296376289937533e-08,1.7453224809867096e-08,6.552751295644585e-07
2023-09-03,0.0,0.0,5.926307787085781e-07,0.0,2.4902064570272493e-08,2.3039416428527695e-08,6.450900518260245e-07
2023-09-04,0.0,0.0,4.743480810738256e-07,0.0,2.1572499276833164e-08,2.3760594171605937e-08,6.728284424402098e-07
2023-09-05,0.0,0.0,4.746389743841875e-07,0.0,1.2204485327190127e-08,2.2583205417004713e-08,5.874337205493255e-07
2023-09-06,0.0,0.0,2.374886659937608e-07,0.0,2.7186859505652185e-08,3.2606144037583706e-08,6.903023191448379e-07
2023-09-07,0.0,0.0,3.5652239078990265e-07,0.0,3.588846097831057e-08,2.951470398501593e-08,6.568239742697144e-07
2023-09-08,0.0,0.0,3.5684743512534614e-07,0.0,2.6648523618817416e-08,2.6481556419753347e-08,6.043378819748009e-07
2023-09-09,0.0,0.0,3.5720816450167593e-07,0.0,1.172594061265376e-08,2.8930273689154227e-08,5.204217854661138e-07
2023-09-10,0.0,0.0,4.768061533228407e-07,0.0,3.482779666233142e-08,2.5957186469740218e-08,4.939270094035464e-07
2023-09-11,0.0,0.0,2.3869121749472605e-07,0.0,3.1607816437441796e-08,4.164995458624949e-08,6.002880157207777e-07
2023-09-12,0.0,0.0,1.195016138243456e-07,0.0,2.5603620061961023e-08,2.632055145560216e-08,5.233877716741712e-07
2023-09-13,0.0,0.0,7.180174149737738e-07,0.0,0.0,1.910968223472392e-08,5.538335360039293e-07
2023-09-14,0.0,0.0,1.3423059814394349e-07,0.0,0.0,2.6659348604732872e-08,5.382541830750446e-07
2023-09-15,0.0,0.0,9.419692667813433e-07,0.0,0.0,1.3622752853665492e-08,4.0353255568833007e-07
2023-09-16,0.0,0.0,6.745846744762407e-07,0.0,0.0,0.0,3.8189937018690506e-07
2023-09-17,0.0,0.0,2.7056064696959313e-07,0.0,0.0,0.0,4.678714320878739e-07
2023-09-18,0.0,0.0,6.78286201097137e-07,0.0,0.0,0.0,4.827400324973473e-07
2023-09-19,0.0,0.0,2.720954455822566e-07,0.0,0.0,0.0,4.001056598570455e-07
2023-09-20,0.0,0.0,4.093554307454452e-07,0.0,0.0,0.0,5.666066393335325e-07
2023-09-21,0.0,0.0,2.7373908600114056e-07,0.0,0.0,0.0,4.7275839053462437e-07
2023-09-22,0.0,0.0,2.746019256420344e-07,0.0,0.0,0.0,4.887133301609232e-07
2023-09-23,0.0,0.0,4.132383385564922e-07,0.0,0.0,0.0,3.956712481953988e-07
2023-09-24,0.0,0.0,9.674352632656951e-07,0.0,0.0,0.0,4.175407778584471e-07
2023-09-25,0.0,0.0,5.547111319421523e-07,0.0,0.0,0.0,4.963941102833514e-07
2023-09-26,0.0,0.0,2.7832879251110984e-07,0.0,0.0,0.0,3.8455626952428916e-07
2023-09-27,0.0,2.563880184570072e-07,1.1173194086493443e-06,0.0,0.0,0.0,5.495287472050555e-07
2023-09-28,0.0,2.5896476088087884e-07,2.803588450315542e-07,0.0,0.0,0.0,4.372972154574998e-07
2023-09-29,0.0,0.0,2.8141587401890864e-07,0.0,0.0,0.0,3.8840924243581976e-07
2023-09-30,0.0,0.0,0.0,0.0,0.0,0.0,1.8920018004483493e-07
2023-10-01,0.0,8.231409887169277e-07,4.273328817036079e-07,0.0,0.0,0.0,4.1929797307239544e-07
2023-10-02,0.0,2.7713789772912003e-07,4.0215497675464535e-07,0.0,0.0,0.0,5.893295092338942e-07
2023-10-03,0.0,5.598463598133055e-07,3.046475260985694e-07,0.0,0.0,0.0,5.434198928241621e-07
2023-10-04,0.0,5.654729092708925e-07,1.0256976154587949e-07,0.0,0.0,0.0,6.144692399372227e-07
2023-10-05,0.0,0.0,5.180030239359943e-07,0.0,0.0,0.0,5.275382902611919e-07
2023-10-06,0.0,0.0,5.232090408766554e-07,0.0,0.0,0.0,6.557187747631515e-07
2023-10-07,0.0,1.1653882463721537e-06,3.1708042749444785e-07,0.0,0.0,0.0,5.765821794257982e-07
2023-10-08,0.0,8.828254447245895e-07,5.337785646164775e-07,0.0,0.0,0.0,5.282078985213042e-07
2023-10-09,0.0,0.0,3.21363644224808e-07,0.0,0.0,0.0,5.767194071589764e-07
2023-10-10,0.0,6.004398011451619e-07,8.13153995527572e-07,0.0,0.0,0.0,4.3727424507685706e-07
2023-10-11,0.0,6.064743214706555e-07,6.998335767741372e-07,0.0,0.0,0.0,6.533579355927291e-07
2023-10-12,0.0,6.125694897336931e-07,7.027479984655151e-07,0.0,0.0,0.0,5.197719763953767e-07
2023-10-13,0.0,9.280888731842701e-07,2.35244231847455e-07,0.0,0.0,0.0,6.346220171427157e-07
2023-10-14,0.0,6.249442142858196e-07,4.7252531098458775e-07,0.0,0.0,9.826530270506088e-09,4.418855028099249e-07
2023-10-15,0.0,6.312250080576763e-07,3.5595705839935225e-07,0.0,0.0,1.097005575648571e-08,5.889763032374814e-07
2023-10-16,0.0,9.563533872845417e-07,4.76740972750314e-07,0.0,0.0,1.741191044962448e-08,7.409267362046725e-07
2023-10-17,0.0,6.439765990788411e-07,4.789202087960522e-07,0.0,0.0,1.545515723357683e-08,6.225959462606311e-07
2023-10-18,0.0,0.0,8.420078402081001e-07,0.0,0.0,2.422316505427195e-08,7.28830007335814e-07
2023-10-19,0.0,0.0,3.6115211377910786e-07,0.0,0.0,2.3379206936580334e-08,6.413391021474704e-07
2023-10-20,0.0,0.0,3.593576073229418e-07,0.0,0.0,1.9770004358446022e-08,7.835330586909975e-07
2023-10-21,0.0,1.0053866739735447e-06,1.1919967897565791e-07,0.0,0.0,1.8859324194086292e-08,6.72781796660571e-07
2023-10-22,0.0,6.769939853541166e-07,3.883790807325246e-07,0.0,0.0,1.7368081475096234e-08,5.967983764050011e-07
2023-10-23,0.0,1.0256968320328532e-06,6.45030862618163e-07,0.0,0.0,1.7542633595852397e-08,7.597662996940041e-07
2023-10-24,0.0,1.0360052565724853e-06,2.571311043890297e-07,0.0,0.0,2.0005254832598286e-08,5.850912703898921e-07
2023-10-25,0.0,1.7440288041685255e-06,0.0,0.0,0.0,2.309292684140258e-08,6.756417519111315e-07
2023-10-26,0.0,7.046226340200084e-07,1.045739856558928e-06,0.0,0.0,1.6327510230234803e-08,7.509823353124212e-07
2023-10-27,0.0,0.0,2.9841400686261185e-07,0.0,0.0,2.0614505545146405e-08,6.865211646502319e-07
2023-10-28,0.0,0.0,5.961500784297908e-07,0.0,0.0,1.5467537257887103e-08,5.181443610075716e-07
2023-10-29,0.0,0.0,5.955317586389943e-07,0.0,0.0,2.1030946181147354e-08,6.086791780610864e-07
2023-10-30,0.0,7.333788292278448e-07,1.5596610457449077e-07,0.0,0.0,5.834269055662998e-08,5.76307372158579e-07
2023-10-31,0.0,0.0,3.118277568153691e-07,0.0,0.0,4.714323547589122e-08,5.704547092667135e-07
2023-11-01,0.0,7.663825165216359e-07,3.1314733814874724e-07,0.0,0.0,5.037963409385301e-08,7.014175939064357e-07
2023-11-02,0.0,3.8704239443153174e-07,9.393151694829048e-07,0.0,0.0,3.481670799177691e-08,6.496634829095611e-07
2023-11-03,0.0,7.818644703284502e-07,3.1214665695234386e-07,0.0,0.0,4.463455834252668e-08,6.053631427383706e-07
2023-11-04,0.0,7.897223388924257e-07,4.668292085043065e-07,0.0,0.0,6.247642917841386e-08,7.633042517972765e-07
2023-11-05,0.0,0.0,1.0861319347432713e-06,0.0,0.0,9.465649159571865e-08,6.801095150427864e-07
2023-11-06,0.0,2.819865259354908e-06,9.283751403500697e-07,0.0,0.0,7.599594768480924e-08,6.43426475956681e-07
2023-11-07,0.0,8.137729646760759e-07,1.2344971856105014e-06,0.0,0.0,9.90447995571113e-08,8.363249063697092e-07
2023-11-08,0.0,1.2329272784094739e-06,9.234632261261666e-07,0.0,0.0,9.003619470733039e-08,7.483591586139624e-07
2023-11-09,0.0,8.302122690400784e-07,6.140972734244165e-07,0.0,0.0,7.57842279231348e-08,7.196406815382365e-07
2023-11-10,0.0,4.1927802052962874e-07,1.0720741610900079e-06,0.0,0.0,8.164893021451411e-08,7.146267651204016e-07
2023-11-11,0.0,8.469836693813415e-07,3.0559580057051247e-07,0.0,0.0,9.225399543100424e-08,8.265953552698332e-07
2023-11-12,0.0,2.1387399919404644e-06,6.098305156143449e-07,0.0,0.0,8.416363154772583e-08,7.931271147166131e-07
2023-11-13,0.0,1.296140811725435e-06,7.606630170592749e-07,0.0,0.0,1.0018975619776063e-07,9.002100901953471e-07
2023-11-14,0.0,1.2832439951642787e-06,1.0415290263166653e-06,0.0,0.0,1.502617369513891e-07,9.991455401269356e-07
2023-11-15,0.0,1.2704755040720122e-06,8.675614352845409e-07,0.0,0.0,1.1460326577595899e-07,8.394456778095671e-07
2023-11-16,0.0,1.2578340615888862e-06,6.938150177373544e-07,0.0,0.0,1.564257401964847e-07,9.125330740470001e-07
2023-11-17,0.0,1.2453184035601174e-06,5.202377019952732e-07,0.0,0.0,9.479870701303443e-08,9.593609503622373e-07
2023-11-18,0.0,2.054878797349123e-06,8.669436081521049e-07,0.0,0.0,1.0213487984840377e-07,1.0409709536773098e-06
2023-11-19,0.0,4.0688648233803794e-07,8.66911074728692e-07,0.0,0.0,1.0638514472025169e-07,8.980456825086198e-07
2023-11-20,0.0,1.2085136825806748e-06,1.560537419643324e-06,0.0,0.0,1.453708326657862e-07,1.0055576533212186e-06
2023-11-21,0.0,1.1964887705225918e-06,1.040527306544946e-06,0.0,0.0,1.430669150072614e-07,1.0700226007571991e-06
2023-11-22,0.0,7.897223388924257e-07,6.938669246169597e-07,0.0,0.0,1.2168822013246388e-07,1.1039825796674706e-06
2023-11-23,0.0,1.5637289406569004e-06,6.941183654746414e-07,0.0,0.0,1.293672166153673e-07,1.0761442972366439e-06
2023-11-24,0.0,5.193840730719676e-07,6.944392187473046e-07,0.0,0.0,1.7422317167675402e-07,1.1727731215346229e-06
2023-11-25,0.0,6.492046715242254e-07,3.619250114239619e-07,0.0,0.0,1.4957802211273322e-07,9.766278482139094e-07
2023-11-26,0.0,1.2961306680971835e-06,2.0221301318705527e-06,0.0,0.0,1.7329914537812754e-07,1.2235011735877707e-06
2023-11-27,0.0,3.2349540182320974e-06,1.351947557505065e-06,0.0,0.0,2.2085729925744013e-07,1.1823942740393598e-06
2023-11-28,0.0,0.0,1.432593374576691e-06,0.0,0.0,3.151345999965242e-07,1.3702670655831787e-06
2023-11-29,0.0,2.580142962866924e-06,2.463274171334402e-06,0.0,0.0,2.71145939768567e-07,1.3746039880372957e-06
2023-11-30,0.0,3.2207750634064653e-06,8.236401052404962e-07,1.5496100214495772e-08,0.0,2.7387100176743486e-07,1.3081221380472546e-06
2023-12-01,0.0,1.3100164680500884e-06,1.0766888288903446e-06,5.219462209458996e-09,0.0,2.886878515144792e-07,1.1333293168281205e-06
2023-12-02,0.0,1.308485232595091e-06,8.644156717670629e-07,1.581575603026068e-08,0.0,2.0654235896563654e-07,1.2230373107499846e-06
2023-12-03,0.0,1.3070848467537615e-06,1.952025126096095e-06,1.5974707020927238e-08,0.0,2.0192375651035936e-07,1.0347644116451774e-06
2023-12-04,0.0,1.8447840782920116e-06,6.531033982852007e-07,1.0756836997072126e-08,0.0,2.712001624835983e-07,1.3908416262752767e-06
2023-12-05,0.0,9.245308561032241e-07,8.7412942056327e-07,1.901365376083226e-08,0.0,2.918227541710933e-07,1.5234221737993166e-06
2023-12-06,0.0,5.560572761498987e-06,1.974468878437738e-06,2.4691813917440328e-08,0.0,3.377684009196638e-07,1.31525877729095e-06
2023-12-07,0.0,2.7872582241443023e-06,6.607813363804529e-07,1.9397755045605833e-08,0.0,3.8918012339565435e-07,1.3616688042838335e-06
2023-12-08,0.0,9.315029318947495e-07,1.8623730504612842e-06,1.6793747764175946e-08,0.0,2.3111185648932944e-07,1.150014346638666e-06
2023-12-09,0.0,9.340129401441762e-07,7.466013487932323e-07,1.1308351823450192e-08,0.0,3.665290278699383e-07,1.1299907941096114e-06
2023-12-10,0.0,2.809849051397892e-06,1.6914977942636982e-06,3.7803114744023405e-08,1.3525232808424893e-08,3.144433732068671e-07,1.1448221341445854e-06
2023-12-11,0.0,3.7572536928132577e-06,9.445073251710632e-07,5.091072315133709e-08,2.537073250771769e-08,4.245908951898661e-07,1.340353969996107e-06
2023-12-12,0.0,2.826313284197247e-06,1.3291433470679976e-06,2.5711192212691928e-08,3.351054725722737e-08,2.708388459143468e-07,1.6121031973891685e-06
2023-12-13,0.0,1.8899792883121602e-06,1.913801372739746e-06,3.24619924879533e-08,2.7874274940436574e-08,2.762412538560854e-07,1.3218988569947056e-06
2023-12-14,0.0,0.0,1.924898749672103e-06,4.590353731087914e-08,5.520488167778779e-08,4.924431968687348e-07,1.2448198766275098e-06
2023-12-15,0.0,1.902087747133076e-06,1.5009490057613866e-06,3.9741321883378136e-08,4.381119282768743e-08,5.232144090525509e-07,1.444801557815751e-06
2023-12-16,0.0,1.9084269846293026e-06,9.18003724959685e-07,2.0070364404225894e-08,2.8160047131848798e-08,3.65330728524388e-07,1.2466581163820948e-06
2023-12-17,0.0,2.8724355996215298e-06,7.168263797254776e-07,2.0272074919928502e-08,6.90760036115104e-08,4.053611953440571e-07,1.473894054628916e-06
2023-12-18,0.0,1.921678645501848e-06,2.6376365051895627e-06,6.825270886672184e-08,4.9249573404220706e-08,5.977604723501967e-07,1.6688306984057743e-06
2023-12-19,0.0,4.821480985138244e-06,2.1637367858667642e-06,5.51509279958236e-08,5.803529648671665e-08,5.336783622246331e-07,1.4658099898277275e-06
2023-12-20,0.0,6.774946512093614e-06,4.821386034881117e-07,3.4815752523142834e-08,5.443152084795971e-08,5.616881828494577e-07,1.4663889608529559e-06
2023-12-21,0.0,6.800497145290702e-06,7.25242536568612e-07,2.813252532252917e-08,5.920768724459839e-08,3.948683782858203e-07,1.74473295539538e-06
2023-12-22,0.0,1.950493666819834e-06,1.4299678085938209e-06,7.103815475630045e-08,6.407435827936476e-08,3.479771116039359e-07,1.4196750181124453e-06
2023-12-23,0.0,2.937274800394493e-06,1.9105146629657685e-06,2.8700840032380904e-08,6.040376186682433e-08,4.881674435052831e-07,1.4507035295691368e-06
2023-12-24,0.0,1.9660685536580077e-06,2.1941215706332655e-06,1.4494644135081157e-08,7.549163048025445e-08,5.155288132014205e-07,1.5728096069527866e-06
2023-12-25,0.0,0.0,1.9293900728797624e-06,2.196047659569642e-08,4.1057872143097e-08,4.042204943113532e-07,1.6879078915461962e-06
2023-12-26,0.0,3.964859788264482e-06,1.6621000389176015e-06,2.95749107396415e-08,7.109230391700948e-08,4.5688214164727996e-07,1.8602211874526676e-06
2023-12-27,9.683874741068543e-07,9.95453758679572e-07,3.619640634161409e-06,1.493607176703713e-08,5.983899454147823e-08,7.761016233746244e-07,2.0560283331983e-06
2023-12-28,2.93435979007153e-06,0.0,8.918892779760085e-07,3.771545445969244e-08,1.269248115130143e-07,6.203602362174222e-07,1.941621937418351e-06
2023-12-29,9.87950198748938e-07,4.0169218174484754e-06,1.3699527683856446e-06,3.047560086293415e-08,8.546695138389775e-08,6.527836524347356e-07,1.6985338567772028e-06
2023-12-30,3.9915170532688065e-06,1.0087692161080963e-06,3.1014342888447772e-06,2.308641430769779e-08,4.3162954262740196e-08,7.001796086251215e-07,1.964642020141878e-06
2023-12-31,3.023724349930098e-06,2.026817711232657e-06,2.4272772182052147e-06,7.764203941413862e-08,6.850917725917107e-08,6.311177624613584e-07,1.7293841305594464e-06
2024-01-01,9.157441608674268e-07,2.9296104605454982e-06,2.1434744119544506e-06,3.904959697810364e-08,1.2516858894381246e-07,7.208821530437027e-07,1.922030090435203e-06
2024-01-02,9.249475426904957e-07,3.924726745088189e-06,3.0503815922810525e-06,5.258940260307068e-08,9.481991563229049e-08,7.010797459017134e-07,1.9268648139986725e-06
2024-01-03,9.342434200386257e-07,2.19771728458828e-06,7.662936335871868e-07,5.311793488608812e-08,5.7463722976381034e-08,1.0853941958307752e-06,2.046165281726133e-06
2024-01-04,2.8308981675218956e-06,1.4798698070014375e-06,2.375447643859276e-06,5.365177900685927e-08,7.093929699214356e-08,8.527772208554248e-07,2.035068947350028e-06
2024-01-05,1.824199180166397e-06,0.0,0.0,2.7095494175120532e-08,8.467993037606586e-08,6.125299463814701e-07,1.9173197158105147e-06
2024-01-06,3.6850653734437425e-06,2.2646477402520044e-06,1.6000726925033766e-06,4.105171262821289e-08,6.579305986540079e-08,7.974529953724426e-07,2.437390853431968e-06
2024-01-07,1.8610504480814673e-06,1.5249385522855474e-06,2.412799133049661e-06,1.3821429733072562e-08,7.97451493320321e-08,8.387681020967455e-07,2.2769365002004538e-06
2024-01-08,5.639262948110257e-06,0.0,8.085768364227452e-07,6.246594611644192e-08,1.006832517587137e-07,6.054203120834579e-07,2.2862888855986014e-06
2024-01-09,1.898646160990107e-06,2.333616531750264e-06,1.2194522302795925e-06,1.05156232186638e-07,7.457643252507515e-08,6.824477670697765e-07,2.524401904073638e-06
2024-01-10,1.9177278721417723e-06,2.3570697678047312e-06,1.226161152164309e-06,6.372784193403318e-08,6.163031301749455e-08,6.676143442530525e-07,2.2605169500664875e-06
2024-01-11,1.937001357678763e-06,2.38075871280021e-06,8.219951274573643e-07,8.582442319117821e-08,8.991624483222326e-08,6.475261762957581e-07,2.2515007447898825e-06
2024-01-12,1.956468544965695e-06,3.206247647534588e-06,8.556281965767685e-07,3.19642101874109e-08,4.191688528447757e-08,7.553064536764142e-07,2.372698973730049e-06
2024-01-13,1.9761313807375196e-06,3.2215944804442896e-06,2.647158665779052e-06,1.2914182336203138e-07,1.2701447095570342e-07,7.392045372711259e-07,2.5213309544484393e-06
2024-01-14,0.0,1.610193491912732e-06,8.872281719036758e-07,1.1018075052792794e-07,4.2763662536971815e-08,9.577861033140646e-07,2.4496494828393812e-06
2024-01-15,2.0160518826973404e-06,8.048753821471716e-07,1.3774731289585623e-06,1.483841139735902e-07,8.638688898119873e-08,8.373953938017897e-07,2.5090561340039096e-06
2024-01-16,6.108940622906401e-06,3.218938026187694e-06,3.4663234637824097e-06,1.8075279993577978e-07,5.0898803462115737e-08,7.360261332287913e-07,2.5147851837671728e-06
2024-01-17,2.0567788322912906e-06,0.0,1.6209453574709549e-06,3.194964426081148e-07,1.1016502487420191e-07,7.551239428124609e-07,2.542549320988535e-06
2024-01-18,2.077449803210998e-06,8.046941716700361e-07,2.135626070931028e-06,2.3050531088508828e-07,7.418146785401277e-08,7.580031981810793e-07,2.465725047831461e-06
2024-01-19,0.0,8.047947083598757e-07,3.829261767381951e-06,1.0119473625498191e-07,8.24197044005439e-08,5.870249391866299e-07,2.3365849484854437e-06
2024-01-20,4.238834146148361e-06,1.609951450382431e-06,3.2950409250993116e-06,1.6078748555584447e-07,1.0595204607374178e-07,7.203328697219714e-07,2.2342351736646805e-06
2024-01-21,2.1407175687796145e-06,5.63666068186123e-06,2.901805035365292e-06,4.32417077929681e-07,6.115250390839563e-08,1.019519044194651e-06,2.7193056209221754e-06
2024-01-22,0.0,2.4167378392068728e-06,4.384753366642453e-06,3.2708307733393885e-07,9.265064518543535e-08,6.410302536921116e-07,2.3007042957484416e-06
2024-01-23,2.1839629322877815e-06,7.975636319740293e-07,1.953521120767076e-06,4.39848073067894e-07,7.018634973750371e-08,8.512279607986069e-07,2.845984402546517e-06
2024-01-24,2.205912124662903e-06,2.096196078406368e-06,1.963464604662348e-06,2.2181468076552546e-07,8.664545300814759e-08,8.635348059178387e-07,1.99091283846387e-06
2024-01-25,2.2280819100887577e-06,3.6454569406730174e-06,3.398077638659069e-06,2.7965938331253334e-07,1.5175187002929995e-07,9.177796144440807e-07,2.399594133136408e-06
2024-01-26,2.250474505562362e-06,1.2117291204712929e-06,2.9070983531088983e-06,4.5132541094326614e-07,1.0948357262744954e-07,7.973970653938727e-07,2.63095991879118e-06
2024-01-27,2.2730921503619245e-06,1.208427101306738e-06,2.192833027988363e-06,1.7071535306387964e-07,1.1058390082532707e-07,7.385137770453539e-07,2.765346240099994e-06
2024-01-28,4.5918742125415455e-06,1.4637162238222538e-06,2.9407487683669588e-06,1.783762288664279e-07,1.340343450065288e-07,9.054241830650872e-07,2.71813826627258e-06
2024-01-29,0.0,1.5924883926340955e-06,3.7700090781973807e-06,2.9934148752525834e-07,1.6828542715467932e-07,9.598876480137929e-07,2.3529842243643683e-06
2024-01-30,2.3423181124345945e-06,5.5558226154346564e-06,5.296048943830915e-06,2.4113535573707323e-07,1.3523580138732117e-07,9.096214832655033e-07,3.122816815209725e-06
2024-01-31,2.3658588008288354e-06,3.96983044014731e-06,3.115126755532508e-06,3.0352704398807535e-07,9.057118982915631e-08,1.3691600594698238e-06,2.5223702259981666e-06
2024-02-01,4.7442358371246745e-06,1.970122965734522e-06,4.7893167399618736e-06,5.500483165825618e-07,1.0232031404459231e-07,1.0479164204319195e-06,2.9083408788111637e-06
2024-02-02,7.187874299961713e-06,4.462723550038883e-06,3.3852814274802093e-06,2.4620046346164074e-07,7.95213313509231e-08,1.5386109796870952e-06,2.6013630945804225e-06
2024-02-03,2.420037879218775e-06,2.3247891931835883e-06,4.259214152069117e-06,4.959192573873137e-07,1.327395162572697e-07,8.695546889546015e-07,2.513568921629076e-06
2024-02-04,0.0,2.334007501578187e-06,7.712791329179413e-06,0.0,5.314719724844672e-08,7.768845751273313e-07,2.3695198172242847e-06
2024-02-05,3.3336228665619694e-06,4.6869184253359115e-06,8.018373279108017e-06,3.8355557078553634e-07,1.7291268396349963e-07,1.182725745918789e-06,2.9042765412328034e-06
2024-02-06,6.73425266673304e-06,7.059435814895642e-06,4.698853894843921e-06,3.8654280149986603e-07,1.4648130393095534e-07,1.3586041518022293e-06,3.687921205695371e-06
2024-02-07,3.400966515610356e-06,5.237874750492921e-06,8.642374650792785e-06,1.6611715197575228e-07,2.02805900042125e-07,1.1236076571440497e-06,3.986223220378324e-06
2024-02-08,3.435146797339901e-06,0.0,4.040061552521635e-06,4.186162548882944e-07,1.887066115108843e-07,1.0970900738366343e-06,3.3919778154839086e-06
2024-02-09,6.939341193223623e-06,2.773880135278005e-06,4.241204122081774e-06,8.4396298362309e-08,5.818840908164474e-08,7.726712395844051e-07,3.828534217105562e-06
2024-02-10,3.5045413658347854e-06,5.576871387794837e-06,0.0,5.955444981298808e-07,2.624357892604876e-07,9.089527092352058e-07,3.2804137479041793e-06
2024-02-11,0.0,0.0,2.24632257823714e-06,3.842298305222072e-07,1.6075276644239825e-07,8.200109439126663e-07,3.422082714989598e-06
2024-02-12,3.575337797603845e-06,2.81838483226834e-06,5.721366829890313e-06,6.780160967294368e-07,1.8983154166486377e-07,1.1773751908672037e-06,4.96776862809639e-06
2024-02-13,1.0833811619556316e-05,8.885150313119726e-06,3.540459823973441e-06,4.883555658712139e-07,1.0214697472155591e-07,1.1823590943861582e-06,4.878512066584733e-06
2024-02-14,3.6475644121637523e-06,0.0,6.154744852504985e-06,2.0727477955171848e-07,1.1667106314550694e-07,1.1862370035660972e-06,4.952945750890812e-06
2024-02-15,1.0967980186126548e-05,8.987838287180755e-06,1.260537309922707e-05,9.40683452200951e-07,2.186519883989558e-07,1.1831629290305758e-06,3.880224309370803e-06
2024-02-16,1.0994363942920461e-05,3.1414446546239136e-06,3.804408873843738e-06,0.0,2.768522917894398e-07,1.0918502556805062e-06,5.09838289178913e-06
2024-02-17,7.3478980968471145e-06,3.1605949746649552e-06,3.823323190601938e-06,4.3566435783933924e-07,1.7480405288426869e-07,9.690195830203414e-07,4.102832122571794e-06
2024-02-18,0.0,6.615993441837132e-06,6.476911585813971e-06,3.2957046540516545e-07,1.4564292274548917e-07,1.2121336830233232e-06,4.6515387631068654e-06
2024-02-19,1.1080122990232823e-05,9.987200650984939e-06,1.041670752974024e-05,5.532028852363448e-07,2.3616134326727835e-07,1.5531936877211809e-06,4.937371533114523e-06
2024-02-20,3.7036404868259415e-06,3.350469955867324e-06,5.234562281772484e-06,5.571769822136081e-07,1.8044855372018492e-07,1.2831762379419323e-06,4.696691789485953e-06
2024-02-21,1.1142831032128013e-05,6.744416155721311e-06,5.345506428927884e-06,6.734481568240901e-07,2.9283783633491117e-07,1.3196322188416422e-06,4.719541999973492e-06
2024-02-22,3.7252849653890445e-06,6.9591473323856e-06,9.35112996028646e-06,4.522341869124943e-07,1.7617914789042847e-07,1.1179871908845303e-06,5.139539647666392e-06
2024-02-23,1.1209996355009113e-05,0.0,8.31517551476767e-06,3.416611198033622e-07,2.949992659459747e-07,1.3632718421918685e-06,4.691491038313722e-06
2024-02-24,0.0,3.526467869618706e-06,1.3928940437344863e-06,1.147269219396842e-07,3.4596115029026554e-07,1.1895388335848355e-06,4.2776921061026524e-06
2024-02-25,0.0,3.550442764798086e-06,5.600259168957934e-06,4.6231310693085756e-07,2.5472526758083314e-07,1.3339575767928513e-06,4.411730493120685e-06
2024-02-26,0.0,7.661286870750377e-06,9.953192092186836e-06,5.993554093306104e-07,3.0227501241895614e-07,1.3718391514182354e-06,6.451898025785869e-06
2024-02-27,3.6729892092816282e-06,7.7158048032189e-06,1.4294818977148383e-06,7.23336955785375e-07,2.1014397691997596e-07,1.5184160566338211e-06,6.125603610101717e-06
2024-02-28,3.6579922908706437e-06,0.0,4.355193589260776e-06,6.319906553498976e-07,1.8759257966463813e-07,1.3101605825142078e-06,5.948412987103654e-06
2024-02-29,3.6433611747370814e-06,7.8271609578845e-06,6.013152436771548e-06,1.1444318652231086e-06,2.8261390888872105e-07,1.6924632572059257e-06,5.622384265087792e-06
2024-03-01,3.6481394442840015e-06,7.689652300375261e-06,6.050007104180884e-06,2.664983625567443e-07,1.4214619273816257e-07,1.4888491959222773e-06,5.6335008187560275e-06
2024-03-02,3.6341626139761907e-06,3.872934584751153e-06,7.6039791079027805e-06,4.0125625201795704e-07,2.3797999430079794e-07,1.3220241861020102e-06,6.349826971835538e-06
2024-03-03,3.6205492029582563e-06,3.779119675949496e-06,6.115546203729905e-06,9.398785343742213e-07,2.8688815868288684e-07,9.837674951337539e-07,4.7247897450674344e-06
2024-03-04,0.0,0.0,6.120065908838347e-06,9.426446646469974e-07,2.8822901325975864e-07,1.7046900511771031e-06,6.286830423777752e-06
2024-03-05,4.472377988572436e-06,0.0,1.0467300007375902e-05,5.402886058124448e-07,2.895986909781481e-07,1.289639691267343e-06,6.192125040243649e-06
2024-03-06,0.0,3.7506854397444405e-06,7.513820260982717e-06,6.76210087989351e-07,3.152471062075491e-07,1.381956977132969e-06,6.436735087981782e-06
2024-03-07,4.465410011856197e-06,7.566266402312894e-06,1.5089282214367135e-06,4.2173063842864255e-07,1.5313978578739947e-07,1.3602889096201666e-06,7.027340041110308e-06
2024-03-08,8.92519200722129e-06,3.815959279041189e-06,6.060973139025888e-06,8.573170458314186e-07,3.0338608100638964e-07,1.031008698086734e-06,5.865861839451738e-06
2024-03-09,4.460228258684295e-06,8.197459827586316e-06,6.085417906538025e-06,5.620415849944103e-07,2.218838060809968e-07,1.196725458483979e-06,5.819309540363248e-06
2024-03-10,4.458306540300685e-06,0.0,7.740554850820114e-06,5.62458745418799e-07,3.905044118104568e-07,1.5758864177230949e-06,6.172212610175369e-06
2024-03-11,4.4568306562863705e-06,4.171344892943628e-06,4.661868082797762e-06,1.266597342419505e-06,6.171804787433555e-07,1.3360470185394783e-06,7.129585289453951e-06
2024-03-12,0.0,1.262482879122044e-05,7.792674469002922e-06,9.860582421172437e-07,2.4882643653734e-07,1.506213534397188e-06,7.330693950918647e-06
2024-03-13,4.45521584557616e-06,1.2003021556703186e-05,3.1251176414485284e-06,1.12809579949044e-06,4.068795364317228e-07,1.8024825250809172e-06,7.69045188758942e-06
2024-03-14,1.3365230272193545e-05,1.2099211581664189e-05,7.833695024160765e-06,1.1293807042240623e-06,2.8347009354206223e-07,1.678029740964665e-06,6.592254566240184e-06
2024-03-15,4.455383180607851e-06,8.120211093155714e-06,4.711095210240994e-06,7.067365924807879e-07,4.108500171924725e-07,1.3435994847951672e-06,7.208955107547588e-06
2024-03-16,4.456135145848748e-06,0.0,4.718179755037594e-06,2.8307236762789363e-07,2.854276047318889e-07,1.4902438092488347e-06,6.118693339439286e-06
2024-03-17,4.457332728317687e-06,4.1153963712312486e-06,3.150490747827685e-06,1.1339136229445175e-06,4.455875280500183e-07,1.7401880784970104e-06,7.86059578569087e-06
2024-03-18,4.4589760477739146e-06,8.271020513180948e-06,6.311686754661015e-06,7.094456209828507e-07,3.513880220514407e-07,1.3852112407846403e-06,7.624437143114427e-06
2024-03-19,0.0,4.1519639718885055e-06,1.2642255473519427e-05,1.386869242553352e-07,4.5267166216921446e-07,1.4266694021556546e-06,9.050814969091963e-06
2024-03-20,4.463600599571997e-06,1.2482056313932382e-05,9.495095349591612e-06,6.94493677017381e-07,4.244794979905874e-07,1.4823450144755861e-06,5.743797594914424e-06
2024-03-21,4.466582294372886e-06,4.1657492515443405e-06,1.5843394666625523e-05,8.347466192454416e-07,3.0464849494769604e-07,1.483670586879111e-06,7.774410854190273e-06
2024-03-22,4.470010651125377e-06,1.251368893052353e-05,6.258026141083899e-06,1.254276452141362e-06,3.979661576499873e-07,1.629735628519134e-06,6.898899940822381e-06
2024-03-23,8.947772025336003e-06,1.667591885138195e-05,9.389784168760926e-06,4.188528013683367e-07,4.620422426444355e-07,1.1032581294497842e-06,6.586462599932685e-06
2024-03-24,4.478208766540144e-06,4.164430867273164e-06,6.259468898495226e-06,6.994255627534466e-07,2.898765677957488e-07,9.776818512992215e-07,6.8785530256216975e-06
2024-03-25,4.482979345020792e-06,0.0,9.304197138836139e-06,6.991512722650751e-07,2.6190514965336254e-07,1.4863649968169535e-06,7.698770891677506e-06
2024-03-26,4.45982043082469e-06,0.0,7.707865547440613e-06,1.1174180791249523e-06,4.0902956737031134e-07,1.4707722545603221e-06,7.1671873310809396e-06
2024-03-27,0.0,4.153281398529075e-06,7.699007452347821e-06,6.976911658530509e-07,5.280326067424133e-07,1.6815893391489112e-06,7.676289095913077e-06
2024-03-28,0.0,1.656899430814549e-05,7.687365294087055e-06,6.96224904900809e-07,2.6477219991765786e-07,1.338036164641697e-06,6.1656525847408e-06
2024-03-29,0.0,1.2382668777960407e-05,9.20326072572446e-06,2.7793130680769856e-07,2.65554573904745e-07,1.3208609232547256e-06,6.023913872609384e-06
2024-03-30,0.0,0.0,4.587036951748333e-06,0.0,2.0717161388818138e-07,1.4975809772124763e-06,7.489358132870054e-06
2024-03-31,1.3052012652745162e-05,4.09940847311662e-06,8.885446783766166e-06,2.768973235027e-07,3.5626542641149356e-07,1.1976899894395442e-06,7.427845538696364e-06
2024-04-01,4.286125716704569e-06,1.2175106370260938e-05,4.422202892786284e-06,6.893912974308006e-07,5.361866759907143e-07,1.4963896878461295e-06,7.679563212426487e-06
2024-04-02,4.266246756081265e-06,1.618162877816726e-05,5.871810369387448e-06,9.61225702783495e-07,3.416661478908757e-07,1.8328702793340445e-06,8.296465347947216e-06
2024-04-03,4.246794423688786e-06,8.057607834854051e-06,4.383111892753447e-06,6.838569375251226e-07,2.001163133883108e-07,1.6073012456131932e-06,7.812312267725587e-06
2024-04-04,4.227766774277683e-06,0.0,5.8113901150995075e-06,2.721406216654585e-07,2.5836092439220337e-07,1.1954054242120808e-06,7.2400021579652315e-06
2024-04-05,3.36580246524525e-06,1.1990413183175644e-05,4.3322782692947995e-06,1.2184455717441857e-06,2.306269174793949e-07,1.057715611331778e-06,7.425690810981042e-06
2024-04-06,3.356010082368316e-06,3.977358722832294e-06,8.510529904819693e-06,1.3462481822926596e-07,1.737170571205767e-07,1.2859956868000305e-06,6.805122896501855e-06
2024-04-07,0.0,1.1874932371378394e-05,5.469890944805319e-06,5.355210309905321e-07,3.780428122945153e-07,1.3924970220391151e-06,5.368159852574469e-06
2024-04-08,0.0,1.1806837400412066e-05,5.4370702456192924e-06,6.657454270167106e-07,3.50525974237582e-07,1.0345124626824105e-06,6.964581895923227e-06
2024-04-09,1.6643214036449903e-05,3.9133077076749484e-06,6.755991572485922e-06,6.369081406696598e-07,4.3902460633702637e-07,8.808640902643452e-07,8.079250389504012e-06
2024-04-10,3.3201872992911445e-06,0.0,8.008402899989691e-06,5.069090336050242e-07,4.393701974967484e-07,1.1160799117979525e-06,7.535929820624978e-06
2024-04-11,0.0,1.547948000060653e-05,7.829896066014194e-06,5.043422460001066e-07,2.341615537513834e-07,6.857375380829046e-07,7.149626221397611e-06
2024-04-12,0.0,3.8460352241769325e-06,5.1857150822350004e-06,3.7636941978005677e-07,3.510236277825171e-07,1.0320120689774427e-06,5.840383724031731e-06
2024-04-13,0.0,7.645170109859381e-06,3.827762890676412e-06,4.993597230875385e-07,3.210850292709057e-07,1.0621934333181282e-06,6.3773785227082135e-06
2024-04-14,0.0,0.0,5.065243516597707e-06,7.454152342851665e-07,1.4533609213788157e-07,1.0644560037476467e-06,5.8435815699695484e-06
2024-04-15,0.0,7.553658389396398e-06,7.5409645612993634e-06,3.709327130418177e-07,2.6053015937113147e-07,1.28561545677638e-06,7.360712756760578e-06
2024-04-16,0.0,3.7464264767692704e-06,9.975969056604553e-06,4.918113796564972e-07,4.036377428644125e-07,1.1209710528253025e-06,7.270897026720703e-06
2024-04-17,2.451817765965975e-06,3.716398404610051e-06,4.949158151681142e-06,3.466228428253153e-07,1.7230573415997413e-07,1.1490589841252916e-06,6.881556768115564e-06
2024-04-18,0.0,3.686741975388302e-06,2.454466294836731e-06,2.2954577258921836e-07,2.0024794411090535e-07,1.2716395363126776e-06,6.905180774380961e-06
2024-04-19,2.4567098339225516e-06,7.314908446872774e-06,2.4317578045187314e-06,3.4204890709516127e-07,3.1348830332776927e-07,1.4233227422238019e-06,5.65089015083838e-06
2024-04-20,0.0,3.628532219954704e-06,4.81858498401531e-06,4.52411745084805e-07,3.4072648909244065e-07,8.387915380668393e-07,5.617747215153983e-06
2024-04-21,0.0,1.0799919218156412e-05,3.5379503067200506e-06,1.0210168067599352e-07,3.1120816019681683e-07,1.1768896226952188e-06,5.044041413600885e-06
2024-04-22,2.4658912486438945e-06,3.5717739257901623e-06,2.3156048643824512e-06,3.039340016084302e-07,3.101148264675903e-07,1.2308284178450564e-06,5.575656179015367e-06
2024-04-23,0.0,0.0,3.4415220183443024e-06,2.8947431497523757e-07,2.5286114002863316e-07,7.868824557982132e-07,6.199170222323701e-06
2024-04-24,4.8341266608789675e-06,1.0549333166460673e-05,2.2448860238496415e-06,4.788073570956967e-07,1.9601341963590753e-07,1.0730194364202996e-06,4.664430636963586e-06
2024-04-25,2.3930131484628214e-06,2.0935850794674734e-05,1.0780629480178323e-06,6.997334465857324e-07,3.9075333039859585e-07,1.269846865532012e-06,5.817596019078167e-06
2024-04-26,0.0,1.731260738246183e-05,1.0256032460728043e-06,6.933038158429715e-07,3.3342098027801505e-07,1.102241661164086e-06,4.448768434784207e-06
2024-04-27,0.0,6.872161484477402e-06,5.081633115154119e-06,3.4320266380649885e-07,2.7599161938906925e-07,5.626514697553697e-07,4.941068598998893e-06
2024-04-28,2.3222889216485982e-06,0.0,2.9894660059365814e-06,4.854435306316796e-07,1.3708001063586262e-07,9.782209054698845e-07,4.9764888074981726e-06
2024-04-29,2.2991817607957297e-06,1.0104125354751798e-05,3.946293762901736e-06,4.65464486962651e-07,1.6341350363098555e-07,1.1362073371042603e-06,5.386084481589859e-06
2024-04-30,0.0,3.3345292092175905e-06,3.79328919212559e-06,1.536110126445048e-07,2.7057889330912905e-07,8.026616899037836e-07,5.495848147031503e-06
2024-05-01,0.0,0.0,2.6932497028161446e-06,1.5236664068887289e-07,2.683589122161843e-08,3.10511848483277e-07,9.822784746060726e-07
2024-05-02,0.0,0.0,0.0,0.0,0.0,0.0,0.0
2024-05-03,0.0,0.0,0.0,0.0,0.0,0.0,0.0
2024-05-04,0.0,0.0,0.0,0.0,0.0,0.0,0.0
2024-05-05,0.0,0.0,0.0,0.0,0.0,0.0,0.0
2024-05-06,0.0,0.0,0.0,0.0,0.0,0.0,0.0
2024-05-07,0.0,0.0,0.0,0.0,0.0,0.0,0.0
2024-05-08,0.0,0.0,0.0,0.0,0.0,0.0,0.0
2024-05-09,0.0,0.0,0.0,0.0,0.0,0.0,0.0
2024-05-10,0.0,0.0,0.0,0.0,0.0,0.0,0.0
2024-05-11,0.0,0.0,0.0,0.0,0.0,0.0,0.0
2024-05-12,0.0,0.0,0.0,0.0,0.0,0.0,0.0
2024-05-13,0.0,0.0,0.0,0.0,0.0,0.0,0.0
2024-05-14,0.0,0.0,0.0,0.0,0.0,0.0,0.0
2024-05-15,0.0,0.0,0.0,0.0,0.0,0.0,0.0
2024-05-16,0.0,0.0,0.0,0.0,0.0,0.0,0.0
2024-05-17,0.0,0.0,0.0,0.0,0.0,0.0,0.0
2024-05-18,0.0,0.0,0.0,0.0,0.0,0.0,0.0
2024-05-19,0.0,0.0,0.0,0.0,0.0,0.0,0.0
2024-05-20,0.0,0.0,0.0,0.0,0.0,0.0,0.0
2024-05-21,0.0,0.0,0.0,0.0,0.0,0.0,0.0
2024-05-22,0.0,0.0,0.0,0.0,0.0,0.0,0.0
2024-05-23,0.0,0.0,0.0,0.0,0.0,0.0,0.0
2024-05-24,0.0,0.0,0.0,0.0,0.0,0.0,0.0
2024-05-25,0.0,0.0,0.0,0.0,0.0,0.0,0.0
2024-05-26,0.0,0.0,0.0,0.0,0.0,0.0,0.0
2024-05-27,0.0,0.0,0.0,0.0,0.0,0.0,0.0
2024-05-28,0.0,0.0,0.0,0.0,0.0,0.0,0.0
2024-05-29,0.0,0.0,0.0,0.0,0.0,0.0,0.0
2024-05-30,0.0,0.0,0.0,0.0,0.0,0.0,0.0
2024-05-31,0.0,0.0,0.0,0.0,0.0,0.0,0.0
2024-06-01,0.0,0.0,0.0,0.0,0.0,0.0,0.0
2024-06-02,0.0,0.0,0.0,0.0,0.0,0.0,0.0
2024-06-03,0.0,0.0,0.0,0.0,0.0,0.0,0.0
2024-06-04,0.0,0.0,0.0,0.0,0.0,0.0,0.0
2024-06-05,0.0,0.0,0.0,0.0,0.0,0.0,0.0
2024-06-06,0.0,0.0,0.0,0.0,0.0,0.0,0.0
2024-06-07,0.0,0.0,0.0,0.0,0.0,0.0,0.0
2024-06-08,0.0,0.0,0.0,0.0,0.0,0.0,0.0
2024-06-09,0.0,0.0,0.0,0.0,0.0,0.0,0.0
2024-06-10,0.0,0.0,0.0,0.0,0.0,0.0,0.0
2024-06-11,0.0,0.0,0.0,0.0,0.0,0.0,0.0
2024-06-12,0.0,0.0,0.0,0.0,0.0,0.0,0.0
2024-06-13,0.0,0.0,0.0,0.0,0.0,0.0,0.0
2024-06-14,0.0,0.0,0.0,0.0,0.0,0.0,0.0
2024-06-15,0.0,0.0,0.0,0.0,0.0,0.0,0.0
2024-06-16,0.0,0.0,0.0,0.0,0.0,0.0,0.0
2024-06-17,0.0,0.0,0.0,0.0,0.0,0.0,0.0
2024-06-18,0.0,0.0,0.0,0.0,0.0,0.0,0.0
2024-06-19,0.0,0.0,0.0,0.0,0.0,0.0,0.0
2024-06-20,0.0,0.0,0.0,0.0,0.0,0.0,0.0
2024-06-21,0.0,0.0,0.0,0.0,0.0,0.0,0.0
2024-06-22,0.0,0.0,0.0,0.0,0.0,0.0,0.0
2024-06-23,0.0,0.0,0.0,0.0,0.0,0.0,0.0
2024-06-24,0.0,0.0,0.0,0.0,0.0,0.0,0.0
2024-06-25,0.0,0.0,0.0,0.0,0.0,0.0,0.0
2024-06-26,0.0,0.0,0.0,0.0,0.0,0.0,0.0
2024-06-27,0.0,0.0,0.0,0.0,0.0,0.0,0.0
2024-06-28,0.0,0.0,0.0,0.0,0.0,0.0,0.0
2024-06-29,0.0,0.0,0.0,0.0,0.0,0.0,0.0
2024-06-30,0.0,0.0,0.0,0.0,0.0,0.0,0.0
2024-07-01,0.0,0.0,0.0,0.0,0.0,0.0,0.0
2024-07-02,0.0,0.0,0.0,0.0,0.0,0.0,0.0
2024-07-03,0.0,0.0,0.0,0.0,0.0,0.0,0.0
2024-07-04,0.0,0.0,0.0,0.0,0.0,0.0,0.0
2024-07-05,0.0,0.0,0.0,0.0,0.0,0.0,0.0
2024-07-06,0.0,0.0,0.0,0.0,0.0,0.0,0.0
2024-07-07,0.0,0.0,0.0,0.0,0.0,0.0,0.0
2024-07-08,0.0,0.0,0.0,0.0,0.0,0.0,0.0
2024-07-09,0.0,0.0,0.0,0.0,0.0,0.0,0.0
2024-07-10,0.0,0.0,0.0,0.0,0.0,0.0,0.0
2024-07-11,0.0,0.0,0.0,0.0,0.0,0.0,0.0
2024-07-12,0.0,0.0,0.0,0.0,0.0,0.0,0.0
2024-07-13,0.0,0.0,0.0,0.0,0.0,0.0,0.0
2024-07-14,0.0,0.0,0.0,0.0,0.0,0.0,0.0
2024-07-15,0.0,0.0,0.0,0.0,0.0,0.0,0.0
2024-07-16,0.0,0.0,0.0,0.0,0.0,0.0,0.0
2024-07-17,0.0,0.0,0.0,0.0,0.0,0.0,0.0
2024-07-18,0.0,0.0,0.0,0.0,0.0,0.0,0.0
2024-07-19,0.0,0.0,0.0,0.0,0.0,0.0,0.0
2024-07-20,0.0,0.0,0.0,0.0,0.0,0.0,0.0
2024-07-21,0.0,0.0,0.0,0.0,0.0,0.0,0.0
2024-07-22,0.0,0.0,0.0,0.0,0.0,0.0,0.0
2024-07-23,0.0,0.0,0.0,0.0,0.0,0.0,0.0
2024-07-24,0.0,0.0,0.0,0.0,0.0,0.0,0.0
2024-07-25,0.0,0.0,0.0,0.0,0.0,0.0,0.0
2024-07-26,0.0,0.0,0.0,0.0,0.0,0.0,0.0
2024-07-27,0.0,0.0,0.0,0.0,0.0,0.0,0.0
2024-07-28,0.0,0.0,0.0,0.0,0.0,0.0,0.0
2024-07-29,0.0,0.0,0.0,0.0,0.0,0.0,0.0
2024-07-30,0.0,0.0,0.0,0.0,0.0,0.0,0.0
2024-07-31,0.0,0.0,0.0,0.0,0.0,0.0,0.0
2024-08-01,0.0,0.0,0.0,0.0,0.0,0.0,0.0
2024-08-02,0.0,0.0,0.0,0.0,0.0,0.0,0.0
2024-08-03,0.0,0.0,0.0,0.0,0.0,0.0,0.0
2024-08-04,0.0,0.0,0.0,0.0,0.0,0.0,0.0
2024-08-05,0.0,0.0,0.0,0.0,0.0,0.0,0.0
2024-08-06,0.0,0.0,0.0,0.0,0.0,0.0,0.0
2024-08-07,0.0,0.0,0.0,0.0,0.0,0.0,0.0
2024-08-08,0.0,0.0,0.0,0.0,0.0,0.0,0.0
2024-08-09,0.0,0.0,0.0,0.0,0.0,0.0,0.0
2024-08-10,0.0,0.0,0.0,0.0,0.0,0.0,0.0
2024-08-11,0.0,0.0,0.0,0.0,0.0,0.0,0.0
2024-08-12,0.0,0.0,0.0,0.0,0.0,0.0,0.0
2024-08-13,0.0,0.0,0.0,0.0,0.0,0.0,0.0
2024-08-14,0.0,0.0,0.0,0.0,0.0,0.0,0.0
2024-08-15,0.0,0.0,0.0,0.0,0.0,0.0,0.0
2024-08-16,0.0,0.0,0.0,0.0,0.0,0.0,0.0
2024-08-17,0.0,0.0,0.0,0.0,0.0,0.0,0.0
2024-08-18,0.0,0.0,0.0,0.0,0.0,0.0,0.0
2024-08-19,0.0,0.0,0.0,0.0,0.0,0.0,0.0
2024-08-20,0.0,0.0,0.0,0.0,0.0,0.0,0.0
2024-08-21,0.0,0.0,0.0,0.0,0.0,0.0,0.0
2024-08-22,0.0,0.0,0.0,0.0,0.0,0.0,0.0
2024-08-23,0.0,0.0,0.0,0.0,0.0,0.0,0.0
2024-08-24,0.0,0.0,0.0,0.0,0.0,0.0,0.0
2024-08-25,0.0,0.0,0.0,0.0,0.0,0.0,0.0
2024-08-26,0.0,0.0,0.0,0.0,0.0,0.0,0.0
2024-08-27,0.0,0.0,0.0,0.0,0.0,0.0,0.0
2024-08-28,0.0,0.0,0.0,0.0,0.0,0.0,0.0
2024-08-29,0.0,0.0,0.0,0.0,0.0,0.0,0.0
2024-08-30,0.0,0.0,0.0,0.0,0.0,0.0,0.0
2024-08-31,0.0,0.0,0.0,0.0,0.0,0.0,0.0
2024-09-01,0.0,0.0,0.0,0.0,0.0,0.0,0.0
2024-09-02,0.0,0.0,0.0,0.0,0.0,0.0,0.0
2024-09-03,0.0,0.0,0.0,0.0,0.0,0.0,0.0
2024-09-04,0.0,0.0,0.0,0.0,0.0,0.0,0.0
2024-09-05,0.0,0.0,0.0,0.0,0.0,0.0,0.0
2024-09-06,0.0,0.0,0.0,0.0,0.0,0.0,0.0
2024-09-07,0.0,0.0,0.0,0.0,0.0,0.0,0.0
2024-09-08,0.0,0.0,0.0,0.0,0.0,0.0,0.0
2024-09-09,0.0,0.0,0.0,0.0,0.0,0.0,0.0
2024-09-10,0.0,0.0,0.0,0.0,0.0,0.0,0.0
2024-09-11,0.0,0.0,0.0,0.0,0.0,0.0,0.0
2024-09-12,0.0,0.0,0.0,0.0,0.0,0.0,0.0
2024-09-13,0.0,0.0,0.0,0.0,0.0,0.0,0.0
2024-09-14,0.0,0.0,0.0,0.0,0.0,0.0,0.0
2024-09-15,0.0,0.0,0.0,0.0,0.0,0.0,0.0
2024-09-16,0.0,0.0,0.0,0.0,0.0,0.0,0.0
2024-09-17,0.0,0.0,0.0,0.0,0.0,0.0,0.0
2024-09-18,0.0,0.0,0.0,0.0,0.0,0.0,0.0
2024-09-19,0.0,0.0,0.0,0.0,0.0,0.0,0.0
2024-09-20,0.0,0.0,0.0,0.0,0.0,0.0,0.0
2024-09-21,0.0,0.0,0.0,0.0,0.0,0.0,0.0
2024-09-22,0.0,0.0,0.0,0.0,0.0,0.0,0.0
2024-09-23,0.0,0.0,0.0,0.0,0.0,0.0,0.0
2024-09-24,0.0,0.0,0.0,0.0,0.0,0.0,0.0
2024-09-25,0.0,0.0,0.0,0.0,0.0,0.0,0.0
2024-09-26,0.0,0.0,0.0,0.0,0.0,0.0,0.0
2024-09-27,0.0,0.0,0.0,0.0,0.0,0.0,0.0
2024-09-28,0.0,0.0,0.0,0.0,0.0,0.0,0.0
2024-09-29,0.0,0.0,0.0,0.0,0.0,0.0,0.0
2024-09-30,0.0,0.0,0.0,0.0,0.0,0.0,0.0
2024-10-01,0.0,0.0,1.6034184731187406e-07,1.8804667217090357e-08,2.3857135234745844e-08,3.093076657578144e-08,1.4420997565115166e-07
2024-10-02,0.0,0.0,1.6195330966794258e-07,6.331219088194763e-09,2.610497871583835e-08,3.124162594790945e-08,1.5059691373051905e-07
2024-10-03,0.0,0.0,5.452698916331312e-08,1.5987122244693987e-08,3.448036522555692e-08,2.6822268082366962e-08,1.9009784726421217e-07
2024-10-04,0.0,0.0,3.3044996709000623e-07,1.2918236395558546e-08,2.86809753647504e-08,2.7888655074587893e-08,1.7698162098700145e-07
2024-10-05,0.0,0.0,1.6688552223610934e-07,9.786050122325018e-09,2.8969223959303043e-08,1.8511018186009297e-08,1.5515046281212065e-07
2024-10-06,0.0,0.0,1.1237516641234057e-07,9.884401561148427e-09,2.5080316714622333e-08,2.1135803578417212e-08,1.4478618288432956e-07
2024-10-07,0.0,0.0,3.4051366683268737e-07,1.6639569080608298e-08,2.7443409595472153e-08,2.709582014933343e-08,2.0098755439833452e-07
2024-10-08,0.0,0.0,1.1464529535959956e-07,1.6806799530076972e-08,2.7719220447265913e-08,2.9026812679366298e-08,2.1096859183920463e-07
2024-10-09,0.0,0.0,1.1579749973337731e-07,1.0185426404102617e-08,1.9383094553679566e-08,2.094181214051056e-08,1.9298613865965306e-07
2024-10-10,0.0,0.0,1.1696128395362668e-07,6.858527760858231e-09,2.6103863856736367e-08,3.468974059657143e-08,2.0507806084801258e-07
2024-10-11,0.0,0.0,5.9068382199869725e-08,3.46372855540313e-09,1.7577474700025963e-08,2.3074053993004457e-08,2.2946132061235314e-07
2024-10-12,0.0,0.0,5.966202931036991e-08,1.3994158424476541e-08,1.331559844325922e-08,1.726366821551353e-08,2.2918865137813584e-07
2024-10-13,0.0,0.0,6.026164267351965e-08,7.067401027422426e-09,1.3449422432439665e-08,2.877133209318238e-08,2.1570848773521659e-07
2024-10-14,0.0,0.0,2.4346912900461984e-07,7.138429588598841e-09,2.2640985625118735e-08,3.2582972277401794e-08,2.3116154005882074e-07
2024-10-15,0.0,0.0,2.4591603443095314e-07,7.210171998682829e-09,2.972909070768185e-08,2.4905195259483186e-08,2.9087483924038264e-07
2024-10-16,0.0,0.0,3.725812974984904e-07,1.0923953147962773e-08,1.385901832456359e-08,2.7850728415223196e-08,2.9484297451192146e-07
2024-10-17,0.0,0.0,1.8816290089539318e-07,1.1033740702319423e-08,3.4995759435869996e-08,2.5408313577352753e-08,2.7463223470565343e-07
2024-10-18,0.0,0.0,1.9005396948843364e-07,7.429754426627411e-09,1.885198542156685e-08,2.4747111682198796e-08,3.102544820864434e-07
2024-10-19,0.0,0.0,1.9196404363680179e-07,1.1256637050014033e-08,3.808290204984379e-08,3.055045190933445e-08,2.7917425477612327e-07
2024-10-20,0.0,0.0,1.5708451101214514e-07,0.0,2.4041025986559207e-08,2.337688564812129e-08,2.537564641319017e-07
2024-10-21,0.0,0.0,3.0169088225359655e-07,1.1484036202619145e-08,2.4282642314598954e-08,2.6445246525367492e-08,3.1211439910796295e-07
2024-10-22,0.0,0.0,2.0174436269581414e-07,1.54659369136748e-08,2.2074018234395188e-08,4.411976528250292e-08,3.198157724833112e-07
2024-10-23,0.0,0.0,3.0357246774043153e-07,1.9526715204713042e-08,2.725050265161868e-08,7.027270108105999e-08,3.670488514534787e-07
2024-10-24,0.0,0.0,3.045587489368938e-07,1.1833777173075223e-08,2.5022158869450013e-08,8.136611739058247e-08,3.1110985158009583e-07
2024-10-25,0.0,0.0,3.055754862620496e-07,1.1952708610901444e-08,1.516418144813675e-08,5.2457783275753944e-08,3.7196806554782495e-07
2024-10-26,0.0,0.0,6.132455627809573e-07,1.2072835329549378e-08,2.2974876008077745e-08,4.945265991170433e-08,2.9029292347525537e-07
2024-10-27,0.0,0.0,2.0513382603504434e-07,2.0323615569651664e-08,3.609787587886196e-08,4.99496674065735e-08,2.994383985122861e-07
2024-10-28,0.0,0.0,1.0920540128523526e-07,8.211148520752424e-09,4.9482331835266676e-08,8.829042234216432e-08,3.902446442108465e-07
2024-10-29,0.0,0.0,3.289448238994195e-07,1.6587343870677808e-08,2.8935579627219943e-08,6.187844282680785e-08,3.929017496318622e-07
2024-10-30,0.0,0.0,4.4040845159952627e-07,8.377024724030337e-09,1.8598609932732298e-08,7.720629187286079e-08,5.193893314341728e-07
2024-10-31,0.0,0.0,1.1056696146966537e-07,1.6922430444350095e-08,1.8785529070089527e-08,4.45612731463612e-08,4.707534975795662e-07
2024-11-01,0.0,0.0,3.3365710138504715e-07,2.1405750519835538e-08,4.3465712517066486e-08,4.691302085579289e-08,3.765414496700232e-07
2024-11-02,0.0,0.0,1.1170681616210891e-07,1.297252913347314e-08,3.01830032558281e-08,5.496602528242732e-08,4.056984675924482e-07
2024-11-03,0.0,0.0,7.854403851273537e-07,1.747054029169171e-08,4.15722920204334e-08,5.16895848811257e-08,4.2195047380621365e-07
2024-11-04,0.0,0.0,2.3798960174450542e-07,1.3234591605505426e-08,2.7993400334207053e-08,8.068794263438475e-08,5.902441663915641e-07
2024-11-05,0.0,0.0,5.285482618179883e-07,4.0102804387294455e-08,2.8274738684819844e-08,8.382740908066774e-08,5.305024373723439e-07
2024-11-06,0.0,0.0,9.300184578877998e-07,2.250324681773915e-08,3.427068543943617e-08,9.878153663952158e-08,5.873659319931195e-07
2024-11-07,0.0,0.0,5.343831201228155e-07,2.727528984983244e-08,2.0192148406611685e-08,1.211545163563467e-07,5.0751501204287e-07
2024-11-08,0.0,0.0,5.373805602099353e-07,9.183137023364124e-09,3.204941594153586e-08,8.638033375675027e-08,5.276733018757254e-07
2024-11-09,0.0,0.0,2.702158694004475e-07,1.8550858169611485e-08,1.4714326330317402e-08,7.820932987254051e-08,5.74030467634145e-07
2024-11-10,0.0,0.0,9.511896817781683e-07,1.4052973045328088e-08,8.288523031315846e-08,1.0881598099479801e-07,5.347406991304019e-07
2024-11-11,0.0,0.0,2.7334826869017384e-07,3.785122072656786e-08,2.5115472217984636e-08,1.3655435124830784e-07,7.973572508826161e-07
2024-11-12,0.0,0.0,4.1243308789043944e-07,2.3894769887005993e-08,6.764769842712843e-08,1.3119861137762238e-07,7.075623702876269e-07
2024-11-13,0.0,0.0,2.7515511562729264e-07,9.65396652672326e-09,6.832756909918049e-08,1.1552779737610415e-07,7.052753171884015e-07
2024-11-14,0.0,0.0,4.130735326027278e-07,4.387945726503808e-08,3.450713629254114e-08,1.2698494789929992e-07,7.550548309871088e-07
2024-11-15,0.0,0.0,6.890928324366764e-07,3.3788882843531413e-08,3.049719643064267e-08,1.1439509564363392e-07,6.417453463858411e-07
2024-11-16,0.0,0.0,2.759194748238518e-07,2.3894769887005993e-08,3.5204226686136373e-08,1.1474388512514596e-07,7.69291899669332e-07
2024-11-17,0.0,0.0,1.3811470442522454e-07,2.365701295410491e-08,5.778180695040158e-08,1.3952018071611002e-07,7.902133042194891e-07
2024-11-18,0.0,0.0,8.297008981443703e-07,1.1893589077509442e-07,6.638496726931871e-08,1.262087722667671e-07,8.225857418606518e-07
2024-11-19,0.0,0.0,4.153982702593137e-07,9.917246647389263e-08,4.847718874436792e-08,1.4589692519614556e-07,9.423667243387879e-07
2024-11-20,0.0,0.0,1.3866254387321147e-07,5.954496477869878e-08,3.072167376547459e-08,1.4647712668708438e-07,9.699030648337635e-07
2024-11-21,0.0,0.0,4.1661859208977475e-07,1.986413473972027e-08,6.993668483171403e-08,1.3546103053806527e-07,8.443192703457336e-07
2024-11-22,0.0,2.501403156720327e-07,4.1729121476630733e-07,5.964580294970527e-08,4.789083391358265e-08,1.554542449037794e-07,1.0880372437548145e-06
2024-11-23,0.0,2.526542676390231e-07,2.7867037794137356e-07,7.960688841366627e-08,3.0357718445512446e-08,1.1415663626008367e-07,9.876285707165528e-07
2024-11-24,0.0,5.103869704866469e-07,4.1876171996284375e-07,2.988525011858981e-08,4.752390888210935e-08,1.4018770078024793e-07,9.487177968832346e-07
2024-11-25,0.0,0.0,6.992662492243211e-07,7.978908168525625e-08,7.317353901116487e-08,1.4940189387474057e-07,9.68258199893501e-07
2024-11-26,0.0,0.0,9.80932716005502e-07,4.993258876808291e-08,6.433090097434015e-08,1.6729306619265766e-07,1.190803658134924e-06
2024-11-27,0.0,5.259305678087651e-07,1.2638452849534303e-06,3.000119687002085e-08,2.5641339091837784e-08,1.2932805061499396e-07,1.053146131272238e-06
2024-11-28,0.0,1.062432515779829e-06,5.629412218647893e-07,5.0076401039800076e-08,3.832932292382482e-08,1.3431479548675343e-07,1.1074030880010365e-06
2024-11-29,0.0,5.365550700395347e-07,7.05287153482533e-07,3.0093488986839904e-08,7.640094034825309e-08,9.145434759739727e-08,1.254244776411015e-06
2024-11-30,0.0,0.0,7.069683089371688e-07,2.0096097815850966e-08,5.4997854171403754e-08,1.4446205494574344e-07,1.1960195711390837e-06
2024-12-01,0.0,0.0,9.9131833360942e-07,2.0130598597092253e-08,2.950580554085277e-08,1.8913013234496433e-07,1.0111050163013543e-06
2024-12-02,0.0,2.7542123387450184e-07,5.679244917759403e-07,5.042097712169517e-08,6.723317740675959e-08,1.5034492069725832e-07,1.3755729846872042e-06
2024-12-03,2.549368172825608e-06,2.781892632934683e-07,4.270786179517106e-07,1.0104099978077896e-07,5.44628800227304e-08,1.9561897908782453e-07,1.26143733242775e-06
2024-12-04,8.583299163071886e-07,2.8098511187058933e-07,1.573897199515323e-07,2.0250029900469363e-08,4.1772499796812895e-08,1.743419705328891e-07,1.2609804611993727e-06
2024-12-05,0.0,1.1352362367722093e-06,1.5794375733947944e-07,4.058776972929612e-08,6.664744605441283e-08,2.0952701950096304e-07,1.323300676291461e-06
2024-12-06,2.6270079924049412e-06,2.866613876579431e-07,6.340543569391231e-07,8.135907693689938e-08,3.738687594416448e-08,1.7394169222382401e-07,1.220017319684609e-06
2024-12-07,8.844699538866852e-07,0.0,3.181985452422014e-07,2.038768759767492e-08,3.7288302201471994e-08,2.0686662179598732e-07,1.146790211811287e-06
2024-12-08,8.933590247041728e-07,5.849046636451257e-07,7.985043303363296e-07,4.087528949374912e-08,4.959127642676447e-08,2.0818647598020626e-07,1.2706390460766081e-06
2024-12-09,0.0,8.861745798646027e-07,6.915951585441338e-07,6.146893703274094e-08,5.771473837951322e-08,2.0415465798588398e-07,1.4786985369640132e-06
2024-12-10,0.0,8.950807824579842e-07,1.103776389648139e-06,2.0543695589928584e-08,3.290214806651522e-08,1.7303694349154777e-07,1.6213837955059114e-06
2024-12-11,9.205658574547066e-07,6.027176625836766e-07,9.634720411613897e-07,8.239919955582261e-08,2.8724268888592065e-08,2.0048827677384343e-07,1.2551867897067144e-06
2024-12-12,0.0,2.7679948801494667e-06,1.0985555307287655e-06,7.765389467232486e-08,6.551321295956378e-08,2.668847211688986e-07,1.5403448110729381e-06
2024-12-13,0.0,5.59162738236618e-07,5.480550068708123e-07,1.1698825746439215e-07,4.0860940968540464e-08,2.3853217382718157e-07,1.562216723439469e-06
2024-12-14,0.0,0.0,5.46887054334643e-07,1.0445099719425245e-07,6.932635694135224e-08,1.6336476303125045e-07,1.5575953349599693e-06
2024-12-15,9.58134862792513e-07,1.7113757245260838e-06,8.186606864394718e-07,3.934607901926111e-08,7.326640263139619e-08,1.755491159192909e-07,1.596076422347441e-06
2024-12-16,1.9355285565054883e-06,1.1523835576675733e-06,1.225608987191764e-06,1.317565624378933e-07,3.250477956720387e-08,2.3477614962683376e-07,1.9052826807211057e-06
2024-12-17,0.0,2.909913012417951e-06,9.50060452349289e-07,1.7208451508424482e-07,6.895617355418327e-08,2.885001042355651e-07,1.818239951857258e-06
2024-12-18,0.0,6.709021042557234e-07,1.4880870353690773e-06,1.463022910411962e-07,6.074698782606827e-08,1.772009849565917e-07,1.9291538410576108e-06
2024-12-19,0.0,6.776447825006133e-07,1.166640253695048e-06,1.4700923813136222e-07,4.043757856915538e-08,3.1409031946209255e-07,1.8245778153385707e-06
2024-12-20,1.0072594876839765e-06,1.3689104515769184e-06,1.018675666451276e-06,9.401056398863147e-08,6.864805537789444e-08,2.0812253052471074e-07,1.9024815332079547e-06
2024-12-21,2.034765227664628e-06,6.913341151692653e-07,1.1618776906684905e-06,1.3497027965097542e-07,4.839465321244899e-08,2.2401733087006745e-07,1.935638980794664e-06
2024-12-22,2.0552149581797125e-06,2.7931285541508066e-06,7.247942552598008e-07,1.0852260059547727e-07,6.847698469038223e-08,2.552550659943781e-07,1.8769104838123323e-06
2024-12-23,0.0,9.545114288331785e-07,2.0257648148676914e-06,5.453991491033478e-08,5.2307201535839396e-08,3.557663290993618e-07,1.6610579545645756e-06
2024-12-24,1.0483665271889879e-06,0.0,1.442457911735235e-06,1.737632912277833e-07,6.431369949156219e-08,2.618668167625242e-07,1.6670555886395187e-06
2024-12-25,0.0,1.9475876775329238e-06,1.72078701453e-06,9.534037298663044e-08,5.622376918262323e-08,3.396350783825973e-07,1.8683001666900093e-06
2024-12-26,3.2086348076322053e-06,4.917903147757991e-06,4.935680306264448e-07,1.362864679702022e-07,7.222972337215858e-08,4.5484861758529017e-07,2.1115814727942755e-06
2024-12-27,3.2408821235609863e-06,1.986931558438686e-06,1.1474754532780034e-06,1.568088123302696e-07,5.613919619936811e-08,3.778178041747523e-07,2.2762833196592354e-06
2024-12-28,0.0,2.0069005525858013e-06,1.960126143307194e-06,3.9469335569482484e-08,8.41579989468568e-08,4.2368212694727657e-07,2.1902657865590136e-06
2024-12-29,1.1021174284418921e-06,4.55256335318376e-06,1.1394527222249244e-06,1.1922124506853716e-07,3.6049551199152e-08,4.514728095123681e-07,2.133043072641481e-06
2024-12-30,1.1131938927441069e-06,4.9305992930528935e-06,1.135612473742422e-06,1.6006187420331354e-07,7.534735458417764e-08,3.990087904558839e-07,2.340522724536866e-06
2024-12-31,3.3731450320897815e-06,2.4900763198865786e-06,1.2935837570898751e-06,6.044178548851868e-08,5.49666790691087e-08,4.974033503150499e-07,2.3136152794307694e-06
2025-01-01,3.240611555330876e-06,4.935717826879622e-06,2.1323320979919757e-06,6.007999224643666e-08,5.362735778401355e-08,5.022544980597651e-07,2.283934089331092e-06
2025-01-02,1.0910600809722791e-06,3.738991961790052e-06,9.358672275915551e-07,1.4117866192618104e-07,6.826340141803255e-08,4.4142259676295035e-07,2.618075767857338e-06
2025-01-03,0.0,3.7765694557324034e-06,4.6766049523052493e-07,1.2187267993815868e-07,6.007481708895631e-08,3.5949558789001467e-07,2.1173761346184017e-06
2025-01-04,1.11310095665762e-06,2.543016406511653e-06,6.523482111066393e-07,5.270452621319196e-08,4.832511342053921e-08,4.1581299896365603e-07,2.502863131461439e-06
2025-01-05,1.1242878072535764e-06,4.586452145219265e-06,6.524012202103642e-07,1.0646843101545292e-07,5.1524599008523356e-08,3.9097695737565233e-07,2.063400816075328e-06
2025-01-06,3.4067612627015025e-06,7.720911259337098e-06,7.223659187012695e-07,7.169230435756496e-08,5.101192068238109e-08,4.817215848018739e-07,2.592504413545061e-06
2025-01-07,0.0,4.679104624521282e-06,1.013199312929e-06,5.380432903467395e-08,5.468316612962553e-08,3.488972657907836e-07,2.5530647853801664e-06
2025-01-08,1.1585274684531051e-06,0.0,1.8278880917057601e-06,1.2563789065080098e-07,5.8363916073474456e-08,4.57586892171144e-07,2.2297936828528503e-06
2025-01-09,1.170170863082657e-06,1.591209602687334e-06,1.4250446081446835e-06,7.185423473207228e-08,7.300619756115724e-08,4.139722852375248e-07,2.7859204727938846e-06
2025-01-10,2.363862551547326e-06,1.6072015250602744e-06,6.55885880712797e-07,5.3941930931707646e-08,4.749212046219305e-08,2.7984949158086456e-07,2.451704609806674e-06
2025-01-11,1.1938098825771921e-06,3.230742040188826e-06,1.6369227278370535e-06,1.4399621347308272e-07,6.216110384164378e-08,3.658850398384494e-07,2.9604382363378597e-06
2025-01-12,4.823231485455297e-06,0.0,9.387216426305589e-07,5.40606290761086e-08,5.124275325734891e-08,3.574071111756867e-07,2.4201849196062598e-06
2025-01-13,1.2179264419424354e-06,3.2643909172349005e-06,1.6487672990263364e-06,9.021347367961578e-08,5.4963357376470284e-08,4.429581370854363e-07,2.6401494926327415e-06
2025-01-14,1.2301668061801834e-06,6.563408338256887e-06,1.1820975725379106e-06,5.420095219295799e-08,4.035479155832158e-08,4.127106920050773e-07,2.1570130736536644e-06
2025-01-15,2.4850603762473827e-06,1.6496727970868308e-06,1.6612713991190875e-06,1.0855848063706687e-07,3.673377868486354e-08,5.840497741022709e-07,2.5891991187408117e-06
2025-01-16,0.0,6.634633913055522e-06,4.765063786312597e-07,7.248394188449809e-08,3.678505663427844e-08,4.582471336644935e-07,3.215763923774575e-06
2025-01-17,1.267630962947487e-06,3.3356200533419532e-06,1.4352343113617713e-06,9.075351474859609e-08,8.224949591234962e-08,4.06440364601913e-07,1.9310635164933406e-06
2025-01-18,0.0,0.0,1.2009108428807766e-06,1.454578841098762e-07,5.8268035680506135e-08,4.938448514649344e-07,3.054324128171249e-06
2025-01-19,1.2932388070584332e-06,3.3732288050071087e-06,1.205913185045128e-06,1.2750910421517182e-07,4.873619209191846e-08,5.927234388527792e-07,2.581967079656855e-06
2025-01-20,1.2803708659261743e-06,1.6962691103822894e-06,2.376308152188437e-06,3.650151738596612e-08,8.805701059782834e-08,4.543937849667252e-07,2.696520511915373e-06
2025-01-21,1.267630962947487e-06,5.118280339756876e-06,2.871294273292667e-06,1.828775616059132e-08,1.0313062807208503e-07,5.502681175626794e-07,2.8076019285486332e-06
2025-01-22,2.510035648242915e-06,0.0,3.1750784550460843e-06,1.5236204768614614e-07,7.888639258066286e-08,4.849512781761179e-07,3.4454437870679733e-06
2025-01-23,0.0,3.615530107317305e-06,9.018746427085233e-07,1.1780472365367983e-07,6.930433758497567e-08,4.5308158494788144e-07,3.1239581019064083e-06
2025-01-24,0.0,3.6378468559685834e-06,1.8109884734004438e-06,1.4193382793344226e-07,6.46192969995705e-08,3.6646507622654045e-07,2.534405324084735e-06
2025-01-25,2.435852883884871e-06,1.8302636961685044e-06,2.4245450156537914e-06,1.4251618098354064e-07,3.9932940446285015e-08,5.097009684741637e-07,2.4893234017473017e-06
2025-01-26,5.994240295654164e-06,0.0,2.1303460412170566e-06,1.9081704769400167e-07,7.018226773142779e-08,3.82353506157959e-07,2.7634718964236228e-06
2025-01-27,1.994044578024137e-06,1.8534944685606655e-06,2.750693438721165e-06,1.3266759310410836e-07,9.566351795537081e-08,5.75467849826038e-07,3.278097288409804e-06
2025-01-28,3.980416927232795e-06,7.4615491834608484e-06,2.341579326376288e-06,1.333182924615911e-07,9.63066449537467e-08,6.031280093543307e-07,3.7507912753659012e-06
2025-01-29,1.9865713717135327e-06,9.387333317269198e-06,1.6368194466466569e-06,2.1437171801507038e-07,9.077616058506463e-08,5.280033503299022e-07,3.2397446092525183e-06
2025-01-30,0.0,5.669201337820122e-06,2.196369438121413e-06,2.1259962551454295e-07,1.2169855895692972e-07,5.49372676193098e-07,3.2862626781810877e-06
2025-01-31,1.979892820439586e-06,8.065887502044518e-06,1.1489203235283025e-06,9.137971854685204e-08,7.342464425465085e-08,6.346269001014607e-07,3.274458295875258e-06
2025-02-01,1.991238842794459e-06,1.9953497152432672e-06,2.0214141062881504e-06,1.8293925031646369e-07,1.0433384565582523e-07,7.011728669282399e-07,3.277210307105782e-06
2025-02-02,3.976747399068957e-06,4.485251510686542e-06,3.4884915046496915e-06,3.364274817376349e-07,9.25832173689778e-08,5.579780668626851e-07,3.0614078265473254e-06
2025-02-03,1.985707395301435e-06,6.7537879000206974e-06,1.756025268145766e-06,1.3645722043118026e-07,6.828537287599581e-08,6.404177247408525e-07,3.551000740854563e-06
2025-02-04,1.9832396634626836e-06,4.520249278953173e-06,2.1236824162173904e-06,1.7124685162777975e-07,7.492714357338204e-08,5.896094164732038e-07,3.74559742862238e-06
2025-02-05,1.980970257242983e-06,6.807637979880994e-06,1.49693861955575e-06,1.891017458454206e-07,8.164936636677165e-08,4.172516957812599e-07,3.7524359325154197e-06
2025-02-06,1.9788989496998217e-06,1.1379510492144534e-05,2.111120495798191e-06,2.659774267617305e-07,8.845396595939525e-08,4.191384827464153e-07,3.3884289463924755e-06
2025-02-07,0.0,2.403451150951184e-06,2.1242471378569192e-06,3.054160083476536e-07,9.929896886382748e-08,6.655578068241065e-07,3.816485657969643e-06
2025-02-08,0.0,4.823617674635442e-06,1.832216748342553e-06,2.6852731197009373e-07,9.16617342005328e-08,5.731482474170056e-07,3.2779174699303977e-06
2025-02-09,1.9738716467326243e-06,5.323343500944746e-06,3.38036134125539e-06,3.9327891495813346e-07,8.391689078093528e-08,6.574734316886537e-07,3.544924023777603e-06
2025-02-10,3.94518172074462e-06,2.672937406472701e-06,2.4701001313237894e-06,3.796702238675212e-07,1.6057531569056918e-07,6.242163748665792e-07,3.859268264611163e-06
2025-02-11,0.0,0.0,2.1318444091119686e-06,6.004896592766492e-07,1.5321277569102027e-07,5.253403946897634e-07,3.907178575197669e-06
2025-02-12,7.88248384595128e-06,2.6805179409912613e-06,2.461716504041966e-06,3.2927734607689874e-07,7.715844475074248e-08,4.6864905620852074e-07,3.4680609152139187e-06
2025-02-13,0.0,2.6847100930858103e-06,1.7101579778307516e-06,4.965717090178564e-07,8.635357507194315e-08,6.047449264697315e-07,4.373804183953851e-06
2025-02-14,1.9694393372632214e-06,2.93043476232147e-06,7.055292846102956e-07,2.7681584247311144e-07,1.520618917168618e-07,4.805987211185319e-07,3.18079202713123e-06
2025-02-15,1.96914396812926e-06,2.9375890509279614e-06,1.8289984019301773e-06,2.7778619508456387e-07,1.1654893844134021e-07,5.974884876616597e-07,3.7767572104950353e-06
2025-02-16,3.938091030066139e-06,5.89007420177509e-06,3.826130049198184e-06,1.2181119659938608e-07,1.8462937417299463e-07,7.843361792377892e-07,3.355163712323525e-06
2025-02-17,1.96914396812926e-06,1.7693048395518887e-05,2.695533327929182e-06,3.058127297600121e-07,1.5956792535593802e-07,7.647778632455847e-07,3.937137332837047e-06
2025-02-18,0.0,2.9503150790438692e-06,2.7130451769987133e-06,3.071280495493797e-07,1.2279734337600829e-07,6.847967247876173e-07,4.482593662461224e-06
2025-02-19,1.9699316519721144e-06,8.856251378403298e-06,3.120946666110654e-06,1.2338963295985724e-07,1.1162832947498622e-07,6.048884974149558e-07,4.228830200545256e-06
2025-02-20,3.94124192297564e-06,1.1816590869590753e-05,1.568513790589423e-06,2.1680297569086697e-07,2.5055602852785863e-07,6.229578054735143e-07,3.952945952929603e-06
2025-02-21,1.9715073347418635e-06,2.956507059227814e-06,2.3650666512145165e-06,2.1795816897385257e-07,1.1388337131532915e-07,6.735720432349446e-07,3.8118007766650347e-06
2025-02-22,0.0,0.0,3.344528253387085e-06,4.1671259366184906e-07,1.1502791822515653e-07,6.915379486357545e-07,4.392834824165643e-06
2025-02-23,3.947743293465249e-06,2.9621129678988397e-06,8.621520397201198e-07,4.192282215633479e-07,1.9363994670443897e-07,6.931444219873471e-07,4.532465139231543e-06
2025-02-24,3.950699643805022e-06,5.9149671596374585e-06,4.030837399691766e-06,3.3742861810908894e-07,1.4190303836184978e-07,6.612867243234997e-07,4.513336861550311e-06
2025-02-25,0.0,0.0,1.7990106479688708e-06,7.638939047486292e-07,1.4332918760713748e-07,7.453147872607328e-07,4.242998980950159e-06
2025-02-26,0.0,5.898223245517698e-06,3.1567745417216613e-06,6.428700244997553e-07,2.0180057418895424e-07,6.837672552673297e-07,4.892096604932152e-06
2025-02-27,1.980970257242983e-06,2.9453682165763984e-06,2.713368111070821e-06,3.2378377512256454e-07,1.4497176139535897e-07,4.89509991246802e-07,4.911493537362667e-06
2025-02-28,3.966479326925367e-06,8.825758049010261e-06,2.8519978760261584e-06,3.4675984860374544e-07,8.748885168590596e-08,5.397301267235327e-07,4.348847532513249e-06
2025-03-01,0.0,0.0,2.433724023287327e-06,5.245969133713168e-07,1.1742937173840433e-07,4.750855368892703e-07,4.0406558480953726e-06
2025-03-02,2.0012985388938135e-06,0.0,1.9500881554288203e-06,4.404870254060966e-07,2.336065454797903e-07,6.499604308434805e-07,4.03278533116677e-06
2025-03-03,2.004182306176223e-06,1.3457644770642732e-05,4.0461340632206975e-06,8.877080108114206e-07,1.8473673905944432e-07,6.90416255332305e-07,4.486909722091504e-06
2025-03-04,0.0,5.383169198399283e-06,3.5477164876395786e-06,4.4726537117574414e-07,2.1975194318634484e-07,5.700303309753194e-07,4.807927432743478e-06
2025-03-05,0.0,5.383818809947301e-06,3.5554204445662503e-06,7.211543421689887e-07,1.5313889400914985e-07,7.057285730311816e-07,4.3480312110090806e-06
2025-03-06,0.0,0.0,2.0362742551429933e-06,9.084452581149595e-08,1.7128571263094145e-07,5.022377216948264e-07,5.550256764649394e-06
2025-03-07,4.035449517848685e-06,5.386733310946698e-06,2.041083313941973e-06,4.5776921690076746e-07,2.2416449548876677e-07,5.204100200502737e-07,5.749681134185801e-06
2025-03-08,4.043227821639532e-06,2.694499245925302e-06,2.0460964827732555e-06,4.613615820472208e-07,2.2222983772889654e-07,7.146257452080984e-07,4.451038943713001e-06
2025-03-09,0.0,0.0,3.0769713944368527e-06,1.9630783542160157e-07,1.828111941069402e-07,7.935921013050086e-07,5.165727476181052e-06
2025-03-10,2.0299991129728167e-06,0.0,2.0567371762782773e-06,6.925990098553401e-07,1.8381625679835538e-07,9.58552469083897e-07,5.867205013463576e-06
2025-03-11,1.2471748903762362e-06,5.889904846662284e-06,2.6179498677461692e-06,6.981898562132278e-07,2.259151904394379e-07,9.209727133768828e-07,6.22921853365621e-06
2025-03-12,3.7791276192230884e-06,5.899260931033759e-06,2.618572360797893e-06,3.016502237736702e-07,2.2718865872152653e-07,8.827491957959427e-07,6.628083176788409e-06
2025-03-13,0.0,1.1911140536585068e-05,4.22401412902509e-06,8.164086225342528e-07,2.7214616703109683e-07,9.11860784364918e-07,6.0616709005513e-06
2025-03-14,2.611173615127108e-06,3.004264553807253e-06,3.6234588133991424e-06,6.212241736919093e-07,1.6978691715074524e-07,6.346169374533433e-07,6.100217862700146e-06
2025-03-15,0.0,0.0,3.1315012225971942e-06,1.1557317550613147e-06,6.456283456974893e-08,5.183059233131907e-07,5.905833340902049e-06
2025-03-16,2.7078381605082614e-06,3.060180849722317e-06,2.631814831082474e-06,7.464810259409018e-07,1.3096424733180475e-07,6.848494985265208e-07,5.761687863720633e-06
2025-03-17,0.0,3.0896865233472303e-06,1.5929429713370689e-06,7.578193031489735e-07,1.9928685016374654e-07,6.911706906592685e-07,5.954026250571804e-06
2025-03-18,0.0,6.2405456072127744e-06,1.6073309384194885e-06,6.590350707192987e-07,4.268942447710597e-07,6.361645301455018e-07,6.6118799059928814e-06
2025-03-19,1.3480845144541996e-06,3.1519788565513126e-06,2.16302918537498e-06,3.3439990235224425e-07,1.3661960690532807e-07,8.288617407890634e-07,8.044921161188615e-06
2025-03-20,0.0,3.1848459852250184e-06,4.913357872469562e-06,6.788648458374167e-07,2.077328787700807e-07,7.953071547235117e-07,7.104600674695981e-06
2025-03-21,1.3453119972855256e-06,9.65675332105315e-06,2.2051925249234794e-06,6.885160537331854e-07,2.808358189323393e-07,8.661007454668535e-07,7.182050687686656e-06
2025-03-22,0.0,2.9932360096041315e-06,2.7824313700770392e-06,9.093049294127636e-07,3.085549283931431e-07,7.531953961381645e-07,6.5016325799740085e-06
2025-03-23,1.3434856932156842e-06,6.0513047364066785e-06,4.495044552115841e-06,2.307581442805906e-07,3.130124434967125e-07,6.758067506466488e-07,7.442255362273755e-06
2025-03-24,2.6858864867502072e-06,3.050571744662484e-06,1.134978025161652e-06,9.372053937442428e-07,2.9318504067893307e-07,9.169218389002108e-07,8.777384180513925e-06
2025-03-25,2.6853144272579028e-06,3.0765854383830294e-06,4.586560543737676e-06,3.5656366996126045e-07,2.2318275575351273e-07,8.614725997048862e-07,7.545440844341103e-06
2025-03-26,0.0,0.0,1.7371827252660865e-06,3.6184899509064336e-07,5.287037622392936e-07,7.18028711137822e-07,6.217376004814525e-06
2025-03-27,2.685770029728992e-06,3.132070394374565e-06,5.850362043635329e-07,7.33861350197815e-07,3.8351206241327017e-07,7.036482206095654e-07,7.507990870070431e-06
2025-03-28,1.3434154072653515e-06,9.212477637158767e-06,2.9562784690454574e-06,1.2406441713998902e-07,2.597194641573332e-07,6.89094983531882e-07,6.59778002601323e-06
2025-03-29,1.3442354179972833e-06,6.194066350821515e-06,2.3410806807622015e-06,2.5176310486518985e-07,3.158063279105655e-07,6.968313767883757e-07,6.293854366076483e-06
2025-03-30,1.3453547647243952e-06,6.248914389504677e-06,1.7759980079175259e-06,5.110577584172292e-07,1.067017475607071e-07,9.322625066368259e-07,6.310271267765377e-06
2025-03-31,0.0,3.143776573843806e-06,1.7970085019562351e-06,6.475762902621081e-07,2.1637807381382087e-07,8.102876547149828e-07,6.492021351135638e-06
2025-04-01,2.714995489856203e-06,9.459002398371571e-06,2.4176184852765253e-06,9.173492983185094e-07,2.7463727187037435e-07,8.48170318987788e-07,7.776183401488601e-06
2025-04-02,0.0,0.0,4.27165872716111e-06,7.951454733329835e-07,2.507855273351712e-07,8.514723629416613e-07,8.217444433703738e-06
2025-04-03,1.3620379842547453e-06,0.0,1.849022457799226e-06,6.578174997198482e-07,1.9797383441545391e-07,6.670446145818968e-07,7.782293574092078e-06
2025-04-04,0.0,2.9331788216193813e-06,5.604559196498181e-06,3.994903586102752e-07,2.871523468730509e-07,5.831551102744959e-07,7.950486043096534e-06
2025-04-05,0.0,0.0,4.214300487692601e-06,7.83390413522757e-07,2.6195445103115693e-07,6.935680568351909e-07,6.443732553835459e-06
2025-04-06,0.0,0.0,3.040727014397175e-06,3.968883495416737e-07,4.1234214300821944e-07,7.850306597166464e-07,7.096870731409041e-06
2025-04-07,0.0,0.0,3.6835825540505215e-06,4.016509556734319e-07,5.058280829361176e-07,7.064897215417928e-07,7.5594225683149376e-06
2025-04-08,0.0,2.8438493670955447e-06,1.2400235634069733e-06,9.488110039335675e-07,4.510664814802455e-07,6.050963318974431e-07,8.45163084548996e-06
2025-04-09,0.0,2.758007623746187e-06,5.0112361699717744e-06,4.118467436521944e-07,2.1282303184808034e-07,7.856267520399361e-07,7.803515712445484e-06
2025-04-10,0.0,2.777444653147386e-06,1.89937447894529e-06,1.3910119239358554e-07,3.9977584418581903e-07,5.070688757008155e-07,8.538214216701966e-06
2025-04-11,0.0,1.1192439327280456e-05,3.7006553576700206e-06,4.216308304850273e-07,2.1782652597130412e-07,8.244227159912337e-07,8.215135331110381e-06
2025-04-12,1.402293057506785e-06,0.0,1.8722966410624255e-06,2.8412544819319434e-07,1.2601001404786512e-07,5.72746765996037e-07,8.40795111838771e-06
2025-04-13,0.0,8.530162668074123e-06,3.153964741512182e-06,5.727477857183299e-07,2.871567045515769e-07,6.686063690354251e-07,7.844106596996507e-06
2025-04-14,0.0,2.8681449496183497e-06,1.881423714483596e-06,2.8876404266790496e-07,3.233057654554011e-07,1.0151374325662075e-06,8.498873018904261e-06
2025-04-15,0.0,2.5520492775449495e-06,2.533253574702754e-06,5.826078061520023e-07,3.2721668793005625e-07,9.389367198293309e-07,9.722326777800985e-06
2025-04-16,2.866576321886688e-06,2.5778503608173142e-06,6.145781345886958e-07,2.940021570388997e-07,3.313396254918447e-07,6.34311416768359e-07,8.471738194828275e-06
2025-04-17,1.442623480579501e-06,5.210387727795839e-06,0.0,1.0390388299530667e-06,2.4585949888709584e-07,6.890473919754618e-07,7.995717963260483e-06
2025-04-18,0.0,0.0,3.576942935194657e-06,5.998248141707802e-07,3.117137832647561e-07,8.3877975229123e-07,8.032674360329097e-06
2025-04-19,0.0,0.0,3.6143541889029277e-06,1.2104844895201715e-06,2.847084622671032e-07,5.439187649254003e-07,7.345887763757007e-06
2025-04-20,0.0,2.697471950535158e-06,2.343594541153328e-06,1.5275616516650766e-07,3.854724414971339e-07,6.956374335673411e-07,7.500882973677544e-06
2025-04-21,0.0,8.196074660817868e-06,3.4151647823174166e-06,6.171959826768784e-07,2.9283312984300597e-07,7.257698253349405e-07,9.779750099832253e-06
2025-04-22,1.500867611606298e-06,0.0,1.7242112232910224e-06,6.237824362919535e-07,2.6381276390228474e-07,8.724321819665818e-07,9.412357310132744e-06
2025-04-23,0.0,0.0,2.322673829061873e-06,1.103922458133e-06,4.013187247658229e-07,7.2694037732738e-07,8.882412843517155e-06
2025-04-24,0.0,2.8489712508323376e-06,2.3480635171800344e-06,7.978986190076012e-07,3.054498213150686e-07,8.744872588984277e-07,9.362831736172651e-06
2025-04-25,1.5470428476711102e-06,5.785860993360108e-06,2.969049001315214e-06,6.463356278295116e-07,1.378627351722935e-07,7.465031651517576e-07,8.479070559247768e-06
2025-04-26,0.0,0.0,1.8032517486803638e-06,4.911763150946352e-07,3.85286692417494e-07,7.088138325985193e-07,7.95143698009734e-06
2025-04-27,0.0,2.989488981564258e-06,0.0,9.960903219536022e-07,4.0063269171258137e-07,9.339311124436432e-07,6.553882188498532e-06
2025-04-28,0.0,0.0,4.9378112147274715e-06,8.407501848662501e-07,3.0433867489463995e-07,9.715751610629387e-07,1.2565449836460725e-05
2025-04-29,0.0,3.069230400174694e-06,5.635644035569473e-06,1.1931032925801605e-06,3.084893549426954e-07,9.355845591346287e-07,8.346253727660841e-06
2025-04-30,0.0,3.1136204636164527e-06,1.1868409057942842e-06,6.916337494849918e-07,2.781786798128778e-07,6.244183242241733e-07,7.798891472099112e-06
