Hospitalization date,<3m,3-11m,1-4y,5-17y,18-39y,40-64y,>=65y
2015-10-01,0.0,0.0,0.0,0.0,3.558421150405269e-08,0.0,1.7625023519654453e-07
2015-10-02,0.0,0.0,0.0,0.0,3.4697941411427846e-08,0.0,1.3816236169248377e-07
2015-10-03,0.0,0.0,0.0,0.0,7.449845456732025e-08,0.0,1.2497132131238378e-07
2015-10-04,0.0,0.0,0.0,0.0,3.968988558593786e-08,0.0,9.636560178437551e-08
2015-10-05,0.0,0.0,0.0,0.0,5.8194060896305745e-08,0.0,1.224539921693429e-07
2015-10-06,0.0,0.0,0.0,0.0,4.427486661126994e-08,0.0,1.1364049899179662e-07
2015-10-07,0.0,0.0,0.0,0.0,6.19129039322521e-08,0.0,1.0221915299446507e-07
2015-10-08,0.0,0.0,0.0,0.0,4.8515068016469275e-08,0.0,1.4724103055468963e-07
2015-10-09,0.0,0.0,0.0,0.0,3.5662575650584004e-08,0.0,9.235993538107045e-08
2015-10-10,0.0,0.0,0.0,0.0,2.3315910239126586e-08,0.0,1.1322036776744835e-07
2015-10-11,0.0,0.0,0.0,0.0,3.4317721056125565e-08,0.0,9.165439939879591e-08
2015-10-12,0.0,0.0,0.0,0.0,2.807659734441339e-08,0.0,1.281576436745366e-07
2015-10-13,0.0,0.0,0.0,0.0,5.515737500144932e-08,0.0,1.2320649636250874e-07
2015-10-14,0.0,0.0,0.0,0.0,3.794396046894618e-08,0.0,1.3687374474521293e-07
2015-10-15,0.0,0.0,0.0,0.0,5.862474347080055e-08,0.0,1.1387099963865698e-07
2015-10-16,0.0,0.0,0.0,0.0,2.6211739711935827e-08,0.0,9.41889060681883e-08
2015-10-17,0.0,0.0,0.0,0.0,1.5476417239035745e-08,0.0,1.2775900992257225e-07
2015-10-18,0.0,0.0,0.0,0.0,3.555073983289645e-08,0.0,7.151889363659657e-08
2015-10-19,0.0,0.0,0.0,0.0,6.002112957886325e-08,0.0,6.557810595358531e-08
2015-10-20,0.0,0.0,0.0,0.0,3.942296826321054e-08,0.0,1.1486104345405157e-07
2015-10-21,0.0,0.0,0.0,0.0,2.914101669921304e-08,0.0,8.018710842709582e-08
2015-10-22,0.0,0.0,0.0,0.0,3.3519479592051606e-08,0.0,1.185882308083265e-07
2015-10-23,0.0,0.0,0.0,0.0,4.250435898465363e-08,0.0,7.109267272614982e-08
2015-10-24,0.0,0.0,0.0,0.0,3.2615293806354794e-08,0.0,6.108846404917632e-08
2015-10-25,0.0,0.0,0.0,0.0,0.0,0.0,1.049448287736212e-07
2015-10-26,0.0,0.0,0.0,0.0,3.1775133984409976e-08,0.0,8.596588609509733e-08
2015-10-27,0.0,0.0,0.0,0.0,4.9306752778746845e-08,0.0,1.1100846040106944e-07
2015-10-28,0.0,0.0,0.0,0.0,3.5420095148376193e-08,0.0,7.739883500440709e-08
2015-10-29,0.0,0.0,0.0,0.0,2.187224035374769e-08,0.0,9.558901043178372e-08
2015-10-30,0.0,0.0,0.0,0.0,6.052410796704968e-08,0.0,6.297871612020642e-08
2015-10-31,0.0,0.0,0.0,0.0,1.2820605239750586e-08,6.954904792054316e-08,5.810553324610548e-08
2015-11-01,0.0,0.0,0.0,0.0,2.5328362982854078e-08,5.5822485740348116e-08,6.527100181609542e-08
2015-11-02,0.0,0.0,0.0,0.0,2.087477780048585e-08,1.48637998768885e-07,9.077762160721797e-08
2015-11-03,0.0,0.0,0.0,0.0,4.129975022162688e-08,9.918506947942205e-08,5.587530226928143e-08
2015-11-04,0.0,0.0,0.0,0.0,1.6345547136418465e-08,7.747757264865579e-08,8.490286699770663e-08
2015-11-05,0.0,0.0,0.0,0.0,8.088258534521426e-09,8.68998899060054e-08,8.402488247940135e-08
2015-11-06,0.0,0.0,0.0,0.0,4.003144467197515e-08,1.1131898045333981e-07,8.317334120038467e-08
2015-11-07,0.0,0.0,0.0,0.0,3.56703992823685e-08,1.3778398715576961e-07,1.3845528354678097e-07
2015-11-08,0.0,0.0,0.0,0.0,5.49468830182135e-08,1.3644207399470816e-07,1.5717124696643544e-07
2015-11-09,0.0,0.0,0.0,0.0,3.109835773666969e-08,2.025265135747152e-07,2.676933877220395e-07
2015-11-10,0.0,0.0,0.0,0.0,3.465795344234164e-08,2.6236167325809566e-07,2.2730227926818462e-07
2015-11-11,0.0,0.0,0.0,0.0,3.4339507099271726e-08,2.1130984320607313e-07,1.7933688810853934e-07
2015-11-12,0.0,0.0,0.0,0.0,3.0248837569325446e-08,2.5303094596661803e-07,2.4333562164736426e-07
2015-11-13,0.0,0.0,0.0,0.0,2.2485938224249048e-08,1.6431238600167137e-07,2.9142949628297765e-07
2015-11-14,0.0,0.0,0.0,0.0,2.6005831436906295e-08,1.886046180685962e-07,2.8889927107185227e-07
2015-11-15,0.0,0.0,0.0,0.0,1.1050370338405677e-08,1.6999749128803503e-07,1.5803428138379959e-07
2015-11-16,0.0,0.0,0.0,0.0,4.383164429908596e-08,1.854326207144132e-07,2.649568528534131e-07
2015-11-17,0.0,0.0,0.0,0.0,1.8113139140714754e-08,2.2009080474037542e-07,4.0097379824267185e-07
2015-11-18,0.0,0.0,0.0,7.952251345166442e-09,3.234059163184856e-08,2.4689284065792256e-07,3.977385870523064e-07
2015-11-19,0.0,0.0,0.0,7.889231346666034e-09,4.6343987333686466e-08,1.8841251105089867e-07,6.277513907090198e-07
2015-11-20,0.0,0.0,0.0,2.3483444191963955e-08,5.659471453597178e-08,2.243348936751048e-07,4.626992906219042e-07
2015-11-21,0.0,0.0,0.0,1.1859728364902465e-08,1.0505922697016338e-08,1.2273597745464718e-07,4.6955852933191694e-07
2015-11-22,0.0,0.0,0.0,3.992973538847527e-09,2.773703205216703e-08,2.547685685192561e-07,5.144663793222277e-07
2015-11-23,0.0,0.0,0.0,2.936314140145405e-08,3.432630496492915e-08,1.6323489610336757e-07,5.691680419557147e-07
2015-11-24,0.0,0.0,0.0,3.954432783820627e-08,2.7187802019001075e-08,2.0884221650535275e-07,8.62515319410315e-07
2015-11-25,0.0,0.0,0.0,9.985438735052841e-09,3.364659858614664e-08,2.553497716071352e-07,5.930881357297657e-07
2015-11-26,0.0,0.0,0.0,2.0171588125497693e-08,2.998062840279553e-08,2.1699732366063183e-07,6.071755717081654e-07
2015-11-27,0.0,0.0,0.0,1.0187157978255982e-08,1.3192140518170352e-08,1.8264848585019878e-07,7.059072942215222e-07
2015-11-28,0.0,0.0,0.0,4.1158162472201084e-08,1.632609565851278e-08,3.1675265903238767e-07,7.44730421832889e-07
2015-11-29,0.0,0.0,0.0,6.459024972356033e-08,1.9396377950980306e-08,2.5038475527131824e-07,1.0558824768028836e-06
2015-11-30,0.0,0.0,0.0,3.2619696262645123e-08,3.5206198070457486e-08,5.104984221880722e-07,1.0244359190663263e-06
2015-12-01,0.0,0.0,0.0,1.6337266220493894e-08,3.766332779310064e-08,3.215923501777158e-07,1.1260905002689757e-06
2015-12-02,0.0,0.0,0.0,6.600583390283358e-08,3.728857141999971e-08,4.724718647708975e-07,1.0389239485508473e-06
2015-12-03,0.0,0.0,0.0,1.6667300890521722e-08,7.664240298222843e-08,4.62307152018338e-07,1.1186146881141926e-06
2015-12-04,0.0,0.0,0.0,6.733924019725428e-08,1.0576559099542894e-07,4.669534161403283e-07,1.1244556982694562e-06
2015-12-05,0.0,0.0,0.0,3.4008005406278805e-08,9.65076859432106e-08,2.4343038760932213e-07,1.2610246177934688e-06
2015-12-06,0.0,0.0,0.0,6.86995830856224e-08,7.749958837349366e-08,1.8440767775861971e-07,1.2572549922271997e-06
2015-12-07,0.0,0.0,0.0,6.939002537424559e-08,1.2642626427573903e-07,4.2889770377679567e-07,1.4340223533250214e-06
2015-12-08,0.0,0.0,0.0,1.22652961765655e-07,1.3669205865143664e-07,3.1657522114898465e-07,1.8643308371021001e-06
2015-12-09,0.0,0.0,0.0,0.0,6.862321254746494e-08,4.0390339580998663e-07,1.7417411878893389e-06
2015-12-10,0.0,0.0,0.0,3.5751633129020476e-08,9.843894021093215e-08,2.8897357380014906e-07,1.438888302827222e-06
2015-12-11,0.0,0.0,0.0,3.6110943015499005e-08,7.908365089266028e-08,4.979091993231025e-07,1.1569077122196614e-06
2015-12-12,0.0,0.0,0.0,5.471079603955747e-08,6.949605079162144e-08,3.3319826924699985e-07,1.3945651914715197e-06
2015-12-13,0.0,0.0,0.0,7.36808649080838e-08,4.9857754796541336e-08,4.113351825306629e-07,1.5383295115894229e-06
2015-12-14,0.0,0.0,0.0,1.1163205486697409e-07,4.00643673043048e-08,5.287789434361544e-07,2.0983634939959953e-06
2015-12-15,0.0,0.0,0.0,1.879232927838937e-08,1.4086288034522916e-07,3.020647265942592e-07,1.4633015276837178e-06
2015-12-16,0.0,0.0,0.0,9.490597663768942e-08,9.097364669837923e-08,4.474807737645887e-07,1.3175128869117675e-06
2015-12-17,0.0,0.0,0.0,1.9171959512036867e-08,8.124593959455851e-08,6.779670454618134e-07,1.7857808690145642e-06
2015-12-18,0.0,0.0,0.0,9.682320454231873e-08,8.163454011888902e-08,5.912563799059074e-07,1.6890469793948572e-06
2015-12-19,0.0,0.0,0.0,0.0,6.752916104875192e-08,3.874299013437939e-07,1.7861309997877856e-06
2015-12-20,0.0,0.0,0.0,2.1196903640383818e-08,1.087130835727074e-07,7.127621888298957e-07,1.798011285857865e-06
2015-12-21,0.0,0.0,0.0,2.140993606363669e-08,2.994913056786515e-08,3.720361673946983e-07,2.532540549371905e-06
2015-12-22,0.0,0.0,0.0,2.162510949833759e-08,1.2058934215418503e-07,5.908442482939161e-07,2.017054547401834e-06
2015-12-23,0.0,0.0,2.2602961820651075e-08,6.552733638602795e-08,1.8209133160742453e-07,6.555080724685335e-07,2.826008256590113e-06
2015-12-24,0.0,0.0,2.2830125363545684e-08,6.618589706528802e-08,1.069348345732774e-07,7.519595113783633e-07,2.7866417527151435e-06
2015-12-25,0.0,0.0,3.458935790700273e-08,0.0,8.99079762431288e-08,4.591945843028646e-07,2.5263744816628458e-06
2015-12-26,0.0,0.0,2.3291324488868133e-08,6.752294087687976e-08,1.0867760454419877e-07,4.6589642732123996e-07,2.7760162072059897e-06
2015-12-27,0.0,0.0,4.705081238318567e-08,2.6538471611676707e-08,2.0070692665404768e-07,7.275469173710287e-07,3.90254982988411e-06
2015-12-28,0.0,0.0,3.56427606818119e-08,8.041556305659752e-08,2.20572708185803e-07,1.0189959421535038e-06,4.970569887680551e-06
2015-12-29,0.0,0.0,4.80013018426735e-08,5.414916860098918e-08,2.4073233484182026e-07,8.017044730756134e-07,4.585902158805685e-06
2015-12-30,0.0,0.0,1.2120930736612487e-08,2.7346688396448957e-08,2.3688611606386273e-07,7.580541298895258e-07,4.23076561598936e-06
2015-12-31,0.0,0.0,5.933120616784428e-08,6.285229244827944e-08,1.8515082670988817e-07,9.56516857065604e-07,4.082423852706662e-06
2016-01-01,0.0,0.0,5.891114245537394e-08,3.1061238533854134e-08,1.824301755242776e-07,5.649561507122219e-07,4.789147298444969e-06
2016-01-02,0.0,2.583399231506192e-07,5.744450410742141e-08,9.412022751288172e-08,1.3792770717542498e-07,7.301245632688514e-07,5.229755558548914e-06
2016-01-03,0.0,3.914044238141912e-07,2.9010915485884082e-08,9.50661515253861e-08,2.5491872192104883e-07,8.434277818121969e-07,4.5838779746058405e-06
2016-01-04,0.0,2.6355873578067086e-07,1.172099201351276e-07,3.200719407742168e-08,2.3363224797434275e-07,1.4912606436805642e-06,6.725301531057138e-06
2016-01-05,0.0,2.662075451117587e-07,2.2205028227318297e-07,2.653938575159492e-07,3.062066367264816e-07,1.4758140688233638e-06,5.8652457732768876e-06
2016-01-06,0.0,2.688829754191981e-07,8.971276988444606e-08,1.531777772154836e-07,2.7288106368442595e-07,1.1801852285453142e-06,5.276346243836828e-06
2016-01-07,0.0,2.7158529424824925e-07,1.812287964227365e-07,2.6990435347303054e-07,3.2518043956751653e-07,1.0665999842538833e-06,5.994268147535619e-06
2016-01-08,0.0,0.0,0.0,7.764988213692374e-08,3.2789759491383454e-07,1.1044245694833865e-06,6.143343640999707e-06
2016-01-09,0.0,2.7707168112362466e-07,9.244493048095595e-08,1.2845707262610798e-07,3.7371736549816936e-07,1.306188051434415e-06,5.440549461129443e-06
2016-01-10,0.0,2.7985629781320847e-07,1.4006102621756082e-07,1.8741773599223306e-07,1.8873664373184052e-07,1.3546951132410398e-06,5.413204230411932e-06
2016-01-11,0.0,0.0,4.7156220977675775e-08,1.4162564896107351e-07,4.527950605468452e-07,1.305957879250471e-06,5.844634082294171e-06
2016-01-12,0.0,0.0,2.3815074438779683e-07,1.5053201046157964e-07,2.511830380352735e-07,1.5252628519357377e-06,6.456099453581195e-06
2016-01-13,0.0,5.767583818741326e-07,0.0,2.0154662820293022e-07,2.219940358442073e-07,1.1838886182210561e-06,7.412501713407788e-06
2016-01-14,0.0,4.369161749843715e-07,2.8414110011614867e-07,3.0360609593179593e-07,1.6651794754999435e-07,1.5746382082331452e-06,7.863949669028225e-06
2016-01-15,0.0,1.0297169296043935e-06,1.73124546024967e-07,1.0164087014059856e-07,3.027446653416921e-07,1.037058999195021e-06,8.219270641133033e-06
2016-01-16,0.0,4.457424671984203e-07,3.0673595975993706e-07,1.0208987247564685e-07,4.077163997496223e-07,1.80823337832636e-06,7.3978398662536424e-06
2016-01-17,0.0,3.001481689801825e-07,3.0981870740624714e-07,1.5382362582452686e-07,2.0590700884503074e-07,1.4639378606094876e-06,6.5382005767961185e-06
2016-01-18,0.0,1.5158235411422025e-07,4.172432495753079e-07,5.1326957513629566e-08,3.8129008259416166e-07,1.7228205494169597e-06,7.380710541475775e-06
2016-01-19,0.0,4.59317346300239e-07,2.1071830697414048e-07,2.5692252912137073e-07,5.251665158615035e-07,1.4237933504934158e-06,7.000135200706759e-06
2016-01-20,0.0,0.0,4.701113671354512e-07,0.0,3.536296847286146e-08,1.7013614802094968e-06,7.957077074396236e-06
2016-01-21,0.0,3.123974481286916e-07,2.3741803246166459e-07,1.1055093107646165e-07,3.9290209436066473e-07,1.263251633652183e-06,6.855074817031326e-06
2016-01-22,0.0,4.7330564201857894e-07,3.5970618503504817e-07,1.2194155640869295e-07,3.9456787369853535e-07,1.2788664043493122e-06,8.196985085572435e-06
2016-01-23,0.0,1.5935414760091505e-07,6.055354871597651e-07,2.0018326519682607e-07,4.683227665439623e-07,2.1146981447209393e-06,6.411715570585843e-06
2016-01-24,0.0,1.609556834098594e-07,6.116212199811139e-07,2.6784974133492844e-07,2.171007132261139e-07,1.9562077107678004e-06,7.53136132492879e-06
2016-01-25,0.0,4.877199447638248e-07,4.942144923473174e-07,1.418536724567409e-07,4.7249402964905225e-07,1.459690511892284e-06,7.303385481693096e-06
2016-01-26,0.0,0.0,2.4959071528541257e-07,3.2952569292443006e-07,2.920925725773758e-07,1.8854088688489961e-06,9.34232507752029e-06
2016-01-27,0.0,6.63430054941106e-07,3.781487155150321e-07,4.3254666961747196e-07,2.2008659846123374e-07,1.376917285454783e-06,8.089593109190145e-06
2016-01-28,0.0,5.025732283814421e-07,8.912147376734505e-07,4.347995800259851e-07,2.9483436844358376e-07,1.6875254399487256e-06,8.817771052946652e-06
2016-01-29,0.0,3.3841611553247024e-07,6.429797104963869e-07,2.734266554344389e-07,2.2218706696604725e-07,1.8118186971464947e-06,8.859237443792207e-06
2016-01-30,0.0,5.1272588105632e-07,5.195534112148845e-07,2.7494296689818247e-07,2.2327057649125977e-07,1.4836513091420948e-06,7.354865401580987e-06
2016-01-31,0.0,5.178788618293133e-07,7.871625147101153e-07,0.0,4.1135675764366493e-07,2.125635449662267e-06,8.721335654351976e-06
2016-02-01,0.0,1.734542311614719e-07,6.604388150914806e-07,4.6223248316876775e-07,6.247314207121781e-07,1.727145417613856e-06,7.037787376553841e-06
2016-02-02,0.0,8.75987375830503e-07,5.336610684256159e-07,5.578692340173211e-07,1.5701125339555922e-07,2.601938525529456e-06,1.0151339692890522e-05
2016-02-03,0.0,1.0617494343854657e-06,8.085366769944136e-07,7.481537008272202e-07,2.873356215641593e-07,1.3681840735688745e-06,8.011105194383738e-06
2016-02-04,0.0,1.787366989337601e-07,2.7222086856396175e-07,2.822087146093344e-07,4.5406721547153265e-07,2.1228128520893093e-06,8.04567564829637e-06
2016-02-05,0.0,1.8053303262211704e-07,6.089759766671132e-07,4.7314668752516146e-07,5.235120137753797e-07,2.005996886322175e-06,9.550332617656505e-06
2016-02-06,0.0,1.8234741976418087e-07,6.15096286982862e-07,8.567870983760553e-07,4.3886399715233246e-07,2.6651364724958635e-06,8.704011530177405e-06
2016-02-07,0.0,5.525401254005335e-07,6.212781074398912e-07,5.743911228723725e-07,4.845253011077815e-07,1.7826646422174621e-06,6.250302718787443e-06
2016-02-08,0.0,1.8603108199383867e-07,1.2550441124507958e-06,3.222447511305176e-07,5.305621726711424e-07,2.2123225017276718e-06,1.190637788550202e-05
2016-02-09,0.0,1.8790072545072533e-07,1.5845718943486597e-06,5.403968304202758e-07,3.990809033593692e-07,1.681872016191827e-06,1.0279574583876436e-05
2016-02-10,0.0,7.59156636546966e-07,8.002485533218701e-07,2.2493604806285994e-07,3.113289554964446e-07,2.84034854118409e-06,1.2883532763592776e-05
2016-02-11,0.0,1.9169657189682952e-07,1.1290768886543022e-06,3.395744308526832e-07,2.6767953083955636e-07,1.45458576787706e-06,1.0025971587594015e-05
2016-02-12,0.0,1.9362315447385486e-07,1.108249540894785e-06,5.696312455619021e-07,7.152857243464079e-07,2.566167464681604e-06,1.0391054904747098e-05
2016-02-13,0.0,1.955690995276808e-07,0.0,6.880344839622994e-07,5.121940080172391e-07,2.4457331402241737e-06,1.0289234576470848e-05
2016-02-14,0.0,1.975346016544343e-07,9.386540816478205e-07,5.771502310600638e-07,5.13520861328961e-07,1.8708644469292307e-06,8.919810317907763e-06
2016-02-15,0.0,5.985595722178978e-07,1.8927017991341026e-06,4.64311962483493e-07,8.753284141630778e-07,2.690074044945393e-06,1.243574110748857e-05
2016-02-16,0.0,6.045751959285158e-07,1.277861469543124e-06,1.167375429255278e-07,3.6143013432143904e-07,1.755227776940012e-06,1.049338153893614e-05
2016-02-17,0.0,1.9951985740596594e-07,1.0738844044402528e-06,7.044526144905391e-07,6.21372111341446e-07,2.5729568438666896e-06,1.2602541553597563e-05
2016-02-18,0.0,5.926038049633028e-07,1.7327866244212046e-06,5.904586810636718e-07,6.227981151806288e-07,2.317888158093629e-06,1.267214339282608e-05
2016-02-19,0.0,3.911381990553616e-07,6.546012284533899e-07,8.306569719384627e-07,3.6344304009739317e-07,2.2221275005127388e-06,1.3658245607767294e-05
2016-02-20,0.0,0.0,1.9784188002515285e-06,5.96253469126568e-07,6.233546130507991e-07,1.5884197597749965e-06,1.0552393348935126e-05
2016-02-21,0.0,7.667862875873181e-07,2.211809645126454e-07,3.5954409334167284e-07,5.1977195873903e-07,1.9702514299743012e-06,1.1078277637096584e-05
2016-02-22,0.0,7.59156636546966e-07,1.335358417002009e-06,2.409147066109068e-07,6.621790463678447e-07,2.0346419454064373e-06,1.4129920766453009e-05
2016-02-23,0.0,5.63702176352176e-07,6.718822919413239e-07,6.053936066636393e-07,6.630576666594171e-07,2.416821426567871e-06,1.5320600910091986e-05
2016-02-24,0.0,1.8603108199383867e-07,1.799217092517841e-06,2.430607019353229e-07,8.853367910269404e-07,2.290047522140288e-06,1.1951232809091186e-05
2016-02-25,0.0,1.8418004180017785e-07,4.51731999100189e-07,6.099706686948372e-07,4.4306679429470534e-07,2.0851190983526175e-06,1.212078883409317e-05
2016-02-26,0.0,3.6469483952836173e-07,6.805573479709086e-07,5.941512270456482e-07,7.761416252180389e-07,1.5796242581754713e-06,1.257157865695062e-05
2016-02-27,0.0,3.6106606524423407e-07,1.139307922655773e-06,7.161281527613727e-07,4.994961269333479e-07,1.831369334878342e-06,1.0225719786678258e-05
2016-02-28,0.0,5.362100968012803e-07,6.866805182610341e-07,3.5930953050926283e-07,7.223580234801221e-07,1.8295693598869552e-06,1.1116308982291458e-05
2016-02-29,0.0,5.308747171927329e-07,6.898449515526664e-07,4.803029642127588e-07,5.007419153959626e-07,2.7734449347473424e-06,1.2055512381086845e-05
2016-03-01,0.0,8.619083726612396e-07,6.903678561485293e-07,5.99521764925156e-07,8.287633176318558e-07,2.6093254165953757e-06,1.468858613125576e-05
2016-03-02,0.0,1.7066644821205524e-07,9.248768886824761e-07,4.5881914568479384e-07,8.815725870330711e-07,1.9052182980905352e-06,8.649589408587866e-06
2016-03-03,0.0,1.6896828867890627e-07,4.6323739667203397e-07,3.4502686814313087e-07,7.693167357623229e-07,2.2698651432798478e-06,1.1921206766156703e-05
2016-03-04,0.0,5.018610783462978e-07,9.281653462570591e-07,1.1532462666566796e-07,6.024526036756842e-07,2.1140540904451136e-06,1.1817220481234358e-05
2016-03-05,0.0,8.281124619698839e-07,1.1600350642512038e-06,0.0,4.3672894806272164e-07,2.0211877643903504e-06,1.2023081352432935e-05
2016-03-06,0.0,1.147821647418457e-06,9.26062895046179e-07,5.799529914924297e-07,6.530313318846318e-07,1.6492658330737654e-06,1.0299324292118652e-05
2016-03-07,0.0,0.0,9.241903457526216e-07,4.653638636442578e-07,4.3402303023504275e-07,1.4869169007552366e-06,1.0838881222439795e-05
2016-03-08,0.0,0.0,4.6120510813190026e-07,7.788574573993117e-07,3.245514314087811e-07,1.8973415119280497e-06,1.3356593410173053e-05
2016-03-09,0.0,1.5912834157821885e-07,1.1509029107066047e-06,4.467725137878659e-07,5.393634092581358e-07,2.2855215567733612e-06,8.958200028078746e-06
2016-03-10,0.0,0.0,4.588430075295022e-07,4.480453481143573e-07,4.3028936236696e-07,1.9278036504188217e-06,8.88884118061552e-06
2016-03-11,0.0,6.239095572018973e-07,2.2868536772974297e-07,3.3702224051177435e-07,3.218482699666678e-07,1.6298958206382342e-06,1.1474591424329226e-05
2016-03-12,0.0,1.5442538834556386e-07,9.118884016883184e-07,4.5000113397158243e-07,5.205181745436266e-07,1.7978228743494436e-06,5.52730827871574e-06
2016-03-13,0.0,1.5288883005817621e-07,4.5456326102887163e-07,1.1248996294930035e-07,2.8348361754232395e-07,1.848334456665648e-06,8.942539521462815e-06
2016-03-14,0.0,1.5136756078120216e-07,6.798416668777365e-07,3.37472674487226e-07,4.2461486907917357e-07,1.7820561705667899e-06,1.2189310270454008e-05
2016-03-15,0.0,1.4986142838644627e-07,2.2596880898179657e-07,3.371469930325625e-07,4.711630818729067e-07,2.5747498209786402e-06,9.237157735070873e-06
2016-03-16,0.0,0.0,4.5069265214710766e-07,5.873512900664091e-07,4.7057898146977827e-07,1.8747654696765208e-06,1.1084985981496689e-05
2016-03-17,0.0,5.875758931369999e-07,4.494927559714153e-07,1.1695692830906652e-07,8.460754908425052e-07,1.5832901539287988e-06,8.335430728179092e-06
2016-03-18,0.0,2.908647076576528e-07,1.120844523614747e-06,5.822764719757327e-07,2.3477595091487752e-07,1.4067012372640502e-06,1.0413825616604444e-05
2016-03-19,0.0,1.439852777299798e-07,2.236138485374714e-07,6.950674073609443e-07,4.221979378956362e-07,1.1199129781386946e-06,7.680527803362355e-06
2016-03-20,0.0,0.0,2.2308115392319265e-07,3.457362778354853e-07,4.218413842901152e-07,1.2812860179624523e-06,6.830469786650064e-06
2016-03-21,0.0,2.8226835641326173e-07,1.5579953732714548e-06,5.732890431773273e-07,5.620360202327453e-07,1.085335423230304e-06,9.096425561603152e-06
2016-03-22,0.0,2.794597393396007e-07,2.2208263855946029e-07,5.704082860109059e-07,3.740369024917472e-07,1.5102478551008058e-06,7.259313140804483e-06
2016-03-23,0.0,2.766790684727575e-07,2.2161671795763814e-07,2.2703382805937103e-07,9.755980122767327e-07,1.642742771350226e-06,7.891195635589085e-06
2016-03-24,0.0,0.0,0.0,3.3889056792957163e-07,1.4603152360807035e-07,1.496069167908325e-06,9.325297022465403e-06
2016-03-25,0.0,2.712004558487458e-07,1.3245079076830831e-06,0.0,3.8863452972982653e-07,1.3284886677847285e-06,8.004916858233514e-06
2016-03-26,0.0,1.3425098311287468e-07,2.1987158572852605e-07,6.713434499967456e-07,4.841768123022982e-07,1.2684807770573025e-06,9.04419411198562e-06
2016-03-27,0.0,2.6583032702312793e-07,2.190138408516714e-07,2.2274182289312217e-07,4.826088805270256e-07,1.4617364336082468e-06,6.967611578833114e-06
2016-03-28,0.0,0.0,2.1817799754141404e-07,3.2850894273775034e-07,6.302500786091774e-07,2.5256644124038173e-06,6.692809178423086e-06
2016-03-29,0.0,1.3028326693638544e-07,8.694558888509059e-07,5.432842626465668e-07,5.388175582191352e-07,1.5322851462874627e-06,7.2625299347398145e-06
2016-03-30,0.0,0.0,4.3314336692479476e-07,5.391079496092193e-07,6.968500879557455e-07,1.158585811517047e-06,7.532803258221872e-06
2016-03-31,0.0,1.277034854051149e-07,8.632042082435661e-07,3.2062911404698925e-07,5.214960326181785e-07,1.5600692711300514e-06,7.778542896093446e-06
2016-04-01,0.0,0.0,4.0771874757867487e-07,3.175690405822581e-07,6.066062403991363e-07,1.2576129812847054e-06,7.952826957748685e-06
2016-04-02,0.0,0.0,0.0,5.246657794541938e-07,4.7340618173183696e-07,1.1905075830039835e-06,7.787519361229338e-06
2016-04-03,0.0,3.7106984804902873e-07,6.036125904911403e-07,1.0402045832395845e-07,4.027846959541617e-07,1.5007031506096296e-06,5.733593278117588e-06
2016-04-04,0.0,0.0,5.9972056531679e-07,5.155908144479728e-07,2.0009770136529942e-07,1.428840013381289e-06,6.549614763904334e-06
2016-04-05,0.0,1.2124072425393243e-07,3.9725900846582667e-07,4.930201348653623e-07,3.976461293808064e-07,1.2170324265862703e-06,8.381841258252021e-06
2016-04-06,0.0,0.0,1.9665310764347555e-07,2.932749214873936e-07,3.161092967802599e-07,1.1135315622303914e-06,5.66743802901484e-06
2016-04-07,0.0,0.0,3.893927530573604e-07,9.692236326403843e-08,5.497332771857116e-07,1.2370944961601974e-06,6.552261593284773e-06
2016-04-08,0.0,0.0,1.9275911521378525e-07,2.882883350481228e-07,2.2796486901816787e-07,8.987423748308169e-07,6.157163987610713e-06
2016-04-09,0.0,0.0,3.6729244725326014e-07,2.7497195222473835e-07,3.120919416278987e-07,6.910321889301812e-07,5.32665827138369e-06
2016-04-10,0.0,0.0,7.272756526808307e-07,2.726587336888603e-07,3.4482461204085805e-07,8.952575238393084e-07,5.8855327908421e-06
2016-04-11,0.0,0.0,3.427517942866416e-07,2.703727812535675e-07,2.0574892967956586e-07,1.1050419673013266e-06,5.673765198291077e-06
2016-04-12,0.0,0.0,1.6967067847535927e-07,0.0,1.3600433307784428e-07,9.257800739564183e-07,4.671430175000189e-06
2016-04-13,0.0,0.0,3.35964854033276e-07,1.7725450866661106e-07,3.708548623522136e-07,1.24378415573455e-06,5.502441290454837e-06
2016-04-14,0.0,0.0,3.0384232250354945e-07,1.649177082308559e-07,2.0058266974671125e-07,1.1222937478991146e-06,4.115585242273229e-06
2016-04-15,0.0,0.0,3.008190408806002e-07,4.0893266641623875e-07,2.24844966604514e-07,1.0076246335472944e-06,4.680445089858441e-06
2016-04-16,0.0,0.0,1.489129207062112e-07,2.433671735176546e-07,2.229778413951525e-07,7.18861573490863e-07,5.152385578815965e-06
2016-04-17,0.0,0.0,4.422936371648624e-07,2.413990841057244e-07,3.47494736530458e-07,1.2227369783743249e-06,4.445355652399811e-06
2016-04-18,0.0,0.0,2.919284946289246e-07,2.2858867765023358e-07,2.5064034331660943e-07,8.576397402446691e-07,4.371566146103078e-06
2016-04-19,0.0,0.0,2.890237575740117e-07,2.159103399630009e-07,4.350190357222396e-07,6.528748714122013e-07,5.0539022705395075e-06
2016-04-20,0.0,0.0,2.8614792313571007e-07,0.0,4.43555468241501e-07,5.983325945301191e-07,5.008310133545557e-06
2016-04-21,0.0,0.0,1.4165035186408979e-07,6.81399203274555e-08,2.356998240678642e-08,6.73106775376089e-07,4.5887548131123465e-06
2016-04-22,0.0,0.0,2.3731237656061796e-07,4.7334572577998107e-07,4.2104881709839984e-07,6.059671349249796e-07,3.6536326239898435e-06
2016-04-23,0.0,0.0,2.3495107896045978e-07,2.0132543324348904e-07,1.3188134747890483e-07,7.690624000415353e-07,3.912751594680097e-06
2016-04-24,0.0,0.0,2.038336512863319e-07,6.660284843078935e-08,1.309127739440555e-07,6.705509920814987e-07,3.1615676077544733e-06
2016-04-25,0.0,0.0,1.730258471908598e-07,1.9831163836228393e-07,2.3825503495877393e-07,6.487999796414156e-07,3.6558196282567796e-06
2016-04-26,0.0,0.0,8.565210562280984e-08,2.624460836817284e-07,2.3652714338882187e-07,7.134087314009376e-07,3.353250818668024e-06
2016-04-27,0.0,0.0,3.391994117285163e-07,2.605028943741522e-07,2.7751797831764544e-07,5.800600560581874e-07,2.7571960378247174e-06
2016-04-28,0.0,0.0,1.6791216059481655e-07,6.464643889327496e-08,1.2716844466798266e-07,5.764800656409621e-07,1.720861303943401e-06
2016-04-29,0.0,0.0,7.232834382405875e-08,1.8165439951918242e-07,8.417625701627733e-08,5.384819011169508e-07,2.222544713049745e-06
2016-04-30,0.0,0.0,7.160866477836203e-08,3.6072662962602175e-07,1.2537295292462244e-07,4.931204441473866e-07,2.0758116574301732e-06
2016-05-01,0.0,0.0,7.093908848153663e-08,0.0,1.4535242792763727e-07,7.676840574765577e-07,2.156050003235085e-06
2016-05-02,0.0,0.0,7.023323275746285e-08,4.851472108555119e-08,3.9178220807506765e-07,5.699122702424751e-07,2.1378462939948116e-06
2016-05-03,0.0,0.0,2.0860320124557816e-07,1.9283819131191207e-07,1.433436332766787e-07,4.2209782696017913e-07,2.460949719990799e-06
2016-05-04,0.0,0.0,4.130551294254578e-07,8.856680096972808e-08,1.8303529825902574e-07,5.71273432572554e-07,2.5737323925769444e-06
2016-05-05,0.0,0.0,2.044725811084578e-07,3.296538804639235e-08,2.2218770827047885e-07,3.827333008578821e-07,2.0131997460463846e-06
2016-05-06,0.0,0.0,1.3495869662179462e-07,5.8023163748618345e-08,2.006252968306256e-07,3.8038951422522025e-07,1.6104410835962622e-06
2016-05-07,0.0,0.0,6.680791757670609e-08,1.4361455905730087e-07,1.3949728146038102e-07,3.646167573436056e-07,1.234478911876029e-06
2016-05-08,0.0,0.0,1.32286335379892e-07,9.924527593291915e-08,1.7816246355049501e-07,1.510345073561312e-07,1.849820445236279e-06
2016-05-09,0.0,0.0,6.548503217507436e-08,7.369332670333268e-08,1.3765818570303005e-07,2.8785148553456124e-07,1.6366693709294694e-06
2016-05-10,0.0,0.0,2.5933378087196513e-07,4.8640043900705105e-08,2.1490752227312913e-07,3.8252812388134275e-07,1.9658257065957566e-06
2016-05-11,0.0,0.0,1.2837668331891614e-07,7.223410106616798e-08,1.7865263284302205e-07,3.0804791528348776e-07,1.782988655878096e-06
2016-05-12,0.0,0.0,1.906489709657438e-07,2.3838453250526737e-08,7.075000377803406e-08,3.0566815884294887e-07,1.964221683521385e-06
2016-05-13,0.0,0.0,1.2583465467272307e-07,2.3601256677521312e-08,1.4369559367053928e-07,3.76115522146543e-07,2.2389094405524487e-06
2016-05-14,0.0,0.0,1.8687386840792017e-07,1.1683210124925708e-07,1.7388042054045105e-07,2.528400942923539e-07,1.567904450665577e-06
2016-05-15,0.0,0.0,9.454590435863284e-08,9.253568193471435e-08,8.153751115690311e-08,3.2260826371821697e-07,1.5302178475206367e-06
2016-05-16,0.0,0.0,1.4040773533789376e-07,9.161493651532985e-08,9.418056592608165e-08,3.177435741750988e-07,1.3272051400728321e-06
2016-05-17,0.0,0.0,4.633688500945963e-08,9.07033526659429e-08,1.465254271446738e-07,2.703333817885487e-07,1.5527956524317205e-06
2016-05-18,0.0,0.0,9.175165060013967e-08,0.0,1.4506747478461012e-07,3.449638261612291e-07,1.5726749273398997e-06
2016-05-19,0.0,0.0,4.541935321144001e-08,6.874603822164052e-08,1.3056729935719534e-07,1.7133935495708453e-07,1.3886993557214498e-06
2016-05-20,0.0,0.0,1.3490226928794276e-07,7.717872204876483e-09,5.170725320866765e-08,2.158486863913216e-07,1.0832400219015017e-06
2016-05-21,0.0,0.0,1.3355996928091324e-07,1.5282156186670578e-08,1.0238551488573509e-07,2.0005100746178828e-07,1.093085865201604e-06
2016-05-22,0.0,0.0,2.2479215555016024e-08,3.026019238388405e-08,5.8405716618209514e-08,1.746847519961968e-07,1.0885982151493046e-06
2016-05-23,0.0,0.0,2.2255543623055325e-08,1.497954921944112e-08,7.067447447849475e-08,1.2626899422260127e-07,1.1858113955441959e-06
2016-05-24,0.0,0.0,2.2034097264003287e-08,1.4830500214345161e-08,5.724920594269928e-08,2.4317012143944216e-07,1.4769833105045032e-06
2016-05-25,0.0,0.0,2.181485433303945e-08,3.670733567907357e-08,8.81682150624198e-08,1.888855067586773e-07,1.28436165089262e-06
2016-05-26,0.0,0.0,0.0,2.9073673269153356e-08,5.611559571289904e-08,1.8468232279706098e-07,1.1752612874611066e-06
2016-05-27,0.0,0.0,0.0,2.8784385386602912e-08,6.173026245143469e-08,1.8992692367356326e-07,8.55564148722575e-07
2016-05-28,0.0,0.0,0.0,7.1244939916445495e-09,5.500443246960188e-08,1.6464289933231295e-07,1.0860886874205686e-06
2016-05-29,0.0,0.0,0.0,1.4107208183949265e-08,3.630475281466446e-08,1.7602144956164166e-07,8.636673915321866e-07
2016-05-30,0.0,0.0,0.0,6.983419558591937e-09,4.792468598461759e-08,1.5105330324284433e-07,5.508269234465965e-07
2016-05-31,0.0,0.0,0.0,1.3827866745969269e-08,5.3378805815495686e-08,1.804548996113297e-07,1.1183686036470558e-06
2016-06-01,0.0,0.0,0.0,2.7389480548137988e-08,1.9473311447556686e-08,2.0361816671632995e-07,8.469024617122422e-07
2016-06-02,0.0,0.0,0.0,1.3558475331580044e-08,3.3050655019198745e-08,1.7889003958796172e-07,5.529007876879543e-07
2016-06-03,0.0,0.0,0.0,1.3423566247923019e-08,1.090726516901961e-08,1.6625922137985355e-07,6.795302063961638e-07
2016-06-04,0.0,0.0,0.0,1.3289999532077126e-08,2.4297156151303403e-08,1.1826502276545049e-07,4.765445439079591e-07
2016-06-05,0.0,0.0,0.0,1.3157761827259484e-08,2.138257369615601e-08,1.245086548934975e-07,6.105683895496034e-07
2016-06-06,0.0,0.0,0.0,1.95402598643841e-08,1.587736014975644e-08,1.4480036950829189e-07,5.770161719948965e-07
2016-06-07,0.0,0.0,0.0,6.448610343383006e-09,1.0479585184428021e-08,1.3404404166999385e-07,4.822059915732258e-07
2016-06-08,0.0,0.0,0.0,1.2768891196759022e-08,2.8532106816408816e-08,1.2336369404665208e-07,4.560314858888836e-07
2016-06-09,0.0,0.0,0.0,1.2641838606512484e-08,1.540811324187221e-08,1.3325732660931106e-07,4.797122653379675e-07
2016-06-10,0.0,0.0,0.0,3.7548150631984505e-08,1.0169866635669292e-08,1.5332766597514404e-07,2.5842271759082037e-07
2016-06-11,0.0,0.0,0.0,1.2391513430261656e-08,1.7620180850817285e-08,1.1723269514959161e-07,3.0719392262110493e-07
2016-06-12,0.0,0.0,0.0,1.8402323717296705e-08,1.744485712198193e-08,6.166728155081571e-08,2.982884979424763e-07
2016-06-13,0.0,0.0,0.0,6.073072512302659e-09,1.9738603306738514e-08,1.0989662732486681e-07,3.4164525862817694e-07
2016-06-14,0.0,0.0,0.0,3.006322215575945e-08,1.7099425806992588e-08,1.3298161263759615e-07,4.299735146262943e-07
2016-06-15,0.0,0.0,0.0,0.0,1.9347752774193427e-08,8.777228232236558e-08,3.7461178187163115e-07
2016-06-16,0.0,0.0,0.0,0.0,3.352166898064285e-08,9.479883656841063e-08,3.2592865571248944e-07
2016-06-17,0.0,0.0,0.0,1.750483179907999e-08,2.3705802000914363e-08,1.0167687008285027e-07,3.3381270145059315e-07
2016-06-18,0.0,0.0,0.0,1.7330655812486292e-08,4.693985065979192e-09,5.033258416083084e-08,2.1097139025030538e-07
2016-06-19,0.0,0.0,0.0,1.7158212905916105e-08,2.0912756103871993e-08,7.283104346394885e-08,1.2375337099075874e-07
2016-06-20,0.0,0.0,0.0,5.6624952783116895e-09,2.3005189670972633e-08,8.349157760061799e-08,1.3419076669675693e-07
2016-06-21,0.0,0.0,0.0,1.1212305017795875e-08,1.8221027367291625e-08,9.017544275230649e-08,1.3478098895820044e-07
2016-06-22,0.0,0.0,0.0,5.550370359406885e-09,2.931455331305493e-08,7.439848508764888e-08,1.1818962191511598e-07
2016-06-23,0.0,0.0,0.0,0.0,1.5627698495242164e-08,1.1417022207793592e-07,6.288660929629247e-08
2016-06-24,0.0,0.0,0.0,0.0,8.841257312626648e-09,1.052524439146623e-07,5.5231423215102885e-08
2016-06-25,0.0,0.0,0.0,0.0,1.312992799874944e-08,6.195982759964624e-08,1.6748401692971286e-07
2016-06-26,0.0,0.0,0.0,0.0,2.1665471720500714e-08,7.24966473803672e-08,1.1316661580193039e-07
2016-06-27,0.0,0.0,0.0,0.0,2.7884865677472748e-08,6.901470546760058e-08,2.1749142131053913e-07
2016-06-28,0.0,0.0,0.0,0.0,2.5483759964399792e-08,8.199359720933491e-08,2.0533426010130924e-07
2016-06-29,0.0,0.0,0.0,0.0,1.4717612184367003e-08,6.764812273799856e-08,1.89818528689193e-07
2016-06-30,0.0,0.0,0.0,0.0,2.289755206564144e-08,5.6259010642966985e-08,1.7089903026115185e-07
2016-07-01,0.0,0.0,0.0,0.0,0.0,4.132447132247945e-08,1.4454133702745192e-07
2016-07-02,0.0,0.0,0.0,0.0,0.0,2.4244910200055137e-08,2.0786266452826987e-07
2016-07-03,0.0,0.0,0.0,0.0,0.0,3.300504530513863e-08,1.7233394377828309e-07
2016-07-04,0.0,0.0,0.0,0.0,0.0,2.9706036015669325e-08,1.764450903219814e-07
2016-07-05,0.0,0.0,0.0,0.0,0.0,3.676307002332527e-08,2.1070500631611789e-07
2016-07-06,0.0,0.0,0.0,0.0,0.0,3.3485489655526036e-08,1.7473194061194742e-07
2016-07-07,0.0,0.0,0.0,0.0,0.0,4.756634845188175e-08,2.194576390687809e-07
2016-07-08,0.0,0.0,0.0,0.0,0.0,2.4260058830493602e-08,1.716158114360697e-07
2016-07-09,0.0,0.0,0.0,0.0,0.0,2.8257255543382615e-08,9.17685418316227e-08
2016-07-10,0.0,0.0,0.0,0.0,0.0,2.517848203764035e-08,1.4418573712682372e-07
2016-07-11,0.0,0.0,0.0,0.0,0.0,4.431635903186176e-08,1.4563482787610222e-07
2016-07-12,0.0,0.0,0.0,0.0,0.0,4.52465102634839e-08,1.7073930973070577e-07
2016-07-13,0.0,0.0,0.0,0.0,0.0,3.393659088188808e-08,1.6980211034716048e-07
2016-07-14,0.0,0.0,0.0,0.0,0.0,3.225495951420175e-08,1.2059201948019877e-07
2016-07-15,0.0,0.0,0.0,0.0,0.0,3.725635352205852e-08,1.245107447455474e-07
2016-07-16,0.0,0.0,0.0,0.0,0.0,2.6346890436153053e-08,1.7223939581832397e-07
2016-07-17,0.0,0.0,0.0,0.0,0.0,2.869320794573296e-08,1.3807177025775737e-07
2016-07-18,0.0,0.0,0.0,0.0,0.0,3.6155261871785926e-08,1.4503779120319292e-07
2016-07-19,0.0,0.0,0.0,0.0,0.0,3.5795511005319286e-08,1.9157096685008944e-07
2016-07-20,0.0,0.0,0.0,0.0,0.0,2.9110886198393078e-08,1.6788648437425143e-07
2016-07-21,0.0,0.0,0.0,0.0,0.0,2.380884055561697e-08,1.8394443020299523e-07
2016-07-22,0.0,0.0,0.0,0.0,0.0,4.218136387109827e-08,1.451508612974511e-07
2016-07-23,0.0,0.0,0.0,0.0,0.0,2.579396170722865e-08,2.0818570542237996e-07
2016-07-24,0.0,0.0,0.0,0.0,0.0,2.9185494285684726e-08,1.6585307558590106e-07
2016-07-25,0.0,0.0,0.0,0.0,0.0,2.6487169284977004e-08,1.6153707218171387e-07
2016-07-26,0.0,0.0,0.0,0.0,0.0,3.933542632061632e-08,1.6618203835386125e-07
2016-07-27,0.0,0.0,0.0,0.0,0.0,3.304342133627296e-08,1.4954104699417372e-07
2016-07-28,0.0,0.0,0.0,0.0,0.0,1.7525696678828976e-08,1.8186925736004057e-07
2016-07-29,0.0,0.0,0.0,0.0,0.0,2.429183831649816e-08,1.6812952515822132e-07
2016-07-30,0.0,0.0,0.0,0.0,0.0,2.9776352031165602e-08,1.5724005090541045e-07
2016-07-31,0.0,0.0,0.0,0.0,0.0,2.15431298147743e-08,1.9058440762719947e-07
2016-08-01,0.0,0.0,0.0,0.0,0.0,0.0,1.9162592494677652e-07
2016-08-02,0.0,0.0,0.0,0.0,0.0,0.0,2.3871388359585147e-07
2016-08-03,0.0,0.0,0.0,0.0,0.0,0.0,2.0853016044220578e-07
2016-08-04,0.0,0.0,0.0,0.0,0.0,0.0,1.9087974307829413e-07
2016-08-05,0.0,0.0,0.0,0.0,0.0,0.0,1.9279811638921402e-07
2016-08-06,0.0,0.0,0.0,0.0,0.0,0.0,1.6787566351072287e-07
2016-08-07,0.0,0.0,0.0,0.0,0.0,0.0,1.8991038301577575e-07
2016-08-08,0.0,0.0,0.0,0.0,0.0,0.0,2.397737676201283e-07
2016-08-09,0.0,0.0,0.0,0.0,0.0,0.0,2.2142494541450155e-07
2016-08-10,0.0,0.0,0.0,0.0,0.0,0.0,2.0617762318185444e-07
2016-08-11,0.0,0.0,0.0,0.0,0.0,0.0,2.1530905605719953e-07
2016-08-12,0.0,0.0,0.0,0.0,0.0,0.0,1.6043086331211313e-07
2016-08-13,0.0,0.0,0.0,0.0,0.0,0.0,2.1245666660750168e-07
2016-08-14,0.0,0.0,0.0,0.0,0.0,0.0,1.8895190567871102e-07
2016-08-15,0.0,0.0,0.0,0.0,0.0,0.0,2.047200860871733e-07
2016-08-16,0.0,0.0,0.0,0.0,0.0,0.0,2.0617762318185444e-07
2016-08-17,0.0,0.0,0.0,0.0,0.0,0.0,2.2488471018660313e-07
2016-08-18,0.0,0.0,0.0,0.0,0.0,0.0,2.0894571178325468e-07
2016-08-19,0.0,0.0,0.0,0.0,0.0,0.0,1.6278032829923636e-07
2016-08-20,0.0,0.0,0.0,0.0,0.0,0.0,1.8802074313200962e-07
2016-08-21,0.0,0.0,0.0,0.0,0.0,0.0,1.861499054792411e-07
2016-08-22,0.0,0.0,0.0,0.0,0.0,0.0,1.711335627598499e-07
2016-08-23,0.0,0.0,0.0,0.0,0.0,0.0,2.3133814674057203e-07
2016-08-24,0.0,0.0,0.0,0.0,0.0,0.0,1.9355179751014988e-07
2016-08-25,0.0,0.0,0.0,0.0,0.0,0.0,1.6926956703631926e-07
2016-08-26,0.0,0.0,0.0,0.0,0.0,0.0,1.6126133286524865e-07
2016-08-27,0.0,0.0,0.0,0.0,0.0,0.0,1.5339570654660833e-07
2016-08-28,0.0,0.0,0.0,0.0,0.0,0.0,1.98360024508481e-07
2016-08-29,0.0,0.0,0.0,0.0,0.0,0.0,1.963863092871025e-07
2016-08-30,0.0,0.0,0.0,0.0,0.0,0.0,1.7316620739121226e-07
2016-08-31,0.0,0.0,0.0,0.0,0.0,0.0,1.894898248216588e-07
2016-09-01,0.0,0.0,0.0,0.0,0.0,0.0,1.6597014967342474e-07
2016-09-02,0.0,0.0,0.0,0.0,0.0,0.0,1.4084461636414174e-07
2016-09-03,0.0,0.0,0.0,0.0,0.0,0.0,1.394431890157839e-07
2016-09-04,0.0,0.0,0.0,0.0,0.0,0.0,1.4093186664633336e-07
2016-09-05,0.0,0.0,0.0,0.0,0.0,0.0,1.708525360936681e-07
2016-09-06,0.0,0.0,0.0,0.0,0.0,0.0,1.6633331620590716e-07
2016-09-07,0.0,0.0,0.0,0.0,0.0,0.0,1.870075292846206e-07
2016-09-08,0.0,0.0,0.0,0.0,0.0,0.0,1.7409323457491228e-07
2016-09-09,0.0,0.0,0.0,0.0,0.0,0.0,1.5047386963692182e-07
2016-09-10,0.0,0.0,0.0,0.0,0.0,0.0,1.4626796362458062e-07
2016-09-11,0.0,0.0,0.0,0.0,0.0,0.0,2.038102880235232e-07
2016-09-12,0.0,0.0,0.0,0.0,0.0,0.0,1.4071663307927812e-07
2016-09-13,0.0,0.0,0.0,0.0,0.0,0.0,1.7348844577864546e-07
2016-09-14,0.0,0.0,0.0,0.0,0.0,0.0,1.7956957994148357e-07
2016-09-15,0.0,0.0,0.0,0.0,0.0,0.0,2.035484607047888e-07
2016-09-16,0.0,0.0,0.0,0.0,0.0,0.0,2.015231196806752e-07
2016-09-17,0.0,0.0,0.0,0.0,0.0,0.0,1.2627717160535835e-07
2016-09-18,0.0,0.0,0.0,0.0,0.0,0.0,1.8002979756604825e-07
2016-09-19,0.0,0.0,0.0,0.0,0.0,0.0,1.7081186818557238e-07
2016-09-20,0.0,0.0,0.0,0.0,0.0,0.0,1.960721874776936e-07
2016-09-21,0.0,0.0,0.0,0.0,0.0,0.0,9.463410284987404e-08
2016-09-22,0.0,0.0,0.0,0.0,0.0,0.0,1.6095887210681553e-07
2016-09-23,0.0,0.0,0.0,0.0,0.0,0.0,9.513868929540675e-08
2016-09-24,0.0,0.0,0.0,0.0,0.0,0.0,1.17740054400039e-07
2016-09-25,0.0,0.0,0.0,0.0,0.0,0.0,1.5153907766968964e-07
2016-09-26,0.0,0.0,0.0,0.0,0.0,0.0,1.6157210316517684e-07
2016-09-27,0.0,0.0,0.0,0.0,0.0,0.0,1.302567532999949e-07
2016-09-28,0.0,0.0,0.0,0.0,0.0,0.0,1.4253548504929966e-07
2016-09-29,0.0,0.0,0.0,0.0,0.0,0.0,1.4559714544392144e-07
2016-09-30,0.0,0.0,0.0,0.0,0.0,0.0,9.092439408131418e-08
2016-10-01,0.0,0.0,0.0,0.0,0.0,0.0,9.832224445898055e-08
2016-10-02,0.0,0.0,0.0,0.0,0.0,0.0,9.301752525688281e-08
2016-10-03,0.0,0.0,0.0,0.0,0.0,0.0,0.0
2016-10-04,0.0,0.0,0.0,0.0,0.0,0.0,0.0
2016-10-05,0.0,0.0,0.0,0.0,0.0,0.0,0.0
2016-10-06,0.0,0.0,0.0,0.0,0.0,0.0,0.0
2016-10-07,0.0,0.0,0.0,0.0,0.0,0.0,3.745609312723068e-08
2016-10-08,0.0,0.0,0.0,0.0,0.0,0.0,3.026602649718361e-08
2016-10-09,0.0,0.0,0.0,0.0,0.0,0.0,2.8659567300425776e-08
2016-10-10,0.0,0.0,0.0,0.0,0.0,0.0,4.438632113521102e-08
2016-10-11,0.0,0.0,0.0,0.0,0.0,0.0,4.288317581457267e-08
2016-10-12,0.0,0.0,0.0,0.0,0.0,0.0,3.543885727904364e-08
2016-10-13,0.0,0.0,0.0,0.0,0.0,0.0,3.877794235896751e-08
2016-10-14,0.0,0.0,0.0,0.0,0.0,0.0,3.51504705271779e-08
2016-10-15,0.0,0.0,0.0,0.0,0.0,0.0,3.7532523693581057e-08
2016-10-16,0.0,0.0,0.0,0.0,0.0,0.0,3.483596978770079e-08
2016-10-17,0.0,0.0,0.0,0.0,0.0,0.0,3.6220961725329925e-08
2016-10-18,0.0,0.0,0.0,0.0,0.0,0.0,4.808312766744178e-08
2016-10-19,0.0,0.0,0.0,0.0,0.0,0.0,4.539899910392273e-08
2016-10-20,0.0,0.0,0.0,0.0,0.0,0.0,4.265606198174059e-08
2016-10-21,0.0,0.0,0.0,0.0,0.0,0.0,3.446781002544778e-08
2016-10-22,0.0,0.0,0.0,0.0,0.0,0.0,3.80780501447816e-08
2016-10-23,0.0,0.0,0.0,0.0,0.0,0.0,3.516410597574947e-08
2016-10-24,0.0,0.0,0.0,0.0,0.0,0.0,3.551751111617115e-08
2016-10-25,0.0,0.0,0.0,0.0,0.0,0.0,3.811662228963386e-08
2016-10-26,0.0,0.0,0.0,0.0,0.0,0.0,3.6235012435133e-08
2016-10-27,0.0,0.0,0.0,0.0,0.0,0.0,4.460525106911615e-08
2016-10-28,0.0,0.0,0.0,0.0,0.0,0.0,5.082963633303716e-08
2016-10-29,0.0,0.0,0.0,0.0,0.0,0.0,4.433950776132827e-08
2016-10-30,0.0,0.0,0.0,0.0,0.0,0.0,3.417812340684269e-08
2016-10-31,0.0,0.0,0.0,0.0,0.0,0.0,5.237762921858656e-08
2016-11-01,0.0,0.0,0.0,0.0,0.0,0.0,4.302349707257228e-08
2016-11-02,0.0,0.0,0.0,0.0,0.0,0.0,7.604625233898856e-08
2016-11-03,0.0,0.0,0.0,0.0,0.0,0.0,7.506483602018565e-08
2016-11-04,0.0,0.0,0.0,0.0,0.0,0.0,6.347658153293094e-08
2016-11-05,0.0,0.0,0.0,0.0,0.0,0.0,7.123836864807637e-08
2016-11-06,0.0,0.0,0.0,0.0,0.0,0.0,7.555204246358274e-08
2016-11-07,0.0,0.0,0.0,0.0,0.0,0.0,8.902991196620726e-08
2016-11-08,0.0,0.0,0.0,0.0,0.0,0.0,4.95503324762821e-08
2016-11-09,0.0,0.0,0.0,0.0,0.0,0.0,5.190196313736499e-08
2016-11-10,0.0,0.0,0.0,0.0,0.0,0.0,7.301856696488505e-08
2016-11-11,0.0,0.0,0.0,0.0,0.0,0.0,1.040098171018481e-07
2016-11-12,0.0,0.0,0.0,0.0,0.0,0.0,6.112298655541262e-08
2016-11-13,0.0,0.0,0.0,0.0,0.0,0.0,9.067663408749876e-08
2016-11-14,0.0,0.0,0.0,0.0,0.0,0.0,7.794719098783668e-08
2016-11-15,0.0,0.0,0.0,0.0,0.0,0.0,1.0038148093328264e-07
2016-11-16,0.0,0.0,0.0,0.0,0.0,0.0,5.765332580540652e-08
2016-11-17,0.0,0.0,0.0,0.0,9.445684726241591e-09,0.0,9.948740435721233e-08
2016-11-18,0.0,0.0,0.0,0.0,8.480547054190838e-09,0.0,1.211000426027515e-07
2016-11-19,0.0,0.0,0.0,0.0,8.565777969050606e-09,0.0,9.368970760708775e-08
2016-11-20,0.0,0.0,0.0,0.0,1.1896315019662492e-08,0.0,1.0514589424733981e-07
2016-11-21,0.0,0.0,0.0,0.0,1.747763632479418e-08,0.0,1.221330222606508e-07
2016-11-22,0.0,0.0,0.0,0.0,5.516652965654591e-09,8.766761325117245e-09,1.0995173176468383e-07
2016-11-23,0.0,0.0,0.0,0.0,5.57209624970479e-09,8.4698744481251e-09,1.0834806345376832e-07
2016-11-24,0.0,0.0,0.0,0.0,6.753716097628066e-09,7.388407451304683e-09,1.4226807347314214e-07
2016-11-25,0.0,0.0,0.0,0.0,5.684660060706887e-09,7.462662180676206e-09,1.2159052347732224e-07
2016-11-26,0.0,0.0,0.0,0.0,1.1483583688267378e-08,6.744224952749472e-09,1.4908363199202585e-07
2016-11-27,0.0,0.0,0.0,0.0,8.119296936141642e-09,7.21271174863534e-09,1.2688967035548087e-07
2016-11-28,0.0,0.0,0.0,0.0,1.0544010720371794e-08,1.0118334315054258e-08,1.3782050194623026e-07
2016-11-29,0.0,0.0,0.0,0.0,1.4199973053131721e-08,1.0628826276155385e-08,1.3222198207035614e-07
2016-11-30,0.0,0.0,0.0,0.0,4.780895051635459e-09,7.4323715234810835e-09,1.5417442201084418e-07
2016-12-01,0.0,0.0,0.0,0.0,1.561796631209424e-08,8.720044602235895e-09,1.423391778690768e-07
2016-12-02,0.0,0.0,0.0,0.0,3.6403683422413137e-09,1.1324163223889694e-08,1.2587152613267056e-07
2016-12-03,0.0,0.0,0.0,0.0,1.8384773261643772e-08,9.743458444322153e-09,1.422541537654467e-07
2016-12-04,0.0,0.0,0.0,0.0,1.1141725982836702e-08,1.1552926495693975e-08,1.1214523563770417e-07
2016-12-05,0.0,0.0,0.0,0.0,1.0003290836062423e-08,1.2101221831260396e-08,1.5863672936084746e-07
2016-12-06,0.0,0.0,0.0,0.0,8.840847382811833e-09,1.0040190930339444e-08,1.5864484284422287e-07
2016-12-07,0.0,0.0,0.0,0.0,3.827014018360595e-09,1.0141096526746302e-08,1.7234716757719816e-07
2016-12-08,0.0,0.0,0.0,0.0,9.019444346916667e-09,1.0688364773485333e-08,1.1492696507667853e-07
2016-12-09,0.0,0.0,2.6229777807392314e-08,0.0,1.1712974489497975e-08,1.124560898470354e-08,1.5602706523732878e-07
2016-12-10,0.0,0.0,2.6493391456937207e-08,0.0,6.5726065778722385e-09,7.269522709736339e-09,8.763364129924684e-08
2016-12-11,0.0,0.0,1.783976964513713e-08,0.0,2.315503607262282e-08,8.719316870264722e-09,1.2330267770816536e-07
2016-12-12,0.0,0.0,1.8019062310813827e-08,0.0,2.3387748053992616e-08,9.73399456289918e-09,1.1789919425601988e-07
2016-12-13,0.0,0.0,2.7300235346606317e-08,0.0,2.0669948975950464e-08,1.4513643232106369e-08,1.289632123732016e-07
2016-12-14,0.0,0.0,9.19153575775894e-09,0.0,2.3860211904891416e-08,1.1822183686765356e-08,1.4762012822342417e-07
2016-12-15,0.0,0.0,9.283912227884522e-09,0.0,1.807500826589943e-08,1.146335866379239e-08,1.9408263296811667e-07
2016-12-16,0.0,0.0,2.813165129090854e-08,0.0,3.6513330238038873e-08,1.157856733370925e-08,1.7949498439481974e-07
2016-12-17,0.0,0.0,3.788583878231429e-08,0.0,3.0733579423108806e-09,7.796622580005545e-09,1.1882066033182828e-07
2016-12-18,0.0,0.0,9.566649448050101e-09,0.0,1.55212285157028e-08,9.351538678306823e-09,1.4619322486957687e-07
2016-12-19,0.0,0.0,3.865118349375467e-08,0.0,1.88126633467646e-08,1.4416851206895693e-08,2.5101962935914585e-07
2016-12-20,0.0,0.0,8.783917727820243e-08,0.0,1.900173375669779e-08,1.1548968562693428e-08,2.2098198686107224e-07
2016-12-21,0.0,0.0,2.9573991895461412e-08,0.0,1.5993920296534563e-08,9.636335430502944e-09,2.7246108149384085e-07
2016-12-22,0.0,0.0,6.969950272916546e-08,0.0,2.2616526614983842e-08,1.4343636943496867e-08,1.9066824820548222e-07
2016-12-23,0.0,0.0,3.017142616169015e-08,0.0,1.631701891880569e-08,1.4487792891373657e-08,2.256469952702297e-07
2016-12-24,0.0,0.0,4.063287204771036e-08,0.0,9.88860461115313e-09,9.929805535058673e-09,2.5285852684855576e-07
2016-12-25,0.0,0.0,4.104123920089947e-08,0.0,2.9963960219173484e-08,1.1613223067136043e-08,2.1007004104281674e-07
2016-12-26,0.0,0.0,4.145371051220982e-08,0.0,4.0353470701172724e-08,1.3329474885620996e-08,2.2176589461145783e-07
2016-12-27,0.0,0.0,4.187032722911626e-08,0.0,3.7362444005466794e-08,4.1185516222562566e-08,3.1131700648232084e-07
2016-12-28,0.0,0.0,6.343669652045652e-08,0.0,3.4307220736722366e-08,4.479939427605064e-08,3.2309282026727577e-07
2016-12-29,0.0,0.0,6.407424591975477e-08,0.0,2.079120842239192e-08,2.8011679226634676e-08,2.648121180543162e-07
2016-12-30,0.0,0.0,4.314546853136024e-08,0.0,2.8000218054558288e-08,3.1557801431228606e-08,3.078074281433891e-07
2016-12-31,0.0,0.0,1.0894771924756283e-08,0.0,2.1211218693299806e-08,2.8577552683412336e-08,2.651107089767568e-07
2017-01-01,0.0,0.0,1.0759798117874495e-08,0.0,4.510505310303505e-08,3.6785647382007173e-08,2.9943582477979667e-07
2017-01-02,0.0,0.0,6.520761532050629e-08,0.0,3.15404075236575e-08,2.4041696595850108e-08,2.996791484546417e-07
2017-01-03,0.0,0.0,6.586296274963753e-08,0.0,4.247652518556401e-08,2.9802255950812843e-08,2.9216146781889506e-07
2017-01-04,0.0,0.0,5.5437413774941435e-08,0.0,5.7204561814445066e-08,3.679105662540447e-08,3.041551526616033e-07
2017-01-05,0.0,0.0,2.2397827618437506e-08,0.0,3.611217326166054e-08,2.2521704782844165e-08,3.020595468203323e-07
2017-01-06,0.0,0.0,4.5245859056650396e-08,0.0,5.0601303097130206e-08,3.7534285270237886e-08,3.192917408793736e-07
2017-01-07,0.0,0.0,3.4275440625027334e-08,0.0,2.8943213600236145e-08,2.2976673399144612e-08,3.0993244308258766e-07
2017-01-08,0.0,0.0,2.307994302012823e-08,0.0,5.7948582409468966e-08,4.619641395131772e-08,3.2715754545926144e-07
2017-01-09,0.0,0.0,4.662380060754719e-08,0.0,2.5382232979686297e-08,5.38392641887129e-08,3.1787507534021344e-07
2017-01-10,0.0,0.0,4.709237759375198e-08,0.0,3.267578494244547e-08,5.2567679196514865e-08,3.8360534065365703e-07
2017-01-11,0.0,0.0,4.7565663856959914e-08,0.0,4.36273839270722e-08,6.183995105661518e-08,3.1708964920686364e-07
2017-01-12,0.0,0.0,6.005463340773967e-08,0.0,3.2768563029224566e-08,4.197839182247293e-08,2.683529951165321e-07
2017-01-13,0.0,0.0,2.4263277003066368e-08,0.0,1.823325833153063e-08,7.007961449211208e-08,2.812720561432134e-07
2017-01-14,0.0,0.0,1.2253563495478316e-08,1.0761506262491588e-08,3.287444897813535e-08,4.46071898153699e-08,2.634577090551407e-07
2017-01-15,0.0,0.0,8.663699699189037e-08,1.630449179776042e-08,5.122805400503599e-08,7.079223875035231e-08,2.1594365885814006e-07
2017-01-16,0.0,0.0,5.000440759275967e-08,1.6468354664550362e-08,3.6659427938854685e-08,6.64152083578076e-08,2.1631342455541289e-07
2017-01-17,0.0,0.0,6.313370030501467e-08,1.1089242920353622e-08,4.040416017505848e-08,7.153318084800181e-08,2.446667342625519e-07
2017-01-18,0.0,0.0,1.02029127266755e-07,1.1200691664540104e-08,4.7848260988348995e-08,5.513434516735153e-08,2.101140867659601e-07
2017-01-19,0.0,0.0,6.440908565202358e-08,1.6969890730840472e-08,4.426240220925445e-08,7.230273717177896e-08,2.7018637987633156e-07
2017-01-20,0.0,0.0,9.107897081439089e-08,1.714044096808549e-08,3.696800430659043e-08,4.604228289665098e-08,2.215254823086748e-07
2017-01-21,0.0,0.0,3.942614129525553e-08,5.770901754570357e-09,3.705437027003959e-08,6.579109399902675e-08,1.9734358561333796e-07
2017-01-22,0.0,0.0,6.637063433792811e-08,5.828900281430107e-09,3.342999753125504e-08,7.841215986736744e-08,1.9073124570833777e-07
2017-01-23,0.0,0.0,1.6593541597104194e-07,2.9437408515877173e-08,2.6066759325511334e-08,7.392893539808705e-08,1.8764548346719231e-07
2017-01-24,0.0,0.0,2.7933849104455304e-08,2.3786607511989317e-08,4.106931110495943e-08,7.187540174647576e-08,1.5971650135172425e-07
2017-01-25,0.0,0.0,5.642917791051804e-08,3.60385003377755e-08,3.369328265993989e-08,7.727910206164449e-08,2.135031167740994e-07
2017-01-26,0.0,0.0,5.699630057694099e-08,0.0,3.0033574262127275e-08,9.5286355855986e-08,3.0100193488203276e-07
2017-01-27,0.0,0.0,1.439228073022968e-07,0.0,3.388563823510753e-08,5.2971404985365625e-08,3.0207590169750296e-07
2017-01-28,0.0,0.0,1.4397376171439584e-07,1.856801803497306e-08,3.3986894017383516e-08,7.105314382205122e-08,2.182896549755091e-07
2017-01-29,0.0,0.0,1.7284693634717376e-07,1.8754629718646382e-08,1.8939749176324306e-08,4.5954548381062466e-08,2.596817657792263e-07
2017-01-30,0.0,0.0,1.4411886956228905e-07,4.420060605548113e-08,3.375233194188748e-08,8.990463849654996e-08,2.688219546326262e-07
2017-01-31,0.0,0.0,8.652782250539339e-08,1.9133498370668662e-08,5.569415104618738e-08,5.169268642020573e-08,3.230309649586013e-07
2017-02-01,0.0,0.0,8.646005049981621e-08,1.92807762794587e-08,5.499613727605413e-08,1.0550903328510542e-07,3.1096403081560705e-07
2017-02-02,0.0,0.0,8.653375018441313e-08,5.9298682302827724e-08,3.2669349940202285e-08,1.0982206814242107e-07,2.7778932520512453e-07
2017-02-03,0.0,0.0,5.774406887742681e-08,4.791571517427372e-08,2.5156665704326078e-08,7.851098662844479e-08,3.60220084469106e-07
2017-02-04,0.0,0.0,1.4451186355063205e-07,1.2099319029433143e-08,3.2022453469180406e-08,1.1863737377018076e-07,3.924517079219013e-07
2017-02-05,9.220498524629873e-07,0.0,1.1574240497158327e-07,2.4441838414567203e-08,4.9317060696403943e-08,1.0865466493994197e-07,4.4551633277491404e-07
2017-02-06,2.793949822620518e-06,0.0,0.0,4.937496594895568e-08,3.4875962673908825e-08,8.392549538909131e-08,4.5828215540285536e-07
2017-02-07,0.0,0.0,2.8847667227656933e-07,3.7403394454888345e-08,4.4887623361289304e-08,1.1764518067529859e-07,6.199788451318413e-07
2017-02-08,1.9002609020033128e-06,0.0,2.1778300607710213e-07,3.7779304818675013e-08,2.7348297874609077e-08,9.631067821245139e-08,5.761859112665758e-07
2017-02-09,9.59679420785979e-07,0.0,3.6538381071478565e-07,5.087865752590188e-08,2.030713332305958e-08,1.2317158396353855e-07,6.641986243864277e-07
2017-02-10,0.0,0.0,4.4139897998395214e-07,1.284749913376384e-07,4.356099360257087e-08,4.8893791422426366e-08,4.283829901503237e-07
2017-02-11,1.9581324621639133e-06,0.0,7.406358789599896e-08,3.892985594001562e-08,3.3175041903210674e-08,9.854066625517678e-08,4.462733876425184e-07
2017-02-12,9.88906010290797e-07,0.0,1.4913617109703065e-07,7.864221499355073e-08,4.598292260925357e-08,1.2221982007906936e-07,5.505995469451895e-07
2017-02-13,1.997689361849515e-06,0.0,3.754002003586341e-07,3.9716291197052494e-08,2.2762692442296178e-08,6.15855211178127e-08,5.720225482441145e-07
2017-02-14,0.0,0.0,3.0239801064604965e-07,6.685907759924389e-08,3.2194571240255393e-08,1.0473855322419663e-07,5.47319622718381e-07
2017-02-15,2.0380453639160697e-06,0.0,4.567591515873836e-07,6.753102250020965e-08,3.824907588484872e-08,8.954541420132378e-08,6.716134861138123e-07
2017-02-16,1.0292640301742703e-06,0.0,2.299834817507427e-07,5.4567776447761194e-08,1.893424561042689e-08,1.563096565119539e-07,7.128996991408814e-07
2017-02-17,3.1188249169537378e-06,0.0,1.544069241650815e-07,4.133714378885454e-08,4.061600122399964e-08,1.5298119426240345e-07,6.795455790544994e-07
2017-02-18,1.0500565428251295e-06,0.0,3.110139359681811e-07,4.17525889907148e-08,3.09322040456745e-08,1.4211076199771476e-07,7.514178515153698e-07
2017-02-19,2.1212195730566926e-06,0.0,3.1324512525897516e-07,2.8114806324178724e-08,3.674930816749845e-08,1.1600308523973171e-07,7.563146548799685e-07
2017-02-20,2.1425381841881195e-06,0.0,1.5775381966166683e-07,2.839736482527574e-08,3.031970536802399e-08,1.1206997765530166e-07,7.266831316884871e-07
2017-02-21,0.0,0.0,2.3835127831091124e-07,4.3024144629779764e-08,2.701621733304232e-08,1.8017557485861464e-07,8.476136791745494e-07
2017-02-22,1.092910163283606e-06,0.0,1.6006377497052008e-07,7.242757411993744e-08,2.377546798143106e-08,1.267400422234655e-07,8.299048582544627e-07
2017-02-23,2.207788186065183e-06,0.0,8.062135212232498e-08,1.4631096668268756e-08,2.942362265290561e-08,9.552739211680511e-08,8.001984483697225e-07
2017-02-24,0.0,0.0,4.873132737707208e-07,8.866884980645683e-08,3.20439379873882e-08,7.772181864486173e-08,7.807872198212746e-07
2017-02-25,0.0,0.0,1.6364905551365494e-07,2.985332885405757e-08,1.5135473355846027e-08,1.0109609679022839e-07,9.324591482193978e-07
2017-02-26,3.4125380195098176e-06,0.0,2.4731507721849337e-07,4.52300396955892e-08,1.87310910995879e-08,1.247168367055985e-07,9.487412896869485e-07
2017-02-27,1.148944865595656e-06,0.0,4.153021714672048e-07,3.045640610116895e-08,1.4835770903270018e-08,1.0633805265602171e-07,9.46046745450227e-07
2017-02-28,1.1604919534653892e-06,0.0,2.5107244688009213e-07,1.5381249035634488e-08,3.3048343161727256e-08,1.5735565263649045e-07,1.1372976656133067e-06
2017-03-01,0.0,0.0,2.5249451489481267e-07,7.747907375765693e-08,1.630792944763387e-08,1.3863887843015936e-07,1.0488915769512635e-06
2017-03-02,0.0,0.0,5.93675303294014e-07,4.695465083666878e-08,1.7939625376025646e-08,1.10921394106111e-07,9.944079016748709e-07
2017-03-03,2.4381618229735958e-06,0.0,2.5639547422508253e-07,9.485310584591216e-08,1.7761123121056545e-08,1.4538008032236218e-07,8.765077759758829e-07
2017-03-04,1.23133287833636e-06,0.0,8.612810512365312e-08,4.7903197704057924e-08,1.0550638195920322e-08,1.238185951810729e-07,1.181468000385016e-06
2017-03-05,1.24370797949987e-06,0.0,1.7359933010912953e-07,7.976703416801877e-08,4.510736438791308e-08,1.108576484504089e-07,1.1738549236478563e-06
2017-03-06,0.0,0.0,3.499196200972607e-07,7.970338226583055e-08,1.1285716917314694e-08,1.490415873801576e-07,9.079496425466632e-07
2017-03-07,1.2688325472877365e-06,0.0,7.935200375172136e-07,6.37181606146309e-08,3.3887163956242923e-08,9.782664204976625e-08,1.0557502939978765e-06
2017-03-08,2.5631690527796174e-06,0.0,8.886669805340123e-08,6.367998728575747e-08,3.015161413793493e-08,1.3596028143465238e-07,1.6846222715302758e-06
2017-03-09,1.2944646650125108e-06,0.0,8.957338979319548e-08,3.182409100433972e-08,4.5276479918624554e-08,1.1035986535736725e-07,1.3225033654220105e-06
2017-03-10,0.0,0.0,3.611561557864551e-07,1.5905685400710653e-08,3.0220044210712736e-08,1.526718989458828e-07,1.1123585206138168e-06
2017-03-11,1.320614585863049e-06,0.0,5.460823024750071e-07,3.18018317620926e-08,2.269409287896022e-08,1.313651675422449e-07,1.314624048757361e-06
2017-03-12,2.6677739662095245e-06,0.0,7.339799732741989e-07,1.0626063974575217e-07,3.787570338014265e-08,1.2704129339417706e-07,1.5201226015965327e-06
2017-03-13,0.0,0.0,2.7747135319651296e-07,8.521740340102904e-08,4.551804747670337e-08,1.1850319556232881e-07,1.3640870439381893e-06
2017-03-14,0.0,0.0,1.8555822256722748e-07,8.543481681681119e-08,5.3188103196567584e-08,6.345341127235797e-08,1.642130383466165e-06
2017-03-15,1.3745098895218802e-06,0.0,1.8615409898033547e-07,8.566077378547094e-08,4.566611702139238e-08,8.88010384424631e-08,1.469402094526361e-06
2017-03-16,0.0,0.0,1.8676859095847042e-07,1.5031676958006353e-07,1.524899931754235e-08,9.300361848534994e-08,1.5024274632613103e-06
2017-03-17,0.0,0.0,9.370087997567111e-08,2.1534602405396476e-08,3.819371135148302e-08,1.1834693575011496e-07,1.1774523961579643e-06
2017-03-18,1.4163699476217688e-06,0.0,2.820805039145668e-07,4.3195068126511384e-08,3.82687438120735e-08,1.0143211250040045e-07,1.5299941819276266e-06
2017-03-19,0.0,0.0,2.5803497995806986e-07,4.332525098503847e-08,4.2182363496829524e-08,9.298129284915378e-08,1.3631582238689606e-06
2017-03-20,0.0,0.0,5.186372573438799e-07,6.518964960715285e-08,3.843029733807267e-08,9.721937687575747e-08,1.7792473408529756e-06
2017-03-21,0.0,0.0,3.4750427928636905e-07,8.719725567471143e-08,2.841779699369047e-08,1.3951935204875736e-07,1.5662746479429636e-06
2017-03-22,0.0,0.0,1.74642568863834e-07,0.0,1.4351700300820516e-08,1.4802240831150722e-07,1.532920932386839e-06
2017-03-23,0.0,0.0,3.5110092497381163e-07,8.77788894442614e-08,2.415989547797611e-08,1.3290102767459922e-07,1.5681812645436237e-06
2017-03-24,0.0,0.0,3.5295182260503784e-07,1.0922955256722608e-07,3.660405969639871e-08,1.99043080628059e-07,1.59454985604583e-06
2017-03-25,0.0,0.0,2.6612851178448895e-07,2.1749283275081403e-08,1.2323978870768794e-08,1.5057160925617568e-07,1.164889463845034e-06
2017-03-26,1.5343352473021207e-06,0.0,1.7837984645876833e-07,8.66193239326783e-08,2.7385241218635907e-08,1.855856003512876e-07,1.9395216151462898e-06
2017-03-27,1.5190683565069534e-06,0.0,8.967926159725348e-08,0.0,2.2631291565155546e-08,1.7229370355532338e-07,1.963976315692316e-06
2017-03-28,1.503953373813331e-06,0.0,2.627661162140678e-07,5.0084015991950373e-08,2.2858739826715882e-08,2.7166466053646445e-07,1.749292942930851e-06
2017-03-29,0.0,0.0,2.618554228730847e-07,2.498989975621497e-08,2.3088473981307902e-08,1.7889974162809307e-07,1.709900720025311e-06
2017-03-30,0.0,0.0,6.524272882315065e-07,4.9880581054510736e-08,1.2955842779188065e-08,1.855427834453671e-07,1.783349374318857e-06
2017-03-31,0.0,0.0,1.3005625251056308e-07,7.467952604439639e-08,1.5703261396602136e-08,2.1208967238743905e-07,1.9157128344969037e-06
2017-04-01,0.0,0.0,5.17755645770449e-07,7.466243681003502e-08,2.118446600653887e-08,1.6569695694390083e-07,1.3414412847883357e-06
2017-04-02,0.0,0.0,3.8710890536801054e-07,4.969054390117425e-08,1.60480300721201e-08,1.5855464687550063e-07,2.464986024381811e-06
2017-04-03,0.0,0.0,3.8593978762131296e-07,1.240277475619772e-07,2.4313973183574986e-08,2.193190896129848e-07,2.2988876480898865e-06
2017-04-04,0.0,0.0,0.0,7.430492294947907e-08,2.1829629045822132e-08,2.1212770474860363e-07,2.931832631142748e-06
2017-04-05,1.3738916119787534e-06,0.0,1.2790574065859008e-07,1.236677131933129e-07,4.134191337209635e-08,1.8216022290814706e-07,2.2755893626955763e-06
2017-04-06,0.0,0.0,5.102180690913444e-07,9.880500400949608e-08,3.062209810664776e-08,2.2761739684741694e-07,2.6805097860706283e-06
2017-04-07,0.0,0.0,3.816481483353156e-07,9.868571804708056e-08,2.8118050280988496e-08,1.4266951831416893e-07,2.1904731687661164e-06
2017-04-08,0.0,0.0,2.5378060665666506e-07,9.857630073870814e-08,2.840064138439347e-08,1.7886553833678165e-07,2.229877216697318e-06
2017-04-09,0.0,0.0,3.7973173904290495e-07,0.0,1.1474429030241667e-08,2.1480313174369953e-07,2.3925523274508555e-06
2017-04-10,2.613772254777816e-06,0.0,1.2627684719705357e-07,7.379027197693793e-08,2.60769351581798e-08,2.078227947095907e-07,2.398433088621268e-06
2017-04-11,0.0,0.0,5.039563033456918e-07,4.915357812376538e-08,4.38983545226042e-08,2.2236978207267127e-07,2.35467200875052e-06
2017-04-12,0.0,0.0,8.799973244185704e-07,1.2279639248753157e-07,2.0691785482795666e-08,2.2978725168265493e-07,2.0662852559824536e-06
2017-04-13,0.0,0.0,3.7635390790626664e-07,1.4726534328867493e-07,2.3885418724762884e-08,2.444328865223065e-07,2.4342935866209937e-06
2017-04-14,0.0,0.0,2.5040249403456775e-07,1.226581185411353e-07,2.714115507054983e-08,2.3754298922342922e-07,1.8265861371940824e-06
2017-04-15,0.0,0.0,1.24963711628182e-07,7.356443015346664e-08,3.350591226139198e-08,1.729934901572372e-07,2.222746761118653e-06
2017-04-16,0.0,0.0,1.247386727143797e-07,1.470826913731427e-07,4.614907128808152e-08,1.2271573405168377e-07,1.8789450876954478e-06
2017-04-17,0.0,0.0,3.7357832331539425e-07,9.803415388737247e-08,4.350535202095219e-08,1.8797492885446012e-07,2.647196161590264e-06
2017-04-18,0.0,0.0,2.4865199108753145e-07,2.6650857937298667e-08,2.5110050330181894e-08,2.5234809266768867e-07,2.5094247720577652e-06
2017-04-19,0.0,0.0,1.241383160188931e-07,8.001622415119938e-08,3.487331448080163e-08,2.0644137126649664e-07,2.860012446536794e-06
2017-04-20,1.1825194691735938e-06,0.0,1.2396305042907135e-07,5.339191745306551e-08,2.241514362061699e-08,2.0704046913956688e-07,2.303846631901989e-06
2017-04-21,0.0,0.0,1.2380018124759533e-07,1.0689004941647366e-07,1.94060739079027e-08,1.339743685368293e-07,2.4983369654895177e-06
2017-04-22,1.159104014843365e-06,0.0,2.4729938437482255e-07,2.675173825520833e-08,4.5735919117291283e-08,1.8142331184416136e-07,2.8586907220379363e-06
2017-04-23,1.1475707371936667e-06,0.0,3.7053470459846307e-07,8.035091805725082e-08,2.309778637308403e-08,1.374774033845217e-07,2.1098077689665496e-06
2017-04-24,0.0,0.0,2.467715909426214e-07,8.624651583287e-08,5.2269621848332904e-08,2.0082801071559587e-07,2.970474497900191e-06
2017-04-25,0.0,0.0,6.163618071275135e-07,8.6604776916434e-08,2.587476521053693e-08,1.5128172915296445e-07,2.9710471985428544e-06
2017-04-26,0.0,0.0,3.6951376415569363e-07,4.348584927493026e-08,4.483028724123398e-08,1.646207101155671e-07,3.115141922351434e-06
2017-04-27,1.1025738449759213e-06,0.0,3.692473957192239e-07,1.3102097613842806e-07,1.5851506582182553e-08,1.462882645401242e-07,2.364139091014398e-06
2017-04-28,0.0,0.0,2.460119682200222e-07,8.77316711059091e-08,1.569378145636368e-08,1.9808345661983293e-07,1.8994103738363925e-06
2017-04-29,0.0,0.0,0.0,1.5421839654623513e-07,2.4860201154829824e-08,1.091375775480507e-07,2.185095096153586e-06
2017-04-30,0.0,0.0,1.2288991753520335e-07,8.852673750017124e-08,1.538302376269384e-08,1.7416533798538527e-07,2.5065678918077623e-06
2017-05-01,0.0,0.0,1.227021747881934e-07,4.417971695685518e-08,1.8304057288776535e-08,1.9454307490583882e-07,2.3181741957491987e-06
2017-05-02,0.0,0.0,1.2267489580633653e-07,1.7615669848734977e-07,3.926417923065833e-08,1.4988610199683662e-07,2.6726394550527512e-06
2017-05-03,0.0,0.0,3.263420453504235e-07,4.390303624098132e-08,8.970806335294803e-09,2.1613206804052028e-07,2.350242220979488e-06
2017-05-04,1.0349583187503535e-06,0.0,2.1783207371542344e-07,1.3131386460100584e-07,3.552618128341842e-08,2.303973392824212e-07,2.597911554266716e-06
2017-05-05,0.0,0.0,3.271868508791952e-07,6.546587598747822e-08,3.2241632383941937e-08,2.448202650777102e-07,2.3475861560390088e-06
2017-05-06,0.0,0.0,0.0,6.528136631660733e-08,3.482271576166201e-08,2.0619366044927722e-07,2.072339284414081e-06
2017-05-07,0.0,0.0,3.28162535510868e-07,1.3020676967353885e-07,1.4365093312720006e-08,1.2036092451377394e-07,1.96478660721209e-06
2017-05-08,0.0,0.0,2.1913305160383802e-07,6.493191374966818e-08,3.697761143972929e-08,2.0168088998614637e-07,2.1030038509943635e-06
2017-05-09,0.0,0.0,1.09756496510768e-07,1.0794489318008675e-07,2.53451617327006e-08,1.6898367281089116e-07,2.066071338125778e-06
2017-05-10,0.0,0.0,4.3982977184292834e-07,4.3072289875999555e-08,2.5092973159806007e-08,2.03900202969714e-07,2.134375006712789e-06
2017-05-11,0.0,0.0,1.1016938524662373e-07,4.297092974484571e-08,1.1041463957839233e-08,1.8453634988091567e-07,2.8395883948159167e-06
2017-05-12,0.0,0.0,2.207846891256964e-07,6.431080011371334e-08,2.1863199111612326e-08,1.2413860473001878e-07,2.623079110633334e-06
2017-05-13,0.0,0.0,3.318790296165687e-07,8.06333743858225e-08,2.1645656645676742e-08,2.1238659334653776e-07,2.4075170786630173e-06
2017-05-14,0.0,0.0,3.326142137241211e-07,1.613480254819294e-08,8.036354536291438e-09,1.7665449070780621e-07,2.1225460999325393e-06
2017-05-15,9.271509905456716e-07,0.0,4.4451021270696724e-07,8.072271856460955e-08,3.182556589041884e-08,1.2887381508866104e-07,2.511403792241981e-06
2017-05-16,0.0,0.0,4.4557925850680343e-07,8.077949672738004e-08,1.838018946095638e-08,1.2238598700411518e-07,2.8128193915765733e-06
2017-05-17,0.0,0.0,2.0594642940971688e-07,8.025995133157016e-08,2.3396533097268957e-08,1.2176829830610662e-07,2.367123679067001e-06
2017-05-18,0.0,0.0,6.796574273277498e-08,4.7849059198666174e-08,3.603247464951251e-08,1.4424141254690783e-07,2.684034675703309e-06
2017-05-19,0.0,0.0,2.691578891728904e-07,3.169795502945632e-08,2.802952863568076e-08,1.4353498946704974e-07,2.291023738547947e-06
2017-05-20,0.0,0.0,6.661993085697428e-08,3.1499707081719846e-08,3.027341472635267e-08,1.4284292000575133e-07,2.0724413398270383e-06
2017-05-21,0.0,0.0,1.978711544079854e-07,6.260921826188279e-08,2.9972189216845076e-08,1.8197137274302665e-07,2.1926956207410225e-06
2017-05-22,0.0,0.0,0.0,4.6668962500744935e-08,2.472830079269673e-08,1.9142077278955027e-07,2.5585685152549376e-06
2017-05-23,0.0,0.0,3.2325507172730575e-07,7.7309463733698e-08,1.2241125044354409e-08,1.8951610427643153e-07,2.8750618406821833e-06
2017-05-24,0.0,0.0,1.2801545200887775e-07,4.610703258617153e-08,2.6662512393144888e-08,1.7107476510240592e-07,1.9973141566592182e-06
2017-05-25,0.0,0.0,1.26741676978714e-07,4.5832997673805544e-08,1.4398481433909946e-08,1.0927260822471935e-07,1.8398957782914023e-06
2017-05-26,0.0,0.0,1.2548057622186655e-07,1.0631494089860287e-07,9.503476099922015e-09,1.0818532760622136e-07,2.18624010946408e-06
2017-05-27,0.0,0.0,1.2423202362720881e-07,1.5099550305858867e-08,1.176114366595873e-08,1.6066329841595812e-07,2.0280270352976154e-06
2017-05-28,0.0,0.0,0.0,7.506380939765454e-08,2.7945883994838052e-08,1.3785604896813735e-07,1.5784991724242625e-06
2017-05-29,0.0,0.0,1.8265809711240532e-07,4.478242422570476e-08,1.613956038512005e-08,1.4748057969651043e-07,1.7724353514122977e-06
2017-05-30,0.0,0.0,1.808406186790763e-07,5.937472145674421e-08,1.3696259208062373e-08,1.2717272038914678e-07,1.8728745865471941e-06
2017-05-31,0.0,0.0,1.1936081630554413e-07,2.9522740733753427e-08,1.8079972202570217e-08,1.9119261325284713e-07,1.9160104338835447e-06
2017-06-01,0.0,0.0,2.9495488576819786e-07,5.8674253962424554e-08,2.2362401239011602e-08,1.1533653260199356e-07,1.870499222719776e-06
2017-06-02,0.0,0.0,3.50424042741971e-07,2.917852487399265e-08,1.5497924140240942e-08,1.5986448089893293e-07,1.833355891238812e-06
2017-06-03,0.0,0.0,5.782287754306663e-08,0.0,8.767838410573007e-09,1.2661904218910847e-07,1.9714969305543646e-06
2017-06-04,0.0,0.0,1.1449506059682324e-07,4.330508808211405e-08,2.3871641642000283e-08,9.849648416834738e-08,1.9577396156491027e-06
2017-06-05,0.0,0.0,0.0,5.74403276583468e-08,2.148555894452918e-08,1.0638155757354533e-07,1.6963784384137693e-06
2017-06-06,0.0,0.0,0.0,8.57194229317617e-08,2.3398951467142976e-08,1.3165380423708262e-07,2.039839868858278e-06
2017-06-07,0.0,0.0,2.777780504238822e-07,1.414441673711088e-08,2.106011637268159e-08,1.0427506159789534e-07,1.3849105948796462e-06
2017-06-08,0.0,0.0,1.1000564505653305e-07,1.4003677439055576e-08,1.042528235675577e-08,1.0323750739918054e-07,1.257547060340304e-06
2017-06-09,0.0,0.0,5.445553529984527e-08,2.77286770408279e-08,1.4450168689731861e-08,8.943399240758256e-08,1.8391783740265716e-06
2017-06-10,0.0,0.0,1.0782738734066752e-07,0.0,1.4306387108916463e-08,8.011133699897037e-08,1.2875019628508394e-06
2017-06-11,0.0,0.0,0.0,2.7179612447970994e-08,8.093734959276563e-09,1.0018637795021581e-07,1.6733796626394568e-06
2017-06-12,0.0,0.0,5.284613100872797e-08,5.3818341570961006e-08,1.2019801426262385e-08,1.3225267577805662e-07,1.4595480441828884e-06
2017-06-13,0.0,0.0,5.232030321947787e-08,2.664142006249294e-08,0.0,1.2275319343776338e-07,1.2040735058513579e-06
2017-06-14,0.0,0.0,5.1799707504150136e-08,3.9564500255569325e-08,0.0,1.0937860087971339e-07,1.367438955565144e-06
2017-06-15,0.0,0.0,2.5642145901369685e-07,1.3056942300131775e-08,0.0,8.422576214630423e-08,1.3369531487336145e-06
2017-06-16,0.0,0.0,1.0154800914649187e-07,2.585404710703589e-08,0.0,9.132938769704502e-08,1.4122826543617506e-06
2017-06-17,0.0,0.0,2.513439739326082e-07,5.119359008012809e-08,0.0,1.3366530146085536e-07,1.3609908341753705e-06
2017-06-18,0.0,0.0,1.4930583576350037e-07,3.801315401089041e-08,0.0,9.730537462452372e-08,9.63835207401839e-07
2017-06-19,0.0,0.0,1.9709362383391218e-07,0.0,0.0,8.4776709573521e-08,1.2899697753778998e-06
2017-06-20,0.0,0.0,0.0,2.1481710207382998e-08,0.0,8.011802325456299e-08,1.281841534756859e-06
2017-06-21,0.0,0.0,4.829772714980535e-08,2.835728482595645e-08,0.0,9.065238354684807e-08,1.3399347964457446e-06
2017-06-22,0.0,0.0,9.563431347025495e-08,2.1056343845636994e-08,0.0,7.85315801020824e-08,1.1283653393188577e-06
2017-06-23,0.0,0.0,4.734136807597086e-08,0.0,0.0,1.1107168260589451e-07,9.745231467609581e-07
2017-06-24,0.0,0.0,9.374062718614624e-08,0.0,0.0,8.7973200718565e-08,9.322037375951827e-07
2017-06-25,0.0,0.0,9.280789236118684e-08,1.3622689891906692e-08,0.0,6.532338955934808e-08,1.1084680879382152e-06
2017-06-26,0.0,0.0,9.188443840280372e-08,1.3487141862698695e-08,0.0,1.0778901828860784e-07,1.2832918687894444e-06
2017-06-27,0.0,0.0,9.097017296483149e-08,1.3352942558916285e-08,0.0,1.0671649963662224e-07,1.2592430148296664e-06
2017-06-28,0.0,0.0,1.3509750692994672e-07,2.644015712103452e-08,0.0,1.0213283096607997e-07,1.235505906032469e-06
2017-06-29,0.0,0.0,0.0,1.3088536580991055e-08,0.0,8.368269709100635e-08,1.2289091463531648e-06
2017-06-30,0.0,0.0,8.828159803985596e-08,6.479151733015049e-09,0.0,6.904170028552737e-08,7.855508954880505e-07
2017-07-01,0.0,0.0,8.735321421711015e-08,1.925758832105502e-08,0.0,4.362287720172127e-08,9.423068337769983e-07
2017-07-02,0.0,0.0,0.0,0.0,0.0,3.679047827363571e-08,1.0156443106082318e-06
2017-07-03,0.0,0.0,8.562350468469216e-08,1.8876262523385798e-08,0.0,4.751009595438966e-08,1.1446454245877863e-06
2017-07-04,0.0,0.0,4.2385768289050296e-08,1.2458960382055842e-08,0.0,2.3205467247669266e-08,9.74098565545047e-07
2017-07-05,0.0,0.0,1.6785609139162002e-07,0.0,0.0,1.91454741588556e-08,9.566133220451872e-07
2017-07-06,0.0,0.0,0.0,2.5972762290861436e-09,0.0,2.3693716885029968e-08,9.67323599142876e-07
2017-07-07,0.0,0.0,0.0,7.714298696422207e-09,0.0,2.5334597299957682e-08,1.2331129208262124e-06
2017-07-08,0.0,0.0,0.0,1.0183386855845642e-08,0.0,1.7650657890873308e-08,8.189396071567527e-07
2017-07-09,0.0,0.0,0.0,0.0,0.0,2.667241560011864e-08,7.130280838576474e-07
2017-07-10,0.0,0.0,0.0,2.4954355714673367e-09,0.0,2.731760754888225e-08,8.945173801544176e-07
2017-07-11,0.0,0.0,0.0,4.941211145325994e-09,0.0,0.0,9.086946204961859e-07
2017-07-12,0.0,0.0,0.0,4.892045272949536e-09,0.0,0.0,6.621971075275387e-07
2017-07-13,0.0,0.0,0.0,7.265052913765638e-09,0.0,0.0,5.61577405138979e-07
2017-07-14,0.0,0.0,0.0,2.3975881431508593e-09,0.0,0.0,5.605034812580082e-07
2017-07-15,0.0,0.0,0.0,0.0,0.0,0.0,5.594856081922513e-07
2017-07-16,0.0,0.0,0.0,4.700225434104959e-09,0.0,0.0,5.319212346584969e-07
2017-07-17,0.0,0.0,0.0,4.653457409619226e-09,0.0,0.0,6.494493172881283e-07
2017-07-18,0.0,0.0,0.0,2.3035773673761745e-09,0.0,0.0,6.390067534477334e-07
2017-07-19,0.0,0.0,0.0,1.140328194799564e-08,0.0,0.0,4.911294092201717e-07
2017-07-20,0.0,0.0,0.0,4.515926958723189e-09,0.0,0.0,5.533668804921433e-07
2017-07-21,0.0,0.0,0.0,4.4709927347072785e-09,0.0,0.0,6.502783718406524e-07
2017-07-22,0.0,0.0,0.0,4.42650561369068e-09,0.0,0.0,4.484107993677998e-07
2017-07-23,0.0,0.0,0.0,4.382461146924217e-09,0.0,0.0,3.5381722719393214e-07
2017-07-24,0.0,0.0,0.0,4.338854929924509e-09,0.0,0.0,4.3850387481956016e-07
2017-07-25,0.0,0.0,0.0,1.2887047806100556e-08,0.0,0.0,4.893519265644228e-07
2017-07-26,0.0,0.0,0.0,0.0,0.0,0.0,4.410201925482331e-07
2017-07-27,0.0,0.0,0.0,0.0,0.0,0.0,4.4557518426545975e-07
2017-07-28,0.0,0.0,0.0,0.0,0.0,0.0,3.97928425283399e-07
2017-07-29,0.0,0.0,0.0,0.0,0.0,0.0,3.247454861884101e-07
2017-07-30,0.0,0.0,0.0,0.0,0.0,0.0,3.328506578394487e-07
2017-07-31,0.0,0.0,0.0,0.0,0.0,0.0,4.289129815448371e-07
2017-08-01,0.0,0.0,0.0,0.0,0.0,0.0,4.029153622581722e-07
2017-08-02,0.0,0.0,0.0,0.0,0.0,0.0,4.4117756201744436e-07
2017-08-03,0.0,0.0,0.0,0.0,0.0,0.0,4.5667366971971473e-07
2017-08-04,0.0,0.0,0.0,0.0,0.0,0.0,3.203590544663978e-07
2017-08-05,0.0,0.0,0.0,0.0,0.0,0.0,3.5300689679627166e-07
2017-08-06,0.0,0.0,0.0,0.0,0.0,0.0,2.625793272334062e-07
2017-08-07,0.0,0.0,0.0,0.0,0.0,0.0,3.1753919104873097e-07
2017-08-08,0.0,0.0,0.0,0.0,0.0,0.0,3.444403115642075e-07
2017-08-09,0.0,0.0,0.0,0.0,0.0,0.0,2.936555282880777e-07
2017-08-10,0.0,0.0,0.0,0.0,0.0,0.0,3.4816356953097244e-07
2017-08-11,0.0,0.0,0.0,0.0,0.0,0.0,2.149950672197571e-07
2017-08-12,0.0,0.0,0.0,0.0,0.0,0.0,3.189729413167071e-07
2017-08-13,0.0,0.0,0.0,0.0,0.0,0.0,3.456761407224081e-07
2017-08-14,0.0,0.0,0.0,0.0,0.0,0.0,2.9016763104434815e-07
2017-08-15,0.0,0.0,0.0,0.0,0.0,0.0,3.6058087218455763e-07
2017-08-16,0.0,0.0,0.0,0.0,0.0,0.0,3.653093576647673e-07
2017-08-17,0.0,0.0,0.0,0.0,0.0,0.0,3.210753827220622e-07
2017-08-18,0.0,0.0,0.0,0.0,0.0,0.0,3.259246203722652e-07
2017-08-19,0.0,0.0,0.0,0.0,0.0,0.0,2.2372626094735404e-07
2017-08-20,0.0,0.0,0.0,0.0,0.0,0.0,2.550845182696099e-07
2017-08-21,0.0,0.0,0.0,0.0,0.0,0.0,3.1014468321643814e-07
2017-08-22,0.0,0.0,0.0,0.0,0.0,0.0,3.377645612622853e-07
2017-08-23,0.0,0.0,0.0,0.0,0.0,0.0,2.6926016050510837e-07
2017-08-24,0.0,0.0,0.0,0.0,0.0,0.0,2.5798159078389377e-07
2017-08-25,0.0,0.0,0.0,0.0,0.0,0.0,2.1710243640604888e-07
2017-08-26,0.0,0.0,0.0,0.0,0.0,0.0,2.1494223107034806e-07
2017-08-27,0.0,0.0,0.0,0.0,0.0,0.0,2.753927907653655e-07
2017-08-28,0.0,0.0,0.0,0.0,0.0,0.0,2.396037883235187e-07
2017-08-29,0.0,0.0,0.0,0.0,0.0,3.86453701568641e-08,2.658496534775704e-07
2017-08-30,0.0,0.0,0.0,0.0,0.0,2.0910944241412556e-08,2.429579125179162e-07
2017-08-31,0.0,0.0,0.0,0.0,0.0,2.9569543814897063e-08,2.605854776377752e-07
2017-09-01,0.0,0.0,0.0,0.0,0.0,4.407578107843597e-08,2.409139719422397e-07
2017-09-02,0.0,0.0,0.0,0.0,0.0,3.0157862932110604e-08,3.0889885560118084e-07
2017-09-03,0.0,0.0,0.0,0.0,0.0,4.2065127633853e-08,2.7872681981765224e-07
2017-09-04,0.0,0.0,0.0,0.0,0.0,2.1976494411201766e-08,2.0313239452723264e-07
2017-09-05,0.0,0.0,0.0,0.0,0.0,3.699560308659771e-08,1.9352209179186055e-07
2017-09-06,0.0,0.0,0.0,0.0,0.0,4.6335594697956997e-08,2.2165087006890286e-07
2017-09-07,0.0,0.0,0.0,0.0,0.0,3.6233245290283174e-08,2.417618891361851e-07
2017-09-08,0.0,0.0,0.0,0.0,0.0,4.879652727926954e-08,2.356739132516085e-07
2017-09-09,0.0,0.0,0.0,0.0,0.0,2.310325337416564e-08,2.840319868425917e-07
2017-09-10,0.0,0.0,0.0,0.0,0.0,3.422531923178702e-08,2.680371883581595e-07
2017-09-11,0.0,0.0,0.0,0.0,0.0,7.377775510047289e-08,1.8277972282002477e-07
2017-09-12,0.0,0.0,0.0,0.0,0.0,9.836538870355226e-08,2.1030148860403563e-07
2017-09-13,0.0,0.0,0.0,0.0,0.0,7.526816461766825e-08,2.2231337514204255e-07
2017-09-14,0.0,0.0,0.0,0.0,0.0,7.29836373582667e-08,2.1272778334414682e-07
2017-09-15,0.0,0.0,0.0,0.0,0.0,7.371713510812763e-08,1.8164006936474228e-07
2017-09-16,0.0,0.0,0.0,0.0,0.0,7.756042149263593e-08,1.9984815507907813e-07
2017-09-17,0.0,0.0,0.0,0.0,0.0,6.267193335020434e-08,2.1495853541576765e-07
2017-09-18,0.0,0.0,0.0,0.0,0.0,1.0444796464057185e-07,2.3005443940612345e-07
2017-09-19,0.0,0.0,0.0,0.0,0.0,1.0230078461751358e-07,1.9611235663445862e-07
2017-09-20,0.0,0.0,0.0,0.0,0.0,1.033289245957611e-07,2.081769032315401e-07
2017-09-21,0.0,0.0,0.0,0.0,0.0,9.167138961393807e-08,2.2024084807352386e-07
2017-09-22,0.0,0.0,0.0,0.0,0.0,1.2345693652852802e-07,1.4977742684297477e-07
2017-09-23,0.0,0.0,0.0,0.0,0.0,8.016280673678953e-08,1.5579323756477553e-07
2017-09-24,0.0,0.0,0.0,0.0,0.0,2.7046880217231764e-07,1.740302355414847e-07
2017-09-25,0.0,0.0,0.0,0.0,0.0,2.6306901960945585e-07,2.1363020061732923e-07
2017-09-26,0.0,0.0,0.0,0.0,0.0,3.372509976142144e-07,2.044078330022792e-07
2017-09-27,0.0,0.0,0.0,0.0,0.0,2.8902824065779113e-07,1.8301028629909858e-07
2017-09-28,0.0,0.0,0.0,0.0,0.0,1.8767122892257182e-07,1.951862218997615e-07
2017-09-29,0.0,0.0,0.0,0.0,0.0,2.527431415068465e-07,1.8298217862374715e-07
2017-09-30,0.0,0.0,0.0,0.0,0.0,1.3827842833369922e-07,1.61646089118354e-07
2017-10-01,0.0,0.0,0.0,0.0,0.0,2.4693852295345327e-07,1.7005216481067822e-07
2017-10-02,0.0,0.0,0.0,0.0,0.0,2.3857593565697255e-07,1.0023668503290204e-07
2017-10-03,0.0,0.0,0.0,0.0,0.0,2.3002031532383295e-07,1.4889181933835566e-07
2017-10-04,0.0,0.0,0.0,0.0,0.0,3.2083950856391057e-07,1.8138926076365124e-07
2017-10-05,0.0,0.0,0.0,0.0,0.0,2.5701627525310853e-07,2.3086854426723362e-07
2017-10-06,0.0,0.0,0.0,0.0,0.0,1.9187776695507816e-07,2.6797282357385593e-07
2017-10-07,0.0,0.0,0.0,0.0,0.0,2.3940762247217576e-07,1.6618767933800938e-07
2017-10-08,0.0,0.0,0.0,0.0,0.0,2.1878383202407843e-07,1.9584825835137317e-07
2017-10-09,0.0,0.0,0.0,0.0,0.0,2.0935198050748575e-07,2.5477989601324606e-07
2017-10-10,0.0,0.0,0.0,0.0,0.0,3.054364486203153e-07,2.3662192157112403e-07
2017-10-11,0.0,0.0,0.0,0.0,0.0,1.779843092091602e-07,1.9841510381929044e-07
2017-10-12,0.0,0.0,0.0,0.0,0.0,2.63667185840773e-07,2.0259010911828997e-07
2017-10-13,0.0,0.0,0.0,0.0,0.0,2.9052772921427473e-07,3.137601327989439e-07
2017-10-14,0.0,0.0,0.0,0.0,0.0,1.711777558373529e-07,3.100240511979691e-07
2017-10-15,0.0,0.0,0.0,2.144686149956864e-08,0.0,3.3344637599175026e-07,2.087598964750796e-07
2017-10-16,0.0,0.0,0.0,3.249360906160547e-08,0.0,3.742195197600863e-07,3.2331555141652927e-07
2017-10-17,0.0,0.0,0.0,4.376023368245632e-08,0.0,1.763908946145884e-07,3.6916035195471985e-07
2017-10-18,0.0,0.0,0.0,4.4200031342607243e-08,0.0,3.4238592287945924e-07,2.0794699576939882e-07
2017-10-19,0.0,0.0,0.0,4.464424904272591e-08,0.0,3.5738748372722355e-07,3.041913692587706e-07
2017-10-20,0.0,0.0,0.0,3.3819698403714396e-08,0.0,2.1841589284811222e-07,2.487250112795958e-07
2017-10-21,0.0,0.0,0.0,4.554612269787719e-08,0.0,1.681346354925673e-07,3.084117623422588e-07
2017-10-22,0.0,0.0,0.0,3.4502901630770156e-08,0.0,2.6040333312073136e-07,3.035238815182514e-07
2017-10-23,0.0,0.0,0.0,5.808276926174669e-08,0.0,1.9662302760240996e-07,4.797850238952812e-07
2017-10-24,0.0,0.0,0.0,2.3466604319015366e-08,0.0,3.529195005299397e-07,3.8768555483992837e-07
2017-10-25,0.0,0.0,0.0,3.555367141997929e-08,0.0,2.701170005422968e-07,4.627785611589495e-07
2017-10-26,0.0,0.0,0.0,1.1970330586068565e-08,0.0,3.2931423315583234e-07,3.951518986810545e-07
2017-10-27,0.0,0.0,0.0,2.4181268817022566e-08,0.0,3.1570537513551894e-07,3.6918899818994344e-07
2017-10-28,0.0,0.0,0.0,2.4424294608940822e-08,0.0,2.271592207494103e-07,3.4266432206624934e-07
2017-10-29,0.0,0.0,0.0,2.4669762850673626e-08,0.0,2.1358149701250315e-07,3.2975487466523585e-07
2017-10-30,0.0,0.0,0.0,1.2458849044624848e-08,0.0,3.534920594303281e-07,5.281924223495942e-07
2017-10-31,0.0,0.0,0.0,3.775218767759927e-08,0.0,3.242219524450779e-07,5.72902052517816e-07
2017-11-01,0.0,0.0,0.0,2.5445336878018652e-08,0.0,3.7254512051617607e-07,4.691600869276921e-07
2017-11-02,0.0,0.0,4.23198692293412e-08,2.570106676515568e-08,0.0,3.4310729137515743e-07,5.433332595264092e-07
2017-11-03,0.0,0.0,5.343148873259526e-08,3.893905017058028e-08,0.0,2.3505627269923728e-07,6.494605783451772e-07
2017-11-04,0.0,0.0,1.079369682438274e-08,0.0,0.0,2.8343911397718534e-07,5.379578914927497e-07
2017-11-05,0.0,0.0,1.090217528092364e-08,5.296756155119343e-08,0.0,4.1143417591305417e-07,6.00559865655679e-07
2017-11-06,0.0,0.0,1.101174396407781e-08,4.0124920796117914e-08,0.0,5.849542414914003e-07,6.626271769129227e-07
2017-11-07,0.0,0.0,1.2614518453625968e-07,4.052818295435791e-08,0.0,5.226605704656513e-07,8.490240091084033e-07
2017-11-08,0.0,0.0,7.644777883062739e-08,5.4580663952889255e-08,3.036249294114085e-08,2.4628785077520355e-07,6.861977258773415e-07
2017-11-09,0.0,0.0,1.286934863018145e-07,1.3782302186295155e-08,2.2489603450080205e-08,5.09005622614936e-07,8.063649715685888e-07
2017-11-10,0.0,0.0,2.5997375468358366e-08,5.568326650428766e-08,2.9516011049873596e-08,2.8942120213308473e-07,7.609027703060841e-07
2017-11-11,0.0,0.0,0.0,1.4060723159112001e-08,1.6562584384768317e-08,2.3918162235534065e-07,7.052676618010538e-07
2017-11-12,0.0,0.0,4.0629180366444986e-08,5.680814310474123e-08,1.6729041125180875e-08,2.228945556753891e-07,8.323511515413756e-07
2017-11-13,0.0,0.0,8.20750208352411e-08,4.303430582601391e-08,2.6349103528604407e-08,3.051250436405319e-07,1.0882374862710948e-06
2017-11-14,0.0,0.0,1.2434983276210778e-07,1.448893592997218e-08,3.992087463237738e-08,4.001207942428373e-07,1.062212874574146e-06
2017-11-15,0.0,0.0,1.679194385875965e-07,2.9269104313880412e-08,8.960463576128644e-09,3.978998295113575e-07,9.088980329506629e-07
2017-11-16,0.0,0.0,1.6960705700208154e-07,7.390815925659714e-08,5.430310639332203e-08,3.6500108765450095e-07,1.1821801220860132e-06
2017-11-17,0.0,0.0,1.713116362636065e-07,8.958113832721108e-08,2.742443084288214e-08,4.1757306014590183e-07,1.0236907916965317e-06
2017-11-18,0.0,0.0,2.3071112910869058e-07,7.540120311249128e-08,3.6933401273388416e-08,3.870392809969378e-07,1.047157263301205e-06
2017-11-19,0.0,0.0,1.1651490725220501e-07,1.5231799560423824e-08,2.797844109537945e-08,3.1677066502598276e-07,9.679078025925044e-07
2017-11-20,0.0,0.0,5.8842950768943005e-08,4.615464507299591e-08,4.2389443654713854e-08,3.768289821859026e-07,1.170941092716586e-06
2017-11-21,0.0,0.0,1.7830299676768909e-07,3.107900464512667e-08,2.388709426882638e-08,3.8631127759926686e-07,1.4865398892068197e-06
2017-11-22,0.0,0.0,6.003165722560408e-08,1.569567691730991e-08,1.8095372668037522e-08,4.0414778378363166e-07,1.1388410297896391e-06
2017-11-23,0.0,0.0,2.425399416442436e-07,1.1097394764979596e-07,5.483170256040475e-08,6.520052762337566e-07,1.3110221816188775e-06
2017-11-24,0.0,0.0,6.124437714558816e-08,0.0,3.692184688843082e-08,4.3953084319367494e-07,1.2754122286399793e-06
2017-11-25,0.0,0.0,1.8557968010660135e-07,3.2347362885823114e-08,3.107743134892968e-08,3.047257371071871e-07,1.1340505063543445e-06
2017-11-26,0.0,0.0,1.8744478689909915e-07,3.267245928755785e-08,3.138976472653318e-08,4.365994556792344e-07,1.494578735920454e-06
2017-11-27,0.0,0.0,6.310954610883047e-08,6.560173604649283e-08,3.1705237106767574e-08,6.244164222181541e-07,1.7206459007937615e-06
2017-11-28,0.0,0.0,1.9123142277549063e-07,4.4174029636514385e-08,6.40477600742675e-08,4.5270544045405467e-07,1.6564911716213533e-06
2017-11-29,0.0,0.0,1.2876888701741835e-07,4.461798601514234e-08,7.762974091725671e-08,5.077520071750519e-07,1.7246908167486172e-06
2017-11-30,0.0,0.0,1.3006303584718577e-07,6.75996063443304e-08,5.880744958813187e-08,3.5625785999257836e-07,2.361687802688092e-06
2017-12-01,0.0,0.0,1.3117409276212551e-07,6.806571221141287e-08,6.578655541511459e-08,2.4966489219359746e-07,2.0618464215792185e-06
2017-12-02,0.0,0.0,0.0,2.2916594663946824e-08,3.3223860644464186e-08,3.954213817022555e-07,1.2505127490608959e-06
2017-12-03,0.0,0.0,1.338239852127144e-07,4.629382053863928e-08,2.6846212796097732e-08,4.629135860599467e-07,1.5268171267141381e-06
2017-12-04,0.0,0.0,2.0275340793595712e-07,9.21208581859504e-08,5.4232043440551275e-08,4.219918710481447e-07,1.8957218153579313e-06
2017-12-05,0.0,0.0,2.0479111356259797e-07,1.3749493118581265e-07,5.318884450105415e-08,6.220160494011784e-07,2.1349054395933555e-06
2017-12-06,0.0,0.0,2.2797764732252889e-07,6.841116235019891e-08,1.2535460297570838e-07,4.207816876434215e-07,2.108700208680662e-06
2017-12-07,0.0,0.0,7.675628692319195e-08,5.6087939419302686e-08,7.235110724593358e-08,4.852096965595332e-07,1.8101146379993137e-06
2017-12-08,0.0,0.0,1.5505540086306072e-07,2.0004154283026513e-07,8.221302895778976e-08,4.6628833678185284e-07,1.4898722286043692e-06
2017-12-09,0.0,0.0,0.0,1.0002912925998582e-07,8.30392836353111e-08,3.355743726954442e-07,2.2282484121708563e-06
2017-12-10,0.0,0.0,7.909386386944017e-08,6.669832673408199e-08,1.491090529962588e-07,3.5528014155545093e-07,2.241434673848645e-06
2017-12-11,0.0,0.0,3.9944385208330255e-07,1.3343447436619122e-07,8.471678843960622e-08,3.948814046981729e-07,2.357353410541317e-06
2017-12-12,0.0,0.0,4.0345832953748345e-07,1.1081436834928351e-07,1.5212125567690377e-07,4.292549649563677e-07,2.7262576405476065e-06
2017-12-13,0.0,0.0,4.0751315316083443e-07,3.699009712840856e-08,5.76187873925663e-08,5.515533135626334e-07,2.9736856544139796e-06
2017-12-14,0.0,0.0,8.232174568781941e-08,1.4818308205704256e-07,1.2602127883294757e-07,4.900111486738356e-07,2.509116376173058e-06
2017-12-15,0.0,0.0,3.325963719465695e-07,1.193405499482162e-07,1.5910976717672406e-07,6.326605121363112e-07,3.9353217776760246e-06
2017-12-16,0.0,0.0,5.039085315843308e-07,1.8088090407387367e-07,1.7677973161373048e-07,4.941125370181011e-07,3.0520027935315263e-06
2017-12-17,0.0,0.0,3.393152643479275e-07,1.3610386574163314e-07,1.460915979165351e-07,5.505076209136975e-07,2.9161910352703504e-06
2017-12-18,0.0,0.0,1.7136271972441636e-07,1.3656066392785542e-07,1.967464571802525e-07,7.65512492774799e-07,3.572647822500941e-06
2017-12-19,0.0,0.0,1.7308494368964427e-07,9.135407886284763e-08,2.318444239394875e-07,8.585781815233985e-07,4.477895463445399e-06
2017-12-20,0.0,0.0,3.49648952586958e-07,1.97620553491807e-07,1.839942493224095e-07,7.546151168492635e-07,3.515560705554287e-06
2017-12-21,0.0,0.0,5.297444744718919e-07,5.17469820266243e-08,1.8358297694933767e-07,7.558143862438842e-07,4.432557423330644e-06
2017-12-22,0.0,0.0,2.6649958583604083e-07,3.638268634563252e-07,1.390710124061156e-07,6.653208452576464e-07,5.554880082159364e-06
2017-12-23,0.0,0.0,1.78769056411202e-07,2.302352703018999e-07,1.8729159908981533e-07,3.677283872604848e-07,4.0585078038185225e-06
2017-12-24,0.0,0.0,2.6983439897948894e-07,2.892564466934382e-07,3.3105434416972573e-07,5.065774695696205e-07,5.281057700736125e-06
2017-12-25,0.0,0.0,1.8102813133795706e-07,2.3259818511617492e-07,2.627283180048773e-07,9.427543732972605e-07,5.7088929479623154e-06
2017-12-26,0.0,0.0,4.554619158006148e-07,2.3381447288994337e-07,5.127537713768131e-07,9.446133809075683e-07,5.314678313646421e-06
2017-12-27,0.0,0.0,6.385397224337527e-07,1.1752707115292348e-07,2.5895351622609366e-07,9.951087404197192e-07,7.639340382621541e-06
2017-12-28,0.0,0.0,5.481399576437195e-07,2.363173173318602e-07,3.1307680278668756e-07,7.281953596939014e-07,7.439504668074735e-06
2017-12-29,0.0,0.0,2.1117612101967012e-07,5.940103107163458e-08,3.417274185468429e-07,1.1081080186747269e-06,9.358049716445227e-06
2017-12-30,0.0,0.0,3.176538243840782e-07,2.389146918516492e-07,4.978336472134174e-07,7.424066475463708e-07,6.9861147998876625e-06
2017-12-31,0.0,0.0,3.1857523288580196e-07,1.2012457554252076e-07,3.3398800253750767e-07,5.834515367859302e-07,7.900178622175741e-06
2018-01-01,0.0,0.0,3.126954338702735e-07,3.533681351097274e-07,4.0868447672930555e-07,1.0676289909351573e-06,8.224365115685278e-06
2018-01-02,0.0,0.0,2.0820515212572063e-07,2.9615862582090687e-07,4.930049264642194e-07,8.040361432151455e-07,9.08435310565878e-06
2018-01-03,0.0,0.0,6.239025070799291e-07,1.7872405309585354e-07,3.854960524774779e-07,1.141023601794358e-06,7.804157134082952e-06
2018-01-04,0.0,0.0,4.1369343041788725e-07,5.992360108446993e-08,4.152668343670865e-07,1.1240322709324335e-06,8.031078470347307e-06
2018-01-05,0.0,0.0,2.0574661290180458e-07,3.013925510685015e-07,3.8970746356861075e-07,1.0123262061999021e-06,6.14643698602292e-06
2018-01-06,0.0,4.771454692988264e-07,1.023335427137059e-07,3.031972362209215e-07,5.318256335606224e-07,8.521183840356787e-07,7.439508607058079e-06
2018-01-07,0.0,7.229112914830999e-07,4.0721604966423644e-07,1.8301934480977722e-07,2.814819734581e-07,9.515244779428007e-07,7.683238786581443e-06
2018-01-08,0.0,4.867844471663579e-07,4.466710094234373e-07,3.0689774995666534e-07,4.06279914035815e-07,7.8868067592321e-07,7.87304444330638e-06
2018-01-09,0.0,7.375150682915312e-07,4.450515315272277e-07,3.6095963228085777e-07,5.974532547207917e-07,1.1152798646145876e-06,7.262526251075528e-06
2018-01-10,0.0,9.932362906066035e-07,1.1086913978876203e-07,3.6341098440793585e-07,3.160221588968633e-07,9.925534157578604e-07,6.8097465166159505e-06
2018-01-11,0.0,5.016092406406297e-07,4.4194593480834925e-07,4.39078413523558e-07,4.129148904932651e-07,6.644417142143315e-07,6.697735659705968e-06
2018-01-12,0.0,2.5332524866001535e-07,3.303446290675654e-07,2.947383693098967e-07,4.915840397137689e-07,1.0778615012014997e-06,6.7358242070776104e-06
2018-01-13,0.0,5.117424194713738e-07,3.2926284176706383e-07,2.2259045276497648e-07,3.8040167512226527e-07,8.76311034777399e-07,4.906560582071923e-06
2018-01-14,0.0,0.0,7.658326223919597e-07,3.735823129638326e-07,4.592397860621445e-07,6.471729064682698e-07,5.027487466558988e-06
2018-01-15,0.0,2.6104015104661485e-07,3.271979419548024e-07,2.2573073791719226e-07,4.2353986247730483e-07,7.540744507319458e-07,5.902037813173747e-06
2018-01-16,0.0,5.273272963606195e-07,0.0,3.0243166327095487e-07,4.070372552167139e-07,7.6899800714115e-07,6.9019288390424965e-06
2018-01-17,0.0,1.0652540475941727e-06,4.336852342426937e-07,2.4358914465892916e-07,4.5061297934300455e-07,9.107531163983921e-07,5.945651716725595e-06
2018-01-18,0.0,2.6899000718989515e-07,3.243457550763223e-07,2.448849130437567e-07,3.710700324172393e-07,5.666553758652348e-07,7.1981990655079736e-06
2018-01-19,0.0,0.0,4.645059129596071e-07,3.2827356016528017e-07,4.564924532810409e-07,8.011655292750455e-07,5.026751352780062e-06
2018-01-20,0.0,5.488479315778755e-07,5.052343450317796e-07,0.0,2.5063664540004623e-07,7.621925055025839e-07,5.685394382087943e-06
2018-01-21,0.0,5.543639449940331e-07,3.7867064687317895e-07,1.6594645395988007e-07,3.784537065984848e-07,9.770190142250097e-07,5.507114900081501e-06
2018-01-22,0.0,2.799676976333308e-07,7.569068047055409e-07,8.691578095536754e-08,3.809902907829392e-07,9.178418661576695e-07,7.020352786877456e-06
2018-01-23,0.0,5.655628395454314e-07,1.2609133449599206e-07,1.5439474272453143e-07,8.097482791072592e-07,8.380751681105996e-07,6.065903075554731e-06
2018-01-24,0.0,5.712468405794594e-07,7.5626486467752e-07,4.412457180007118e-07,5.141351428683496e-07,7.446820745604666e-07,6.4148813937361215e-06
2018-01-25,0.0,5.769879667735861e-07,2.515671493441772e-07,1.7796083106738318e-07,3.015260114576967e-07,8.902531565386487e-07,8.473662759647183e-06
2018-01-26,0.0,8.741801883678227e-07,1.2553558369354435e-07,4.477514048067737e-07,2.6574783652307153e-07,9.12568923629966e-07,5.882117158706616e-06
2018-01-27,0.0,2.943219484408629e-07,3.759004391339484e-07,1.79917593740299e-07,8.908071241150539e-08,9.509842815607301e-07,5.765021820006372e-06
2018-01-28,0.0,5.945598663984629e-07,6.77301644664223e-07,6.326341611351803e-07,6.271140455589025e-07,8.532999015078642e-07,5.685665290077589e-06
2018-01-29,0.0,9.008029385959623e-07,5.414171254053548e-07,3.6321143321292835e-07,5.406221281409313e-07,9.084476144488045e-07,7.812720367038321e-06
2018-01-30,0.0,6.065707724258408e-07,5.410470772430541e-07,5.474309294061996e-07,4.984576613320546e-07,1.1085217841805246e-06,7.890352703176185e-06
2018-01-31,0.0,2.1280991117162666e-06,5.407311342393517e-07,5.494182340557812e-07,5.925575910285177e-07,1.131219111063226e-06,6.175993526448664e-06
2018-02-01,0.0,8.526093215622986e-07,9.441237741418366e-07,8.715319596843448e-07,3.199463975282325e-07,1.105473797161574e-06,6.4305650538625015e-06
2018-02-02,0.0,2.5835345631045565e-06,8.089377756290291e-07,7.779014245995465e-07,6.410642702431717e-07,1.0028791619978993e-06,7.388125405080929e-06
2018-02-03,0.0,1.7396663447543205e-06,5.391383309635377e-07,3.9025318927551e-07,4.3931773864087947e-07,1.1061156648885276e-06,5.516784168335031e-06
2018-02-04,0.0,1.3178627116423539e-06,6.737984072376285e-07,4.886443821644669e-07,5.089176571889214e-07,1.3675422671914563e-06,6.633036294433316e-06
2018-02-05,0.0,2.2185124201472573e-06,9.432377936422825e-07,2.9371268554798066e-07,4.5934791399525614e-07,1.0015875110905503e-06,9.564291026896889e-06
2018-02-06,0.0,1.3444853043888238e-06,5.390012238384477e-07,4.904468555176624e-07,4.607158716946737e-07,1.1537849839796886e-06,9.951602824394284e-06
2018-02-07,0.0,9.053317375600932e-07,2.695316616550006e-07,3.931372908396926e-07,3.5943436772848253e-07,1.1570365577377168e-06,8.031794935989369e-06
2018-02-08,0.0,9.144304727891723e-07,4.043844971723302e-07,5.178845529206003e-07,3.2666722339074163e-07,1.1968183084517515e-06,8.855107760977166e-06
2018-02-09,0.0,1.3854309777413376e-06,8.090238812977297e-07,3.109880491217502e-07,5.444982407726931e-07,1.2368771065065525e-06,7.5081704568090375e-06
2018-02-10,0.0,1.3993547905512205e-06,8.731383711066623e-07,5.187941092586833e-07,2.1784222380212425e-07,1.0518318967448908e-06,8.95258649055926e-06
2018-02-11,0.0,4.711395133354303e-07,2.498091868822822e-07,3.110866202717635e-07,5.447673392477181e-07,1.3178718665592445e-06,7.852332780656723e-06
2018-02-12,0.0,1.427623632493215e-06,1.2508762443047636e-07,2.072852559397227e-07,5.449835961780249e-07,7.549060859841497e-07,7.550413641737678e-06
2018-02-13,0.0,1.4419714885330787e-06,5.011326571459788e-07,3.108002405949028e-07,5.997797871143141e-07,1.192749190736603e-06,7.239218796817316e-06
2018-02-14,0.0,9.709756952822953e-07,0.0,1.0356789252109406e-07,3.270603713515673e-07,9.554649221123007e-07,8.66235353939178e-06
2018-02-15,0.0,0.0,4.486648640750494e-07,4.1418424687778476e-07,4.905012567893382e-07,1.1106082880673696e-06,8.664629039430144e-06
2018-02-16,0.0,4.952953527302042e-07,4.5013674449590065e-07,7.247420992718125e-07,3.6804640790178675e-07,9.204939493757179e-07,9.261352887004923e-06
2018-02-17,0.0,2.001092615124619e-06,8.99698029761247e-07,1.035334630459118e-07,5.785792784719585e-07,1.2146448265807905e-06,7.091959743043366e-06
2018-02-18,0.0,5.05300982564379e-07,5.620078381771374e-07,6.212561634848844e-07,5.143454735292598e-07,1.0642049368870949e-06,7.750825382356756e-06
2018-02-19,0.0,5.103793418669454e-07,8.98816974409047e-07,3.1068683741418095e-07,4.1150600690967985e-07,1.1793420818508871e-06,8.205356847626317e-06
2018-02-20,0.0,2.0620349581160633e-06,4.938413861168825e-07,4.143688827047569e-07,7.2025937539424e-07,1.1185372237492936e-06,7.216610689718204e-06
2018-02-21,0.0,1.562069065483894e-06,9.887607949037274e-08,1.0363252152271287e-07,7.070320009582737e-07,9.435814478583275e-07,7.996582478384722e-06
2018-02-22,0.0,1.0518454137260118e-06,4.949688472385751e-07,2.0736637141549902e-07,1.5746193536577375e-07,1.307578141446795e-06,8.460201118853481e-06
2018-02-23,0.0,1.062416635880674e-06,5.990300737066251e-07,5.187210914887996e-07,3.677849356607566e-07,8.581491175896207e-07,9.035958753333774e-06
2018-02-24,0.0,2.146188201168549e-06,4.2924003880632637e-07,2.076312507921077e-07,2.629967625724494e-07,1.0734605967511691e-06,7.083668053558459e-06
2018-02-25,0.0,1.0684317518960487e-06,3.445155023184589e-07,4.155896565736028e-07,1.5798977974101102e-07,7.025684152296663e-07,8.487390447073018e-06
2018-02-26,0.0,5.319381236366874e-07,6.049284945010753e-07,6.239375563124602e-07,7.38254071558197e-07,1.097765867440977e-06,8.990579928462918e-06
2018-02-27,0.0,2.648567827904988e-06,2.5913433607968597e-07,3.1227651102004857e-07,4.216886224944261e-07,1.0886402694358329e-06,8.399798455109095e-06
2018-02-28,0.0,1.0550839586465908e-06,8.634650557901216e-08,4.154622567326415e-07,3.1616995855551233e-07,1.006501760272244e-06,8.386684545636117e-06
2018-03-01,0.0,2.6131391841967974e-06,2.5845445791507797e-07,4.1392559320452124e-07,4.1149043019211873e-07,8.821103585898553e-07,9.526496091219228e-06
2018-03-02,0.0,1.0411450817269142e-06,1.7227435050209275e-07,2.0655175472149588e-07,4.115375538726269e-07,1.1275091540915615e-06,8.189158485986756e-06
2018-03-03,0.0,5.185693025754529e-07,2.5839443495911925e-07,2.0616136818833036e-07,3.0757190941605023e-07,9.148992133475283e-07,8.182580868692072e-06
2018-03-04,0.0,1.0332358432996974e-06,4.306719730398746e-07,4.3235350829208253e-07,6.64129723562246e-07,1.0895173315408424e-06,9.791334805122836e-06
2018-03-05,0.0,1.544154608840778e-06,1.722918488149662e-07,5.398298395190328e-07,6.61920056915516e-07,9.829826737723622e-07,9.086861340279452e-06
2018-03-06,0.0,2.5643497824661554e-06,4.308303443561027e-07,2.1570871084270956e-07,6.597765828260795e-07,1.1924085068231142e-06,8.94535042615003e-06
2018-03-07,0.0,1.5332189923877364e-06,6.033638100955528e-07,5.133188515417934e-07,5.558133838330495e-07,1.3298106930998852e-06,8.468863307483355e-06
2018-03-08,0.0,2.0373085846302727e-06,5.173932642654652e-07,3.073645239589294e-07,4.527898824331088e-07,1.1175263223665263e-06,1.0909760010235987e-05
2018-03-09,0.0,1.0152644559832282e-06,3.451128588044115e-07,7.157931053030717e-07,3.005790928516493e-07,1.2192065516426478e-06,1.0512702551815594e-05
2018-03-10,0.0,5.059880734714874e-07,4.3031346240053944e-07,5.103385009111915e-07,4.988805370683243e-07,1.423148503267032e-06,7.306154526645874e-06
2018-03-11,0.0,2.0175780727214633e-06,1.7103616793877053e-07,6.113366959146764e-07,3.9747664628267347e-07,1.1915726051737146e-06,8.489098144963928e-06
2018-03-12,0.0,1.0057028055227854e-06,3.3992810935329953e-07,5.08606937429136e-07,3.9588861090654736e-07,1.3320106259291945e-06,1.0164861246801992e-05
2018-03-13,0.0,5.013585729017399e-07,3.378178759232678e-07,6.087029015997318e-07,6.408027676723079e-07,1.0815013541575326e-06,9.765845274230942e-06
2018-03-14,0.0,9.998317586343548e-07,8.393535614058604e-08,3.1914690881434113e-07,6.874545175424204e-07,1.2066491008465644e-06,8.956344365272352e-06
2018-03-15,0.0,4.985231777371446e-07,2.5027391071774663e-07,6.350688401463489e-07,5.640742777742867e-07,1.4280098208021726e-06,7.937235268038136e-06
2018-03-16,0.0,9.943606577806458e-07,2.2848882540800804e-07,3.159536850386279e-07,6.558497445454208e-07,8.717246385741067e-07,9.110051619690313e-06
2018-03-17,0.0,4.958871984907086e-07,1.5147222747634573e-07,2.9913527116798475e-07,4.6659441505933394e-07,8.666685339541028e-07,6.57299432759888e-06
2018-03-18,0.0,9.892873144483677e-07,5.272180154371469e-07,0.0,2.788628320213648e-07,1.0212730037448531e-06,6.5494880393279975e-06
2018-03-19,0.0,9.868991614711725e-07,3.728372203807954e-07,3.7508822931301164e-07,6.018932866325552e-07,9.837515090846857e-07,8.998354234776399e-06
2018-03-20,0.0,4.923048496162715e-07,4.4295291366421006e-07,3.7354699465033576e-07,3.6901166792762846e-07,1.0670156870540961e-06,6.324696889352542e-06
2018-03-21,0.0,9.824186987843472e-07,5.116363682872875e-07,1.860215574992076e-07,5.055385068698295e-07,9.386309026239731e-07,5.608044191895415e-06
2018-03-22,0.0,0.0,1.4472728610367347e-07,3.5700375155212374e-07,3.663538360808293e-07,9.995709807274714e-07,8.427436022154115e-06
2018-03-23,0.0,9.629655051801659e-07,4.298616766377307e-07,8.87577748310355e-08,5.019849164246942e-07,1.079828577125087e-06,6.9078280222853006e-06
2018-03-24,0.0,4.766919191549034e-07,3.546537345752699e-07,3.53093950501953e-07,2.7816847865610605e-07,6.374034538295967e-07,7.6262834187266974e-06
2018-03-25,0.0,4.7194875530888404e-07,2.80899896763814e-07,2.5575944629284704e-07,2.768481804885517e-07,9.48255503223143e-07,7.984115214622451e-06
2018-03-26,0.0,9.345055734633749e-07,2.781048960911725e-07,3.1888813068382983e-07,6.288213285584376e-07,1.0150696574855432e-06,8.171606280697782e-06
2018-03-27,0.0,9.252070876450852e-07,5.506754122797901e-07,1.5867959984637143e-07,3.5151170549459677e-07,7.734595050832392e-07,7.255747562001309e-06
2018-03-28,0.0,4.5800056165328435e-07,6.814951254717009e-08,2.3689650366456906e-07,7.37509415292493e-07,4.933027391628444e-07,7.760932503795974e-06
2018-03-29,0.0,9.068867598437194e-07,2.0241424070223775e-07,3.1439639654314914e-07,3.8579595525570974e-07,8.026973787254349e-07,6.675933638429725e-06
2018-03-30,0.0,4.4893154290629806e-07,4.008003707114292e-07,7.467786350733308e-08,3.0600913600456367e-07,4.5441500563740664e-07,5.921772494568722e-06
2018-03-31,0.0,8.889291988382758e-07,6.613539006490923e-08,0.0,2.2529184218603868e-07,7.351274019441165e-07,7.44342016625227e-06
2018-04-01,0.0,1.3198470346866943e-06,1.9612241607209623e-07,2.1501935024159974e-07,3.510751902995507e-07,8.233704917188629e-07,6.127950084139357e-06
2018-04-02,0.0,8.711428915105962e-07,4.5306558599554937e-07,2.6453412081258705e-07,3.7986547758153924e-07,7.931079682968671e-07,7.231538642830493e-06
2018-04-03,0.0,0.0,4.48557508092363e-07,1.972193422636646e-07,2.5118521689131554e-07,7.633187561268118e-07,7.031581618617052e-06
2018-04-04,0.0,0.0,6.344204090196931e-08,1.9605781601646528e-07,2.802958883916927e-07,8.090700654021271e-07,6.292735849570823e-06
2018-04-05,0.0,8.453967281489906e-07,3.140539102385132e-07,6.497196523808321e-08,2.6511900835087666e-07,5.632674704125669e-07,7.630809082125155e-06
2018-04-06,0.0,4.184924450779994e-07,6.218580432398321e-08,6.459782238801196e-08,2.9223988000701117e-07,4.292734972366453e-07,5.243583419394259e-06
2018-04-07,0.0,4.1432837567475615e-07,0.0,2.5692055749604495e-07,2.899323083001386e-07,5.129061923983834e-07,5.206721969169614e-06
2018-04-08,0.0,0.0,1.8982844666308315e-07,6.386887942747318e-08,1.438268650328536e-07,6.515807393001722e-07,6.2226138348739046e-06
2018-04-09,0.0,4.06124124149739e-07,0.0,1.2702801284420424e-07,2.1913740648696544e-07,6.26047014798688e-07,6.949037323761763e-06
2018-04-10,0.0,2.0104156079798776e-06,1.395521936812772e-07,3.1582742435150884e-07,2.1745178840870444e-07,6.978438093250571e-07,6.7784660257138255e-06
2018-04-11,0.0,7.961646553788841e-07,2.302727102558003e-07,3.141163995981328e-07,2.6973489461311854e-07,6.722271704482627e-07,4.997640079181153e-06
2018-04-12,0.0,0.0,4.103666253103057e-07,1.8746207204788858e-07,2.4091382468663784e-07,6.285640428804218e-07,4.9588429550360725e-06
2018-04-13,0.0,0.0,1.3542780305489177e-07,0.0,1.8551298272801935e-07,5.034501563574606e-07,5.786162976704694e-06
2018-04-14,0.0,3.863172168908127e-07,0.0,2.473369024176248e-07,2.0990525452364323e-07,3.0786045928401843e-07,4.6875917180767925e-06
2018-04-15,0.0,0.0,4.424871762775115e-08,1.8455085334838345e-07,2.597708279302623e-07,5.07995327553475e-07,4.141518530040745e-06
2018-04-16,0.0,2.9611150421917504e-07,2.190421776548446e-07,6.120582837422531e-08,2.0574885200419188e-07,5.604196255427774e-07,4.785369694829691e-06
2018-04-17,0.0,0.0,1.734901372569877e-07,2.4360330506466113e-07,2.546270209010405e-07,3.4144206590670636e-07,5.159112372895426e-06
2018-04-18,0.0,0.0,3.281797196376695e-08,3.6361148574889624e-07,1.787104330983214e-07,3.9438543735022493e-07,3.836699096178775e-06
2018-04-19,0.0,2.873600867018286e-07,6.498285537342468e-08,2.0053154977700158e-07,3.0963141051191117e-07,3.537546048326078e-07,5.282351518332325e-06
2018-04-20,0.0,2.8450080606529195e-07,9.650439773850799e-08,1.9978928520879597e-07,1.751717294290503e-07,2.501676340732328e-07,4.314925266173694e-06
2018-04-21,0.0,4.225049636196698e-07,0.0,1.9906699973560284e-07,1.951073342986337e-07,3.5913371555925895e-07,4.589534101185676e-06
2018-04-22,0.0,2.7886731265990166e-07,1.8918696526310597e-07,2.4795577641034133e-07,1.4149626687681094e-07,3.432995762320217e-07,4.187656955262374e-06
2018-04-23,0.0,1.3804626826850644e-07,6.243484116874921e-08,2.46255270072649e-07,1.245229826644574e-07,3.1560628206219627e-07,4.9772558674202265e-06
2018-04-24,0.0,1.3667268494892785e-07,1.5453401029818973e-07,1.4674763368030645e-07,9.246296871367246e-08,4.807168416705699e-07,3.3022144562462963e-06
2018-04-25,0.0,4.0593830703521534e-07,3.0599274240862987e-08,2.429279670044693e-07,1.678287358053642e-07,3.4505188115287037e-07,3.992766421136116e-06
2018-04-26,0.0,0.0,6.05896127500232e-08,9.652033501636094e-08,9.234157324916772e-08,4.2922896406660277e-07,3.029024306314658e-06
2018-04-27,0.0,0.0,2.999336801504347e-08,1.71405920460778e-07,1.0448315342111442e-07,4.249580645144678e-07,2.8114481464788293e-06
2018-04-28,0.0,2.626273446390451e-07,1.1877971606748563e-07,8.517260318651842e-08,1.2930441084270393e-07,2.2261824434124223e-07,3.477453859142906e-06
2018-04-29,0.0,0.0,2.130106079768024e-08,2.1162690868485976e-07,1.4081959150363847e-07,1.346792960697417e-07,2.9544043424262718e-06
2018-04-30,0.0,1.2871348739463402e-07,2.1932226556181904e-08,1.2620608336238899e-07,1.1406961076465704e-07,3.1480723930789016e-07,3.000098855792488e-06
2018-05-01,0.0,1.267356803379479e-07,2.1699833925514774e-08,8.361594578615967e-08,5.020455528705265e-08,1.9496761259941088e-07,2.801185541024454e-06
2018-05-02,0.0,0.0,2.1483916970340452e-08,1.145049997345249e-07,9.941002323079479e-08,2.0633990433296855e-07,2.791102080990868e-06
2018-05-03,0.0,1.2422614572788555e-07,2.1270148424766494e-08,3.77885519835383e-08,1.2302609621581164e-07,2.215161668015047e-07,1.933581613890728e-06
2018-05-04,0.0,0.0,2.10585069117602e-08,1.3619190012778756e-07,1.2180196610527347e-07,1.1574802328269643e-07,2.8063781268622584e-06
2018-05-05,0.0,1.2176630323248505e-07,4.1697942533987776e-08,0.0,1.205900162928478e-07,1.1748902066025589e-07,2.2745765330665998e-06
2018-05-06,0.0,2.4110941654314523e-07,3.096228080509273e-08,2.6699023964076695e-08,1.2080143485963773e-07,1.221010656541001e-07,2.292279064078756e-06
2018-05-07,0.0,0.0,5.109033493929518e-08,7.930009271069756e-08,1.195994404994453e-07,1.4022792211166818e-07,2.4730636452851026e-06
2018-05-08,0.0,3.5450269532603514e-07,0.0,1.5702208720903949e-07,1.076449147117903e-07,1.3883263097364838e-07,2.0279981072333228e-06
2018-05-09,0.0,1.1699177819039106e-07,0.0,1.295497427802141e-07,1.7051812786296215e-07,8.98632472299616e-08,2.107569993442961e-06
2018-05-10,0.0,2.3165538109483238e-07,0.0,1.0260856104143876e-07,8.441072207097253e-08,1.1522754307651589e-07,1.5367625496301307e-06
2018-05-11,0.0,0.0,0.0,2.539689720007945e-08,9.401717402214029e-08,9.705842224494342e-08,1.5282134131812605e-06
2018-05-12,0.0,0.0,0.0,2.005710905900018e-08,1.0342409723354066e-07,8.236514983505379e-08,1.2071940286765625e-06
2018-05-13,0.0,0.0,0.0,7.943014995740825e-08,1.126345112988972e-07,5.1645548503916205e-08,1.3259512238305377e-06
2018-05-14,0.0,0.0,0.0,0.0,6.539782037106419e-08,7.452985294804268e-08,1.4384737072677445e-06
2018-05-15,0.0,0.0,0.0,3.8928663804404094e-08,2.1119977938761595e-08,4.082273373772417e-08,1.4482180671434854e-06
2018-05-16,0.0,0.0,0.0,7.708263425525507e-08,4.7047118955878285e-08,3.5364473156442816e-08,1.3028749698349968e-06
2018-05-17,0.0,0.0,0.0,1.90789123073408e-08,4.1403548711684116e-08,4.501618813178117e-08,1.2352037067549788e-06
2018-05-18,0.0,0.0,0.0,1.5111259166398175e-07,4.099157651862844e-08,4.456826957589122e-08,9.14282280705633e-07
2018-05-19,0.0,0.0,0.0,2.7228079480216382e-08,1.3210626814321828e-08,4.657618609988249e-08,9.600447181949935e-07
2018-05-20,0.0,0.0,0.0,0.0,2.397849461560965e-08,3.640479892488867e-08,9.369136548744239e-07
2018-05-21,0.0,0.0,0.0,2.6688927383198984e-08,1.510721202310705e-08,3.6042565123257916e-08,1.0123498812785438e-06
2018-05-22,0.0,0.0,0.0,9.248178841537919e-08,1.9230290681002165e-08,3.330500656763006e-08,7.456248768057763e-07
2018-05-23,0.0,0.0,0.0,6.540112803247993e-08,2.5385261455565824e-08,4.239464941966769e-08,7.227712902929643e-07
2018-05-24,0.0,0.0,0.0,3.8850225561338895e-08,8.377557961254035e-09,1.5327217452075687e-08,7.404691824913143e-07
2018-05-25,0.0,0.0,0.0,5.128487914416166e-08,2.0735499666908943e-08,1.0622296363185415e-08,7.037773353810317e-07
2018-05-26,0.0,0.0,0.0,3.8080939552892576e-08,1.4370424598550393e-08,1.101739335547307e-08,5.465109216321189e-07
2018-05-27,0.0,0.0,0.0,3.770202787335341e-08,1.0162454631928405e-08,1.2890999089014447e-08,5.681266994591832e-07
2018-05-28,0.0,0.0,0.0,1.1198065928406012e-07,3.823307877153189e-08,1.8653222968757626e-08,6.51755291069937e-07
2018-05-29,0.0,0.0,0.0,2.4636985134956885e-08,1.7930204185961367e-08,1.798163029123348e-08,6.295203982013336e-07
2018-05-30,0.0,0.0,0.0,8.537145062930674e-08,2.366906089786625e-08,1.0585395182925502e-08,5.342199133550919e-07
2018-05-31,0.0,0.0,0.0,4.8298280287125974e-08,1.7575162355198564e-08,0.0,4.871270560588122e-07
2018-06-01,0.0,0.0,0.0,5.978729134455287e-08,1.3542797939235153e-08,0.0,4.7288560549761755e-07
2018-06-02,0.0,0.0,0.0,1.1838479571197532e-08,0.0,0.0,4.168728833129302e-07
2018-06-03,0.0,0.0,0.0,3.516205419392112e-08,0.0,0.0,3.4922878592334865e-07
2018-06-04,0.0,0.0,0.0,5.8020309848284725e-08,0.0,0.0,4.337639854477204e-07
2018-06-05,0.0,0.0,0.0,2.2977199247747805e-08,0.0,0.0,3.79656893658151e-07
2018-06-06,0.0,0.0,0.0,1.1374286147627111e-08,0.0,0.0,4.929563861612827e-07
2018-06-07,0.0,0.0,0.0,4.5044440437894736e-08,0.0,0.0,2.7318490093778215e-07
2018-06-08,0.0,0.0,0.0,1.1149060191715499e-08,0.0,0.0,4.985071878644315e-07
2018-06-09,0.0,0.0,0.0,3.3114375567802195e-08,0.0,0.0,3.832864677463834e-07
2018-06-10,0.0,0.0,0.0,4.371317603414676e-08,0.0,0.0,2.3640275676190004e-07
2018-06-11,0.0,0.0,0.0,3.2458666998941344e-08,0.0,0.0,3.3380974381322767e-07
2018-06-12,0.0,0.0,0.0,3.374114510954533e-08,0.0,0.0,3.1149470197727977e-07
2018-06-13,0.0,0.0,0.0,0.0,0.0,0.0,2.8206885174361515e-07
2018-06-14,0.0,0.0,0.0,1.6536512836113522e-08,0.0,0.0,3.7411547471193263e-07
2018-06-15,0.0,0.0,0.0,2.1829295712246905e-08,0.0,0.0,2.0140335906166262e-07
2018-06-16,0.0,0.0,0.0,0.0,0.0,0.0,1.3484342086018043e-07
2018-06-17,0.0,0.0,0.0,5.349261674091314e-09,0.0,0.0,1.2016678667666843e-07
2018-06-18,0.0,0.0,0.0,5.296035631114901e-09,0.0,0.0,1.9974535674053847e-07
2018-06-19,0.0,0.0,0.0,4.1946713568919826e-08,0.0,0.0,1.992327103887586e-07
2018-06-20,0.0,0.0,0.0,2.0764668397616527e-08,0.0,0.0,2.2997055693425258e-07
2018-06-21,0.0,0.0,0.0,2.5697570618646052e-08,0.0,0.0,2.0109952641974966e-07
2018-06-22,0.0,0.0,0.0,0.0,0.0,0.0,1.6672904134705976e-07
2018-06-23,0.0,0.0,0.0,0.0,0.0,0.0,1.6918360847804713e-07
2018-06-24,0.0,0.0,0.0,0.0,0.0,0.0,1.9696737451513987e-07
2018-06-25,0.0,0.0,0.0,0.0,0.0,0.0,1.4036003632157163e-07
2018-06-26,0.0,0.0,0.0,0.0,0.0,0.0,1.3016914418251892e-07
2018-06-27,0.0,0.0,0.0,0.0,0.0,0.0,7.377003427024689e-08
2018-06-28,0.0,0.0,0.0,0.0,0.0,0.0,8.96465707643127e-08
2018-06-29,0.0,0.0,0.0,0.0,0.0,0.0,7.40843458191955e-08
2018-06-30,0.0,0.0,0.0,0.0,0.0,0.0,6.413906217685688e-08
2018-07-01,0.0,0.0,0.0,0.0,0.0,0.0,6.931706966255344e-08
2018-07-02,0.0,0.0,0.0,0.0,0.0,0.0,7.363511699071151e-08
2018-07-03,0.0,0.0,0.0,0.0,0.0,0.0,6.827883744762138e-08
2018-07-04,0.0,0.0,0.0,0.0,0.0,0.0,7.019656994321635e-08
2018-07-05,0.0,0.0,0.0,0.0,0.0,0.0,6.965816145953237e-08
2018-07-06,0.0,0.0,0.0,0.0,0.0,0.0,1.0553735643146493e-07
2018-07-07,0.0,0.0,0.0,0.0,0.0,0.0,8.375559067638915e-08
2018-07-08,0.0,0.0,0.0,0.0,0.0,0.0,9.356979439477522e-08
2018-07-09,0.0,0.0,0.0,0.0,0.0,0.0,1.0745678734774436e-07
2018-07-10,0.0,0.0,0.0,0.0,0.0,0.0,9.807537290504557e-08
2018-07-11,0.0,0.0,0.0,0.0,0.0,0.0,9.11361630464167e-08
2018-07-12,0.0,0.0,0.0,0.0,0.0,0.0,8.404756656353507e-08
2018-07-13,0.0,0.0,0.0,0.0,0.0,0.0,8.084977014334889e-08
2018-07-14,0.0,0.0,0.0,0.0,0.0,0.0,7.485713018850562e-08
2018-07-15,0.0,0.0,0.0,0.0,0.0,0.0,7.423473945698976e-08
2018-07-16,0.0,0.0,0.0,0.0,0.0,0.0,8.608907928709065e-08
2018-07-17,0.0,0.0,0.0,0.0,0.0,0.0,8.555180038711186e-08
2018-07-18,0.0,0.0,0.0,0.0,0.0,0.0,1.1049353445045231e-07
2018-07-19,0.0,0.0,0.0,0.0,0.0,0.0,7.01102132530331e-08
2018-07-20,0.0,0.0,0.0,0.0,0.0,0.0,9.68284445899121e-08
2018-07-21,0.0,0.0,0.0,0.0,0.0,0.0,9.63418614628611e-08
2018-07-22,0.0,0.0,0.0,0.0,0.0,0.0,7.371978277860807e-08
2018-07-23,0.0,0.0,0.0,0.0,0.0,0.0,9.08420282737888e-08
2018-07-24,0.0,0.0,0.0,0.0,0.0,0.0,1.0228426880101554e-07
2018-07-25,0.0,0.0,0.0,0.0,0.0,0.0,9.571575435191916e-08
2018-07-26,0.0,0.0,0.0,0.0,0.0,0.0,9.20740130245173e-08
2018-07-27,0.0,0.0,0.0,0.0,0.0,0.0,9.454936177684896e-08
2018-07-28,0.0,0.0,0.0,0.0,0.0,0.0,6.888495641078591e-08
2018-07-29,0.0,0.0,0.0,0.0,0.0,0.0,8.697157716537492e-08
2018-07-30,0.0,0.0,0.0,0.0,0.0,0.0,1.0541478725695265e-07
2018-07-31,0.0,0.0,0.0,0.0,0.0,0.0,7.582255308568594e-08
2018-08-01,0.0,0.0,0.0,0.0,0.0,0.0,1.2663372424127368e-07
2018-08-02,0.0,0.0,0.0,0.0,0.0,0.0,1.033090269575449e-07
2018-08-03,0.0,0.0,0.0,0.0,0.0,0.0,7.468142711664858e-08
2018-08-04,0.0,0.0,0.0,0.0,0.0,0.0,1.0126337116439731e-07
2018-08-05,0.0,0.0,0.0,0.0,0.0,0.0,9.229897554919251e-08
2018-08-06,0.0,0.0,0.0,0.0,0.0,0.0,1.0398480407324093e-07
2018-08-07,0.0,0.0,0.0,0.0,0.0,0.0,9.515088510748898e-08
2018-08-08,0.0,0.0,0.0,0.0,0.0,0.0,7.876081995195965e-08
2018-08-09,0.0,0.0,0.0,0.0,0.0,0.0,9.479573481101804e-08
2018-08-10,0.0,0.0,0.0,0.0,0.0,0.0,9.688000153783599e-08
2018-08-11,0.0,0.0,0.0,0.0,0.0,0.0,9.141996553727148e-08
2018-08-12,0.0,0.0,0.0,0.0,0.0,0.0,9.496164897734326e-08
2018-08-13,0.0,0.0,0.0,0.0,0.0,0.0,6.316751383828624e-08
2018-08-14,0.0,0.0,0.0,0.0,0.0,0.0,7.708293693997694e-08
2018-08-15,0.0,0.0,0.0,0.0,0.0,0.0,9.359503167265878e-08
2018-08-16,0.0,0.0,0.0,0.0,0.0,0.0,9.694053380329151e-08
2018-08-17,0.0,0.0,0.0,0.0,0.0,0.0,7.198196953162827e-08
2018-08-18,0.0,0.0,0.0,0.0,0.0,0.0,1.006104521897312e-07
2018-08-19,0.0,0.0,0.0,0.0,0.0,0.0,7.470702109790399e-08
2018-08-20,0.0,0.0,0.0,0.0,0.0,0.0,6.711518550140549e-08
2018-08-21,0.0,0.0,0.0,0.0,0.0,0.0,8.136413662985029e-08
2018-08-22,0.0,0.0,0.0,0.0,0.0,0.0,7.921197411113575e-08
2018-08-23,0.0,0.0,0.0,0.0,0.0,0.0,5.981476408449662e-08
2018-08-24,0.0,0.0,0.0,0.0,0.0,0.0,6.185157933705055e-08
2018-08-25,0.0,0.0,0.0,0.0,0.0,0.0,7.556800975971662e-08
2018-08-26,0.0,0.0,0.0,0.0,0.0,0.0,5.417717260298697e-08
2018-08-27,0.0,0.0,0.0,0.0,0.0,0.0,8.428844400206565e-08
2018-08-28,0.0,0.0,0.0,0.0,0.0,0.0,6.95414666426843e-08
2018-08-29,0.0,0.0,0.0,0.0,0.0,0.0,9.388570566581307e-08
2018-08-30,0.0,0.0,0.0,0.0,0.0,0.0,6.816445334296513e-08
2018-08-31,0.0,0.0,0.0,0.0,0.0,0.0,6.748620569980555e-08
2018-09-01,0.0,0.0,0.0,0.0,0.0,0.0,7.742036622421611e-08
2018-09-02,0.0,0.0,0.0,0.0,0.0,0.0,6.227814182613144e-08
2018-09-03,0.0,0.0,0.0,0.0,0.0,0.0,6.402994334429041e-08
2018-09-04,0.0,0.0,0.0,0.0,0.0,0.0,5.869706922498461e-08
2018-09-05,0.0,0.0,0.0,0.0,0.0,0.0,7.903371213375281e-08
2018-09-06,0.0,0.0,0.0,0.0,0.0,0.0,6.674035568233665e-08
2018-09-07,0.0,0.0,0.0,0.0,0.0,0.0,7.519024743354155e-08
2018-09-08,0.0,0.0,0.0,0.0,0.0,0.0,6.993045003349198e-08
2018-09-09,0.0,0.0,0.0,0.0,0.0,0.0,6.700125525451281e-08
2018-09-10,0.0,0.0,0.0,0.0,0.0,0.0,6.854573434657318e-08
2018-09-11,0.0,0.0,0.0,0.0,0.0,0.0,6.895826858587877e-08
2018-09-12,0.0,0.0,0.0,0.0,0.0,0.0,6.61047533856169e-08
2018-09-13,0.0,0.0,0.0,0.0,0.0,0.0,6.651990174043451e-08
2018-09-14,0.0,0.0,0.0,0.0,0.0,0.0,6.054688720274688e-08
2018-09-15,0.0,0.0,0.0,0.0,0.0,0.0,5.5737808548820834e-08
2018-09-16,0.0,0.0,0.0,0.0,0.0,0.0,6.871871195777356e-08
2018-09-17,0.0,0.0,0.0,0.0,0.0,0.0,7.112744704694388e-08
2018-09-18,0.0,0.0,0.0,0.0,0.0,0.0,6.939914151333928e-08
2018-09-19,0.0,0.0,0.0,0.0,0.0,0.0,5.052103567471804e-08
2018-09-20,0.0,0.0,0.0,0.0,0.0,0.0,5.602054412706123e-08
2018-09-21,0.0,0.0,0.0,0.0,0.0,0.0,5.645354344238374e-08
2018-09-22,0.0,0.0,0.0,0.0,0.0,0.0,0.0
2018-09-23,0.0,0.0,0.0,0.0,0.0,0.0,9.153356763618041e-08
2018-09-24,0.0,0.0,0.0,0.0,0.0,0.0,1.1518796133835713e-07
2018-09-25,0.0,0.0,0.0,0.0,0.0,0.0,9.185180494412551e-08
2018-09-26,0.0,0.0,0.0,0.0,0.0,0.0,1.0205242402387603e-07
2018-09-27,0.0,0.0,0.0,0.0,0.0,0.0,8.746017885534816e-08
2018-09-28,0.0,0.0,0.0,0.0,0.0,0.0,1.1357893062778585e-07
2018-09-29,0.0,0.0,0.0,0.0,0.0,0.0,7.966695684571959e-08
2018-09-30,0.0,0.0,0.0,0.0,0.0,0.0,4.828057384386376e-08
2018-10-01,0.0,0.0,0.0,0.0,0.0,0.0,9.061394449109189e-08
2018-10-02,0.0,0.0,0.0,0.0,0.0,0.0,5.55685252195539e-08
2018-10-03,0.0,0.0,0.0,0.0,0.0,0.0,6.603176256780144e-08
2018-10-04,0.0,0.0,0.0,0.0,0.0,0.0,7.50323169162787e-08
2018-10-05,0.0,0.0,0.0,0.0,0.0,0.0,5.726083875759967e-08
2018-10-06,0.0,0.0,0.0,0.0,0.0,0.0,8.567714216078465e-08
2018-10-07,0.0,0.0,0.0,0.0,0.0,0.0,1.0631837444160475e-07
2018-10-08,0.0,0.0,0.0,0.0,0.0,0.0,1.0988426144720559e-07
2018-10-09,0.0,0.0,0.0,0.0,0.0,0.0,8.324146247600281e-08
2018-10-10,0.0,0.0,0.0,0.0,0.0,0.0,1.070084311955491e-07
2018-10-11,0.0,0.0,0.0,0.0,0.0,0.0,9.264332897869635e-08
2018-10-12,0.0,0.0,0.0,0.0,0.0,0.0,1.1436872322842484e-07
2018-10-13,0.0,0.0,0.0,0.0,0.0,0.0,1.1026732309670652e-07
2018-10-14,0.0,0.0,0.0,0.0,0.0,0.0,1.378935110029315e-07
2018-10-15,0.0,0.0,0.0,0.0,0.0,0.0,1.1249487078442322e-07
2018-10-16,0.0,0.0,0.0,0.0,0.0,0.0,1.0280399036221206e-07
2018-10-17,0.0,0.0,0.0,0.0,0.0,0.0,1.0656974521180494e-07
2018-10-18,0.0,0.0,0.0,0.0,0.0,0.0,1.076407889573008e-07
2018-10-19,0.0,0.0,0.0,0.0,0.0,0.0,1.0593483797725506e-07
2018-10-20,0.0,0.0,0.0,0.0,0.0,0.0,1.0136794812533124e-07
2018-10-21,0.0,0.0,0.0,0.0,0.0,0.0,9.101041150308453e-08
2018-10-22,0.0,0.0,0.0,0.0,0.0,0.0,1.177790104733958e-07
2018-10-23,0.0,0.0,0.0,0.0,0.0,0.0,1.7119024007931766e-07
2018-10-24,0.0,0.0,0.0,0.0,0.0,0.0,1.230889946610565e-07
2018-10-25,0.0,0.0,0.0,0.0,0.0,0.0,1.1544562679336364e-07
2018-10-26,0.0,0.0,0.0,0.0,0.0,0.0,1.225856630744285e-07
2018-10-27,0.0,0.0,0.0,0.0,0.0,0.0,7.851852210321222e-08
2018-10-28,0.0,0.0,0.0,0.0,0.0,0.0,1.0065970500750761e-07
2018-10-29,0.0,0.0,0.0,0.0,0.0,0.0,1.5096655276400997e-07
2018-10-30,0.0,0.0,0.0,0.0,0.0,0.0,1.6493144832042218e-07
2018-10-31,0.0,0.0,0.0,0.0,0.0,0.0,9.743887065920308e-08
2018-11-01,0.0,0.0,0.0,0.0,0.0,0.0,1.3275709229369538e-07
2018-11-02,0.0,0.0,0.0,0.0,0.0,0.0,1.0535746827010063e-07
2018-11-03,0.0,0.0,0.0,0.0,0.0,0.0,1.1609054010521462e-07
2018-11-04,0.0,0.0,0.0,0.0,0.0,0.0,1.2051441580322346e-07
2018-11-05,0.0,0.0,0.0,0.0,0.0,0.0,1.7436370563132778e-07
2018-11-06,0.0,0.0,0.0,5.273069804085218e-09,0.0,0.0,1.8276198019525572e-07
2018-11-07,0.0,0.0,0.0,5.326065036662756e-09,0.0,0.0,1.443226736584111e-07
2018-11-08,0.0,0.0,0.0,2.6897964400911807e-08,0.0,0.0,1.3899299456630678e-07
2018-11-09,0.0,0.0,0.0,1.6300976062418987e-08,0.0,0.0,1.5066232890121926e-07
2018-11-10,0.0,0.0,0.0,3.292960719096265e-08,0.0,0.0,1.3488372519815204e-07
2018-11-11,0.0,0.0,0.0,1.1086851748415948e-08,0.0,0.0,1.2575938077538014e-07
2018-11-12,0.0,0.0,0.0,1.6797414691387392e-08,0.0,0.0,1.2179556717544274e-07
2018-11-13,0.0,0.0,0.0,4.524328404164772e-08,0.0,0.0,1.2133724936636896e-07
2018-11-14,0.0,0.0,0.0,2.856124162856422e-08,0.0,0.0,1.9342570461335444e-07
2018-11-15,0.0,0.0,0.0,0.0,0.0,0.0,1.5831487565570985e-07
2018-11-16,0.0,0.0,0.0,2.331057358583134e-08,0.0,0.0,1.8862630541748095e-07
2018-11-17,0.0,0.0,0.0,1.177242437259837e-08,0.0,0.0,1.3671414427794188e-07
2018-11-18,0.0,0.0,0.0,2.3781478409057432e-08,0.0,0.0,1.396656723205878e-07
2018-11-19,0.0,0.0,0.0,2.4020486240576996e-08,0.0,0.0,1.7995867347109766e-07
2018-11-20,0.0,0.0,0.0,1.8196422105553317e-08,0.0,0.0,1.4892913522657277e-07
2018-11-21,0.0,0.0,0.0,3.063216531341362e-08,0.0,0.0,1.3160152026545062e-07
2018-11-22,0.0,0.0,0.0,3.0940023692963294e-08,0.0,0.0,1.9513405625885636e-07
2018-11-23,0.0,0.0,0.0,1.2500390440266275e-08,0.0,0.0,1.710896513438344e-07
2018-11-24,0.0,0.0,0.0,6.313010726404145e-09,0.0,0.0,1.371594846558962e-07
2018-11-25,0.0,0.0,0.0,1.2752915078017303e-08,0.0,0.0,1.4904299083246643e-07
2018-11-26,0.0,0.0,0.0,6.4405420026807914e-09,0.0,0.0,1.4755998829516215e-07
2018-11-27,0.0,0.0,0.0,3.252635262960168e-08,0.0,0.0,1.1687339350372357e-07
2018-11-28,0.0,0.0,0.0,3.9423897489801295e-08,0.0,0.0,1.6392318539475543e-07
2018-11-29,0.0,0.0,0.0,2.6546742831121943e-08,0.0,0.0,1.6547432092707855e-07
2018-11-30,0.0,0.0,0.0,2.011015652408637e-08,0.0,0.0,1.512256836217944e-07
2018-12-01,0.0,0.0,0.0,1.354623737487528e-08,0.0,0.0,1.0249504257655518e-07
2018-12-02,0.0,0.0,0.0,6.841189661927289e-09,0.0,0.0,1.2607524831467657e-07
2018-12-03,0.0,0.0,0.0,2.7639779044336567e-08,0.0,0.0,1.978866002731461e-07
2018-12-04,0.0,0.0,0.0,1.3958781720950818e-08,0.0,0.0,1.838611282738246e-07
2018-12-05,0.0,0.0,0.0,2.8198139619075612e-08,0.0,0.0,1.6412692412170327e-07
2018-12-06,0.0,0.0,0.0,7.120383908427505e-09,0.0,0.0,1.2408620046361988e-07
2018-12-07,0.0,0.0,0.0,7.191944956410623e-09,0.0,0.0,1.5502692079517524e-07
2018-12-08,0.0,0.0,0.0,2.1792675614648066e-08,0.0,0.0,1.221549963356885e-07
2018-12-09,0.0,0.0,0.0,7.337231881928786e-09,0.0,0.0,2.1068797291416498e-07
2018-12-10,0.0,0.0,0.0,1.4821944576554911e-08,0.0,0.0,2.271698095931412e-07
2018-12-11,0.0,0.0,0.0,5.2398176586215476e-08,0.0,0.0,1.7642144569027967e-07
2018-12-12,0.0,0.0,0.0,5.292478701581269e-08,0.0,0.0,1.929225319202557e-07
2018-12-13,0.0,0.0,0.0,4.582001997275624e-08,0.0,0.0,1.7436433272287734e-07
2018-12-14,0.0,0.0,0.0,2.3140259414641174e-08,0.0,0.0,1.6989474245488935e-07
2018-12-15,0.0,0.0,0.0,2.3372822888129315e-08,0.0,0.0,1.413491136070314e-07
2018-12-16,0.0,0.0,0.0,2.360772366338368e-08,0.0,0.0,1.5426827223345832e-07
2018-12-17,0.0,0.0,0.0,2.3844985230677556e-08,0.0,0.0,1.7045855598954408e-07
2018-12-18,0.0,0.0,0.0,2.4084631316365385e-08,0.0,0.0,2.0003946059534805e-07
2018-12-19,0.0,0.0,0.0,4.054447647542574e-08,0.0,0.0,1.8884132944414317e-07
2018-12-20,0.0,0.0,0.0,5.733273733368144e-08,0.0,0.0,1.442293565164975e-07
2018-12-21,0.0,0.0,0.0,8.272705846182522e-09,0.0,0.0,1.5347950536724752e-07
2018-12-22,0.0,0.0,0.0,2.5067543766524494e-08,0.0,0.0,1.3940575087274094e-07
2018-12-23,0.0,0.0,0.0,1.6879651179845176e-08,0.0,0.0,1.5190074111108786e-07
2018-12-24,0.0,0.0,1.037987789847546e-08,2.557394174178764e-08,0.0,0.0,1.6756181199914067e-07
2018-12-25,0.0,0.0,6.290518443401039e-08,1.6879651179845176e-08,0.0,0.0,2.124973488367018e-07
2018-12-26,0.0,0.0,3.176869602401631e-08,8.355847922174831e-09,0.0,0.0,2.3748222471324476e-07
2018-12-27,0.0,0.0,0.0,1.6545411692365044e-08,0.0,0.0,2.3309983149370187e-07
2018-12-28,0.0,0.0,5.401744375767351e-08,2.457117314300633e-08,0.0,0.0,2.062168263217905e-07
2018-12-29,0.0,0.0,1.0912065618579558e-08,0.0,0.0,0.0,2.116686250402322e-07
2018-12-30,0.0,0.0,5.5108668506398436e-08,0.0,0.0,0.0,1.596191780113735e-07
2018-12-31,0.0,0.0,1.1132503966534754e-08,3.179331364090341e-08,0.0,0.0,2.002131168706515e-07
2019-01-01,0.0,0.0,0.0,7.702044755918329e-09,0.0,0.0,1.0980657009482443e-07
2019-01-02,0.0,0.0,7.836535998382727e-08,3.0501632520502374e-08,0.0,0.0,1.1499936028311551e-07
2019-01-03,0.0,0.0,2.2615127127221627e-08,0.0,0.0,0.0,1.3051181391470983e-07
2019-01-04,0.0,0.0,1.1421206466739954e-08,3.737207466285826e-08,0.0,0.0,9.794223268090858e-08
2019-01-05,0.0,0.0,2.3071983000066946e-08,5.1800302829554056e-08,0.0,0.0,1.0316884129544388e-07
2019-01-06,0.0,0.0,1.1651930142090351e-08,7.326411600650934e-09,0.0,0.0,1.3078448920271128e-07
2019-01-07,0.0,0.0,4.707613594748566e-08,2.901405034880974e-08,0.0,0.0,1.257343592088298e-07
2019-01-08,0.0,0.0,4.754925897943489e-08,2.8725355724229073e-08,0.0,0.0,1.3792805302144766e-07
2019-01-09,0.0,0.0,2.4013568488453295e-08,0.0,0.0,0.0,1.1736699732140112e-07
2019-01-10,0.0,0.0,1.2127454432024684e-08,7.039138892788486e-09,0.0,0.0,1.4688360796513751e-07
2019-01-11,0.0,0.0,1.2249337375372164e-08,2.7876393162170176e-08,0.0,0.0,1.2111907109789e-07
2019-01-12,0.0,0.0,2.4744890525329998e-08,3.4498773019666286e-08,0.0,0.0,7.797039617469557e-08
2019-01-13,0.0,0.0,7.498074242876705e-08,0.0,0.0,0.0,6.073381180415377e-08
2019-01-14,0.0,0.0,2.5244770472757038e-08,2.0289390926752667e-08,0.0,0.0,7.68234269764804e-08
2019-01-15,0.0,0.0,8.924469621903402e-08,4.017501622780671e-08,0.0,0.0,7.657452163181489e-08
2019-01-16,0.0,0.0,1.4165111765736036e-07,2.6516845424806775e-08,0.0,0.0,6.496905102962809e-08
2019-01-17,0.0,0.0,7.804076457680509e-08,1.9689748803286755e-08,0.0,0.0,5.937228648132087e-08
2019-01-18,0.0,0.0,6.56875727501485e-08,1.2995888352837952e-08,0.0,0.0,5.891690037394956e-08
2019-01-19,0.0,0.0,2.6539097532656373e-08,2.573315420629993e-08,0.0,0.0,5.632104158106819e-08
2019-01-20,0.0,0.0,9.38203696399291e-08,1.9107828782841713e-08,0.0,0.0,3.971362011310482e-08
2019-01-21,0.0,0.0,8.122566859775041e-08,1.8917702709760007e-08,0.0,0.0,7.046834218917069e-08
2019-01-22,0.0,0.0,5.46946667591207e-08,2.497262456361877e-08,0.0,0.0,6.679646475294287e-08
2019-01-23,0.0,0.0,5.524435729866276e-08,3.0905178496863943e-08,0.0,0.0,6.525572201108459e-08
2019-01-24,0.0,0.0,2.78997861599859e-08,1.2239066733123403e-08,0.0,0.0,9.607446696885566e-08
2019-01-25,0.0,0.0,5.636036734501264e-08,1.8175928976560703e-08,0.0,0.0,6.657397504012197e-08
2019-01-26,0.0,0.0,5.69267984537551e-08,0.0,0.0,0.0,6.610334182268611e-08
2019-01-27,0.0,0.0,4.312419171733658e-08,2.3754695291923475e-08,0.0,0.0,5.529025045705044e-08
2019-01-28,0.0,0.0,7.259599508244252e-08,2.9397915155663734e-08,0.0,0.0,7.038013277951055e-08
2019-01-29,0.0,0.0,1.319860745327925e-07,1.1642160404974809e-08,0.0,0.0,7.078586794422735e-08
2019-01-30,0.0,0.0,8.887503775642036e-08,5.763159486713229e-09,0.0,0.0,7.336660882700282e-08
2019-01-31,0.0,0.0,1.496137445591402e-07,1.711744527507112e-08,0.0,0.0,6.396357214093954e-08
2019-02-01,0.0,0.0,3.02114068248347e-08,2.8241664665757912e-08,0.0,0.0,8.030210950309527e-08
2019-02-02,0.0,0.0,3.051503651127207e-08,2.7960655407133378e-08,0.0,0.0,9.590887436264602e-08
2019-02-03,0.0,0.0,6.164343545357968e-08,1.1072976894940072e-08,0.0,0.0,7.760666811765858e-08
2019-02-04,0.0,0.0,1.08960183989178e-07,3.288839680183138e-08,0.0,0.0,8.918669601594402e-08
2019-02-05,0.0,0.0,9.433307318039222e-08,2.394681037412545e-08,0.0,0.0,1.1844820700724908e-07
2019-02-06,0.0,0.0,7.940094693951517e-08,2.3861862874773238e-08,0.0,0.0,8.99694064875603e-08
2019-02-07,0.0,0.0,9.623872766747816e-08,4.7558603163186904e-08,0.0,0.0,9.550849819018991e-08
2019-02-08,0.0,0.0,9.720594296050407e-08,4.7398236476775954e-08,0.0,0.0,9.662146926546756e-08
2019-02-09,0.0,0.0,1.6363813154805205e-07,1.574753655117045e-08,0.0,0.0,9.335732466188762e-08
2019-02-10,0.0,0.0,2.148675387448864e-07,6.278894284077476e-08,0.0,0.0,8.866963734310075e-08
2019-02-11,0.0,0.0,1.3355507286783783e-07,3.129700921173804e-08,0.0,0.0,1.02853325533411e-07
2019-02-12,0.0,0.0,4.9584816633435323e-08,2.3402007547568097e-08,0.0,0.0,7.363487245110527e-08
2019-02-13,0.0,0.0,1.1454669208363644e-07,1.3841221118675089e-08,0.0,0.0,9.49837714595617e-08
2019-02-14,0.0,0.0,9.720594296050407e-08,1.1184262162853352e-08,0.0,0.0,1.4437707880774276e-07
2019-02-15,0.0,0.0,3.2079575889159383e-08,2.2593331732606332e-08,0.0,0.0,1.3615204586662722e-07
2019-02-16,0.0,0.0,1.5880189387903034e-07,8.557649434315146e-09,0.0,0.0,1.467957227385857e-07
2019-02-17,0.0,0.0,4.716653659019611e-08,1.7287310481955504e-08,0.0,0.0,1.4278139229320917e-07
2019-02-18,0.0,0.0,4.6697221709647716e-08,2.328140112098006e-08,0.0,0.0,1.682064748386631e-07
2019-02-19,0.0,0.0,9.246515318036951e-08,1.4697114432624656e-08,0.0,0.0,1.621347245640589e-07
2019-02-20,0.0,0.0,1.0680262778945223e-07,2.9689645776655344e-09,0.0,0.0,1.687136942373752e-07
2019-02-21,0.0,0.0,1.208456272993388e-07,5.9976063354760985e-09,0.0,0.0,1.4998093081377916e-07
2019-02-22,0.0,0.0,2.991079830425608e-08,1.8173649843758095e-08,0.0,0.0,1.946816615678274e-07
2019-02-23,0.0,0.0,4.4419771332650445e-08,9.178149030608512e-09,0.0,0.0,1.6324109109754017e-07
2019-02-24,0.0,0.0,8.795557444613326e-08,9.270390961889523e-09,0.0,0.0,1.890480440440767e-07
2019-02-25,0.0,0.0,1.0159380216732461e-07,1.5605933233320128e-08,0.0,0.0,1.7240598072833745e-07
2019-02-26,0.0,0.0,8.621393738203338e-08,3.152555093963873e-09,0.0,0.0,1.7917328671930768e-07
2019-02-27,0.0,0.0,8.535609437194332e-08,9.552716398200765e-09,0.0,0.0,1.7315977836981145e-07
2019-02-28,0.0,0.0,9.859125154949092e-08,1.9297445588220707e-08,0.0,0.0,1.928473689963483e-07
2019-03-01,0.0,0.0,4.184000108098463e-08,9.757607520724219e-09,0.0,0.0,1.392606566847012e-07
2019-03-02,0.0,0.0,9.665526760001897e-08,0.0,0.0,0.0,1.2242804685725465e-07
2019-03-03,0.0,0.0,9.569353161838012e-08,1.3272965690797328e-08,0.0,0.0,1.4212862986698578e-07
2019-03-04,0.0,0.0,8.120688434541257e-08,1.675795151711534e-08,0.0,0.0,1.4251268161752543e-07
2019-03-05,0.0,0.0,6.699905195455302e-08,1.3541097383880587e-08,0.0,0.0,2.1220115918164855e-07
2019-03-06,0.0,0.0,9.286536034853994e-08,1.367718767509158e-08,0.0,0.0,1.9761281362138916e-07
2019-03-07,0.0,0.0,6.567238183866326e-08,3.4536614241169436e-09,0.0,0.0,1.9820145516300188e-07
2019-03-08,0.0,0.0,2.6007572288512177e-08,1.0465113895444395e-08,0.0,0.0,1.8570157083846638e-07
2019-03-09,0.0,0.0,6.437198155115236e-08,1.057029003864846e-08,0.0,0.0,1.6656382155931875e-07
2019-03-10,0.0,0.0,7.64777635593875e-08,7.1176821464433285e-09,0.0,0.0,1.73701507858474e-07
2019-03-11,0.0,0.0,6.309733091456648e-08,7.189216041267085e-09,0.0,0.0,2.029609400243456e-07
2019-03-12,0.0,0.0,7.496340237837934e-08,7.261468863686e-09,0.0,0.0,1.748792739745089e-07
2019-03-13,0.0,0.0,3.7108752030993225e-08,1.4668895678085054e-08,0.0,0.0,1.9770883511807628e-07
2019-03-14,0.0,0.0,1.3471155052272114e-07,7.40816026529502e-09,0.0,0.0,1.8281536099765629e-07
2019-03-15,0.0,0.0,7.274789901769786e-08,2.2447840541242594e-08,0.0,0.0,1.8349030166485725e-07
2019-03-16,0.0,0.0,9.603206043743069e-08,1.133672254468042e-08,0.0,0.0,1.639683192756679e-07
2019-03-17,0.0,0.0,7.130739410300124e-08,3.8168861668137716e-09,0.0,0.0,1.4205370600386668e-07
2019-03-18,0.0,0.0,5.8831561397302315e-08,3.0841972084251995e-08,0.0,0.0,1.3611713209793086e-07
2019-03-19,0.0,0.0,1.1649235516120626e-08,3.893992382112997e-09,0.0,0.0,1.1989982443476698e-07
2019-03-20,0.0,0.0,4.6133294744160526e-08,1.1799382968533131e-08,0.0,0.0,1.3079322471999472e-07
2019-03-21,0.0,0.0,4.567426079175749e-08,1.589062498514263e-08,0.0,0.0,1.0438140719558149e-07
2019-03-22,0.0,0.0,6.782969145524347e-08,8.025164210657585e-09,0.0,0.0,1.4990893215363075e-07
2019-03-23,0.0,0.0,4.4769849832347445e-08,8.10581845185258e-09,0.0,0.0,1.2978475025930052e-07
2019-03-24,0.0,0.0,5.5405477979363504e-08,1.2280924922471448e-08,0.0,0.0,1.2664254144120724e-07
2019-03-25,0.0,0.0,2.1941673704904813e-08,1.6539133693187213e-08,0.0,0.0,2.2110460466380938e-07
2019-03-26,0.0,0.0,5.4308376009298754e-08,3.3410709500462274e-08,0.0,0.0,1.9938069751281878e-07
2019-03-27,0.0,0.0,4.301439891135484e-08,4.134783423296803e-08,0.0,0.0,2.3324876400875442e-07
2019-03-28,0.0,0.0,5.3232998113759056e-08,2.0468208204119077e-08,0.0,0.0,2.3178360116598205e-07
2019-03-29,0.0,0.0,3.162199255949816e-08,8.10581845185258e-09,0.0,0.0,1.765770124998207e-07
2019-03-30,0.0,0.0,5.2178914127247635e-08,1.605032842131517e-08,0.0,2.380411767113675e-08,2.3656490342445154e-07
2019-03-31,0.0,0.0,2.0663890102757455e-08,1.1917968738856976e-08,0.0,2.849582581454562e-08,1.5503311752388436e-07
2019-04-01,0.0,0.0,3.0656806850328434e-08,7.863240734266579e-09,0.0,2.8791075885015096e-08,1.78685627732017e-07
2019-04-02,0.0,0.0,5.058627754241336e-08,1.1677500272535468e-08,0.0,3.362424835322253e-08,2.446497761825527e-07
2019-04-03,0.0,0.0,0.0,1.541507627123947e-08,0.0,3.9469557829509056e-08,2.1973794158619837e-07
2019-04-04,0.0,0.0,0.0,1.9077117124464233e-08,0.0,2.966789468311357e-08,1.735443701368397e-07
2019-04-05,0.0,0.0,0.0,1.133237798249353e-08,0.0,2.996606198171436e-08,2.123733146117347e-07
2019-04-06,0.0,0.0,0.0,1.4959491916733938e-08,0.0,2.0808717814146023e-08,2.4054205771350954e-07
2019-04-07,0.0,0.0,0.0,1.4810642485134459e-08,0.0,1.8151778599760202e-08,2.2164122772921516e-07
2019-04-08,0.0,0.0,0.0,1.832909266265717e-08,0.0,3.473849748801338e-08,1.9505706629937599e-07
2019-04-09,0.0,0.0,0.0,2.1776058172124193e-08,0.0,2.9239687660017385e-08,2.04944801257498e-07
2019-04-10,0.0,0.0,0.0,1.4372921848682514e-08,0.0,2.2642389411641912e-08,1.966860637610518e-07
2019-04-11,0.0,0.0,0.0,0.0,0.0,3.082471415047065e-08,1.9622970900669106e-07
2019-04-12,0.0,0.0,0.0,7.044159463810138e-09,0.0,2.9125829763294626e-08,1.5457340320007071e-07
2019-04-13,0.0,0.0,0.0,1.743517226511964e-08,0.0,2.738968375550969e-08,1.9537582522772146e-07
2019-04-14,0.0,0.0,0.0,6.904675760987922e-09,0.0,3.381272235444288e-08,1.7445418862307336e-07
2019-04-15,0.0,0.0,0.0,1.0253959633887003e-08,0.0,4.553672781823415e-08,2.048422046146197e-07
2019-04-16,0.0,0.0,6.131361370065687e-08,2.0303862061601014e-08,0.0,3.449578465595527e-08,2.2235533048560935e-07
2019-04-17,0.0,0.0,0.0,1.6751529382128438e-08,0.0,3.273080802178364e-08,2.1941565435310572e-07
2019-04-18,0.0,0.0,8.34029744790573e-08,9.950909327892338e-09,0.0,2.8793982871047248e-08,1.9103522822552683e-07
2019-04-19,0.0,0.0,8.424118830788844e-08,1.6419826876221426e-08,0.0,3.6623499449528816e-08,1.220727672183168e-07
2019-04-20,0.0,0.0,8.508782632575158e-08,1.6256446868993143e-08,0.0,2.8287672505685042e-08,1.752243438916973e-07
2019-04-21,0.0,0.0,4.297148659857704e-08,9.656815511999308e-09,0.0,5.055040552601203e-08,1.4962622959073873e-07
2019-04-22,0.0,0.0,2.170167860937391e-08,2.230836671513637e-08,0.0,4.328868209480685e-08,2.2289044275803426e-07
2019-04-23,0.0,0.0,2.1919784105405032e-08,9.465597753229815e-09,0.0,4.2602619029310194e-08,2.4287110827798075e-07
2019-04-24,0.0,0.0,6.642024479433974e-08,9.371413481921678e-09,0.0,3.3971670370087834e-08,1.9712330103999863e-07
2019-04-25,0.0,0.0,1.3417555870458838e-07,1.855633271954254e-08,0.0,2.9738012488977425e-08,2.1713185080092339e-07
2019-04-26,0.0,0.0,1.1293670457348424e-07,1.5309745103314446e-08,0.0,3.234741405887678e-08,2.144217308638331e-07
2019-04-27,0.0,0.0,9.125738985950646e-08,6.062964237711445e-09,0.0,4.5508140286480755e-08,1.8653035677479272e-07
2019-04-28,0.0,0.0,0.0,6.002636735573366e-09,0.0,3.182227248464976e-08,2.0152035725324405e-07
2019-04-29,0.0,0.0,4.6550455711006285e-08,0.0,0.0,3.690388299421003e-08,1.8881852526901397e-07
2019-04-30,0.0,0.0,0.0,8.82566484682711e-09,0.0,4.208442133717661e-08,1.7866496574976185e-07
2019-05-01,0.0,0.0,4.7588286688291966e-08,8.753038515487605e-09,0.0,3.892118894802845e-08,1.8308266085678628e-07
2019-05-02,0.0,0.0,4.806655692075859e-08,1.4443240545097615e-08,0.0,4.5454908618831646e-08,1.980778437086125e-07
2019-05-03,0.0,0.0,7.282445077345933e-08,2.859905580094627e-09,0.0,6.080203146532644e-08,1.880173524459878e-07
2019-05-04,0.0,0.0,2.451878289051512e-08,1.1325796176444015e-08,0.0,3.634652977913642e-08,1.7045779502602477e-07
2019-05-05,0.0,0.0,1.4859120453159145e-07,1.1213102621565362e-08,0.0,2.0254796400742857e-08,1.5542266654214887e-07
2019-05-06,0.0,0.0,1.0005638064291449e-07,2.7753825965732864e-09,0.0,3.196618826379083e-08,1.9054361345361644e-07
2019-05-07,0.0,0.0,1.263274549827661e-07,1.9234369548294013e-08,0.0,3.616194825251221e-08,1.9560365231767382e-07
2019-05-08,0.0,0.0,7.655824020759638e-08,2.720426339079793e-09,0.0,3.7829859798629666e-08,1.9566894609276611e-07
2019-05-09,0.0,0.0,7.73276633133526e-08,2.6933576447328075e-09,0.0,3.4257291774820355e-08,1.9575380692552567e-07
2019-05-10,0.0,0.0,7.81048192498801e-08,2.6665582883947662e-09,0.0,2.5285772397659978e-08,2.2599028073319983e-07
2019-05-11,0.0,0.0,1.0518638097789352e-07,1.848017913075393e-08,0.0,3.0916719400394755e-08,1.5829336842272694e-07
2019-05-12,0.0,0.0,1.5936528252255044e-07,7.841270689739047e-09,0.0,3.665829630842185e-08,1.6343823868353825e-07
2019-05-13,0.0,0.0,0.0,5.175499161838911e-09,0.0,2.8798558686599673e-08,1.3795353845688842e-07
2019-05-14,0.0,0.0,1.3548722898604038e-07,0.0,0.0,4.432455468675538e-08,1.8624665156502523e-07
2019-05-15,0.0,0.0,2.736977965502421e-08,5.0730174121347254e-09,0.0,3.357751790046646e-08,1.4546595684109738e-07
2019-05-16,0.0,0.0,8.29345515408422e-08,0.0,0.0,4.9459342283221774e-08,1.6430284869467694e-07
2019-05-17,0.0,0.0,1.1169074352117095e-07,0.0,0.0,2.7119197765822376e-08,1.4861027894526284e-07
2019-05-18,0.0,0.0,1.1281325415531368e-07,0.0,0.0,4.4691803014278005e-08,1.5508464044767092e-07
2019-05-19,0.0,0.0,1.1394704620888329e-07,0.0,0.0,5.969215424556492e-08,1.181088634555893e-07
2019-05-20,0.0,0.0,1.1509223306203e-07,0.0,0.0,8.195954576637232e-08,1.6565601922372165e-07
2019-05-21,0.0,0.0,0.0,0.0,0.0,8.929153687414846e-08,1.2348816134926652e-07
2019-05-22,0.0,0.0,2.935431259913867e-08,0.0,0.0,8.670432304049339e-08,1.2034912996361563e-07
2019-05-23,0.0,0.0,2.9649328345400916e-08,0.0,0.0,7.670826015953712e-08,1.2671681935756227e-07
2019-05-24,0.0,0.0,5.98946180984111e-08,0.0,0.0,5.685372497270458e-08,1.4230825987017192e-07
2019-05-25,0.0,0.0,0.0,0.0,0.0,7.161809139828843e-08,1.044351809736838e-07
2019-05-26,0.0,0.0,1.833137089331694e-07,0.0,0.0,8.14283115474652e-08,1.0459831302056644e-07
2019-05-27,0.0,0.0,6.171868077892209e-08,0.0,0.0,4.9314131612974066e-08,9.879627609845733e-08
2019-05-28,0.0,0.0,9.350844574944704e-08,0.0,0.0,8.13164596748725e-08,1.0606254584781098e-07
2019-05-29,0.0,0.0,6.29654808353399e-08,0.0,0.0,9.112397437504732e-08,8.400576470691101e-08
2019-05-30,0.0,0.0,1.589957360956751e-07,0.0,0.0,6.89284785809316e-08,7.739420634162892e-08
2019-05-31,0.0,0.0,6.423746792364277e-08,0.0,0.0,7.136606556904079e-08,8.920420070881977e-08
2019-06-01,0.0,0.0,9.74373832435718e-08,0.0,0.0,7.386558436554404e-08,8.803017443607712e-08
2019-06-02,0.0,0.0,9.841664522541381e-08,0.0,0.0,5.416059981829193e-08,6.927646273143079e-08
2019-06-03,0.0,0.0,1.9881149790758505e-07,0.0,0.0,7.385252800950096e-08,9.51370150848158e-08
2019-06-04,0.0,0.0,1.00404793339905e-07,0.0,0.0,9.601420132819705e-08,8.761896369126883e-08
2019-06-05,0.0,0.0,3.313524965126418e-08,0.0,0.0,9.110511683422943e-08,8.457846192491973e-08
2019-06-06,0.0,0.0,6.561109681694255e-08,0.0,0.0,7.142539177300922e-08,7.514849297085767e-08
2019-06-07,0.0,0.0,6.495825549571453e-08,0.0,0.0,9.608956224353526e-08,7.86522245707152e-08
2019-06-08,0.0,0.0,9.646786508125223e-08,0.0,0.0,6.655423590788666e-08,7.576503748563776e-08
2019-06-09,0.0,0.0,0.0,0.0,0.0,7.645700408509572e-08,7.084387594628541e-08
2019-06-10,0.0,0.0,9.455767336937852e-08,0.0,0.0,7.403954634702514e-08,6.910751219684352e-08
2019-06-11,0.0,0.0,6.24112058660409e-08,0.0,0.0,8.150543235535365e-08,7.556822673338002e-08
2019-06-12,0.0,0.0,9.268530598763832e-08,0.0,0.0,7.16875732079988e-08,7.279424787318065e-08
2019-06-13,0.0,0.0,3.0587690594684034e-08,0.0,0.0,6.680761686354547e-08,7.206993300473821e-08
2019-06-14,0.0,0.0,6.056667597607582e-08,0.0,0.0,6.192436287270422e-08,7.729889395545934e-08
2019-06-15,0.0,0.0,1.4991006870213404e-07,0.0,0.0,7.439521647602002e-08,5.200098880523903e-08
2019-06-16,0.0,0.0,1.4841843859587415e-07,0.0,0.0,8.193750079728268e-08,7.771104954176491e-08
2019-06-17,0.0,0.0,0.0,0.0,0.0,7.956214040174986e-08,7.212919844934162e-08
2019-06-18,0.0,0.0,1.4547955660593598e-07,0.0,0.0,1.1453668060574989e-07,6.855504089590215e-08
2019-06-19,0.0,0.0,8.641920649896576e-08,0.0,0.0,6.733227021700648e-08,6.881558610334501e-08
2019-06-20,0.0,0.0,2.851977367567869e-08,0.0,0.0,9.242219318956259e-08,6.066446401045119e-08
2019-06-21,0.0,0.0,2.8235997186169588e-08,0.0,0.0,5.004512464881398e-08,6.745294620132555e-08
2019-06-22,0.0,0.0,5.591008863981836e-08,0.0,0.0,7.520596738075324e-08,7.775960472142034e-08
2019-06-23,0.0,0.0,5.535377396275341e-08,0.0,0.0,5.525796352830998e-08,5.977727442319593e-08
2019-06-24,0.0,0.0,5.480299470921304e-08,0.0,0.0,6.543775745370565e-08,6.456270611417839e-08
2019-06-25,0.0,0.0,8.138654370121936e-08,0.0,0.0,7.566599163425261e-08,6.12569507691246e-08
2019-06-26,0.0,0.0,0.0,0.0,0.0,6.825100065880331e-08,7.295271037349394e-08
2019-06-27,0.0,0.0,5.318332144063832e-08,0.0,0.0,7.347679948547827e-08,5.5692968695386115e-08
2019-06-28,0.0,0.0,7.89812078257988e-08,0.0,0.0,6.095529631026439e-08,6.289271017256435e-08
2019-06-29,0.0,0.0,5.21302211181604e-08,0.0,0.0,5.092358534989214e-08,4.435451639753235e-08
2019-06-30,0.0,0.0,5.161151675134207e-08,0.0,0.0,5.105618284220209e-08,5.066905567546344e-08
2019-07-01,0.0,0.0,5.1189922481802854e-08,0.0,0.0,5.893126035404252e-08,5.080830557393338e-08
2019-07-02,0.0,0.0,5.0680574242741715e-08,0.0,0.0,8.478943805835238e-08,5.2776660444904566e-08
2019-07-03,0.0,0.0,0.0,0.0,0.0,6.184276921212575e-08,0.0
2019-07-04,0.0,0.0,2.4838515817579973e-08,0.0,0.0,5.427334228057753e-08,0.0
2019-07-05,0.0,0.0,7.37741053673134e-08,0.0,0.0,5.7032055017143925e-08,0.0
2019-07-06,0.0,0.0,7.304004075390225e-08,0.0,0.0,4.42092929234545e-08,0.0
2019-07-07,0.0,0.0,2.4104426735144456e-08,0.0,0.0,7.305164173442163e-08,0.0
2019-07-08,0.0,0.0,7.159375104524631e-08,0.0,0.0,5.1473792620820214e-08,0.0
2019-07-09,0.0,0.0,7.088138131982544e-08,0.0,0.0,5.09616198266822e-08,0.0
2019-07-10,0.0,0.0,7.017609979160456e-08,0.0,0.0,6.054545188439402e-08,0.0
2019-07-11,0.0,0.0,4.6318557287895415e-08,0.0,0.0,4.162709345306427e-08,0.0
2019-07-12,0.0,0.0,6.878651991357326e-08,0.0,0.0,4.286141283077407e-08,0.0
2019-07-13,0.0,0.0,0.0,0.0,0.0,5.2227611873676694e-08,0.0
2019-07-14,0.0,0.0,8.989927408089762e-08,0.0,0.0,4.3628573069423184e-08,0.0
2019-07-15,0.0,0.0,6.675357101847269e-08,0.0,0.0,4.4794256384988286e-08,0.0
2019-07-16,0.0,0.0,2.2029787296334054e-08,0.0,0.0,5.3851805962634256e-08,0.0
2019-07-17,0.0,0.0,4.362117450053013e-08,0.0,0.0,5.331597154039849e-08,0.0
2019-07-18,0.0,0.0,2.1593568281096654e-08,0.0,0.0,5.1232954972695524e-08,0.0
2019-07-19,0.0,0.0,0.0,0.0,0.0,4.3037848469378274e-08,0.0
2019-07-20,0.0,0.0,4.233197396217954e-08,0.0,0.0,4.108784276767164e-08,0.0
2019-07-21,0.0,0.0,2.0955381891764983e-08,0.0,0.0,3.6159121689995794e-08,0.0
2019-07-22,0.0,0.0,4.1493744716184494e-08,0.0,0.0,3.281605471622157e-08,0.0
2019-07-23,0.0,0.0,2.0540437528944442e-08,0.0,0.0,4.1350310293216624e-08,0.0
2019-07-24,0.0,0.0,8.134422704266646e-08,0.0,0.0,3.9476765408730075e-08,0.0
2019-07-25,0.0,0.0,0.0,0.0,0.0,3.763641076950263e-08,0.0
2019-07-26,0.0,0.0,0.0,0.0,0.0,3.296246966080823e-08,0.0
2019-07-27,0.0,0.0,0.0,0.0,0.0,3.5472269138744756e-08,0.0
2019-07-28,0.0,0.0,0.0,0.0,0.0,3.79288592966016e-08,0.0
2019-07-29,0.0,0.0,0.0,0.0,0.0,4.4505435070691553e-08,0.0
2019-07-30,0.0,0.0,0.0,0.0,0.0,2.753912412042035e-08,0.0
2019-07-31,0.0,0.0,0.0,0.0,0.0,2.999161578272186e-08,0.0
2019-08-01,0.0,0.0,0.0,0.0,0.0,8.65381326717473e-08,0.0
2019-08-02,0.0,0.0,0.0,0.0,0.0,5.262177255762715e-08,0.0
2019-08-03,0.0,0.0,0.0,0.0,0.0,4.408458874530738e-08,0.0
2019-08-04,0.0,0.0,0.0,0.0,0.0,6.072226733794162e-08,0.0
2019-08-05,0.0,0.0,0.0,0.0,0.0,6.266057499525549e-08,0.0
2019-08-06,0.0,0.0,0.0,0.0,0.0,5.0009021979816775e-08,0.0
2019-08-07,0.0,0.0,0.0,0.0,0.0,4.5736702831693014e-08,0.0
2019-08-08,0.0,0.0,0.0,0.0,0.0,5.39338987794272e-08,0.0
2019-08-09,0.0,0.0,0.0,0.0,0.0,7.038094678331127e-08,0.0
2019-08-10,0.0,0.0,0.0,0.0,0.0,5.7844695310079503e-08,0.0
2019-08-11,0.0,0.0,0.0,0.0,0.0,3.7114968493279723e-08,0.0
2019-08-12,0.0,0.0,0.0,0.0,0.0,2.8814934522778705e-08,0.0
2019-08-13,0.0,0.0,0.0,0.0,0.0,6.369515273048808e-08,0.0
2019-08-14,0.0,0.0,0.0,0.0,0.0,5.743809549706205e-08,0.0
2019-08-15,0.0,0.0,0.0,0.0,0.0,5.32543413623792e-08,0.0
2019-08-16,0.0,0.0,0.0,0.0,0.0,5.317863381314435e-08,0.0
2019-08-17,0.0,0.0,0.0,0.0,0.0,4.085249551662038e-08,0.0
2019-08-18,0.0,0.0,0.0,0.0,0.0,6.12036523831648e-08,0.0
2019-08-19,0.0,0.0,0.0,0.0,0.0,6.928597282865927e-08,0.0
2019-08-20,0.0,0.0,0.0,0.0,0.0,7.328618994150336e-08,0.0
2019-08-21,0.0,0.0,0.0,0.0,0.0,5.6947403546369953e-08,0.0
2019-08-22,0.0,0.0,0.0,0.0,0.0,4.8771541650898515e-08,0.0
2019-08-23,0.0,0.0,0.0,0.0,0.0,5.076656282708584e-08,0.0
2019-08-24,0.0,0.0,0.0,0.0,0.0,5.276389365839698e-08,0.0
2019-08-25,0.0,0.0,0.0,0.0,0.0,5.070753693265442e-08,0.0
2019-08-26,0.0,0.0,0.0,0.0,0.0,4.460335574480237e-08,0.0
2019-08-27,0.0,0.0,0.0,0.0,0.0,2.8558321151916732e-08,0.0
2019-08-28,0.0,0.0,0.0,0.0,0.0,1.989333589733574e-08,0.0
2019-08-29,0.0,0.0,0.0,0.0,0.0,2.7125910783403348e-08,0.0
2019-08-30,0.0,0.0,0.0,0.0,0.0,2.13099683370675e-08,0.0
2019-08-31,0.0,0.0,0.0,0.0,0.0,1.9474219262326375e-08,0.0
2019-09-01,0.0,0.0,0.0,0.0,0.0,2.5883088383691558e-08,0.0
2019-09-02,0.0,0.0,0.0,0.0,0.0,2.1960302907145635e-08,0.0
2019-09-03,0.0,0.0,0.0,0.0,0.0,3.6968346034302315e-08,0.0
2019-09-04,0.0,0.0,0.0,0.0,0.0,2.987190727101792e-08,0.0
2019-09-05,0.0,0.0,0.0,0.0,0.0,2.478424547839042e-08,0.0
2019-09-06,0.0,0.0,0.0,0.0,0.0,3.7005794075700494e-08,0.0
2019-09-07,0.0,0.0,0.0,0.0,0.0,2.4185576081275272e-08,0.0
2019-09-08,0.0,0.0,0.0,0.0,0.0,2.331825220001354e-08,0.0
2019-09-09,0.0,0.0,0.0,0.0,0.0,3.028192011094428e-08,0.0
2019-09-10,0.0,0.0,0.0,0.0,0.0,2.265648775384349e-08,0.0
2019-09-11,0.0,0.0,0.0,0.0,0.0,2.6316817627506523e-08,0.0
2019-09-12,0.0,0.0,0.0,0.0,0.0,2.773701500012509e-08,0.0
2019-09-13,0.0,0.0,0.0,0.0,0.0,3.151774871470398e-08,0.0
2019-09-14,0.0,0.0,0.0,0.0,0.0,3.183450735540357e-08,0.0
2019-09-15,0.0,0.0,0.0,0.0,0.0,3.9299882689671454e-08,0.0
2019-09-16,0.0,0.0,0.0,0.0,0.0,3.488335573441318e-08,0.0
2019-09-17,0.0,0.0,0.0,0.0,0.0,3.766386613544881e-08,0.0
2019-09-18,0.0,0.0,0.0,0.0,0.0,3.190652423747714e-08,0.0
2019-09-19,0.0,0.0,0.0,0.0,0.0,2.8508668198238205e-08,0.0
2019-09-20,0.0,0.0,0.0,0.0,0.0,4.295109031968076e-08,0.0
2019-09-21,0.0,0.0,0.0,0.0,0.0,2.1869341627034792e-08,0.0
2019-09-22,0.0,0.0,0.0,0.0,0.0,1.924598937071072e-08,8.762361201156338e-08
2019-09-23,0.0,0.0,0.0,0.0,0.0,3.691807161757015e-08,1.1689239767350662e-07
2019-09-24,0.0,0.0,0.0,0.0,0.0,4.0087898151248945e-08,1.045737931380236e-07
2019-09-25,0.0,0.0,0.0,0.0,0.0,2.3346480529410352e-08,1.277719079415556e-07
2019-09-26,0.0,0.0,0.0,0.0,0.0,2.6581306041786544e-08,1.118485653696937e-07
2019-09-27,0.0,0.0,0.0,0.0,0.0,9.153675696524008e-09,1.1297266213978363e-07
2019-09-28,0.0,0.0,0.0,0.0,0.0,3.058625846768871e-08,8.250890222616754e-08
2019-09-29,0.0,0.0,0.0,0.0,0.0,3.4768130497750844e-08,1.117085578767388e-07
2019-09-30,0.0,0.0,0.0,0.0,2.3257762295484787e-09,2.331825220001354e-08,8.596666479857638e-08
2019-10-01,0.0,0.0,0.0,0.0,8.227658995294993e-09,3.189254978259644e-08,1.2070495815868419e-07
2019-10-02,0.0,0.0,0.0,1.2858664434068694e-08,1.4246311444987315e-08,2.7220011732841956e-08,8.916395663652622e-08
2019-10-03,0.0,0.0,0.0,2.5975792320220667e-09,8.393868732283144e-09,2.155933447260047e-08,7.535638451516248e-08
2019-10-04,0.0,0.0,0.0,7.871056011954761e-09,1.0900579519960923e-08,1.7075852408272643e-08,8.539589081556928e-08
2019-10-05,0.0,0.0,0.0,5.300107626669167e-09,9.786784147067372e-09,2.6415538809274463e-08,7.87537743268656e-08
2019-10-06,0.0,0.0,0.0,5.353374593881266e-09,1.1120785833332347e-08,1.6737727876170804e-08,7.575739325462809e-08
2019-10-07,0.0,0.0,0.0,8.11076535452087e-09,1.3728674164412268e-08,2.8999573226998012e-08,8.417064448616791e-08
2019-10-08,0.0,0.0,0.0,5.461519934342858e-09,1.2606045121462467e-08,1.948247965684064e-08,6.376243014512701e-08
2019-10-09,0.0,0.0,0.0,0.0,7.639642788722237e-09,2.1319007402674165e-08,9.953230043365714e-08
2019-10-10,0.0,0.0,0.0,1.3929624888998555e-08,1.1574633712818381e-08,2.311705875706863e-08,1.6250087281322097e-07
2019-10-11,0.0,0.0,0.0,2.8139239893105556e-09,1.6521608546562298e-08,2.8857572399867868e-08,1.7835582711668516e-07
2019-10-12,0.0,0.0,4.1307794249946944e-08,5.6844087911305495e-09,1.6687653472954467e-08,2.4629685135253243e-08,1.8988608070827218e-07
2019-10-13,0.0,0.0,6.258441672605601e-08,1.315770057188302e-08,3.6519962220300776e-08,1.6581538657947245e-08,2.2621911556748758e-07
2019-10-14,0.0,0.0,4.2142267047345387e-08,5.315975064429558e-08,2.8374610725017155e-08,2.607334346902141e-08,2.2352542383577846e-07
2019-10-15,0.0,0.0,2.1282901936238418e-08,1.3423503755105866e-08,2.0061846212626262e-08,2.2945697214924094e-08,2.2577189169288756e-07
2019-10-16,0.0,0.0,0.0,9.490888547489745e-08,2.026347111908004e-08,1.893115309407862e-08,2.560287734618989e-07
2019-10-17,0.0,0.0,6.513853522502543e-08,2.738935303762639e-08,2.3390997016608016e-08,1.9679924222146216e-08,2.5258790761323056e-07
2019-10-18,0.0,0.0,2.193106279588496e-08,6.916155152995451e-08,3.248586061172402e-08,1.4845032917586352e-08,2.2475426087292396e-07
2019-10-19,0.0,0.0,2.2151473641316986e-08,5.5885309342904675e-08,1.4914704063065838e-08,2.2045983558085944e-08,1.9633563567357886e-07
2019-10-20,0.0,0.0,4.474819930514554e-08,5.644696603935128e-08,5.298805814182121e-08,1.3641638972824925e-08,2.2309744681875897e-07
2019-10-21,0.0,0.0,2.259896309243895e-08,4.2760700609580845e-08,2.676029848980606e-08,2.6111411301082215e-08,2.9039019274863144e-07
2019-10-22,0.0,0.0,4.565217289489381e-08,5.758727039379095e-08,6.306823590865192e-08,2.6743032845785437e-08,3.004625325274408e-07
2019-10-23,0.0,0.0,1.1527746215060705e-07,5.816603208316971e-08,3.640118983842149e-08,2.1181548178334732e-08,3.323853008182429e-07
2019-10-24,0.0,0.0,6.986161194375573e-08,2.9375305212114323e-08,8.272581272631032e-08,1.5728091189382723e-08,2.7004034041800315e-07
2019-10-25,0.0,0.0,0.0,5.934106387528902e-08,8.355722096638335e-08,1.384141694865788e-08,3.096129789260574e-07
2019-10-26,0.0,0.0,0.0,8.990617722328194e-08,1.1595240149973674e-07,1.8842577254698525e-08,3.871828889756179e-07
2019-10-27,0.0,0.0,4.485787716760009e-08,4.0556847989346544e-08,5.323533750391801e-08,1.5263255845980103e-08,2.2561969713574258e-07
2019-10-28,0.0,0.0,9.061741265635112e-08,6.144667663207001e-08,8.603257846498315e-08,1.511138391278362e-08,3.1904209790521057e-07
2019-10-29,0.0,0.0,9.152813279428245e-08,6.206422599898916e-08,9.639954877267492e-08,1.579219108226968e-08,2.378501012661259e-07
2019-10-30,0.0,0.0,2.773440174653007e-07,8.358397578697143e-08,1.3909768620668384e-07,1.7280851540329477e-08,2.9448839715947724e-07
2019-10-31,0.0,0.0,9.33771237268738e-08,1.0553001088648692e-07,8.429738471644934e-08,1.4664775023897644e-08,3.4441353708505965e-07
2019-11-01,0.0,0.0,9.438068336378574e-08,7.176887818678569e-08,9.950571689271225e-08,2.1804544314531897e-08,3.4619279088512996e-07
2019-11-02,0.0,0.0,1.429938375016646e-07,7.249016740400617e-08,1.722955988113953e-07,1.7589884459952996e-08,3.576191791467886e-07
2019-11-03,0.0,0.0,1.444309494605627e-07,2.4406235232791914e-08,9.400768161500374e-08,1.7414862185243534e-08,2.8897064931977357e-07
2019-11-04,0.0,0.0,9.725500308984427e-08,7.395456592433095e-08,1.899049490448596e-07,2.1160122641097997e-08,3.080901222182944e-07
2019-11-05,0.0,1.6239585424575128e-07,1.9646486424133693e-07,7.46978216685076e-08,1.2787568367524722e-07,2.250139634018523e-08,3.193755973031376e-07
2019-11-06,0.0,0.0,9.92196844765654e-08,5.0299031504732996e-08,2.421766043665982e-07,1.5363795659120364e-08,3.875440146320725e-07
2019-11-07,0.0,4.068464508626454e-07,1.0021685888359332e-07,7.620681776329109e-08,1.3045894384232476e-07,1.7492561838778554e-08,4.7531866031693565e-07
2019-11-08,0.0,0.0,1.0122405506002393e-07,5.13151393431766e-08,1.3177007802556423e-07,1.581255072812716e-08,4.424411281716305e-07
2019-11-09,0.0,2.0753264717760026e-07,2.044827474526284e-07,5.1830865067522895e-08,1.497311879922169e-07,0.0,4.754124845049609e-07
2019-11-10,0.0,4.1923676991430967e-07,1.032689166151785e-07,1.0470354784313695e-07,1.577456182815956e-07,0.0,4.129637950909963e-07
2019-11-11,0.0,0.0,1.0430678648176209e-07,7.931687699494925e-08,2.389964821531815e-07,0.0,5.595164692035978e-07
2019-11-12,0.0,0.0,1.0535508711391645e-07,1.602280497226858e-07,2.4139843673134944e-07,0.0,5.728542843927612e-07
2019-11-13,0.0,4.3200443035822774e-07,5.320696167128918e-08,1.4909699244991875e-07,2.0318710946196367e-07,0.0,4.6915417273387457e-07
2019-11-14,0.0,4.363461470644288e-07,2.687085026306328e-07,8.559890778137851e-08,8.209166954456223e-08,0.0,5.037386334150764e-07
2019-11-15,0.0,2.2036574937447966e-07,0.0,0.0,1.2437505680955512e-07,0.0,4.153974600805758e-07
2019-11-16,0.0,0.0,5.482735489207094e-08,2.183203010584726e-07,2.51250093823188e-07,0.0,5.698870541471788e-07
2019-11-17,0.0,2.2481743280784436e-07,1.6613513690855768e-07,8.820578262479046e-08,1.4803553289351397e-07,0.0,6.116602163246406e-07
2019-11-18,0.0,2.2707688557099692e-07,2.237397637240531e-07,8.909226547795941e-08,2.5632568240026455e-07,0.0,4.4873894609323664e-07
2019-11-19,0.0,0.0,1.6949128929963905e-07,5.5295015529444814e-08,1.5075965832516214e-07,1.3689831004261477e-08,6.672550676590896e-07
2019-11-20,0.0,0.0,2.853245084606858e-07,3.351044380466244e-07,2.388745511559041e-07,2.2277503705724528e-08,7.675034486568282e-07
2019-11-21,0.0,0.0,0.0,0.0,1.5327769892592022e-07,2.1725486121558152e-08,4.950200247894396e-07
2019-11-22,0.0,2.3634406907234567e-07,0.0,1.136216806113749e-07,1.1039974838654449e-07,3.478046740816994e-08,8.354955011118105e-07
2019-11-23,0.0,2.387193664558749e-07,1.7640836003482339e-07,2.2919755269933616e-07,2.226529323571123e-07,2.1956260573054693e-08,6.725190958965853e-07
2019-11-24,0.0,2.4111853597498316e-07,2.96968822547029e-07,1.8883277816187059e-07,2.469814967619076e-07,3.400461781254805e-08,6.45757833738024e-07
2019-11-25,0.0,0.0,2.9995340883241534e-07,1.9048824294475912e-07,1.5849875127321867e-07,4.4799612917214054e-08,7.772369313812872e-07
2019-11-26,0.0,0.0,2.4237439256691753e-07,6.40542522368943e-08,2.160039497094976e-07,3.01665710082254e-08,8.624888137644082e-07
2019-11-27,0.0,0.0,1.8360772178185409e-07,1.2923765794160924e-07,2.6627169065633296e-07,2.7422775078493042e-08,8.006604493132957e-07
2019-11-28,0.0,2.5095877010025747e-07,6.181767002123505e-08,1.303797352829225e-07,7.32450494402471e-08,2.7698378549943456e-08,6.967140042950069e-07
2019-11-29,0.0,0.0,1.2487789586740486e-07,1.3153485070641415e-07,2.4625957149764754e-07,2.7976751882330918e-08,1.2327512535856587e-06
2019-11-30,0.0,0.0,1.2613293958599166e-07,3.9810935917376776e-07,1.487507440022718e-07,2.668803830693062e-08,6.641829059605974e-07
2019-12-01,8.557085773709519e-07,0.0,1.891449377810624e-07,2.674799076262041e-07,2.9917891337210606e-07,4.1209857249905584e-08,7.73604341632613e-07
2019-12-02,8.643085915488858e-07,2.491166390804374e-06,6.301368074781205e-08,1.4455176728971956e-07,2.2591970678388923e-07,5.4202306471781155e-08,1.1268443615241296e-06
2019-12-03,0.0,6.290507573166054e-07,0.0,1.4519037082687058e-07,2.7802844751934315e-07,6.527532730589482e-08,8.337785886568311e-07
2019-12-04,0.0,1.2707456450641198e-06,6.296331848475417e-08,1.5098852000933746e-07,2.1913235961056987e-07,7.65926644416172e-08,8.549477491471124e-07
2019-12-05,0.0,0.0,1.8884274909391034e-07,2.2756190332695242e-07,3.586601790856821e-07,6.999458270556496e-08,1.0239026072731312e-06
2019-12-06,0.0,8.874483582318601e-07,6.293814238861231e-08,3.048850440264892e-07,1.6673821851737592e-07,1.11628484142225e-07,1.1935272387612349e-06
2019-12-07,0.0,8.96367362510661e-07,1.2586999122521737e-07,1.5319235285442473e-07,1.6795764372523777e-07,8.268360397675165e-08,1.0649412640931854e-06
2019-12-08,1.8355088999995055e-06,2.716128012818065e-06,6.293814238861231e-08,3.0791500611710216e-07,3.665867071477808e-07,4.175729400591959e-08,9.92126364692298e-07
2019-12-09,0.0,0.0,1.2589516606260688e-07,2.3210707371192246e-07,2.2574218115510553e-07,1.0352526984244263e-07,9.566285537950315e-07
2019-12-10,0.0,9.236658127870663e-07,1.8888995545426251e-07,6.221362766315003e-07,1.411969480832475e-07,6.583767310112877e-08,1.2013266021300325e-06
2019-12-11,1.8914084681165225e-06,3.7317952341420405e-06,2.1996948000932334e-07,3.9086410677749124e-07,1.1305532220562148e-07,1.1735179891099049e-07,1.0707969145506117e-06
2019-12-12,2.865626158868256e-06,1.060754936926857e-06,0.0,0.0,1.9803768524938753e-07,1.0272704355131715e-07,9.965575166164286e-07
2019-12-13,1.9296174537104296e-06,1.071415701278328e-06,2.943798395310465e-07,2.3702366493364815e-07,3.6817552677748966e-07,8.380572375248003e-08,1.0540271590543602e-06
2019-12-14,0.0,1.0821836080927764e-06,3.68709460899349e-07,7.943725199776463e-08,3.1189535283793243e-07,6.449370306956348e-08,8.290804413977356e-07
2019-12-15,0.0,2.186119468339713e-06,7.322120450105803e-08,1.597491189514218e-07,2.268149977488115e-07,1.1399828223225632e-07,1.0349824454695788e-06
2019-12-16,0.0,0.0,2.1812351701114266e-07,4.0075942736485964e-07,2.551721549673132e-07,9.458255829885603e-08,1.3358819036381628e-06
2019-12-17,2.0083666358914974e-06,1.115141005529377e-06,1.4440348870172174e-07,4.82623360353442e-07,3.1191472264987753e-07,1.49530114663838e-07,1.3183867655556357e-06
2019-12-18,0.0,2.252696717914709e-06,1.434057398652218e-07,4.036530588393964e-07,8.480133270782158e-08,1.2166540560303906e-07,1.0407579418548945e-06
2019-12-19,0.0,0.0,2.1363349758332043e-07,4.861924196318242e-07,1.9726815263819347e-07,1.4407577761249075e-07,9.62668609449107e-07
2019-12-20,0.0,3.447306315435691e-06,1.4145316593106328e-07,4.0670815691958143e-07,3.090784021879574e-07,9.844254572812904e-08,1.0875406326437584e-06
2019-12-21,1.0451648165821958e-06,1.1606507732987091e-06,3.5124536393596033e-07,3.263013702340836e-07,2.241417463164436e-07,7.78162772041729e-08,1.1431283649205665e-06
2019-12-22,3.1670066928580224e-06,7.0338930449803825e-06,2.0933576272401684e-07,1.6363442267072213e-07,5.029236326114363e-07,8.296491844705071e-08,1.2761599274468223e-06
2019-12-23,0.0,4.7260795947154166e-06,2.7726032111623593e-07,8.206726190151598e-08,1.6696480234225595e-07,8.82091891995452e-08,1.2582149868934087e-06
2019-12-24,1.0769948239758196e-06,0.0,2.065755136477091e-07,8.232551926225069e-08,2.4945763565010775e-07,1.1136963286169953e-07,1.4143391444963347e-06
2019-12-25,1.087818801905561e-06,4.801136288914799e-06,4.1045288836350564e-07,4.129600462175822e-07,3.0088867969484777e-07,1.1698847293126454e-07,1.3314434378734693e-06
2019-12-26,2.197503125244022e-06,2.411958735428089e-06,2.038978975312373e-07,4.972005509672006e-07,2.670893266743302e-07,1.5906722815731115e-07,1.3350038050147096e-06
2019-12-27,1.1097941994103531e-06,2.4235905242822927e-06,2.701196544538539e-07,2.494493834713672e-07,3.0009235312204315e-07,1.2394225057724302e-07,1.9728133544879053e-06
2019-12-28,1.1209478165434675e-06,7.306394022625772e-06,6.710061443081765e-08,2.503234366053565e-07,2.664348650852042e-07,1.1591471380030753e-07,1.5454438623139578e-06
2019-12-29,3.3966405881770884e-06,4.8951647452637394e-06,2.6671210146212904e-07,1.674816815277399e-07,2.6614761554824177e-07,1.2644605012483528e-07,1.822439072496258e-06
2019-12-30,1.1435924645377117e-06,0.0,4.638347291084403e-07,0.0,3.9769010188115006e-07,1.596462202304177e-07,1.7812188621214095e-06
2019-12-31,0.0,3.708829929848049e-06,1.3170561843359886e-07,4.218269224507458e-07,3.9619854978153516e-07,1.5050064532355003e-07,1.6610203190273975e-06
2020-01-01,1.1433034398670805e-06,3.635853724354097e-06,4.522721348799885e-07,8.297336387196803e-08,4.5030086885360013e-07,1.6508127709139837e-07,1.410421976669549e-06
2020-01-02,2.309587660931297e-06,2.436682446956979e-06,3.210961182773534e-07,2.48912573327023e-07,4.80738890664706e-07,1.9363397981647907e-07,1.7563202698373606e-06
2020-01-03,0.0,1.2248530406432491e-06,5.106765144317407e-07,3.312483403081709e-07,2.874363833941429e-07,2.2817670594460832e-07,1.7819429089775716e-06
2020-01-04,4.712488853182741e-06,3.6944620323983616e-06,2.5382515384836224e-07,3.3064637462371646e-07,1.591434312596293e-07,1.6462137140290482e-07,1.6337799655864206e-06
2020-01-05,2.379925076769753e-06,1.2382447973829815e-06,1.8925307490582043e-07,1.6503873692613195e-07,5.392940509274122e-07,1.551907874450536e-07,1.742326217856913e-06
2020-01-06,1.2019218607195454e-06,2.490252152289576e-06,1.8815620989057118e-07,1.6477079055163107e-07,4.4269183035131e-07,1.6794694370228576e-07,1.5915676717818223e-06
2020-01-07,1.2140013762418909e-06,2.5042637371036357e-06,2.494375475374778e-07,2.467789820902422e-07,5.043467631155533e-07,1.8094382778428699e-07,1.5700323922982295e-06
2020-01-08,1.2262022929135319e-06,5.037051500756598e-06,1.2401254625840655e-07,4.090651231889136e-07,2.4247783009339645e-07,2.2747915790160104e-07,1.4395442682999977e-06
2020-01-09,1.238525830836303e-06,3.7995594274901677e-06,2.466374402120884e-07,8.137456994945956e-08,5.743311420280237e-07,2.0020111928092508e-07,1.6529071206171146e-06
2020-01-10,2.5019464447485315e-06,1.2739033961739817e-06,3.065930648211459e-07,1.5694759748745653e-07,3.919396487000829e-07,2.2439262375405065e-07,1.713934254944838e-06
2020-01-11,2.527091424553895e-06,0.0,1.8295199336349512e-07,3.9038078750689943e-07,3.9095507872511096e-07,1.9606291008950448e-07,1.4113553894558223e-06
2020-01-12,1.2762445578038147e-06,0.0,6.065548106203319e-08,3.1074529575938116e-07,4.2001034339794755e-07,2.023011199753216e-07,1.4709137948713202e-06
2020-01-13,1.2890710288500033e-06,1.2968215228437612e-06,2.413321197395491e-07,0.0,2.3944808106336814e-07,1.854107464801079e-07,1.6789981918836682e-06
2020-01-14,1.3020264080733061e-06,2.763437198907357e-06,3.0008306080506263e-07,1.532015614606814e-07,4.180998440872236e-07,1.9168772928105944e-07,1.6105021254921258e-06
2020-01-15,1.315111991022442e-06,0.0,2.985309804918395e-07,1.5213905256880635e-07,2.3810686475080758e-07,2.1548552793713677e-07,1.5395069507898917e-06
2020-01-16,3.984987258799832e-06,1.3994617328333906e-06,2.3760700282035382e-07,3.777293942724279e-07,4.7464668753048533e-07,1.6935216141685244e-07,1.5931804739157795e-06
2020-01-17,0.0,8.451256640844687e-06,1.7730973660914336e-07,5.106673690366759e-07,4.1398622179569276e-07,1.8153941615056947e-07,1.2920032403127476e-06
2020-01-18,5.420652455222849e-06,2.827987974597589e-06,3.5286390444888185e-07,2.541118758370884e-07,2.3582742341107426e-07,1.2333460248231123e-07,9.79185085328766e-07
2020-01-19,1.3416790155263503e-06,4.23613571149853e-06,3.5114362236397595e-07,2.529154785551832e-07,1.959611819261707e-07,1.9439078113892654e-07,1.2523156871537122e-06
2020-01-20,1.3283290862666105e-06,5.640950770935935e-06,1.9118449158783113e-07,4.1957395505316174e-07,3.629886576574329e-07,2.7180352221962585e-07,1.3349422843979545e-06
2020-01-21,1.315111991022442e-06,7.042855866231332e-06,1.908046311377951e-07,6.613779071320273e-07,2.5067471897884384e-07,1.5371235818565265e-07,1.2751212062132284e-06
2020-01-22,3.906079224219918e-06,1.4070455120496867e-06,2.2853262157185275e-07,4.3827933610820725e-07,3.334328876290633e-07,2.3071801493836143e-07,1.198335036332777e-06
2020-01-23,1.2890710288500033e-06,2.811321113153708e-06,7.604084641031768e-08,3.6265850374066675e-07,3.3192281256848426e-07,2.407348748804163e-07,1.227582555259551e-06
2020-01-24,1.2762445578038147e-06,8.381248822780239e-06,1.5182351288938613e-07,2.1607229612625086e-07,4.130574125822066e-07,1.8066506289124674e-07,1.177950009036149e-06
2020-01-25,5.05418284910779e-06,4.164686218983015e-06,3.789512885898645e-08,1.4304739827851675e-07,3.290020924314255e-07,1.677595187198094e-07,1.189241427625554e-06
2020-01-26,0.0,2.75944299911226e-06,1.891908452004583e-07,2.841218079971346e-07,3.2759115528049823e-07,1.665265611491568e-07,1.0524986010231706e-06
2020-01-27,2.477051661672606e-06,4.114056698252949e-06,1.8892496534816393e-07,2.1163292389110334e-07,2.990285627249181e-07,1.767109637094878e-07,1.2608737506278546e-06
2020-01-28,0.0,2.726240204623816e-06,1.509423825198739e-07,3.5032609208851034e-07,2.5791199355246415e-07,2.0372335791023556e-07,1.1577483238066312e-06
2020-01-29,3.642004128725673e-06,1.3550242850190018e-06,3.392097460318223e-07,1.3918627090386532e-07,2.143876183418722e-07,1.797816500233817e-07,1.180192799597354e-06
2020-01-30,1.2019218607195454e-06,5.388255885135152e-06,2.2388970177660213e-07,1.3825602371540585e-07,2.780310186296701e-07,1.3944831961565747e-07,9.642779189317883e-07
2020-01-31,1.1899625383848764e-06,1.3354676828010795e-06,1.477746413480505e-07,3.4334900561132915e-07,2.773859367484625e-07,1.439944169026656e-07,8.800625594339848e-07
2020-02-01,1.214918288141828e-06,2.6317668204350974e-06,3.6532006227784063e-07,4.0790500140352404e-07,8.482427745432521e-08,1.0393819372989733e-07,1.1515469826766979e-06
2020-02-02,1.2028296491936404e-06,3.913867716738382e-06,7.233701338468236e-08,2.701646871103897e-07,1.4812622321009421e-07,2.0641790983055644e-07,1.083797192100662e-06
2020-02-03,4.763445176850935e-06,0.0,6.330618175190234e-08,6.039443774526279e-07,3.201007138644868e-07,1.6722058681825838e-07,1.20757026308687e-06
2020-02-04,3.5370360790609087e-06,3.847473519869364e-06,9.401441207814829e-08,1.8525438442240693e-07,3.395988356953467e-07,2.035627366763108e-07,1.2180828784487595e-06
2020-02-05,3.501841982039062e-06,1.2716183991465314e-06,1.2410527073066201e-07,2.455103707216517e-07,2.792791013569083e-07,1.4896424099171163e-07,9.254177532078902e-07
2020-02-06,2.3113320480890867e-06,1.2608727879028748e-06,6.14352013271437e-08,3.0504930848553196e-07,2.057253813725883e-07,1.6908546638395088e-07,1.1755008241973272e-06
2020-02-07,1.1441669549748623e-06,1.2502532649887397e-06,1.2164782172057058e-07,3.0324115875405655e-07,1.3718019072917354e-07,1.4170190170030997e-07,9.96433361919724e-07
2020-02-08,5.663911517770771e-06,4.959035073771937e-06,7.527337854399957e-08,1.8087800003469493e-07,1.37223845343345e-07,2.241607700829229e-07,1.2420880030422402e-06
2020-02-09,3.3645327939233697e-06,2.458776497614418e-06,1.3414391264380495e-07,1.7244348433757626e-07,1.5444137526345492e-07,1.5535155169218e-07,1.2488664021986427e-06
2020-02-10,2.2207034221783044e-06,1.2191406690208081e-06,1.0329601209780379e-07,3.4297270235300227e-07,1.5452136878187462e-07,1.8004863768198435e-07,1.1005417622764035e-06
2020-02-11,2.198607053933839e-06,4.536013177727589e-06,2.92194856012522e-08,3.410927335868988e-07,1.928173905171598e-07,2.2136892938836319e-07,1.0620408548020478e-06
2020-02-12,1.0883652741134726e-06,4.498979644881674e-06,5.785749372351191e-08,5.088703115675984e-07,3.379214759050026e-07,1.8379384189293656e-07,1.2074947676424428e-06
2020-02-13,1.0775358586944113e-06,3.346797010312057e-06,1.0024315357368635e-07,3.3743494014004355e-07,1.4338247187429486e-07,1.404011658830179e-07,9.562845492356012e-07
2020-02-14,1.066814197759169e-06,4.970235458281249e-06,2.8355919294320143e-08,2.2377116645126593e-07,3.154573165370897e-08,1.399077598817074e-07,1.0729802600024171e-06
2020-02-15,2.1123984382654342e-06,2.9587289117014886e-06,4.211065977471973e-08,1.1130404172281226e-07,1.5615923189625216e-07,1.8792516034618404e-07,8.960000136633302e-07
2020-02-16,0.0,3.914149898388019e-06,6.948608618171509e-08,6.090349689430466e-07,1.0822379510409756e-07,1.8125592080205798e-07,8.329943473707506e-07
2020-02-17,2.0705701466830406e-06,2.91278949956927e-06,9.631256330092232e-08,1.6526143974955927e-07,1.989871935081008e-07,2.4088921193028033e-07,1.0188221112086043e-06
2020-02-18,1.0249838147447674e-06,0.0,1.3622033897719197e-07,1.6443895970543547e-07,1.6088250679120827e-07,1.9149961967941644e-07,1.0513480216186538e-06
2020-02-19,1.0147850553836453e-06,9.5600508069153e-07,9.440544677033694e-08,2.1817723159242024e-07,1.5928169910178515e-07,2.1409539742818015e-07,1.2322528265319293e-06
2020-02-20,1.004687775373718e-06,3.7947459084514566e-06,5.340919821713602e-08,5.428108370397517e-08,1.4556629512154526e-07,1.3593966794469386e-07,8.774657873945906e-07
2020-02-21,1.989381929957142e-06,2.8243882289174532e-06,7.931665172332781e-08,1.325262292698888e-07,8.406876699933146e-08,1.879787956735312e-07,8.828278385518087e-07
2020-02-22,0.0,3.7373326235638267e-06,1.3087906308703562e-08,3.127765212709674e-07,1.7835486169539786e-07,1.5180988739295613e-07,8.634085399803612e-07
2020-02-23,2.9249842926666346e-06,1.8545940058072632e-06,6.478839732528325e-08,2.3397633397688026e-07,1.1772013411325633e-07,1.5670611458627832e-07,6.779241044135568e-07
2020-02-24,9.6529340422451e-07,1.840707160778694e-06,2.565749680030869e-08,2.7229262063373257e-07,8.158415944543144e-08,1.7308796744315767e-07,8.604643737425471e-07
2020-02-25,1.911377148743289e-06,3.6540087760002606e-06,6.350550110391357e-08,7.761145174764176e-08,1.7308367891896072e-07,1.0898104786324239e-07,8.117770853278086e-07
2020-02-26,9.46179314172626e-07,0.0,6.287361081008724e-08,1.1614915964324526e-07,1.5993736970251737e-07,1.6537725377375004e-07,7.75072830057854e-07
2020-02-27,9.367646726935104e-07,0.0,4.9798406343789415e-08,1.1513216394309606e-07,1.9227724477374012e-07,1.087448194157251e-07,5.559569985707983e-07
2020-02-28,3.709774833849215e-06,2.6804803372410657e-06,6.162862990205279e-08,1.7279654686255591e-07,8.958308433975975e-08,1.524622703812789e-07,6.080525578029567e-07
2020-02-29,9.182154893748157e-07,1.7740068868578166e-06,1.2203082957743272e-08,8.645606380457577e-08,9.977818247698145e-08,1.3702698769942216e-07,8.117746540124788e-07
2020-03-01,0.0,3.5082345109166232e-06,7.258461777180361e-08,1.1550880756569483e-07,9.895056250749109e-08,1.3987158632395382e-07,7.426929205302098e-07
2020-03-02,9.198612527449921e-07,0.0,5.988532396476754e-08,2.0231584038247016e-07,5.442554886662678e-08,1.0975910165086519e-07,6.711785849950501e-07
2020-03-03,1.8214169607049613e-06,3.458280134037119e-06,9.486312805653309e-08,9.60002643530752e-08,1.50875215699911e-07,1.59786088063344e-07,6.989890853650836e-07
2020-03-04,2.704940338700793e-06,8.55967417940375e-07,2.347980604032416e-08,4.815993239541769e-08,8.535656126889528e-08,9.215163522747413e-08,7.660024773717142e-07
2020-03-05,1.7853504884214256e-06,1.6949007996531457e-06,3.4869267100028465e-08,7.248682297150614e-08,9.450017267348595e-08,1.0849652331900519e-07,5.733332496968883e-07
2020-03-06,1.7675859542456282e-06,3.356072509835858e-06,3.452231209533852e-08,7.274099609258876e-08,5.613592814679146e-08,1.0809741838465058e-07,5.580024845820589e-07
2020-03-07,2.624997270207374e-06,8.306697576032861e-07,5.696468225104465e-08,2.4005737029405462e-08,1.0189183826999127e-07,9.113848893110576e-08,4.571761238222093e-07
2020-03-08,8.6629270365361e-07,0.0,2.2559149676888375e-08,7.130062786496737e-08,4.585363524527362e-08,9.081904546158006e-08,4.881388740446015e-07
2020-03-09,0.0,4.791420643404498e-07,2.2334682387125935e-08,4.706078317594816e-08,9.079476790275627e-08,1.481051192273727e-07,4.959039462761735e-07
2020-03-10,0.0,4.7437452114249547e-07,3.316867287632176e-08,6.988878083917969e-08,9.888047935415997e-08,1.1480938436139195e-07,6.432115777692749e-07
2020-03-11,0.0,2.348272078959844e-06,3.2838639066882894e-08,1.8134310522673742e-08,8.009721993732884e-08,1.087147410210298e-07,6.046052970918456e-07
2020-03-12,0.0,1.3949438288232044e-06,6.50237782974327e-08,0.0,9.692251467888362e-08,7.954224681578376e-08,4.7299021710513997e-07
2020-03-13,0.0,0.0,3.218839044655801e-08,9.186091841120457e-08,1.0301725883787657e-07,6.24022462162843e-08,5.662830027989305e-07
2020-03-14,0.0,4.632888690502752e-07,5.3113517683780095e-08,9.094688700105896e-08,6.119533199144082e-08,5.828602937850205e-08,5.044936368994697e-07
2020-03-15,0.0,9.1735813556213e-07,3.155101761159599e-08,6.002796690360187e-08,1.0770920580329093e-07,6.281104025952681e-08,4.970467761720595e-07
2020-03-16,0.0,4.5411513480086676e-07,2.0824719827318453e-08,4.457300898990869e-08,1.0663748129880309e-07,8.041101378111643e-08,5.20727204593415e-07
2020-03-17,0.0,0.0,4.1235020805819274e-08,2.941966676010618e-08,7.258378918402565e-08,7.196840225379447e-08,4.2003991762611485e-07
2020-03-18,0.0,4.4512305266032794e-07,2.0412362746722433e-08,1.4563468092399525e-08,4.573008899106407e-08,7.003740140373647e-08,4.905031329186259e-07
2020-03-19,0.0,2.2034700214213995e-07,2.0209256343820253e-08,2.8837118327382923e-08,1.2288946757940215e-07,6.150748189822336e-08,4.114292553730629e-07
2020-03-20,0.0,0.0,0.0,4.2825276308745835e-08,7.684212438727004e-08,7.055815813442689e-08,5.41845118621126e-07
2020-03-21,0.0,1.0391904137109005e-07,0.0,0.0,6.339794372879132e-08,6.861569751952098e-08,4.708740691503768e-07
2020-03-22,0.0,1.0288502963282063e-07,0.0,1.3992426340609293e-08,8.787397310822053e-08,5.777455049369173e-08,4.927117727942426e-07
2020-03-23,0.0,0.0,0.0,1.3853199372267712e-08,7.45710964000051e-08,6.246824657023673e-08,4.684047097208404e-07
2020-03-24,0.0,0.0,0.0,4.1146073206223184e-08,7.382910159331823e-08,6.048385071268504e-08,4.05355981410059e-07
2020-03-25,0.0,0.0,0.0,1.3578887645750787e-08,7.918569723817475e-08,6.073651209668786e-08,3.7166934481649714e-07
2020-03-26,0.0,1.9770169983617576e-07,0.0,1.3443775456174197e-08,1.1458138010256697e-07,6.777249686946032e-08,3.9113394213179535e-07
2020-03-27,0.0,9.786726752736688e-08,0.0,2.6620015310692818e-08,5.373534141535106e-08,7.714232528489664e-08,3.907267954092262e-07
2020-03-28,0.0,0.0,0.0,0.0,5.91118509274701e-08,6.608889756927494e-08,3.2419622648980387e-07
2020-03-29,0.0,0.0,0.0,1.3046451845473308e-08,3.511420691000842e-08,4.5783819585658287e-08,2.790512226682688e-07
2020-03-30,0.0,1.8994970530506026e-07,0.0,5.1666549922509506e-08,5.794135785581288e-08,5.7492084429565794e-08,3.0329602213017964e-07
2020-03-31,0.0,0.0,0.0,1.2788114790293406e-08,4.589186536987888e-08,3.234568043471068e-08,3.1955966671946326e-07
2020-04-01,0.0,9.330799486650972e-08,0.0,2.5324472244628658e-08,6.249435327048336e-08,5.0359387348449154e-08,3.5081751641244205e-07
2020-04-02,0.0,9.237956480505618e-08,0.0,2.5072489535580023e-08,4.499819932051187e-08,4.759201656876739e-08,2.1510843774455384e-07
2020-04-03,0.0,9.146037277706636e-08,0.0,3.7234521144568134e-08,0.0,3.814352178851565e-08,2.4184669504060754e-07
2020-04-04,0.0,2.716509805877145e-07,0.0,7.372806293781913e-08,0.0,5.5535275596070134e-08,2.1728967488338166e-07
2020-04-05,0.0,0.0,0.0,2.4331485484745342e-08,0.0,4.398615229688278e-08,2.3640735741569964e-07
2020-04-06,0.0,0.0,0.0,2.408938315904242e-08,0.0,5.879045173787242e-08,2.6940444750875457e-07
2020-04-07,0.0,0.0,0.0,0.0,0.0,6.036123537538274e-08,2.843639572449475e-07
2020-04-08,0.0,0.0,0.0,0.0,0.0,3.292248622497091e-08,2.764387474689455e-07
2020-04-09,0.0,0.0,0.0,0.0,0.0,3.569917839589332e-08,2.2679994035282304e-07
2020-04-10,0.0,0.0,0.0,3.4717237402352686e-08,0.0,3.995404811007555e-08,2.185636688044563e-07
2020-04-11,0.0,8.442856515712521e-08,0.0,1.1457265039476558e-08,0.0,3.042807591460505e-08,2.2427887070060035e-07
2020-04-12,0.0,8.358848689749264e-08,0.0,0.0,0.0,4.51879672508427e-08,2.770126329345866e-07
2020-04-13,0.0,8.275676755620709e-08,0.0,2.2460791982837582e-08,0.0,3.728194955346638e-08,2.7837685546049005e-07
2020-04-14,0.0,0.0,0.0,3.3355955052724486e-08,0.0,4.872250410357563e-08,2.750270698716511e-07
2020-04-15,0.0,0.0,0.0,0.0,0.0,3.8005466190221006e-08,3.383799270596263e-07
2020-04-16,0.0,8.031093544583328e-08,0.0,1.0898487629853437e-08,0.0,4.196891765432501e-08,2.826371101699189e-07
2020-04-17,0.0,7.951182828638739e-08,0.0,3.237013759816127e-08,0.0,3.5820103401980173e-08,3.3708385011866417e-07
2020-04-18,0.0,7.872067237603023e-08,0.0,0.0,0.0,2.837094993440678e-08,2.1300352498534428e-07
2020-04-19,0.0,7.793738859851147e-08,0.0,2.1152777285649873e-08,0.0,1.8257625272812514e-08,1.91712822272479e-07
2020-04-20,0.0,7.716189862480058e-08,0.0,2.0942303634990832e-08,0.0,4.4494667977852645e-08,2.5623708455490963e-07
2020-04-21,0.0,0.0,0.0,4.146784846429454e-08,0.0,3.1662330893329414e-08,3.2415622823172644e-07
2020-04-22,0.0,0.0,0.0,0.0,0.0,3.27102108908368e-08,3.0232613465974754e-07
2020-04-23,0.0,0.0,0.0,1.0161682512396769e-08,0.0,4.183028768689871e-08,2.7168859110948906e-07
2020-04-24,0.0,0.0,0.0,2.0121144164020504e-08,0.0,3.874219392686208e-08,2.279535969995723e-07
2020-04-25,0.0,0.0,0.0,2.988140315164731e-08,0.0,3.306612297962744e-08,2.3471283764442945e-07
2020-04-26,0.0,0.0,0.0,0.0,0.0,3.535607832340647e-08,2.4578379468993186e-07
2020-04-27,0.0,0.0,0.0,0.0,0.0,4.4079463031399206e-08,2.8758151508391706e-07
2020-04-28,0.0,0.0,0.0,0.0,0.0,2.43875422315823e-08,2.978609557150043e-07
2020-04-29,0.0,0.0,0.0,0.0,0.0,3.3040365022639514e-08,2.645401260418604e-07
2020-04-30,0.0,0.0,0.0,0.0,0.0,3.019533036708561e-08,2.14678612957154e-07
2020-05-01,0.0,0.0,0.0,0.0,0.0,2.3668157422322363e-08,2.3749912325317283e-07
2020-05-02,0.0,0.0,0.0,0.0,0.0,2.3432655321119396e-08,2.6032910686656017e-07
2020-05-03,0.0,0.0,0.0,0.0,0.0,2.5641548768657475e-08,1.4965478069417844e-07
2020-05-04,0.0,0.0,0.0,0.0,0.0,3.263967140847495e-08,2.75752813332907e-07
2020-05-05,0.0,0.0,0.0,0.0,0.0,3.351174944609137e-08,2.526352190113256e-07
2020-05-06,0.0,0.0,0.0,0.0,0.0,2.8438544543782742e-08,2.097792861650012e-07
2020-05-07,0.0,0.0,0.0,0.0,0.0,3.284817234724715e-08,1.6775118827789425e-07
2020-05-08,0.0,0.0,0.0,0.0,0.0,3.0198375601973485e-08,1.9383948105172284e-07
2020-05-09,0.0,0.0,0.0,0.0,0.0,1.9548624794303433e-08,1.979079568014483e-07
2020-05-10,0.0,0.0,0.0,0.0,0.0,2.7323453262529386e-08,1.7515735824251174e-07
2020-05-11,0.0,0.0,0.0,0.0,0.0,2.4797281996685346e-08,1.4108299395900382e-07
2020-05-12,0.0,0.0,0.0,0.0,0.0,3.236208193769261e-08,1.5422911082998273e-07
2020-05-13,0.0,0.0,0.0,0.0,0.0,3.093524370970023e-08,1.5269450553650642e-07
2020-05-14,0.0,0.0,0.0,0.0,0.0,3.6096617336739195e-08,1.5973225490502753e-07
2020-05-15,0.0,0.0,0.0,0.0,0.0,2.707382575238331e-08,1.2425512975315172e-07
2020-05-16,0.0,0.0,0.0,0.0,0.0,2.7876614152505084e-08,1.6216110664014026e-07
2020-05-17,0.0,0.0,0.0,0.0,0.0,3.609131019400117e-08,1.743878850032427e-07
2020-05-18,0.0,0.0,0.0,0.0,0.0,3.152840793296515e-08,1.5072854461179558e-07
2020-05-19,0.0,0.0,0.0,0.0,0.0,1.976930685385847e-08,1.4380226978746544e-07
2020-05-20,0.0,0.0,0.0,0.0,0.0,2.987396683978774e-08,1.289401478905659e-07
2020-05-21,0.0,0.0,0.0,0.0,0.0,0.0,1.3297622081525822e-07
2020-05-22,0.0,0.0,0.0,0.0,0.0,0.0,1.3691920872316864e-07
2020-05-23,0.0,0.0,0.0,0.0,0.0,0.0,1.668391874873117e-07
2020-05-24,0.0,0.0,0.0,0.0,0.0,0.0,1.4195079751416025e-07
2020-05-25,0.0,0.0,0.0,0.0,0.0,0.0,1.7886700806476243e-07
2020-05-26,0.0,0.0,0.0,0.0,0.0,0.0,1.7455743371776159e-07
2020-05-27,0.0,0.0,0.0,0.0,0.0,0.0,1.6781126668899614e-07
2020-05-28,0.0,0.0,0.0,0.0,0.0,0.0,1.6118206842737415e-07
2020-05-29,0.0,0.0,0.0,0.0,0.0,0.0,1.3502777542681205e-07
2020-05-30,0.0,0.0,0.0,0.0,0.0,0.0,1.336842266128353e-07
2020-05-31,0.0,0.0,0.0,0.0,0.0,0.0,1.4679266956924264e-07
2020-06-01,0.0,0.0,0.0,0.0,0.0,0.0,1.4492597712301817e-07
2020-06-02,0.0,0.0,0.0,0.0,0.0,0.0,1.6465370113050145e-07
2020-06-03,0.0,0.0,0.0,0.0,0.0,0.0,1.2342592256876035e-07
2020-06-04,0.0,0.0,0.0,0.0,0.0,0.0,1.0836409931355335e-07
2020-06-05,0.0,0.0,0.0,0.0,0.0,0.0,1.5978744884432608e-07
2020-06-06,0.0,0.0,0.0,0.0,0.0,0.0,1.0395838156460462e-07
2020-06-07,0.0,0.0,0.0,0.0,0.0,0.0,1.454360564134024e-07
2020-06-08,0.0,0.0,0.0,0.0,0.0,0.0,0.0
2020-06-09,0.0,0.0,0.0,0.0,0.0,0.0,0.0
2020-06-10,0.0,0.0,0.0,0.0,0.0,0.0,0.0
2020-06-11,0.0,0.0,0.0,0.0,0.0,0.0,0.0
2020-06-12,0.0,0.0,0.0,0.0,0.0,0.0,0.0
2020-06-13,0.0,0.0,0.0,0.0,0.0,0.0,0.0
2020-06-14,0.0,0.0,0.0,0.0,0.0,0.0,0.0
2020-06-15,0.0,0.0,0.0,0.0,0.0,0.0,0.0
2020-06-16,0.0,0.0,0.0,0.0,0.0,0.0,0.0
2020-06-17,0.0,0.0,0.0,0.0,0.0,0.0,0.0
2020-06-18,0.0,0.0,0.0,0.0,0.0,0.0,0.0
2020-06-19,0.0,0.0,0.0,0.0,0.0,0.0,0.0
2020-06-20,0.0,0.0,0.0,0.0,0.0,0.0,0.0
2020-06-21,0.0,0.0,0.0,0.0,0.0,0.0,0.0
2020-06-22,0.0,0.0,0.0,0.0,0.0,0.0,0.0
2020-06-23,0.0,0.0,0.0,0.0,0.0,0.0,0.0
2020-06-24,0.0,0.0,0.0,0.0,0.0,0.0,0.0
2020-06-25,0.0,0.0,0.0,0.0,0.0,0.0,0.0
2020-06-26,0.0,0.0,0.0,0.0,0.0,0.0,0.0
2020-06-27,0.0,0.0,0.0,0.0,0.0,0.0,0.0
2020-06-28,0.0,0.0,0.0,0.0,0.0,0.0,0.0
2020-06-29,0.0,0.0,0.0,0.0,0.0,0.0,0.0
2020-06-30,0.0,0.0,0.0,0.0,0.0,0.0,0.0
2020-07-01,0.0,0.0,0.0,0.0,0.0,0.0,0.0
2020-07-02,0.0,0.0,0.0,0.0,0.0,0.0,0.0
2020-07-03,0.0,0.0,0.0,0.0,0.0,0.0,0.0
2020-07-04,0.0,0.0,0.0,0.0,0.0,0.0,0.0
2020-07-05,0.0,0.0,0.0,0.0,0.0,0.0,0.0
2020-07-06,0.0,0.0,0.0,0.0,0.0,0.0,0.0
2020-07-07,0.0,0.0,0.0,0.0,0.0,0.0,0.0
2020-07-08,0.0,0.0,0.0,0.0,0.0,0.0,0.0
2020-07-09,0.0,0.0,0.0,0.0,0.0,0.0,0.0
2020-07-10,0.0,0.0,0.0,0.0,0.0,0.0,0.0
2020-07-11,0.0,0.0,0.0,0.0,0.0,0.0,0.0
2020-07-12,0.0,0.0,0.0,0.0,0.0,0.0,0.0
2020-07-13,0.0,0.0,0.0,0.0,0.0,0.0,0.0
2020-07-14,0.0,0.0,0.0,0.0,0.0,0.0,0.0
2020-07-15,0.0,0.0,0.0,0.0,0.0,0.0,0.0
2020-07-16,0.0,0.0,0.0,0.0,0.0,0.0,0.0
2020-07-17,0.0,0.0,0.0,0.0,0.0,0.0,0.0
2020-07-18,0.0,0.0,0.0,0.0,0.0,0.0,0.0
2020-07-19,0.0,0.0,0.0,0.0,0.0,0.0,0.0
2020-07-20,0.0,0.0,0.0,0.0,0.0,0.0,0.0
2020-07-21,0.0,0.0,0.0,0.0,0.0,0.0,0.0
2020-07-22,0.0,0.0,0.0,0.0,0.0,0.0,0.0
2020-07-23,0.0,0.0,0.0,0.0,0.0,0.0,0.0
2020-07-24,0.0,0.0,0.0,0.0,0.0,0.0,0.0
2020-07-25,0.0,0.0,0.0,0.0,0.0,0.0,0.0
2020-07-26,0.0,0.0,0.0,0.0,0.0,0.0,0.0
2020-07-27,0.0,0.0,0.0,0.0,0.0,0.0,0.0
2020-07-28,0.0,0.0,0.0,0.0,0.0,0.0,0.0
2020-07-29,0.0,0.0,0.0,0.0,0.0,0.0,0.0
2020-07-30,0.0,0.0,0.0,0.0,0.0,0.0,0.0
2020-07-31,0.0,0.0,0.0,0.0,0.0,0.0,0.0
2020-08-01,0.0,0.0,0.0,0.0,0.0,0.0,0.0
2020-08-02,0.0,0.0,0.0,0.0,0.0,0.0,0.0
2020-08-03,0.0,0.0,0.0,0.0,0.0,0.0,0.0
2020-08-04,0.0,0.0,0.0,0.0,0.0,0.0,0.0
2020-08-05,0.0,0.0,0.0,0.0,0.0,0.0,0.0
2020-08-06,0.0,0.0,0.0,0.0,0.0,0.0,0.0
2020-08-07,0.0,0.0,0.0,0.0,0.0,0.0,0.0
2020-08-08,0.0,0.0,0.0,0.0,0.0,0.0,0.0
2020-08-09,0.0,0.0,0.0,0.0,0.0,0.0,0.0
2020-08-10,0.0,0.0,0.0,0.0,0.0,0.0,0.0
2020-08-11,0.0,0.0,0.0,0.0,0.0,0.0,0.0
2020-08-12,0.0,0.0,0.0,0.0,0.0,0.0,0.0
2020-08-13,0.0,0.0,0.0,0.0,0.0,0.0,0.0
2020-08-14,0.0,0.0,0.0,0.0,0.0,0.0,0.0
2020-08-15,0.0,0.0,0.0,0.0,0.0,0.0,0.0
2020-08-16,0.0,0.0,0.0,0.0,0.0,0.0,0.0
2020-08-17,0.0,0.0,0.0,0.0,0.0,0.0,0.0
2020-08-18,0.0,0.0,0.0,0.0,0.0,0.0,0.0
2020-08-19,0.0,0.0,0.0,0.0,0.0,0.0,0.0
2020-08-20,0.0,0.0,0.0,0.0,0.0,0.0,0.0
2020-08-21,0.0,0.0,0.0,0.0,0.0,0.0,0.0
2020-08-22,0.0,0.0,0.0,0.0,0.0,0.0,0.0
2020-08-23,0.0,0.0,0.0,0.0,0.0,0.0,0.0
2020-08-24,0.0,0.0,0.0,0.0,0.0,0.0,0.0
2020-08-25,0.0,0.0,0.0,0.0,0.0,0.0,0.0
2020-08-26,0.0,0.0,0.0,0.0,0.0,0.0,0.0
2020-08-27,0.0,0.0,0.0,0.0,0.0,0.0,0.0
2020-08-28,0.0,0.0,0.0,0.0,0.0,0.0,0.0
2020-08-29,0.0,0.0,0.0,0.0,0.0,0.0,0.0
2020-08-30,0.0,0.0,0.0,0.0,0.0,0.0,0.0
2020-08-31,0.0,0.0,0.0,0.0,0.0,0.0,0.0
2020-09-01,0.0,0.0,0.0,0.0,0.0,0.0,0.0
2020-09-02,0.0,0.0,0.0,0.0,0.0,0.0,0.0
2020-09-03,0.0,0.0,0.0,0.0,0.0,0.0,0.0
2020-09-04,0.0,0.0,0.0,0.0,0.0,0.0,0.0
2020-09-05,0.0,0.0,0.0,0.0,0.0,0.0,0.0
2020-09-06,0.0,0.0,0.0,0.0,0.0,0.0,0.0
2020-09-07,0.0,0.0,0.0,0.0,0.0,0.0,0.0
2020-09-08,0.0,0.0,0.0,0.0,0.0,0.0,0.0
2020-09-09,0.0,0.0,0.0,0.0,0.0,0.0,0.0
2020-09-10,0.0,0.0,0.0,0.0,0.0,0.0,0.0
2020-09-11,0.0,0.0,0.0,0.0,0.0,0.0,0.0
2020-09-12,0.0,0.0,0.0,0.0,0.0,0.0,0.0
2020-09-13,0.0,0.0,0.0,0.0,0.0,0.0,0.0
2020-09-14,0.0,0.0,0.0,0.0,0.0,0.0,0.0
2020-09-15,0.0,0.0,0.0,0.0,0.0,0.0,0.0
2020-09-16,0.0,0.0,0.0,0.0,0.0,0.0,0.0
2020-09-17,0.0,0.0,0.0,0.0,0.0,0.0,0.0
2020-09-18,0.0,0.0,0.0,0.0,0.0,0.0,0.0
2020-09-19,0.0,0.0,0.0,0.0,0.0,0.0,0.0
2020-09-20,0.0,0.0,0.0,0.0,0.0,0.0,0.0
2020-09-21,0.0,0.0,0.0,0.0,0.0,0.0,0.0
2020-09-22,0.0,0.0,0.0,0.0,0.0,0.0,0.0
2020-09-23,0.0,0.0,0.0,0.0,0.0,0.0,0.0
2020-09-24,0.0,0.0,0.0,0.0,0.0,0.0,0.0
2020-09-25,0.0,0.0,0.0,0.0,0.0,0.0,0.0
2020-09-26,0.0,0.0,0.0,0.0,0.0,0.0,0.0
2020-09-27,0.0,0.0,0.0,0.0,0.0,0.0,0.0
2020-09-28,0.0,0.0,0.0,0.0,0.0,0.0,0.0
2020-09-29,0.0,0.0,0.0,0.0,0.0,0.0,0.0
2020-09-30,0.0,0.0,0.0,0.0,0.0,0.0,0.0
2020-10-01,0.0,0.0,0.0,0.0,0.0,0.0,0.0
2020-10-02,0.0,0.0,0.0,0.0,0.0,0.0,0.0
2020-10-03,0.0,0.0,0.0,0.0,0.0,0.0,0.0
2020-10-04,0.0,0.0,0.0,0.0,0.0,0.0,0.0
2020-10-05,0.0,0.0,0.0,0.0,0.0,0.0,0.0
2020-10-06,0.0,0.0,0.0,0.0,0.0,0.0,0.0
2020-10-07,0.0,0.0,0.0,0.0,0.0,0.0,0.0
2020-10-08,0.0,0.0,0.0,0.0,0.0,0.0,0.0
2020-10-09,0.0,0.0,0.0,0.0,0.0,0.0,0.0
2020-10-10,0.0,0.0,0.0,0.0,0.0,0.0,0.0
2020-10-11,0.0,0.0,0.0,0.0,0.0,0.0,0.0
2020-10-12,0.0,0.0,0.0,0.0,0.0,0.0,0.0
2020-10-13,0.0,0.0,0.0,0.0,0.0,0.0,0.0
2020-10-14,0.0,0.0,0.0,0.0,0.0,0.0,0.0
2020-10-15,0.0,0.0,0.0,0.0,0.0,0.0,0.0
2020-10-16,0.0,0.0,0.0,0.0,0.0,0.0,0.0
2020-10-17,0.0,0.0,0.0,0.0,0.0,0.0,0.0
2020-10-18,0.0,0.0,0.0,0.0,0.0,0.0,0.0
2020-10-19,0.0,0.0,0.0,0.0,0.0,0.0,0.0
2020-10-20,0.0,0.0,0.0,0.0,0.0,0.0,0.0
2020-10-21,0.0,0.0,0.0,0.0,0.0,0.0,0.0
2020-10-22,0.0,0.0,0.0,0.0,0.0,0.0,0.0
2020-10-23,0.0,0.0,0.0,0.0,0.0,0.0,0.0
2020-10-24,0.0,0.0,0.0,0.0,0.0,0.0,0.0
2020-10-25,0.0,0.0,0.0,0.0,0.0,0.0,0.0
2020-10-26,0.0,0.0,0.0,0.0,0.0,0.0,0.0
2020-10-27,0.0,0.0,0.0,0.0,0.0,0.0,0.0
2020-10-28,0.0,0.0,0.0,0.0,0.0,0.0,0.0
2020-10-29,0.0,0.0,0.0,0.0,0.0,0.0,0.0
2020-10-30,0.0,0.0,0.0,0.0,0.0,0.0,0.0
2020-10-31,0.0,0.0,0.0,0.0,0.0,0.0,0.0
2020-11-01,0.0,0.0,0.0,0.0,0.0,0.0,0.0
2020-11-02,0.0,0.0,0.0,0.0,0.0,0.0,0.0
2020-11-03,0.0,0.0,0.0,0.0,0.0,0.0,0.0
2020-11-04,0.0,0.0,0.0,0.0,0.0,0.0,0.0
2020-11-05,0.0,0.0,0.0,0.0,0.0,0.0,0.0
2020-11-06,0.0,0.0,0.0,0.0,0.0,0.0,0.0
2020-11-07,0.0,0.0,0.0,0.0,0.0,0.0,0.0
2020-11-08,0.0,0.0,0.0,0.0,0.0,0.0,0.0
2020-11-09,0.0,0.0,0.0,0.0,0.0,0.0,0.0
2020-11-10,0.0,0.0,0.0,0.0,0.0,0.0,0.0
2020-11-11,0.0,0.0,0.0,0.0,0.0,0.0,0.0
2020-11-12,0.0,0.0,0.0,0.0,0.0,0.0,0.0
2020-11-13,0.0,0.0,0.0,0.0,0.0,0.0,0.0
2020-11-14,0.0,0.0,0.0,0.0,0.0,0.0,0.0
2020-11-15,0.0,0.0,0.0,0.0,0.0,0.0,0.0
2020-11-16,0.0,0.0,0.0,0.0,0.0,0.0,0.0
2020-11-17,0.0,0.0,0.0,0.0,0.0,0.0,0.0
2020-11-18,0.0,0.0,0.0,0.0,0.0,0.0,0.0
2020-11-19,0.0,0.0,0.0,0.0,0.0,0.0,0.0
2020-11-20,0.0,0.0,0.0,0.0,0.0,0.0,0.0
2020-11-21,0.0,0.0,0.0,0.0,0.0,0.0,0.0
2020-11-22,0.0,0.0,0.0,0.0,0.0,0.0,0.0
2020-11-23,0.0,0.0,0.0,0.0,0.0,0.0,0.0
2020-11-24,0.0,0.0,0.0,0.0,0.0,0.0,0.0
2020-11-25,0.0,0.0,0.0,0.0,0.0,0.0,0.0
2020-11-26,0.0,0.0,0.0,0.0,0.0,0.0,0.0
2020-11-27,0.0,0.0,0.0,0.0,0.0,0.0,0.0
2020-11-28,0.0,0.0,0.0,0.0,0.0,0.0,0.0
2020-11-29,0.0,0.0,0.0,0.0,0.0,0.0,0.0
2020-11-30,0.0,0.0,0.0,0.0,0.0,0.0,0.0
2020-12-01,0.0,0.0,0.0,0.0,0.0,0.0,0.0
2020-12-02,0.0,0.0,0.0,0.0,0.0,0.0,0.0
2020-12-03,0.0,0.0,0.0,0.0,0.0,0.0,0.0
2020-12-04,0.0,0.0,0.0,0.0,0.0,0.0,0.0
2020-12-05,0.0,0.0,0.0,0.0,0.0,0.0,0.0
2020-12-06,0.0,0.0,0.0,0.0,0.0,0.0,0.0
2020-12-07,0.0,0.0,0.0,0.0,0.0,0.0,0.0
2020-12-08,0.0,0.0,0.0,0.0,0.0,0.0,0.0
2020-12-09,0.0,0.0,0.0,0.0,0.0,0.0,0.0
2020-12-10,0.0,0.0,0.0,0.0,0.0,0.0,0.0
2020-12-11,0.0,0.0,0.0,0.0,0.0,0.0,0.0
2020-12-12,0.0,0.0,0.0,0.0,0.0,0.0,0.0
2020-12-13,0.0,0.0,0.0,0.0,0.0,0.0,0.0
2020-12-14,0.0,0.0,0.0,0.0,0.0,0.0,0.0
2020-12-15,0.0,0.0,0.0,0.0,0.0,0.0,0.0
2020-12-16,0.0,0.0,0.0,0.0,0.0,0.0,0.0
2020-12-17,0.0,0.0,0.0,0.0,0.0,0.0,0.0
2020-12-18,0.0,0.0,0.0,0.0,0.0,0.0,0.0
2020-12-19,0.0,0.0,0.0,0.0,0.0,0.0,0.0
2020-12-20,0.0,0.0,0.0,0.0,0.0,0.0,0.0
2020-12-21,0.0,0.0,0.0,0.0,0.0,0.0,0.0
2020-12-22,0.0,0.0,0.0,0.0,0.0,0.0,0.0
2020-12-23,0.0,0.0,0.0,0.0,0.0,0.0,0.0
2020-12-24,0.0,0.0,0.0,0.0,0.0,0.0,0.0
2020-12-25,0.0,0.0,0.0,0.0,0.0,0.0,0.0
2020-12-26,0.0,0.0,0.0,0.0,0.0,0.0,0.0
2020-12-27,0.0,0.0,0.0,0.0,0.0,0.0,0.0
2020-12-28,0.0,0.0,0.0,0.0,0.0,0.0,0.0
2020-12-29,0.0,0.0,0.0,0.0,0.0,0.0,0.0
2020-12-30,0.0,0.0,0.0,0.0,0.0,0.0,0.0
2020-12-31,0.0,0.0,0.0,0.0,0.0,0.0,0.0
2021-01-01,0.0,0.0,0.0,0.0,0.0,0.0,0.0
2021-01-02,0.0,0.0,0.0,0.0,0.0,0.0,0.0
2021-01-03,0.0,0.0,0.0,0.0,0.0,0.0,0.0
2021-01-04,0.0,0.0,0.0,0.0,0.0,0.0,0.0
2021-01-05,0.0,0.0,0.0,0.0,0.0,0.0,0.0
2021-01-06,0.0,0.0,0.0,0.0,0.0,0.0,0.0
2021-01-07,0.0,0.0,0.0,0.0,0.0,0.0,0.0
2021-01-08,0.0,0.0,0.0,0.0,0.0,0.0,0.0
2021-01-09,0.0,0.0,0.0,0.0,0.0,0.0,0.0
2021-01-10,0.0,0.0,0.0,0.0,0.0,0.0,0.0
2021-01-11,0.0,0.0,0.0,0.0,0.0,0.0,0.0
2021-01-12,0.0,0.0,0.0,0.0,0.0,0.0,0.0
2021-01-13,0.0,0.0,0.0,0.0,0.0,0.0,0.0
2021-01-14,0.0,0.0,0.0,0.0,0.0,0.0,0.0
2021-01-15,0.0,0.0,0.0,0.0,0.0,0.0,0.0
2021-01-16,0.0,0.0,0.0,0.0,0.0,0.0,0.0
2021-01-17,0.0,0.0,0.0,0.0,0.0,0.0,0.0
2021-01-18,0.0,0.0,0.0,0.0,0.0,0.0,0.0
2021-01-19,0.0,0.0,0.0,0.0,0.0,0.0,0.0
2021-01-20,0.0,0.0,0.0,0.0,0.0,0.0,0.0
2021-01-21,0.0,0.0,0.0,0.0,0.0,0.0,0.0
2021-01-22,0.0,0.0,0.0,0.0,0.0,0.0,0.0
2021-01-23,0.0,0.0,0.0,0.0,0.0,0.0,0.0
2021-01-24,0.0,0.0,0.0,0.0,0.0,0.0,0.0
2021-01-25,0.0,0.0,0.0,0.0,0.0,0.0,0.0
2021-01-26,0.0,0.0,0.0,0.0,0.0,0.0,0.0
2021-01-27,0.0,0.0,0.0,0.0,0.0,0.0,0.0
2021-01-28,0.0,0.0,0.0,0.0,0.0,0.0,0.0
2021-01-29,0.0,0.0,0.0,0.0,0.0,0.0,0.0
2021-01-30,0.0,0.0,0.0,0.0,0.0,0.0,0.0
2021-01-31,0.0,0.0,0.0,0.0,0.0,0.0,0.0
2021-02-01,0.0,0.0,0.0,0.0,0.0,0.0,0.0
2021-02-02,0.0,0.0,0.0,0.0,0.0,0.0,0.0
2021-02-03,0.0,0.0,0.0,0.0,0.0,0.0,0.0
2021-02-04,0.0,0.0,0.0,0.0,0.0,0.0,0.0
2021-02-05,0.0,0.0,0.0,0.0,0.0,0.0,0.0
2021-02-06,0.0,0.0,0.0,0.0,0.0,0.0,0.0
2021-02-07,0.0,0.0,0.0,0.0,0.0,0.0,0.0
2021-02-08,0.0,0.0,0.0,0.0,0.0,0.0,0.0
2021-02-09,0.0,0.0,0.0,0.0,0.0,0.0,0.0
2021-02-10,0.0,0.0,0.0,0.0,0.0,0.0,0.0
2021-02-11,0.0,0.0,0.0,0.0,0.0,0.0,0.0
2021-02-12,0.0,0.0,0.0,0.0,0.0,0.0,0.0
2021-02-13,0.0,0.0,0.0,0.0,0.0,0.0,0.0
2021-02-14,0.0,0.0,0.0,0.0,0.0,0.0,0.0
2021-02-15,0.0,0.0,0.0,0.0,0.0,0.0,0.0
2021-02-16,0.0,0.0,0.0,0.0,0.0,0.0,0.0
2021-02-17,0.0,0.0,0.0,0.0,0.0,0.0,0.0
2021-02-18,0.0,0.0,0.0,0.0,0.0,0.0,0.0
2021-02-19,0.0,0.0,0.0,0.0,0.0,0.0,0.0
2021-02-20,0.0,0.0,0.0,0.0,0.0,0.0,0.0
2021-02-21,0.0,0.0,0.0,0.0,0.0,0.0,0.0
2021-02-22,0.0,0.0,0.0,0.0,0.0,0.0,0.0
2021-02-23,0.0,0.0,0.0,0.0,0.0,0.0,0.0
2021-02-24,0.0,0.0,0.0,0.0,0.0,0.0,0.0
2021-02-25,0.0,0.0,0.0,0.0,0.0,0.0,0.0
2021-02-26,0.0,0.0,0.0,0.0,0.0,0.0,0.0
2021-02-27,0.0,0.0,0.0,0.0,0.0,0.0,0.0
2021-02-28,0.0,0.0,0.0,0.0,0.0,0.0,0.0
2021-03-01,0.0,0.0,0.0,0.0,0.0,0.0,0.0
2021-03-02,0.0,0.0,0.0,0.0,0.0,0.0,0.0
2021-03-03,0.0,0.0,0.0,0.0,0.0,0.0,0.0
2021-03-04,0.0,0.0,0.0,0.0,0.0,0.0,0.0
2021-03-05,0.0,0.0,0.0,0.0,0.0,0.0,0.0
2021-03-06,0.0,0.0,0.0,0.0,0.0,0.0,0.0
2021-03-07,0.0,0.0,0.0,0.0,0.0,0.0,0.0
2021-03-08,0.0,0.0,0.0,0.0,0.0,0.0,0.0
2021-03-09,0.0,0.0,0.0,0.0,0.0,0.0,0.0
2021-03-10,0.0,0.0,0.0,0.0,0.0,0.0,0.0
2021-03-11,0.0,0.0,0.0,0.0,0.0,0.0,0.0
2021-03-12,0.0,0.0,0.0,0.0,0.0,0.0,0.0
2021-03-13,0.0,0.0,0.0,0.0,0.0,0.0,0.0
2021-03-14,0.0,0.0,0.0,0.0,0.0,0.0,0.0
2021-03-15,0.0,0.0,0.0,0.0,0.0,0.0,0.0
2021-03-16,0.0,0.0,0.0,0.0,0.0,0.0,0.0
2021-03-17,0.0,0.0,0.0,0.0,0.0,0.0,0.0
2021-03-18,0.0,0.0,0.0,0.0,0.0,0.0,0.0
2021-03-19,0.0,0.0,0.0,0.0,0.0,0.0,0.0
2021-03-20,0.0,0.0,0.0,0.0,0.0,0.0,0.0
2021-03-21,0.0,0.0,0.0,0.0,0.0,0.0,0.0
2021-03-22,0.0,0.0,0.0,0.0,0.0,0.0,0.0
2021-03-23,0.0,0.0,0.0,0.0,0.0,0.0,0.0
2021-03-24,0.0,0.0,0.0,0.0,0.0,0.0,0.0
2021-03-25,0.0,0.0,0.0,0.0,0.0,0.0,0.0
2021-03-26,0.0,0.0,0.0,0.0,0.0,0.0,0.0
2021-03-27,0.0,0.0,0.0,0.0,0.0,0.0,0.0
2021-03-28,0.0,0.0,0.0,0.0,0.0,0.0,0.0
2021-03-29,0.0,0.0,0.0,0.0,0.0,0.0,0.0
2021-03-30,0.0,0.0,0.0,0.0,0.0,0.0,0.0
2021-03-31,0.0,0.0,0.0,0.0,0.0,0.0,0.0
2021-04-01,0.0,0.0,0.0,0.0,0.0,0.0,0.0
2021-04-02,0.0,0.0,0.0,0.0,0.0,0.0,0.0
2021-04-03,0.0,0.0,0.0,0.0,0.0,0.0,0.0
2021-04-04,0.0,0.0,0.0,0.0,0.0,0.0,0.0
2021-04-05,0.0,0.0,0.0,0.0,0.0,0.0,0.0
2021-04-06,0.0,0.0,0.0,0.0,0.0,0.0,0.0
2021-04-07,0.0,0.0,0.0,0.0,0.0,0.0,0.0
2021-04-08,0.0,0.0,0.0,0.0,0.0,0.0,0.0
2021-04-09,0.0,0.0,0.0,0.0,0.0,0.0,0.0
2021-04-10,0.0,0.0,0.0,0.0,0.0,0.0,0.0
2021-04-11,0.0,0.0,0.0,0.0,0.0,0.0,0.0
2021-04-12,0.0,0.0,0.0,0.0,0.0,0.0,0.0
2021-04-13,0.0,0.0,0.0,0.0,0.0,0.0,0.0
2021-04-14,0.0,0.0,0.0,0.0,0.0,0.0,0.0
2021-04-15,0.0,0.0,0.0,0.0,0.0,0.0,0.0
2021-04-16,0.0,0.0,0.0,0.0,0.0,0.0,0.0
2021-04-17,0.0,0.0,0.0,0.0,0.0,0.0,0.0
2021-04-18,0.0,0.0,0.0,0.0,0.0,0.0,0.0
2021-04-19,0.0,0.0,0.0,0.0,0.0,0.0,0.0
2021-04-20,0.0,0.0,0.0,0.0,0.0,0.0,0.0
2021-04-21,0.0,0.0,0.0,0.0,0.0,0.0,0.0
2021-04-22,0.0,0.0,0.0,0.0,0.0,0.0,0.0
2021-04-23,0.0,0.0,0.0,0.0,0.0,0.0,0.0
2021-04-24,0.0,0.0,0.0,0.0,0.0,0.0,0.0
2021-04-25,0.0,0.0,0.0,0.0,0.0,0.0,0.0
2021-04-26,0.0,0.0,0.0,0.0,0.0,0.0,0.0
2021-04-27,0.0,0.0,0.0,0.0,0.0,0.0,0.0
2021-04-28,0.0,0.0,0.0,0.0,0.0,0.0,0.0
2021-04-29,0.0,0.0,0.0,0.0,0.0,0.0,0.0
2021-04-30,0.0,0.0,0.0,0.0,0.0,0.0,0.0
2021-05-01,0.0,0.0,0.0,0.0,0.0,0.0,0.0
2021-05-02,0.0,0.0,0.0,0.0,0.0,0.0,0.0
2021-05-03,0.0,0.0,0.0,0.0,0.0,0.0,0.0
2021-05-04,0.0,0.0,0.0,0.0,0.0,0.0,0.0
2021-05-05,0.0,0.0,0.0,0.0,0.0,0.0,0.0
2021-05-06,0.0,0.0,0.0,0.0,0.0,0.0,0.0
2021-05-07,0.0,0.0,0.0,0.0,0.0,0.0,0.0
2021-05-08,0.0,0.0,0.0,0.0,0.0,0.0,0.0
2021-05-09,0.0,0.0,0.0,0.0,0.0,0.0,0.0
2021-05-10,0.0,0.0,0.0,0.0,0.0,0.0,0.0
2021-05-11,0.0,0.0,0.0,0.0,0.0,0.0,0.0
2021-05-12,0.0,0.0,0.0,0.0,0.0,0.0,0.0
2021-05-13,0.0,0.0,0.0,0.0,0.0,0.0,0.0
2021-05-14,0.0,0.0,0.0,0.0,0.0,0.0,0.0
2021-05-15,0.0,0.0,0.0,0.0,0.0,0.0,0.0
2021-05-16,0.0,0.0,0.0,0.0,0.0,0.0,0.0
2021-05-17,0.0,0.0,0.0,0.0,0.0,0.0,0.0
2021-05-18,0.0,0.0,0.0,0.0,0.0,0.0,0.0
2021-05-19,0.0,0.0,0.0,0.0,0.0,0.0,0.0
2021-05-20,0.0,0.0,0.0,0.0,0.0,0.0,0.0
2021-05-21,0.0,0.0,0.0,0.0,0.0,0.0,0.0
2021-05-22,0.0,0.0,0.0,0.0,0.0,0.0,0.0
2021-05-23,0.0,0.0,0.0,0.0,0.0,0.0,0.0
2021-05-24,0.0,0.0,0.0,0.0,0.0,0.0,0.0
2021-05-25,0.0,0.0,0.0,0.0,0.0,0.0,0.0
2021-05-26,0.0,0.0,0.0,0.0,0.0,0.0,0.0
2021-05-27,0.0,0.0,0.0,0.0,0.0,0.0,0.0
2021-05-28,0.0,0.0,0.0,0.0,0.0,0.0,0.0
2021-05-29,0.0,0.0,0.0,0.0,0.0,0.0,0.0
2021-05-30,0.0,0.0,0.0,0.0,0.0,0.0,0.0
2021-05-31,0.0,0.0,0.0,0.0,0.0,0.0,0.0
2021-06-01,0.0,0.0,0.0,0.0,0.0,0.0,0.0
2021-06-02,0.0,0.0,0.0,0.0,0.0,0.0,0.0
2021-06-03,0.0,0.0,0.0,0.0,0.0,0.0,0.0
2021-06-04,0.0,0.0,0.0,0.0,0.0,0.0,0.0
2021-06-05,0.0,0.0,0.0,0.0,0.0,0.0,0.0
2021-06-06,0.0,0.0,0.0,0.0,0.0,0.0,0.0
2021-06-07,0.0,0.0,0.0,0.0,0.0,0.0,0.0
2021-06-08,0.0,0.0,0.0,0.0,0.0,0.0,0.0
2021-06-09,0.0,0.0,0.0,0.0,0.0,0.0,0.0
2021-06-10,0.0,0.0,0.0,0.0,0.0,0.0,0.0
2021-06-11,0.0,0.0,0.0,0.0,0.0,0.0,0.0
2021-06-12,0.0,0.0,0.0,0.0,0.0,0.0,0.0
2021-06-13,0.0,0.0,0.0,0.0,0.0,0.0,0.0
2021-06-14,0.0,0.0,0.0,0.0,0.0,0.0,0.0
2021-06-15,0.0,0.0,0.0,0.0,0.0,0.0,0.0
2021-06-16,0.0,0.0,0.0,0.0,0.0,0.0,0.0
2021-06-17,0.0,0.0,0.0,0.0,0.0,0.0,0.0
2021-06-18,0.0,0.0,0.0,0.0,0.0,0.0,0.0
2021-06-19,0.0,0.0,0.0,0.0,0.0,0.0,0.0
2021-06-20,0.0,0.0,0.0,0.0,0.0,0.0,0.0
2021-06-21,0.0,0.0,0.0,0.0,0.0,0.0,0.0
2021-06-22,0.0,0.0,0.0,0.0,0.0,0.0,0.0
2021-06-23,0.0,0.0,0.0,0.0,0.0,0.0,0.0
2021-06-24,0.0,0.0,0.0,0.0,0.0,0.0,0.0
2021-06-25,0.0,0.0,0.0,0.0,0.0,0.0,0.0
2021-06-26,0.0,0.0,0.0,0.0,0.0,0.0,0.0
2021-06-27,0.0,0.0,0.0,0.0,0.0,0.0,0.0
2021-06-28,0.0,0.0,0.0,0.0,0.0,0.0,0.0
2021-06-29,0.0,0.0,0.0,0.0,0.0,0.0,0.0
2021-06-30,0.0,0.0,0.0,0.0,0.0,0.0,0.0
2021-07-01,0.0,0.0,0.0,0.0,0.0,0.0,0.0
2021-07-02,0.0,0.0,0.0,0.0,0.0,0.0,0.0
2021-07-03,0.0,0.0,0.0,0.0,0.0,0.0,0.0
2021-07-04,0.0,0.0,0.0,0.0,0.0,0.0,0.0
2021-07-05,0.0,0.0,0.0,0.0,0.0,0.0,0.0
2021-07-06,0.0,0.0,0.0,0.0,0.0,0.0,0.0
2021-07-07,0.0,0.0,0.0,0.0,0.0,0.0,0.0
2021-07-08,0.0,0.0,0.0,0.0,0.0,0.0,0.0
2021-07-09,0.0,0.0,0.0,0.0,0.0,0.0,0.0
2021-07-10,0.0,0.0,0.0,0.0,0.0,0.0,0.0
2021-07-11,0.0,0.0,0.0,0.0,0.0,0.0,0.0
2021-07-12,0.0,0.0,0.0,0.0,0.0,0.0,0.0
2021-07-13,0.0,0.0,0.0,0.0,0.0,0.0,0.0
2021-07-14,0.0,0.0,0.0,0.0,0.0,0.0,0.0
2021-07-15,0.0,0.0,0.0,0.0,0.0,0.0,0.0
2021-07-16,0.0,0.0,0.0,0.0,0.0,0.0,0.0
2021-07-17,0.0,0.0,0.0,0.0,0.0,0.0,0.0
2021-07-18,0.0,0.0,0.0,0.0,0.0,0.0,0.0
2021-07-19,0.0,0.0,0.0,0.0,0.0,0.0,0.0
2021-07-20,0.0,0.0,0.0,0.0,0.0,0.0,0.0
2021-07-21,0.0,0.0,0.0,0.0,0.0,0.0,0.0
2021-07-22,0.0,0.0,0.0,0.0,0.0,0.0,0.0
2021-07-23,0.0,0.0,0.0,0.0,0.0,0.0,0.0
2021-07-24,0.0,0.0,0.0,0.0,0.0,0.0,0.0
2021-07-25,0.0,0.0,0.0,0.0,0.0,0.0,0.0
2021-07-26,0.0,0.0,0.0,0.0,0.0,0.0,0.0
2021-07-27,0.0,0.0,0.0,0.0,0.0,0.0,0.0
2021-07-28,0.0,0.0,0.0,0.0,0.0,0.0,0.0
2021-07-29,0.0,0.0,0.0,0.0,0.0,0.0,0.0
2021-07-30,0.0,0.0,0.0,0.0,0.0,0.0,0.0
2021-07-31,0.0,0.0,0.0,0.0,0.0,0.0,0.0
2021-08-01,0.0,0.0,0.0,0.0,0.0,0.0,0.0
2021-08-02,0.0,0.0,0.0,0.0,0.0,0.0,0.0
2021-08-03,0.0,0.0,0.0,0.0,0.0,0.0,0.0
2021-08-04,0.0,0.0,0.0,0.0,0.0,0.0,0.0
2021-08-05,0.0,0.0,0.0,0.0,0.0,0.0,0.0
2021-08-06,0.0,0.0,0.0,0.0,0.0,0.0,0.0
2021-08-07,0.0,0.0,0.0,0.0,0.0,0.0,0.0
2021-08-08,0.0,0.0,0.0,0.0,0.0,0.0,0.0
2021-08-09,0.0,0.0,0.0,0.0,0.0,0.0,0.0
2021-08-10,0.0,0.0,0.0,0.0,0.0,0.0,0.0
2021-08-11,0.0,0.0,0.0,0.0,0.0,0.0,0.0
2021-08-12,0.0,0.0,0.0,0.0,0.0,0.0,0.0
2021-08-13,0.0,0.0,0.0,0.0,0.0,0.0,0.0
2021-08-14,0.0,0.0,0.0,0.0,0.0,0.0,0.0
2021-08-15,0.0,0.0,0.0,0.0,0.0,0.0,0.0
2021-08-16,0.0,0.0,0.0,0.0,0.0,0.0,0.0
2021-08-17,0.0,0.0,0.0,0.0,0.0,0.0,0.0
2021-08-18,0.0,0.0,0.0,0.0,0.0,0.0,0.0
2021-08-19,0.0,0.0,0.0,0.0,0.0,0.0,0.0
2021-08-20,0.0,0.0,0.0,0.0,0.0,0.0,0.0
2021-08-21,0.0,0.0,0.0,0.0,0.0,0.0,0.0
2021-08-22,0.0,0.0,0.0,0.0,0.0,0.0,0.0
2021-08-23,0.0,0.0,0.0,0.0,0.0,0.0,0.0
2021-08-24,0.0,0.0,0.0,0.0,0.0,0.0,0.0
2021-08-25,0.0,0.0,0.0,0.0,0.0,0.0,0.0
2021-08-26,0.0,0.0,0.0,0.0,0.0,0.0,0.0
2021-08-27,0.0,0.0,0.0,0.0,0.0,0.0,0.0
2021-08-28,0.0,0.0,0.0,0.0,0.0,0.0,0.0
2021-08-29,0.0,0.0,0.0,0.0,0.0,0.0,0.0
2021-08-30,0.0,0.0,0.0,0.0,0.0,0.0,0.0
2021-08-31,0.0,0.0,0.0,0.0,0.0,0.0,0.0
2021-09-01,0.0,0.0,0.0,0.0,0.0,0.0,0.0
2021-09-02,0.0,0.0,0.0,0.0,0.0,0.0,0.0
2021-09-03,0.0,0.0,0.0,0.0,0.0,0.0,0.0
2021-09-04,0.0,0.0,0.0,0.0,0.0,0.0,0.0
2021-09-05,0.0,0.0,0.0,0.0,0.0,0.0,0.0
2021-09-06,0.0,0.0,0.0,0.0,0.0,0.0,0.0
2021-09-07,0.0,0.0,0.0,0.0,0.0,0.0,0.0
2021-09-08,0.0,0.0,0.0,0.0,0.0,0.0,0.0
2021-09-09,0.0,0.0,0.0,0.0,0.0,0.0,0.0
2021-09-10,0.0,0.0,0.0,0.0,0.0,0.0,0.0
2021-09-11,0.0,0.0,0.0,0.0,0.0,0.0,0.0
2021-09-12,0.0,0.0,0.0,0.0,0.0,0.0,0.0
2021-09-13,0.0,0.0,0.0,0.0,0.0,0.0,0.0
2021-09-14,0.0,0.0,0.0,0.0,0.0,0.0,0.0
2021-09-15,0.0,0.0,0.0,0.0,0.0,0.0,0.0
2021-09-16,0.0,0.0,0.0,0.0,0.0,0.0,0.0
2021-09-17,0.0,0.0,0.0,0.0,0.0,0.0,0.0
2021-09-18,0.0,0.0,0.0,0.0,0.0,0.0,0.0
2021-09-19,0.0,0.0,0.0,0.0,0.0,0.0,0.0
2021-09-20,0.0,0.0,0.0,0.0,0.0,0.0,0.0
2021-09-21,0.0,0.0,0.0,0.0,0.0,0.0,0.0
2021-09-22,0.0,0.0,0.0,0.0,0.0,0.0,0.0
2021-09-23,0.0,0.0,0.0,0.0,0.0,0.0,0.0
2021-09-24,0.0,0.0,0.0,0.0,0.0,0.0,0.0
2021-09-25,0.0,0.0,0.0,0.0,0.0,0.0,0.0
2021-09-26,0.0,0.0,0.0,0.0,0.0,0.0,0.0
2021-09-27,0.0,0.0,0.0,0.0,0.0,0.0,0.0
2021-09-28,0.0,0.0,0.0,0.0,0.0,0.0,0.0
2021-09-29,0.0,0.0,0.0,0.0,0.0,0.0,0.0
2021-09-30,0.0,0.0,0.0,0.0,0.0,0.0,0.0
2021-10-01,0.0,0.0,0.0,0.0,0.0,0.0,0.0
2021-10-02,0.0,0.0,0.0,0.0,0.0,0.0,0.0
2021-10-03,0.0,0.0,0.0,0.0,0.0,0.0,0.0
2021-10-04,0.0,0.0,0.0,0.0,0.0,0.0,0.0
2021-10-05,0.0,0.0,0.0,0.0,0.0,0.0,0.0
2021-10-06,0.0,0.0,0.0,0.0,0.0,0.0,0.0
2021-10-07,0.0,0.0,0.0,0.0,0.0,0.0,0.0
2021-10-08,0.0,0.0,0.0,0.0,0.0,0.0,0.0
2021-10-09,0.0,0.0,0.0,0.0,0.0,0.0,0.0
2021-10-10,0.0,0.0,0.0,0.0,0.0,0.0,0.0
2021-10-11,0.0,0.0,0.0,0.0,0.0,0.0,0.0
2021-10-12,0.0,0.0,0.0,0.0,0.0,0.0,0.0
2021-10-13,0.0,0.0,0.0,0.0,0.0,0.0,0.0
2021-10-14,0.0,0.0,0.0,0.0,0.0,0.0,0.0
2021-10-15,0.0,0.0,0.0,0.0,0.0,0.0,0.0
2021-10-16,0.0,0.0,0.0,0.0,0.0,0.0,0.0
2021-10-17,0.0,0.0,0.0,0.0,0.0,0.0,0.0
2021-10-18,0.0,0.0,0.0,0.0,0.0,0.0,0.0
2021-10-19,0.0,0.0,0.0,0.0,0.0,0.0,0.0
2021-10-20,0.0,0.0,0.0,0.0,0.0,0.0,0.0
2021-10-21,0.0,0.0,0.0,0.0,0.0,0.0,0.0
2021-10-22,0.0,0.0,0.0,0.0,0.0,0.0,0.0
2021-10-23,0.0,0.0,0.0,0.0,0.0,0.0,0.0
2021-10-24,0.0,0.0,0.0,0.0,0.0,0.0,0.0
2021-10-25,0.0,0.0,0.0,0.0,0.0,0.0,0.0
2021-10-26,0.0,0.0,0.0,0.0,0.0,0.0,0.0
2021-10-27,0.0,0.0,0.0,0.0,0.0,0.0,0.0
2021-10-28,0.0,0.0,0.0,0.0,0.0,0.0,0.0
2021-10-29,0.0,0.0,0.0,0.0,0.0,0.0,0.0
2021-10-30,0.0,0.0,0.0,5.048539541064671e-09,0.0,0.0,0.0
2021-10-31,0.0,0.0,0.0,1.0198556413966797e-08,0.0,0.0,0.0
2021-11-01,0.0,0.0,0.0,0.0,0.0,0.0,0.0
2021-11-02,0.0,0.0,0.0,1.0416055778312717e-08,0.0,0.0,0.0
2021-11-03,0.0,0.0,0.0,1.0520738879242774e-08,0.0,0.0,0.0
2021-11-04,0.0,0.0,0.0,7.969855547121051e-09,0.0,0.0,0.0
2021-11-05,0.0,0.0,0.0,1.0733271902675067e-08,0.0,0.0,0.0
2021-11-06,0.0,0.0,0.0,5.420571539328379e-09,0.0,0.0,0.0
2021-11-07,0.0,0.0,0.0,2.7375245944951578e-09,0.0,0.0,0.0
2021-11-08,0.0,0.0,0.0,5.530074348133707e-09,0.0,0.0,0.0
2021-11-09,0.0,0.0,0.0,5.5856525193203215e-09,0.0,0.0,0.0
2021-11-10,0.0,0.0,0.0,1.128357852082719e-08,0.0,0.0,0.0
2021-11-11,0.0,0.0,0.0,1.1396980370268836e-08,0.0,0.0,0.0
2021-11-12,0.0,0.0,0.0,5.755760963622509e-09,0.0,0.0,0.0
2021-11-13,0.0,0.0,0.0,8.720410984505173e-09,0.0,0.0,0.0
2021-11-14,0.0,0.0,0.0,8.808052571942064e-09,0.0,0.0,0.0
2021-11-15,0.0,0.0,0.0,1.1862099962634957e-08,0.0,0.0,0.0
2021-11-16,0.0,0.0,0.0,8.985987036921408e-09,0.0,0.0,0.0
2021-11-17,0.0,0.0,0.0,6.050865138705756e-09,0.0,0.0,0.0
2021-11-18,0.0,0.0,0.0,9.167516016530276e-09,0.0,0.0,0.0
2021-11-19,0.0,0.0,0.0,1.234620144565759e-08,0.0,0.0,0.0
2021-11-20,0.0,0.0,0.0,3.117570708260311e-09,0.0,0.0,0.0
2021-11-21,0.0,0.0,0.0,6.297805629550072e-09,0.0,0.0,0.0
2021-11-22,0.0,0.0,0.0,9.541649442585995e-09,0.0,0.0,0.0
2021-11-23,0.0,0.0,0.0,1.2850059484990058e-08,0.0,0.0,0.0
2021-11-24,0.0,0.0,0.0,6.489602364927854e-09,0.0,0.0,0.0
2021-11-25,0.0,0.0,0.0,0.0,0.0,0.0,0.0
2021-11-26,0.0,0.0,0.0,3.3103505144700996e-09,0.0,0.0,0.0
2021-11-27,0.0,0.0,0.0,1.3374480360990743e-08,0.0,0.0,0.0
2021-11-28,0.0,0.0,0.0,6.7544480616413125e-09,0.0,0.0,0.0
2021-11-29,0.0,0.0,0.0,6.822331393222144e-09,0.0,0.0,0.0
2021-11-30,0.0,0.0,0.0,6.890896963627591e-09,0.0,0.0,0.0
2021-12-01,0.0,0.0,0.0,6.958442856851735e-09,0.0,0.0,0.0
2021-12-02,0.0,0.0,0.0,7.02837637020873e-09,0.0,0.0,0.0
2021-12-03,0.0,0.0,0.0,1.064851909058962e-08,0.0,0.0,0.0
2021-12-04,0.0,0.0,0.0,7.1703589910993324e-09,0.0,0.0,0.0
2021-12-05,0.0,0.0,0.0,7.242422297013346e-09,0.0,0.0,0.0
2021-12-06,0.0,0.0,0.0,1.463041970238487e-08,0.0,0.0,0.0
2021-12-07,0.0,0.0,0.0,2.2166186797358013e-08,0.0,0.0,0.0
2021-12-08,0.0,0.0,0.0,3.731493446381723e-09,0.0,0.0,0.0
2021-12-09,0.0,0.0,0.0,7.537991157982677e-09,0.0,0.0,0.0
2021-12-10,0.0,0.0,0.0,1.5227498457198766e-08,0.0,0.0,0.0
2021-12-11,0.0,0.0,0.0,7.690268680483763e-09,0.0,0.0,0.0
2021-12-12,0.0,0.0,0.0,1.553511433128954e-08,0.0,0.0,0.0
2021-12-13,0.0,0.0,0.0,1.176843361949299e-08,0.0,0.0,0.0
2021-12-14,0.0,0.0,0.0,1.9811180572813057e-08,0.0,0.0,0.0
2021-12-15,0.0,0.0,0.0,0.0,0.0,0.0,0.0
2021-12-16,0.0,0.0,0.0,8.084557187158365e-09,0.0,0.0,0.0
2021-12-17,0.0,0.0,0.0,2.041452084422705e-08,0.0,0.0,0.0
2021-12-18,0.0,0.0,0.0,2.8867566265516663e-08,0.0,0.0,0.0
2021-12-19,0.0,0.0,0.0,1.6331616675381638e-08,0.0,0.0,0.0
2021-12-20,0.0,0.0,0.0,1.2126835780737547e-08,0.0,0.0,0.0
2021-12-21,0.0,0.0,0.0,2.0010286247704453e-08,0.0,0.0,0.0
2021-12-22,0.0,0.0,0.0,2.3773416687375668e-08,0.0,0.0,0.0
2021-12-23,0.0,0.0,0.0,0.0,0.0,0.0,0.0
2021-12-24,0.0,0.0,0.0,3.883778582822385e-09,0.0,0.0,0.0
2021-12-25,0.0,0.0,0.0,1.1535403020725645e-08,0.0,0.0,0.0
2021-12-26,0.0,0.0,0.0,1.1420623842899075e-08,0.0,0.0,0.0
2021-12-27,0.0,0.0,0.0,7.537991157982677e-09,0.0,0.0,0.0
2021-12-28,0.0,0.0,0.0,3.731493446381723e-09,0.0,0.0,0.0
2021-12-29,0.0,0.0,0.0,3.6943644662263358e-09,0.0,0.0,0.0
2021-12-30,0.0,0.0,0.0,0.0,0.0,0.0,0.0
2021-12-31,0.0,0.0,0.0,3.621211148506673e-09,0.0,0.0,0.0
2022-01-01,0.0,0.0,0.0,1.0651491393236523e-08,0.0,0.0,0.0
2022-01-02,0.0,0.0,0.0,7.030338188703009e-09,0.0,0.0,0.0
2022-01-03,0.0,0.0,0.0,1.0440577732388762e-08,0.0,0.0,0.0
2022-01-04,0.0,0.0,0.0,1.033669224819676e-08,0.0,0.0,0.0
2022-01-05,0.0,0.0,0.0,1.0233840441843517e-08,0.0,0.0,0.0
2022-01-06,0.0,0.0,0.0,3.377337342687562e-09,0.0,0.0,0.0
2022-01-07,0.0,0.0,0.0,6.687464549285355e-09,0.0,0.0,0.0
2022-01-08,0.0,0.0,0.0,1.3241846330446842e-08,0.0,0.0,0.0
2022-01-09,0.0,0.0,0.0,6.555043878995463e-09,0.0,0.0,0.0
2022-01-10,0.0,0.0,0.0,1.297964020523592e-08,0.0,0.0,0.0
2022-01-11,0.0,0.0,0.0,3.2126226568294604e-09,0.0,0.0,0.0
2022-01-12,0.0,0.0,0.0,1.2722626109171272e-08,0.0,0.0,0.0
2022-01-13,0.0,0.0,0.0,3.1490084660594605e-09,0.0,0.0,0.0
2022-01-14,0.0,0.0,0.0,1.2470701233187565e-08,0.0,0.0,0.0
2022-01-15,0.0,0.0,0.0,3.0866539206632235e-09,0.0,0.0,0.0
2022-01-16,0.0,0.0,0.0,0.0,0.0,0.0,0.0
2022-01-17,0.0,0.0,0.0,9.07660223397356e-09,0.0,0.0,0.0
2022-01-18,0.0,0.0,0.0,5.9908590218352324e-09,0.0,0.0,0.0
2022-01-19,0.0,0.0,0.0,2.965624489291338e-09,0.0,0.0,0.0
2022-01-20,0.0,0.0,0.0,5.872232065170701e-09,0.0,0.0,0.0
2022-01-21,0.0,0.0,0.0,1.4534505949646966e-08,0.0,0.0,0.0
2022-01-22,0.0,0.0,0.0,0.0,0.0,0.0,0.0
2022-01-23,0.0,0.0,0.0,5.698681379605239e-09,0.0,0.0,0.0
2022-01-24,0.0,0.0,0.0,5.641978552467647e-09,0.0,0.0,0.0
2022-01-25,0.0,0.0,0.0,1.117167985577393e-08,0.0,0.0,0.0
2022-01-26,0.0,0.0,0.0,0.0,0.0,0.0,0.0
2022-01-27,0.0,0.0,0.0,2.7376164433093525e-09,0.0,0.0,0.0
2022-01-28,0.0,0.0,0.0,0.0,0.0,0.0,0.0
2022-01-29,0.0,0.0,0.0,2.6834080057545856e-09,0.0,0.0,0.0
2022-01-30,0.0,0.0,0.0,2.656707649978514e-09,0.0,0.0,0.0
2022-01-31,0.0,0.0,0.0,7.890818901544114e-09,0.0,0.0,0.0
2022-02-01,0.0,0.0,0.0,5.2155067631257004e-09,0.0,0.0,0.0
2022-02-02,0.0,0.0,0.0,2.5818058018751305e-09,0.0,0.0,0.0
2022-02-03,0.0,0.0,0.0,5.112232809838222e-09,0.0,0.0,0.0
2022-02-04,0.0,0.0,0.0,5.061365243467373e-09,0.0,0.0,0.0
2022-02-05,0.0,0.0,0.0,7.516505726758036e-09,0.0,0.0,0.0
2022-02-06,0.0,0.0,0.0,2.480571748383821e-09,0.0,0.0,0.0
2022-02-07,0.0,0.0,0.0,0.0,0.0,0.0,0.0
2022-02-08,0.0,0.0,0.0,0.0,0.0,0.0,0.0
2022-02-09,0.0,0.0,0.0,0.0,0.0,0.0,0.0
2022-02-10,0.0,0.0,0.0,0.0,0.0,0.0,0.0
2022-02-11,0.0,0.0,0.0,0.0,0.0,0.0,0.0
2022-02-12,0.0,0.0,0.0,0.0,0.0,0.0,0.0
2022-02-13,0.0,0.0,0.0,0.0,0.0,0.0,0.0
2022-02-14,0.0,0.0,0.0,0.0,0.0,0.0,0.0
2022-02-15,0.0,0.0,0.0,0.0,0.0,0.0,0.0
2022-02-16,0.0,0.0,0.0,0.0,0.0,0.0,0.0
2022-02-17,0.0,0.0,0.0,0.0,0.0,0.0,0.0
2022-02-18,0.0,0.0,0.0,0.0,0.0,0.0,0.0
2022-02-19,0.0,0.0,0.0,0.0,0.0,0.0,0.0
2022-02-20,0.0,0.0,0.0,0.0,0.0,0.0,0.0
2022-02-21,0.0,0.0,0.0,0.0,0.0,0.0,0.0
2022-02-22,0.0,0.0,0.0,0.0,0.0,0.0,0.0
2022-02-23,0.0,0.0,0.0,0.0,0.0,0.0,0.0
2022-02-24,0.0,0.0,0.0,0.0,0.0,0.0,0.0
2022-02-25,0.0,0.0,0.0,0.0,0.0,0.0,0.0
2022-02-26,0.0,0.0,0.0,0.0,0.0,0.0,0.0
2022-02-27,0.0,0.0,0.0,0.0,0.0,0.0,0.0
2022-02-28,0.0,0.0,0.0,0.0,0.0,0.0,0.0
2022-03-01,0.0,0.0,0.0,0.0,0.0,0.0,0.0
2022-03-02,0.0,0.0,0.0,0.0,0.0,0.0,0.0
2022-03-03,0.0,0.0,0.0,0.0,0.0,0.0,0.0
2022-03-04,0.0,0.0,0.0,0.0,0.0,0.0,0.0
2022-03-05,0.0,0.0,0.0,0.0,0.0,0.0,0.0
2022-03-06,0.0,0.0,0.0,0.0,0.0,0.0,0.0
2022-03-07,0.0,0.0,0.0,0.0,0.0,0.0,0.0
2022-03-08,0.0,0.0,0.0,0.0,0.0,0.0,0.0
2022-03-09,0.0,0.0,0.0,0.0,0.0,0.0,0.0
2022-03-10,0.0,0.0,0.0,0.0,0.0,0.0,0.0
2022-03-11,0.0,0.0,0.0,0.0,0.0,0.0,0.0
2022-03-12,0.0,0.0,0.0,0.0,0.0,0.0,0.0
2022-03-13,0.0,0.0,0.0,0.0,0.0,0.0,0.0
2022-03-14,0.0,0.0,0.0,0.0,0.0,0.0,0.0
2022-03-15,0.0,0.0,0.0,0.0,0.0,0.0,0.0
2022-03-16,0.0,0.0,0.0,0.0,0.0,0.0,0.0
2022-03-17,0.0,0.0,0.0,0.0,0.0,0.0,0.0
2022-03-18,0.0,0.0,0.0,0.0,0.0,0.0,0.0
2022-03-19,0.0,0.0,0.0,0.0,0.0,0.0,0.0
2022-03-20,0.0,0.0,0.0,0.0,0.0,0.0,0.0
2022-03-21,0.0,0.0,0.0,0.0,0.0,0.0,0.0
2022-03-22,0.0,0.0,0.0,0.0,0.0,0.0,0.0
2022-03-23,0.0,0.0,0.0,0.0,0.0,0.0,0.0
2022-03-24,0.0,0.0,0.0,0.0,0.0,0.0,0.0
2022-03-25,0.0,0.0,0.0,0.0,0.0,0.0,0.0
2022-03-26,0.0,0.0,0.0,0.0,0.0,0.0,0.0
2022-03-27,0.0,0.0,0.0,0.0,0.0,0.0,0.0
2022-03-28,0.0,0.0,0.0,0.0,0.0,0.0,0.0
2022-03-29,0.0,0.0,0.0,0.0,0.0,0.0,0.0
2022-03-30,0.0,0.0,0.0,0.0,0.0,0.0,0.0
2022-03-31,0.0,0.0,0.0,0.0,0.0,0.0,0.0
2022-04-01,0.0,0.0,0.0,0.0,0.0,0.0,0.0
2022-04-02,0.0,0.0,0.0,0.0,0.0,0.0,0.0
2022-04-03,0.0,0.0,0.0,0.0,0.0,0.0,0.0
2022-04-04,0.0,0.0,0.0,0.0,0.0,0.0,0.0
2022-04-05,0.0,0.0,0.0,0.0,0.0,0.0,0.0
2022-04-06,0.0,0.0,0.0,0.0,0.0,0.0,0.0
2022-04-07,0.0,0.0,0.0,0.0,0.0,0.0,0.0
2022-04-08,0.0,0.0,0.0,0.0,0.0,0.0,0.0
2022-04-09,0.0,0.0,0.0,0.0,0.0,0.0,0.0
2022-04-10,0.0,0.0,0.0,0.0,0.0,0.0,0.0
2022-04-11,0.0,0.0,0.0,0.0,0.0,0.0,0.0
2022-04-12,0.0,0.0,0.0,0.0,0.0,0.0,0.0
2022-04-13,0.0,0.0,0.0,0.0,0.0,0.0,0.0
2022-04-14,0.0,0.0,0.0,0.0,0.0,0.0,0.0
2022-04-15,0.0,0.0,0.0,0.0,0.0,0.0,0.0
2022-04-16,0.0,0.0,0.0,0.0,0.0,0.0,0.0
2022-04-17,0.0,0.0,0.0,0.0,0.0,0.0,0.0
2022-04-18,0.0,0.0,0.0,0.0,0.0,0.0,0.0
2022-04-19,0.0,0.0,0.0,0.0,0.0,0.0,0.0
2022-04-20,0.0,0.0,0.0,0.0,0.0,0.0,0.0
2022-04-21,0.0,0.0,0.0,0.0,0.0,0.0,0.0
2022-04-22,0.0,0.0,0.0,0.0,0.0,0.0,0.0
2022-04-23,0.0,0.0,0.0,0.0,0.0,0.0,0.0
2022-04-24,0.0,0.0,0.0,0.0,0.0,0.0,0.0
2022-04-25,0.0,0.0,0.0,0.0,0.0,0.0,0.0
2022-04-26,0.0,0.0,0.0,0.0,0.0,0.0,0.0
2022-04-27,0.0,0.0,0.0,0.0,0.0,0.0,0.0
2022-04-28,0.0,0.0,0.0,0.0,0.0,0.0,0.0
2022-04-29,0.0,0.0,0.0,0.0,0.0,0.0,0.0
2022-04-30,0.0,0.0,0.0,0.0,0.0,0.0,0.0
2022-05-01,0.0,0.0,0.0,0.0,0.0,0.0,0.0
2022-05-02,0.0,0.0,0.0,0.0,0.0,0.0,0.0
2022-05-03,0.0,0.0,0.0,0.0,0.0,0.0,0.0
2022-05-04,0.0,0.0,0.0,0.0,0.0,0.0,0.0
2022-05-05,0.0,0.0,0.0,0.0,0.0,0.0,0.0
2022-05-06,0.0,0.0,0.0,0.0,0.0,0.0,0.0
2022-05-07,0.0,0.0,0.0,0.0,0.0,0.0,0.0
2022-05-08,0.0,0.0,0.0,0.0,0.0,0.0,0.0
2022-05-09,0.0,0.0,0.0,0.0,0.0,0.0,0.0
2022-05-10,0.0,0.0,0.0,0.0,0.0,0.0,0.0
2022-05-11,0.0,0.0,0.0,0.0,0.0,0.0,0.0
2022-05-12,0.0,0.0,0.0,0.0,0.0,0.0,0.0
2022-05-13,0.0,0.0,0.0,0.0,0.0,0.0,0.0
2022-05-14,0.0,0.0,0.0,0.0,0.0,0.0,0.0
2022-05-15,0.0,0.0,0.0,0.0,0.0,0.0,0.0
2022-05-16,0.0,0.0,0.0,0.0,0.0,0.0,0.0
2022-05-17,0.0,0.0,0.0,0.0,0.0,0.0,0.0
2022-05-18,0.0,0.0,0.0,0.0,0.0,0.0,0.0
2022-05-19,0.0,0.0,0.0,0.0,0.0,0.0,0.0
2022-05-20,0.0,0.0,0.0,0.0,0.0,0.0,0.0
2022-05-21,0.0,0.0,0.0,0.0,0.0,0.0,0.0
2022-05-22,0.0,0.0,0.0,0.0,0.0,0.0,0.0
2022-05-23,0.0,0.0,0.0,0.0,0.0,0.0,0.0
2022-05-24,0.0,0.0,0.0,0.0,0.0,0.0,0.0
2022-05-25,0.0,0.0,0.0,0.0,0.0,0.0,0.0
2022-05-26,0.0,0.0,0.0,0.0,0.0,0.0,0.0
2022-05-27,0.0,0.0,0.0,0.0,0.0,0.0,0.0
2022-05-28,0.0,0.0,0.0,0.0,0.0,0.0,0.0
2022-05-29,0.0,0.0,0.0,0.0,0.0,0.0,0.0
2022-05-30,0.0,0.0,0.0,0.0,0.0,0.0,0.0
2022-05-31,0.0,0.0,0.0,0.0,0.0,0.0,0.0
2022-06-01,0.0,0.0,0.0,0.0,0.0,0.0,0.0
2022-06-02,0.0,0.0,0.0,0.0,0.0,0.0,0.0
2022-06-03,0.0,0.0,0.0,0.0,0.0,0.0,0.0
2022-06-04,0.0,0.0,0.0,0.0,0.0,0.0,0.0
2022-06-05,0.0,0.0,0.0,0.0,0.0,0.0,0.0
2022-06-06,0.0,0.0,0.0,0.0,0.0,0.0,0.0
2022-06-07,0.0,0.0,0.0,0.0,0.0,0.0,0.0
2022-06-08,0.0,0.0,0.0,0.0,0.0,0.0,0.0
2022-06-09,0.0,0.0,0.0,0.0,0.0,0.0,0.0
2022-06-10,0.0,0.0,0.0,0.0,0.0,0.0,0.0
2022-06-11,0.0,0.0,0.0,0.0,0.0,0.0,0.0
2022-06-12,0.0,0.0,0.0,0.0,0.0,0.0,0.0
2022-06-13,0.0,0.0,0.0,0.0,0.0,0.0,0.0
2022-06-14,0.0,0.0,0.0,0.0,0.0,0.0,0.0
2022-06-15,0.0,0.0,0.0,0.0,0.0,0.0,0.0
2022-06-16,0.0,0.0,0.0,0.0,0.0,0.0,0.0
2022-06-17,0.0,0.0,0.0,0.0,0.0,0.0,0.0
2022-06-18,0.0,0.0,0.0,0.0,0.0,0.0,0.0
2022-06-19,0.0,0.0,0.0,0.0,0.0,0.0,0.0
2022-06-20,0.0,0.0,0.0,0.0,0.0,0.0,0.0
2022-06-21,0.0,0.0,0.0,0.0,0.0,0.0,0.0
2022-06-22,0.0,0.0,0.0,0.0,0.0,0.0,0.0
2022-06-23,0.0,0.0,0.0,0.0,0.0,0.0,0.0
2022-06-24,0.0,0.0,0.0,0.0,0.0,0.0,0.0
2022-06-25,0.0,0.0,0.0,0.0,0.0,0.0,0.0
2022-06-26,0.0,0.0,0.0,0.0,0.0,0.0,0.0
2022-06-27,0.0,0.0,0.0,0.0,0.0,0.0,0.0
2022-06-28,0.0,0.0,0.0,0.0,0.0,0.0,0.0
2022-06-29,0.0,0.0,0.0,0.0,0.0,0.0,0.0
2022-06-30,0.0,0.0,0.0,0.0,0.0,0.0,0.0
2022-07-01,0.0,0.0,0.0,0.0,0.0,0.0,0.0
2022-07-02,0.0,0.0,0.0,0.0,0.0,0.0,0.0
2022-07-03,0.0,0.0,0.0,0.0,0.0,0.0,0.0
2022-07-04,0.0,0.0,0.0,0.0,0.0,0.0,0.0
2022-07-05,0.0,0.0,0.0,0.0,0.0,0.0,0.0
2022-07-06,0.0,0.0,0.0,0.0,0.0,0.0,0.0
2022-07-07,0.0,0.0,0.0,0.0,0.0,0.0,0.0
2022-07-08,0.0,0.0,0.0,0.0,0.0,0.0,0.0
2022-07-09,0.0,0.0,0.0,0.0,0.0,0.0,0.0
2022-07-10,0.0,0.0,0.0,0.0,0.0,0.0,0.0
2022-07-11,0.0,0.0,0.0,0.0,0.0,0.0,0.0
2022-07-12,0.0,0.0,0.0,0.0,0.0,0.0,0.0
2022-07-13,0.0,0.0,0.0,0.0,0.0,0.0,0.0
2022-07-14,0.0,0.0,0.0,0.0,0.0,0.0,0.0
2022-07-15,0.0,0.0,0.0,0.0,0.0,0.0,0.0
2022-07-16,0.0,0.0,0.0,0.0,0.0,0.0,0.0
2022-07-17,0.0,0.0,0.0,0.0,0.0,0.0,0.0
2022-07-18,0.0,0.0,0.0,0.0,0.0,0.0,0.0
2022-07-19,0.0,0.0,0.0,0.0,0.0,0.0,0.0
2022-07-20,0.0,0.0,0.0,0.0,0.0,0.0,0.0
2022-07-21,0.0,0.0,0.0,0.0,0.0,0.0,0.0
2022-07-22,0.0,0.0,0.0,0.0,0.0,0.0,0.0
2022-07-23,0.0,0.0,0.0,0.0,0.0,0.0,0.0
2022-07-24,0.0,0.0,0.0,0.0,0.0,0.0,0.0
2022-07-25,0.0,0.0,0.0,0.0,0.0,0.0,0.0
2022-07-26,0.0,0.0,0.0,0.0,0.0,0.0,0.0
2022-07-27,0.0,0.0,0.0,0.0,0.0,0.0,0.0
2022-07-28,0.0,0.0,0.0,0.0,0.0,0.0,0.0
2022-07-29,0.0,0.0,0.0,0.0,0.0,0.0,0.0
2022-07-30,0.0,0.0,0.0,0.0,0.0,0.0,0.0
2022-07-31,0.0,0.0,0.0,0.0,0.0,0.0,0.0
2022-08-01,0.0,0.0,0.0,0.0,0.0,0.0,0.0
2022-08-02,0.0,0.0,0.0,0.0,0.0,0.0,0.0
2022-08-03,0.0,0.0,0.0,0.0,0.0,0.0,0.0
2022-08-04,0.0,0.0,0.0,0.0,0.0,0.0,0.0
2022-08-05,0.0,0.0,0.0,0.0,0.0,0.0,0.0
2022-08-06,0.0,0.0,0.0,0.0,0.0,0.0,0.0
2022-08-07,0.0,0.0,0.0,0.0,0.0,0.0,0.0
2022-08-08,0.0,0.0,0.0,0.0,0.0,0.0,0.0
2022-08-09,0.0,0.0,0.0,0.0,0.0,0.0,0.0
2022-08-10,0.0,0.0,0.0,0.0,0.0,0.0,0.0
2022-08-11,0.0,0.0,0.0,0.0,0.0,0.0,0.0
2022-08-12,0.0,0.0,0.0,0.0,0.0,0.0,0.0
2022-08-13,0.0,0.0,0.0,0.0,0.0,0.0,0.0
2022-08-14,0.0,0.0,0.0,0.0,0.0,0.0,0.0
2022-08-15,0.0,0.0,0.0,0.0,0.0,0.0,0.0
2022-08-16,0.0,0.0,0.0,0.0,0.0,0.0,0.0
2022-08-17,0.0,0.0,0.0,0.0,0.0,0.0,0.0
2022-08-18,0.0,0.0,0.0,0.0,0.0,0.0,0.0
2022-08-19,0.0,0.0,0.0,0.0,0.0,0.0,0.0
2022-08-20,0.0,0.0,0.0,0.0,0.0,0.0,0.0
2022-08-21,0.0,0.0,0.0,0.0,0.0,0.0,0.0
2022-08-22,0.0,0.0,0.0,0.0,0.0,0.0,0.0
2022-08-23,0.0,0.0,0.0,0.0,0.0,0.0,0.0
2022-08-24,0.0,0.0,0.0,0.0,0.0,0.0,0.0
2022-08-25,0.0,0.0,0.0,0.0,0.0,0.0,0.0
2022-08-26,0.0,0.0,0.0,0.0,0.0,0.0,0.0
2022-08-27,0.0,0.0,0.0,0.0,0.0,0.0,0.0
2022-08-28,0.0,0.0,0.0,0.0,0.0,0.0,0.0
2022-08-29,0.0,0.0,0.0,0.0,0.0,0.0,0.0
2022-08-30,0.0,0.0,0.0,0.0,0.0,0.0,0.0
2022-08-31,0.0,0.0,0.0,0.0,0.0,0.0,0.0
2022-09-01,0.0,0.0,0.0,0.0,0.0,0.0,0.0
2022-09-02,0.0,0.0,0.0,0.0,0.0,0.0,0.0
2022-09-03,0.0,0.0,0.0,0.0,0.0,0.0,0.0
2022-09-04,0.0,0.0,0.0,0.0,0.0,0.0,0.0
2022-09-05,0.0,0.0,0.0,0.0,0.0,0.0,0.0
2022-09-06,0.0,0.0,0.0,0.0,0.0,0.0,0.0
2022-09-07,0.0,0.0,0.0,0.0,0.0,0.0,0.0
2022-09-08,0.0,0.0,0.0,0.0,0.0,0.0,0.0
2022-09-09,0.0,0.0,0.0,0.0,0.0,0.0,0.0
2022-09-10,0.0,0.0,0.0,0.0,0.0,0.0,0.0
2022-09-11,0.0,0.0,0.0,0.0,0.0,0.0,0.0
2022-09-12,0.0,0.0,0.0,0.0,0.0,0.0,0.0
2022-09-13,0.0,0.0,0.0,0.0,0.0,0.0,0.0
2022-09-14,0.0,0.0,0.0,0.0,0.0,0.0,0.0
2022-09-15,0.0,0.0,0.0,0.0,0.0,0.0,0.0
2022-09-16,0.0,0.0,0.0,0.0,0.0,0.0,0.0
2022-09-17,0.0,0.0,0.0,0.0,0.0,0.0,0.0
2022-09-18,0.0,0.0,0.0,0.0,0.0,0.0,0.0
2022-09-19,0.0,0.0,0.0,0.0,0.0,0.0,0.0
2022-09-20,0.0,0.0,0.0,0.0,0.0,0.0,0.0
2022-09-21,0.0,0.0,0.0,0.0,0.0,0.0,0.0
2022-09-22,0.0,0.0,0.0,0.0,0.0,0.0,0.0
2022-09-23,0.0,0.0,0.0,0.0,0.0,0.0,0.0
2022-09-24,0.0,0.0,0.0,0.0,0.0,0.0,0.0
2022-09-25,0.0,0.0,0.0,0.0,0.0,0.0,0.0
2022-09-26,0.0,0.0,0.0,0.0,0.0,0.0,0.0
2022-09-27,0.0,0.0,0.0,0.0,0.0,0.0,0.0
2022-09-28,0.0,0.0,0.0,0.0,0.0,0.0,0.0
2022-09-29,0.0,0.0,0.0,0.0,0.0,0.0,0.0
2022-09-30,0.0,0.0,0.0,0.0,0.0,0.0,0.0
2022-10-01,0.0,0.0,0.0,0.0,0.0,0.0,0.0
2022-10-02,0.0,0.0,0.0,0.0,0.0,0.0,0.0
2022-10-03,0.0,0.0,0.0,0.0,0.0,0.0,0.0
2022-10-04,0.0,0.0,0.0,0.0,0.0,0.0,0.0
2022-10-05,0.0,0.0,0.0,0.0,0.0,0.0,0.0
2022-10-06,0.0,0.0,0.0,0.0,0.0,0.0,0.0
2022-10-07,0.0,0.0,0.0,0.0,0.0,0.0,0.0
2022-10-08,0.0,0.0,0.0,0.0,0.0,0.0,0.0
2022-10-09,0.0,0.0,0.0,0.0,0.0,0.0,0.0
2022-10-10,0.0,0.0,0.0,0.0,0.0,0.0,0.0
2022-10-11,0.0,0.0,0.0,0.0,0.0,0.0,0.0
2022-10-12,0.0,0.0,0.0,0.0,0.0,0.0,0.0
2022-10-13,0.0,0.0,0.0,0.0,0.0,0.0,0.0
2022-10-14,0.0,0.0,0.0,0.0,0.0,0.0,0.0
2022-10-15,0.0,0.0,0.0,0.0,0.0,0.0,0.0
2022-10-16,0.0,0.0,0.0,0.0,0.0,0.0,0.0
2022-10-17,0.0,0.0,0.0,0.0,0.0,0.0,0.0
2022-10-18,0.0,0.0,0.0,0.0,0.0,0.0,0.0
2022-10-19,0.0,0.0,0.0,0.0,0.0,0.0,0.0
2022-10-20,0.0,0.0,0.0,0.0,0.0,0.0,0.0
2022-10-21,0.0,0.0,0.0,0.0,0.0,0.0,0.0
2022-10-22,0.0,0.0,0.0,0.0,0.0,0.0,0.0
2022-10-23,0.0,0.0,0.0,0.0,0.0,0.0,0.0
2022-10-24,0.0,0.0,1.9091119422928252e-08,0.0,0.0,0.0,0.0
2022-10-25,0.0,0.0,4.820747090738121e-08,0.0,0.0,0.0,0.0
2022-10-26,0.0,0.0,8.277633887599946e-08,0.0,0.0,0.0,0.0
2022-10-27,0.0,0.0,5.4099459060912274e-08,0.0,0.0,0.0,0.0
2022-10-28,0.0,0.0,2.980536418016594e-08,0.0,0.0,0.0,0.0
2022-10-29,0.0,0.0,4.013988409357479e-08,0.0,0.0,0.0,0.0
2022-10-30,0.0,0.0,4.054329663545435e-08,0.0,0.0,0.0,0.0
2022-10-31,0.0,0.0,7.678268163896934e-08,0.0,0.0,0.0,0.0
2022-11-01,0.0,0.0,5.1754309149793016e-08,0.0,0.0,0.0,0.0
2022-11-02,0.0,0.0,4.1819558883259294e-08,0.0,0.0,0.0,0.0
2022-11-03,0.0,0.0,7.391974176548894e-08,0.0,0.0,0.0,0.0
2022-11-04,0.0,0.0,4.266437001202895e-08,0.0,0.0,0.0,0.0
2022-11-05,0.0,0.0,7.002637534618474e-08,0.0,0.0,0.0,0.0
2022-11-06,0.0,0.0,4.3526247457669264e-08,0.0,0.0,0.0,0.0
2022-11-07,0.0,0.0,8.792738703433139e-08,0.0,0.0,0.0,0.0
2022-11-08,0.0,0.0,8.881107196530072e-08,0.0,0.0,0.0,0.0
2022-11-09,0.0,0.0,5.606477379842256e-08,0.0,0.0,0.0,0.0
2022-11-10,0.0,0.0,1.0193082145673904e-07,0.0,0.0,0.0,0.0
2022-11-11,0.0,0.0,4.57578858859581e-08,2.3726031094297538e-08,0.0,0.0,0.0
2022-11-12,0.0,0.0,9.243552056906054e-08,3.0811476434193506e-08,0.0,0.0,0.0
2022-11-13,0.0,0.0,7.002338474646876e-08,2.0747424613644708e-08,0.0,0.0,0.0
2022-11-14,0.0,0.0,7.072713146296975e-08,2.0955939697578017e-08,0.0,0.0,0.0
2022-11-15,0.0,0.0,4.1672138055074633e-08,1.7638791994120357e-08,0.0,0.0,0.0
2022-11-16,0.0,0.0,6.012992857897522e-08,3.9195342561813135e-08,0.0,0.0,0.0
2022-11-17,0.0,0.0,4.8587395526362414e-08,2.5193166920396717e-08,0.0,0.0,0.0
2022-11-18,0.0,0.0,4.907570696958691e-08,2.90815570940869e-08,0.0,0.0,0.0
2022-11-19,0.0,0.0,8.0549504789658e-08,2.5702102651706465e-08,0.0,0.0,0.0
2022-11-20,0.0,0.0,8.135904077134107e-08,1.4834521758726035e-08,0.0,0.0,0.0
2022-11-21,0.0,0.0,5.689157034800817e-08,3.745902795253739e-08,0.0,0.0,0.0
2022-11-22,0.0,0.0,4.469370899442272e-08,2.2701298465362547e-08,0.0,0.0,0.0
2022-11-23,0.0,0.0,8.383679244093745e-08,2.292945030796701e-08,0.0,0.0,0.0
2022-11-24,0.0,0.0,9.119316361375185e-08,2.3159895114710204e-08,0.0,0.0,0.0
2022-11-25,0.0,0.0,8.553040799178938e-08,2.3392655930264855e-08,0.0,0.0,0.0
2022-11-26,0.0,0.0,5.3163078697159324e-08,1.1813878015453234e-08,0.0,0.0,0.0
2022-11-27,0.0,0.0,6.71217206509682e-08,1.98876824390342e-08,0.0,0.0,0.0
2022-11-28,0.0,0.0,7.457593567433601e-08,2.410506836455604e-08,0.0,0.0,0.0
2022-11-29,0.0,0.0,8.217320322362318e-08,1.6231552219463413e-08,0.0,0.0,0.0
2022-11-30,0.0,0.0,7.608246950870675e-08,1.6394682031304422e-08,0.0,0.0,0.0
2022-12-01,0.0,0.0,4.8918648214944804e-08,2.484568371244343e-08,0.0,0.0,0.0
2022-12-02,0.0,0.0,4.2351676116888545e-08,2.0912822487561567e-08,0.0,0.0,0.0
2022-12-03,0.0,0.0,3.564776461513154e-08,2.534759981731573e-08,0.0,0.0,0.0
2022-12-04,0.0,0.0,4.320723672682885e-08,2.5602347430662382e-08,0.0,0.0,0.0
2022-12-05,0.0,0.0,8.728295335035737e-08,2.585965530008746e-08,0.0,0.0,0.0
2022-12-06,0.0,0.0,5.877344107675206e-08,2.1766290963826943e-08,0.0,0.0,0.0
2022-12-07,0.0,0.0,5.1943608482224307e-08,1.3191027494889611e-08,0.0,0.0,0.0
2022-12-08,0.0,0.0,6.745583626254679e-08,2.6647199050450213e-08,0.0,0.0,0.0
2022-12-09,0.0,0.0,6.056335883358902e-08,4.485834642205388e-09,0.0,0.0,0.0
2022-12-10,0.0,0.0,5.352552687041439e-08,1.8123672119486003e-08,0.0,0.0,0.0
2022-12-11,0.0,0.0,6.178681983854879e-08,2.745872707869827e-08,0.0,0.0,0.0
2022-12-12,0.0,0.0,9.36116815522884e-08,2.3112243228131467e-08,0.0,0.0,0.0
2022-12-13,0.0,0.0,3.861676239909299e-08,4.668905026852824e-08,0.0,0.0,0.0
2022-12-14,0.0,0.0,6.117203070904502e-08,3.772662641978246e-08,0.0,0.0,0.0
2022-12-15,0.0,0.0,7.570419854198628e-08,2.3816115824264536e-08,0.0,0.0,0.0
2022-12-16,0.0,0.0,5.996074334448602e-08,1.4433283060556578e-08,0.0,0.0,0.0
2022-12-17,0.0,0.0,5.1943608482224307e-08,1.4578339966888262e-08,0.0,0.0,0.0
2022-12-18,0.0,0.0,5.1426760942158053e-08,1.9633139625820393e-08,0.0,0.0,0.0
2022-12-19,0.0,0.0,2.9094317783452455e-08,3.470329792903171e-08,0.0,0.0,0.0
2022-12-20,0.0,0.0,1.1521929793821025e-07,3.004463303279154e-08,0.0,0.0,0.0
2022-12-21,0.0,0.0,6.416597630723677e-08,3.540435105054589e-08,0.0,0.0,0.0
2022-12-22,0.0,0.0,4.941028880303663e-08,3.576017069411041e-08,0.0,0.0,0.0
2022-12-23,0.0,0.0,4.193026989852412e-08,2.579969027467471e-08,0.0,0.0,0.0
2022-12-24,0.0,0.0,6.91884279034859e-08,1.0423592589061991e-08,0.0,0.0,0.0
2022-12-25,0.0,0.0,2.054999746296376e-08,5.264175718099679e-09,0.0,0.0,0.0
2022-12-26,0.0,0.0,3.390920261958849e-08,2.6585407818135006e-08,0.0,0.0,0.0
2022-12-27,0.0,0.0,6.04292407489628e-08,2.148207648696641e-08,0.0,0.0,0.0
2022-12-28,0.0,0.0,4.653285758885482e-08,5.424493736243825e-09,0.0,0.0,0.0
2022-12-29,0.0,0.0,5.923266161106785e-08,2.7395054023200493e-08,0.0,0.0,0.0
2022-12-30,0.0,0.0,3.9095524520372304e-08,1.660222733604808e-08,0.0,0.0,0.0
2022-12-31,0.0,0.0,5.160869006897483e-08,5.479010804640099e-09,0.0,0.0,0.0
2023-01-01,0.0,0.0,2.543642244430734e-08,1.6104044734283903e-08,0.0,0.0,0.0
2023-01-02,0.0,0.0,2.5183325812160084e-08,2.6573011353111574e-08,0.0,0.0,0.0
2023-01-03,0.0,0.0,6.233186883395057e-08,3.683204766130802e-08,0.0,0.0,0.0
2023-01-04,0.0,0.0,6.17116563763277e-08,1.5628098284451188e-08,2.5434761485491342e-08,0.0,0.0
2023-01-05,0.0,0.0,3.054880756788452e-08,5.157532036112186e-09,3.7108334016240485e-08,0.0,0.0
2023-01-06,0.0,0.0,3.02448418538194e-08,1.0212427469817757e-08,2.883175305639909e-08,0.0,0.0
2023-01-07,0.0,0.0,2.3955120519315014e-08,1.0110812118668505e-08,4.368227548791806e-08,0.0,0.0
2023-01-08,0.0,0.0,3.557514463138367e-08,1.0010207857156829e-08,2.3531354482767094e-08,0.0,0.0
2023-01-09,0.0,0.0,2.9350971689920015e-08,0.0,1.782588639527677e-08,0.0,0.0
2023-01-10,0.0,0.0,4.6494279427170956e-08,2.4529981152774954e-08,3.3009239141949945e-08,0.0,0.0
2023-01-11,0.0,0.0,1.7261870106434234e-08,2.9143084514610075e-08,3.030998864604345e-08,0.0,0.0
2023-01-12,0.0,0.0,2.8483519381791582e-08,4.808850996437944e-09,3.3676070005880975e-08,0.0,0.0
2023-01-13,0.0,0.0,4.512016580565435e-08,9.522004259095817e-09,3.7106749239467145e-08,0.0,0.0
2023-01-14,0.0,0.0,1.6751704745483618e-08,1.8854517467353364e-08,3.4356371746834603e-08,0.0,0.0
2023-01-15,0.0,0.0,2.2113363331041606e-08,1.8666911883973985e-08,2.8392266473605882e-08,0.0,0.0
2023-01-16,0.0,0.0,1.0946665844766346e-08,4.620293251834703e-09,6.37280299901419e-09,0.0,0.0
2023-01-17,0.0,0.0,2.167548939943723e-08,1.8297282263405405e-08,2.252897756882069e-08,0.0,0.0
2023-01-18,0.0,0.0,5.364953669086172e-08,1.3586415947209588e-08,3.2507710796604016e-08,0.0,0.0
2023-01-19,0.0,0.0,3.1869428928904515e-08,8.967485899854601e-09,3.28344187216337e-08,0.0,0.0
2023-01-20,0.0,0.0,4.732848421911427e-08,2.219564481074764e-08,5.306305618543625e-08,0.0,0.0
2023-01-21,0.0,0.0,4.165116260687485e-08,1.3184876672901769e-08,2.3448402585167214e-08,0.0,0.0
2023-01-22,0.0,0.0,4.1236726614396016e-08,3.045859823535592e-08,4.736812589800996e-08,0.0,0.0
2023-01-23,0.0,0.0,1.5309905373353497e-08,2.153966437081917e-08,5.809650850869505e-08,0.0,0.0
2023-01-24,0.0,0.0,3.031513853920825e-08,8.530136451736959e-09,2.761430029468905e-08,0.0,0.0
2023-01-25,0.0,0.0,1.500674893541307e-08,1.689052035179979e-08,4.1837742939844595e-08,0.0,0.0
2023-01-26,0.0,0.0,4.457228786586363e-08,1.672245686623632e-08,2.4650627893975133e-08,0.0,0.0
2023-01-27,0.0,0.0,2.4515992328565748e-08,2.0695082050368626e-08,2.845528094061627e-08,0.0,0.0
2023-01-28,0.0,0.0,3.398087578072936e-08,8.195665017357141e-09,5.7482522536992815e-08,0.0,0.0
2023-01-29,0.0,0.0,4.806108631051748e-08,4.8684700727389854e-08,3.2658880214761335e-08,0.0,0.0
2023-01-30,0.0,0.0,5.2341157562685475e-08,8.033379976880056e-09,2.932187326017913e-08,0.0,0.0
2023-01-31,0.0,0.0,1.8843765215700276e-08,3.181378604221598e-08,4.0722774105288995e-08,0.0,0.0
2023-02-01,0.0,0.0,0.0,1.1831583019310198e-08,1.872525635923232e-08,0.0,0.0
2023-02-02,0.0,0.0,0.0,1.952309466876257e-08,5.295765528014216e-08,0.0,0.0
2023-02-03,0.0,0.0,0.0,1.5463069304862123e-08,3.820706326006669e-08,0.0,0.0
2023-02-04,0.0,0.0,0.0,1.9136511493163256e-08,5.7886575944438614e-08,0.0,0.0
2023-02-05,0.0,0.0,0.0,2.273532002681439e-08,3.508100742276636e-08,0.0,0.0
2023-02-06,0.0,0.0,0.0,3.75151663546362e-08,4.724476987846146e-08,0.0,0.0
2023-02-07,0.0,0.0,0.0,1.4856753684991979e-08,3.578969078219481e-08,0.0,0.0
2023-02-08,0.0,0.0,0.0,1.4708926515878651e-08,5.221577566753395e-08,0.0,0.0
2023-02-09,0.0,0.0,0.0,1.8203212814592984e-08,4.868358732685116e-08,0.0,0.0
2023-02-10,0.0,0.0,0.0,1.802208782078851e-08,5.32706043065546e-08,0.0,0.0
2023-02-11,0.0,0.0,0.0,1.7842765050784573e-08,4.138921752346929e-08,0.0,0.0
2023-02-12,0.0,0.0,0.0,7.066090628861893e-09,2.090259303753156e-08,0.0,0.0
2023-02-13,0.0,0.0,0.0,2.798312740944508e-08,3.8002801662092024e-08,0.0,0.0
2023-02-14,0.0,0.0,0.0,2.4241604309565028e-08,5.1179648224616726e-08,0.0,0.0
2023-02-15,0.0,0.0,0.0,3.7714908497353965e-08,8.615668706763847e-09,0.0,0.0
2023-02-16,0.0,0.0,0.0,1.3578050504607408e-08,3.916015927563897e-08,0.0,0.0
2023-02-17,0.0,0.0,0.0,6.721473322362186e-09,3.5158867039468246e-08,0.0,0.0
2023-02-18,0.0,0.0,0.0,1.3309187090708299e-08,1.7756109763852474e-08,0.0,0.0
2023-02-19,0.0,0.0,0.0,0.0,3.586912326748804e-08,0.0,0.0
2023-02-20,0.0,0.0,0.0,0.0,5.887312266791949e-08,0.0,0.0
2023-02-21,0.0,0.0,0.0,0.0,4.5742159528845234e-08,0.0,0.0
2023-02-22,0.0,0.0,0.0,0.0,3.696150069992064e-08,0.0,0.0
2023-02-23,0.0,0.0,0.0,0.0,1.372264785865357e-08,0.0,0.0
2023-02-24,0.0,0.0,0.0,0.0,3.6229613949488914e-08,0.0,0.0
2023-02-25,0.0,0.0,0.0,0.0,2.690184245061603e-08,0.0,0.0
2023-02-26,0.0,0.0,0.0,0.0,2.2195137204815593e-08,0.0,0.0
2023-02-27,0.0,0.0,0.0,0.0,3.5158867039468246e-08,0.0,0.0
2023-02-28,0.0,0.0,0.0,0.0,3.045790165883031e-08,0.0,0.0
2023-03-01,0.0,0.0,0.0,0.0,8.631340941603629e-08,0.0,0.0
2023-03-02,0.0,0.0,0.0,0.0,2.5636372992801178e-08,0.0,0.0
2023-03-03,0.0,0.0,0.0,0.0,5.076257363890894e-08,0.0,0.0
2023-03-04,0.0,0.0,0.0,0.0,5.025747759188169e-08,0.0,0.0
2023-03-05,0.0,0.0,0.0,0.0,2.9025154278455427e-08,0.0,0.0
2023-03-06,0.0,0.0,0.0,0.0,4.926231285930642e-08,0.0,0.0
2023-03-07,0.0,0.0,0.0,0.0,5.69008354325318e-08,0.0,0.0
2023-03-08,0.0,0.0,0.0,0.0,4.426294923298827e-08,0.0,0.0
2023-03-09,0.0,0.0,0.0,0.0,6.772572127265948e-08,0.0,0.0
2023-03-10,0.0,0.0,0.0,0.0,3.1553806628959534e-08,0.0,0.0
2023-03-11,0.0,0.0,0.0,0.0,1.952490062947174e-08,0.0,0.0
2023-03-12,0.0,0.0,0.0,0.0,3.092899939548403e-08,0.0,0.0
2023-03-13,0.0,0.0,0.0,0.0,4.975953240298152e-08,0.0,0.0
2023-03-14,0.0,0.0,0.0,0.0,3.789570521769861e-08,0.0,0.0
2023-03-15,0.0,0.0,0.0,0.0,3.0014909320471986e-08,0.0,0.0
2023-03-16,0.0,0.0,0.0,0.0,2.2287191987047236e-08,0.0,0.0
2023-03-17,0.0,0.0,0.0,0.0,5.8841148590698415e-08,0.0,0.0
2023-03-18,0.0,0.0,0.0,0.0,2.9127834689915533e-08,0.0,0.0
2023-03-19,0.0,0.0,0.0,0.0,6.128076677097627e-08,0.0,0.0
2023-03-20,0.0,0.0,0.0,0.0,2.8551064919353688e-08,0.0,0.0
2023-03-21,0.0,0.0,0.0,0.0,3.533372134595978e-08,0.0,0.0
2023-03-22,0.0,0.0,0.0,0.0,4.197857393316829e-08,0.0,0.0
2023-03-23,0.0,0.0,0.0,0.0,3.463406678630035e-08,0.0,0.0
2023-03-24,0.0,0.0,0.0,0.0,2.74315616510674e-08,0.0,0.0
2023-03-25,0.0,0.0,0.0,0.0,2.3763786420604416e-08,0.0,0.0
2023-03-26,0.0,0.0,0.0,0.0,2.016628525283155e-08,0.0,0.0
2023-03-27,0.0,0.0,0.0,0.0,3.327604560317362e-08,0.0,0.0
2023-03-28,0.0,0.0,0.0,0.0,2.6355954733801424e-08,0.0,0.0
2023-03-29,0.0,0.0,0.0,0.0,1.630856787656294e-08,0.0,0.0
2023-03-30,0.0,0.0,0.0,0.0,2.2604812880829422e-08,0.0,0.0
2023-03-31,0.0,0.0,0.0,0.0,3.197127319228032e-08,0.0,0.0
2023-04-01,0.0,0.0,0.0,0.0,3.8031021827624334e-08,0.0,0.0
2023-04-02,0.0,0.0,0.0,0.0,6.27543447295841e-08,0.0,0.0
2023-04-03,0.0,0.0,0.0,0.0,3.1064964283281364e-08,0.0,0.0
2023-04-04,0.0,0.0,0.0,0.0,5.2284966630947143e-08,0.0,0.0
2023-04-05,0.0,0.0,0.0,0.0,3.349482045447354e-08,0.0,0.0
2023-04-06,0.0,0.0,0.0,0.0,3.6176227006265194e-08,0.0,0.0
2023-04-07,0.0,0.0,0.0,0.0,2.6862200649918772e-08,0.0,0.0
2023-04-08,0.0,0.0,0.0,0.0,3.5459889716785156e-08,0.0,0.0
2023-04-09,0.0,0.0,0.0,0.0,3.2181469758961396e-08,0.0,0.0
2023-04-10,0.0,0.0,0.0,0.0,3.1861258784663615e-08,0.0,0.0
2023-04-11,0.0,0.0,0.0,0.0,3.727954922875823e-08,0.0,0.0
2023-04-12,0.0,0.0,0.0,0.0,3.6908611516176017e-08,0.0,0.0
2023-04-13,0.0,0.0,0.0,0.0,2.2486993658770887e-08,0.0,0.0
2023-04-14,0.0,0.0,0.0,0.0,0.0,0.0,0.0
2023-04-15,0.0,0.0,0.0,0.0,0.0,0.0,0.0
2023-04-16,0.0,0.0,0.0,0.0,0.0,0.0,0.0
2023-04-17,0.0,0.0,0.0,0.0,0.0,0.0,0.0
2023-04-18,0.0,0.0,0.0,0.0,0.0,0.0,0.0
2023-04-19,0.0,0.0,0.0,0.0,0.0,0.0,0.0
2023-04-20,0.0,0.0,0.0,0.0,0.0,0.0,0.0
2023-04-21,0.0,0.0,0.0,0.0,0.0,0.0,0.0
2023-04-22,0.0,0.0,0.0,0.0,0.0,0.0,0.0
2023-04-23,0.0,0.0,0.0,0.0,0.0,0.0,0.0
2023-04-24,0.0,0.0,0.0,0.0,0.0,0.0,0.0
2023-04-25,0.0,0.0,0.0,0.0,0.0,0.0,0.0
2023-04-26,0.0,0.0,0.0,0.0,0.0,0.0,0.0
2023-04-27,0.0,0.0,0.0,0.0,0.0,0.0,0.0
2023-04-28,0.0,0.0,0.0,0.0,0.0,0.0,0.0
2023-04-29,0.0,0.0,0.0,0.0,0.0,0.0,0.0
2023-04-30,0.0,0.0,0.0,0.0,0.0,0.0,0.0
2023-05-01,0.0,0.0,0.0,0.0,0.0,0.0,0.0
2023-05-02,0.0,0.0,0.0,0.0,0.0,0.0,0.0
2023-05-03,0.0,0.0,0.0,0.0,0.0,0.0,0.0
2023-05-04,0.0,0.0,0.0,0.0,0.0,0.0,0.0
2023-05-05,0.0,0.0,0.0,0.0,0.0,0.0,0.0
2023-05-06,0.0,0.0,0.0,0.0,0.0,0.0,0.0
2023-05-07,0.0,0.0,0.0,0.0,0.0,0.0,0.0
2023-05-08,0.0,0.0,0.0,0.0,0.0,0.0,0.0
2023-05-09,0.0,0.0,0.0,0.0,0.0,0.0,0.0
2023-05-10,0.0,0.0,0.0,0.0,0.0,0.0,0.0
2023-05-11,0.0,0.0,0.0,0.0,0.0,0.0,0.0
2023-05-12,0.0,0.0,0.0,0.0,0.0,0.0,0.0
2023-05-13,0.0,0.0,0.0,0.0,0.0,0.0,0.0
2023-05-14,0.0,0.0,0.0,0.0,0.0,0.0,0.0
2023-05-15,0.0,0.0,0.0,0.0,0.0,0.0,0.0
2023-05-16,0.0,0.0,0.0,0.0,0.0,0.0,0.0
2023-05-17,0.0,0.0,0.0,0.0,0.0,0.0,0.0
2023-05-18,0.0,0.0,0.0,0.0,0.0,0.0,0.0
2023-05-19,0.0,0.0,0.0,0.0,0.0,0.0,0.0
2023-05-20,0.0,0.0,0.0,0.0,0.0,0.0,0.0
2023-05-21,0.0,0.0,0.0,0.0,0.0,0.0,0.0
2023-05-22,0.0,0.0,0.0,0.0,0.0,0.0,0.0
2023-05-23,0.0,0.0,0.0,0.0,0.0,0.0,0.0
2023-05-24,0.0,0.0,0.0,2.0258436173493965e-08,0.0,0.0,0.0
2023-05-25,0.0,0.0,0.0,3.069305526285229e-08,0.0,0.0,0.0
2023-05-26,0.0,0.0,0.0,2.0667683731045045e-08,0.0,0.0,0.0
2023-05-27,0.0,0.0,0.0,4.175079481156958e-08,0.0,0.0,0.0
2023-05-28,0.0,0.0,0.0,1.0542599318830668e-08,0.0,0.0,0.0
2023-05-29,0.0,0.0,0.0,6.389132522091812e-08,0.0,0.0,0.0
2023-05-30,0.0,0.0,0.0,2.151114790487242e-08,0.0,0.0,0.0
2023-05-31,0.0,0.0,0.0,6.518201560646591e-08,0.0,0.0,0.0
2023-06-01,0.0,0.0,0.0,1.099362254004725e-08,0.0,0.0,0.0
2023-06-02,0.0,0.0,0.0,2.2208220566870004e-08,0.0,0.0,0.0
2023-06-03,0.0,0.0,0.0,4.486283378841821e-08,0.0,0.0,0.0
2023-06-04,0.0,0.0,0.0,3.3985284572895804e-08,0.0,0.0,0.0
2023-06-05,0.0,0.0,0.0,3.4326842361256405e-08,0.0,0.0,0.0
2023-06-06,0.0,0.0,0.0,3.4671832862458926e-08,0.0,0.0,0.0
2023-06-07,0.0,0.0,0.0,4.669372076778799e-08,0.0,0.0,0.0
2023-06-08,0.0,0.0,0.0,3.537225034746431e-08,0.0,0.0,0.0
2023-06-09,0.0,0.0,0.0,5.954624562266558e-08,0.0,0.0,0.0
2023-06-10,0.0,0.0,0.0,1.2028939068081656e-08,0.0,2.2237208361729906e-08,0.0
2023-06-11,0.0,0.0,0.0,1.0934848724005038e-07,0.0,2.5052314792933528e-08,0.0
2023-06-12,0.0,0.0,0.0,2.45438795127142e-08,0.0,2.268642976909103e-08,0.0
2023-06-13,0.0,0.0,0.0,2.479054960271067e-08,0.0,3.260899963908094e-08,0.0
2023-06-14,0.0,0.0,0.0,2.5039698768326266e-08,0.0,2.5815271364409112e-08,0.0
2023-06-15,0.0,0.0,0.0,6.322837981171296e-08,0.0,2.9671232141833476e-08,0.0
2023-06-16,0.0,0.0,0.0,1.2772767118656384e-08,0.0,2.3612280531628877e-08,0.0
2023-06-17,0.0,0.0,0.0,6.450567781163024e-08,0.0,4.03608410551246e-08,0.0
2023-06-18,0.0,0.0,0.0,5.2123176521211705e-08,0.0,2.9648344910099023e-08,0.0
2023-06-19,0.0,0.0,0.0,5.264702315420747e-08,0.0,4.024036176247582e-08,0.0
2023-06-20,0.0,0.0,0.0,2.6588067266695657e-08,0.0,3.497341889543009e-08,0.0
2023-06-21,0.0,0.0,0.0,4.028292267775657e-08,0.0,3.6279634831234685e-08,0.0
2023-06-22,0.0,0.0,0.0,2.7125181854204432e-08,0.0,2.5072382415765034e-08,0.0
2023-06-23,0.0,0.0,0.0,0.0,0.0,2.922042005566341e-08,0.0
2023-06-24,0.0,0.0,0.0,6.918286719032202e-08,0.0,2.7546484148859585e-08,0.0
2023-06-25,0.0,0.0,0.0,2.7951266625978622e-08,0.0,3.577285403631901e-08,0.0
2023-06-26,0.0,0.0,0.0,1.4116090762891918e-08,0.0,3.011031433038464e-08,0.0
2023-06-27,0.0,0.0,0.0,1.4257959833634265e-08,0.0,4.156433496116116e-08,0.0
2023-06-28,0.0,0.0,0.0,5.760501884896659e-08,0.0,3.0718583028485236e-08,0.0
2023-06-29,0.0,0.0,0.0,1.4545989728321336e-08,0.0,3.413004091256145e-08,0.0
2023-06-30,0.0,0.0,0.0,1.4692179355495558e-08,0.0,2.924986359809155e-08,0.0
2023-07-01,0.0,0.0,0.0,1.4895207125360034e-08,0.0,2.9613283970772896e-08,0.0
2023-07-02,0.0,0.0,0.0,1.5044906445723193e-08,0.0,3.52521349980526e-08,0.0
2023-07-03,0.0,0.0,0.0,1.519611026926839e-08,0.0,3.2369477131687895e-08,0.0
2023-07-04,0.0,0.0,0.0,4.604650114951193e-08,0.0,2.9425316206759656e-08,0.0
2023-07-05,0.0,0.0,0.0,0.0,0.0,3.522494287542764e-08,0.0
2023-07-06,0.0,0.0,0.0,0.0,0.0,3.891448688406121e-08,0.0
2023-07-07,0.0,0.0,0.0,1.1071392705849093e-07,0.0,2.69524004429079e-08,0.0
2023-07-08,0.0,0.0,0.0,3.195046300684947e-08,0.0,2.9491882951568406e-08,0.0
2023-07-09,0.0,0.0,0.0,4.840735574772726e-08,0.0,3.551679693802348e-08,0.0
2023-07-10,0.0,0.0,0.0,4.889385776109468e-08,0.0,2.7773223237325223e-08,0.0
2023-07-11,0.0,0.0,0.0,1.646174973366108e-08,0.0,4.2078523156989364e-08,0.0
2023-07-12,0.0,0.0,0.0,4.988157920694639e-08,0.0,3.5417849454476787e-08,0.0
2023-07-13,0.0,0.0,0.0,3.292349946732216e-08,0.0,2.981150396604682e-08,0.0
2023-07-14,0.0,0.0,0.0,1.629795258703156e-08,0.0,3.372444830936824e-08,0.0
2023-07-15,0.0,0.0,0.0,1.613578524924242e-08,0.0,2.7980637390824e-08,0.0
2023-07-16,0.0,0.0,0.0,9.585138902054841e-08,0.0,2.9490623448754745e-08,0.0
2023-07-17,0.0,0.0,0.0,4.7448825882210395e-08,0.0,3.8474886808198395e-08,0.0
2023-07-18,0.0,0.0,0.0,1.5658900725425207e-08,0.0,4.1368763645885583e-08,0.0
2023-07-19,0.0,0.0,0.0,3.1006184119803915e-08,0.0,4.1784526632592185e-08,0.0
2023-07-20,0.0,0.0,0.0,0.0,0.0,2.813631207118841e-08,0.0
2023-07-21,0.0,0.0,0.0,3.039222053853678e-08,0.0,5.296284341154918e-08,0.0
2023-07-22,0.0,0.0,0.0,6.017962578289277e-08,0.0,3.2618980998224314e-08,0.0
2023-07-23,0.0,0.0,0.0,2.979041425072007e-08,0.0,2.2403828901012807e-08,0.0
2023-07-24,0.0,0.0,0.0,5.8987989352488504e-08,0.0,3.327792812469573e-08,0.0
2023-07-25,0.0,0.0,0.0,7.300131131453617e-08,0.0,4.4368337458584295e-08,0.0
2023-07-26,0.0,0.0,0.0,1.4454987226085561e-08,0.0,4.074022423935438e-08,0.0
2023-07-27,0.0,0.0,0.0,4.293347310009707e-08,0.0,5.075126003667451e-08,0.0
2023-07-28,0.0,0.0,0.0,2.833751860335032e-08,0.0,4.8490436588976504e-08,0.0
2023-07-29,0.0,0.0,0.0,2.8055555582110943e-08,0.0,4.058158382233484e-08,0.0
2023-07-30,0.0,0.0,0.0,5.5552796279618965e-08,0.0,2.9094261953385904e-08,0.0
2023-07-31,0.0,0.0,0.0,2.750001836046908e-08,0.0,3.154808056333821e-08,0.0
2023-08-01,0.0,0.0,0.0,1.3645238437189526e-08,0.0,5.5742687218589314e-08,0.0
2023-08-02,0.0,0.0,0.0,4.0528398138621745e-08,0.0,4.172754108825325e-08,0.0
2023-08-03,0.0,0.0,0.0,2.6750089226175032e-08,0.0,4.664297029359789e-08,0.0
2023-08-04,0.0,0.0,0.0,5.296784278230001e-08,0.0,3.430429970295267e-08,0.0
2023-08-05,0.0,0.0,0.0,3.933060295550115e-08,0.0,3.2656698286336466e-08,0.0
2023-08-06,0.0,0.0,0.0,0.0,0.0,3.621156975428625e-08,0.0
2023-08-07,0.0,0.0,0.0,6.425300806222828e-08,0.0,3.3290454428239835e-08,0.0
2023-08-08,0.0,0.0,0.0,2.5445471979957227e-08,0.0,4.0565180150293044e-08,0.0
2023-08-09,0.0,0.0,0.0,1.2596142651712883e-08,0.0,4.5181743596778024e-08,0.0
2023-08-10,0.0,0.0,0.0,2.494161787641829e-08,0.0,2.609377034628444e-08,0.0
2023-08-11,0.0,0.0,0.0,1.2346722315991604e-08,0.0,4.674747874965046e-08,0.0
2023-08-12,0.0,0.0,0.0,7.334322225776778e-08,0.0,3.410277209999889e-08,0.0
2023-08-13,0.0,0.0,0.0,2.420448166764376e-08,0.0,3.7380955688845704e-08,0.0
2023-08-14,0.0,0.0,0.0,3.5945464576553236e-08,0.0,4.059052596175187e-08,0.0
2023-08-15,0.0,0.0,0.0,2.372520081870209e-08,0.0,3.30948828660666e-08,0.0
2023-08-16,0.0,0.0,0.0,1.1744565563110816e-08,0.0,3.627618148801501e-08,0.0
2023-08-17,0.0,0.0,0.0,5.813852591607033e-08,0.0,3.243956027856095e-08,0.0
2023-08-18,0.0,0.0,0.0,4.604803033410171e-08,0.0,2.6381641749848707e-08,0.0
2023-08-19,0.0,0.0,0.0,3.419238358256553e-08,0.0,3.747528786693209e-08,0.0
2023-08-20,0.0,0.0,0.0,2.2568109120937858e-08,0.0,3.485377206645783e-08,0.0
2023-08-21,0.0,0.0,0.0,5.585888170804403e-08,0.0,3.228071503090035e-08,0.0
2023-08-22,0.0,0.0,0.0,3.318184592907806e-08,0.0,3.0857464254831753e-08,0.0
2023-08-23,0.0,0.0,0.0,3.285168104557424e-08,0.0,4.146129426806603e-08,0.0
2023-08-24,0.0,0.0,0.0,6.504960271510295e-08,0.0,3.9968517299831366e-08,0.0
2023-08-25,0.0,0.0,0.0,4.2934898902358076e-08,0.0,3.315393354445574e-08,0.0
2023-08-26,0.0,0.0,0.0,4.2507689520316943e-08,0.0,2.0117963918792516e-08,0.0
2023-08-27,0.0,0.0,0.0,6.312709641397656e-08,0.0,3.983557366634459e-08,0.0
2023-08-28,0.0,0.0,0.0,8.333196174630027e-08,0.0,3.94392030856672e-08,0.0
2023-08-29,0.0,0.0,0.0,3.093854807734373e-08,0.0,4.2129416704861676e-08,0.0
2023-08-30,0.0,0.0,0.0,5.105117396735801e-08,0.0,4.1710222004597733e-08,0.0
2023-08-31,0.0,0.0,0.0,3.032592377944959e-08,0.0,5.936453149162637e-08,0.0
2023-09-01,0.0,0.0,0.0,0.0,0.0,3.952848086900192e-08,0.0
2023-09-02,0.0,0.0,0.0,0.0,0.0,2.728120186283141e-08,0.0
2023-09-03,0.0,0.0,0.0,0.0,0.0,3.6265680663648044e-08,0.0
2023-09-04,0.0,0.0,0.0,0.0,0.0,3.7666720946328554e-08,0.0
2023-09-05,0.0,0.0,0.0,0.0,0.0,3.6058039588647095e-08,0.0
2023-09-06,0.0,0.0,0.0,0.0,0.0,5.2441131316621424e-08,0.0
2023-09-07,0.0,0.0,0.0,0.0,0.0,4.781976294701584e-08,0.0
2023-09-08,0.0,0.0,0.0,0.0,0.0,4.3226430952682405e-08,0.0
2023-09-09,0.0,0.0,0.0,0.0,0.0,4.75812683186197e-08,0.0
2023-09-10,0.0,0.0,0.0,0.0,0.0,4.301892996319108e-08,0.0
2023-09-11,0.0,0.0,0.0,0.0,0.0,6.956265378446531e-08,0.0
2023-09-12,0.0,0.0,0.0,0.0,0.0,4.43054866751156e-08,0.0
2023-09-13,0.0,0.0,0.0,0.0,0.0,3.242338735595096e-08,0.0
2023-09-14,0.0,0.0,0.0,0.0,0.0,4.5597233287564026e-08,0.0
2023-09-15,0.0,0.0,0.0,0.0,0.0,2.3489819856129544e-08,0.0
2023-09-16,0.0,0.0,0.0,0.0,0.0,5.861983205865999e-08,0.0
2023-09-17,0.0,0.0,0.0,0.0,0.0,4.535375679451531e-08,0.0
2023-09-18,0.0,0.0,0.0,0.0,0.0,1.6061475697097197e-08,0.0
2023-09-19,0.0,0.0,0.0,0.0,0.0,1.747081130466143e-08,0.0
2023-09-20,0.0,0.0,0.0,0.0,0.0,1.5755710604793974e-08,0.0
2023-09-21,0.0,0.0,0.0,0.0,0.0,2.2279681380462728e-08,0.0
2023-09-22,0.0,0.0,0.0,0.0,0.0,2.1860636018035025e-08,0.0
2023-09-23,0.0,0.0,0.0,0.0,0.0,1.7534386902639013e-08,0.0
2023-09-24,0.0,0.0,0.0,0.0,0.0,1.96784560230322e-08,0.0
2023-09-25,0.0,0.0,0.0,0.0,0.0,1.8551145941087322e-08,0.0
2023-09-26,0.0,0.0,0.0,0.0,0.0,2.476038421870454e-08,0.0
2023-09-27,0.0,0.0,0.0,0.0,0.0,2.7712930781189178e-08,0.0
2023-09-28,0.0,0.0,0.0,0.0,0.0,2.2529703953067313e-08,0.0
2023-09-29,0.0,0.0,0.0,0.0,0.0,1.9308232569099075e-08,0.0
2023-09-30,0.0,0.0,0.0,0.0,0.0,7.661611387775124e-09,0.0
2023-10-01,0.0,0.0,0.0,0.0,0.0,2.750062042462813e-08,0.0
2023-10-02,0.0,0.0,0.0,0.0,0.0,3.276262276208823e-08,0.0
2023-10-03,0.0,0.0,0.0,0.0,0.0,2.3020447022582802e-08,0.0
2023-10-04,0.0,0.0,0.0,0.0,0.0,2.3978425310309244e-08,0.0
2023-10-05,0.0,0.0,0.0,0.0,0.0,2.3485490900453918e-08,0.0
2023-10-06,0.0,0.0,0.0,0.0,0.0,2.0756333507050037e-08,0.0
2023-10-07,0.0,0.0,0.0,0.0,0.0,2.32111814975846e-08,0.0
2023-10-08,0.0,0.0,0.0,0.0,0.0,2.11756392579347e-08,0.0
2023-10-09,0.0,0.0,0.0,0.0,0.0,3.284656045483619e-08,0.0
2023-10-10,0.0,0.0,0.0,0.0,0.0,2.5461168323094616e-08,0.0
2023-10-11,0.0,0.0,0.0,0.0,0.0,2.6496362086139228e-08,0.0
2023-10-12,0.0,0.0,0.0,0.0,0.0,2.7549791862587183e-08,0.0
2023-10-13,0.0,0.0,0.0,0.0,0.0,2.8621719641767095e-08,0.0
2023-10-14,0.0,0.0,0.0,0.0,0.0,1.5257724483934955e-08,0.0
2023-10-15,0.0,0.0,0.0,0.0,0.0,1.7033284760567198e-08,0.0
2023-10-16,0.0,0.0,0.0,0.0,0.0,4.1258208645253174e-08,0.0
2023-10-17,0.0,0.0,0.0,0.0,0.0,3.662160471321853e-08,0.0
2023-10-18,0.0,0.0,0.0,0.0,0.0,5.739774510953287e-08,0.0
2023-10-19,0.0,0.0,0.0,0.0,0.0,5.5397953058665355e-08,0.0
2023-10-20,0.0,0.0,0.0,0.0,0.0,4.623796329081565e-08,0.0
2023-10-21,0.0,0.0,0.0,0.0,0.0,4.353970940898262e-08,0.0
2023-10-22,0.0,0.0,0.0,0.0,0.0,3.95838865722154e-08,0.0
2023-10-23,0.0,0.0,0.0,0.0,0.0,3.947376122259053e-08,0.0
2023-10-24,0.0,0.0,0.0,0.0,0.0,4.444727144739998e-08,0.0
2023-10-25,0.0,0.0,0.0,0.0,0.0,5.066495759033519e-08,0.0
2023-10-26,0.0,0.0,0.0,0.0,0.0,3.537667004513527e-08,3.8014103582373124e-08
2023-10-27,0.0,0.0,0.0,0.0,0.0,4.411425934190133e-08,3.500825593890754e-08
2023-10-28,0.0,0.0,0.0,0.0,0.0,3.26946973526307e-08,2.661512508848733e-08
2023-10-29,0.0,0.0,0.0,0.0,1.7311115141942174e-08,4.3914327084194096e-08,3.1491059235608543e-08
2023-10-30,0.0,0.0,0.0,0.0,1.359951813230264e-08,5.634122534693002e-08,2.9092271014558392e-08
2023-10-31,0.0,0.0,0.0,0.0,2.3547763820222496e-08,4.4981445746934224e-08,2.8992857823124437e-08
2023-11-01,0.0,0.0,0.0,0.0,2.1897337586325913e-08,4.749905195810408e-08,3.588840073602569e-08
2023-11-02,0.0,0.0,0.0,0.0,2.4128083077563915e-08,3.243959513018441e-08,3.3460693993667376e-08
2023-11-03,0.0,0.0,0.0,0.0,3.249409912521883e-08,4.1101605228317807e-08,3.138290959055195e-08
2023-11-04,0.0,0.0,0.0,0.0,3.0769378360009494e-08,3.2329809019411276e-08,3.982608565899212e-08
2023-11-05,0.0,0.0,0.0,0.0,3.729433890432429e-08,4.841965220925991e-08,3.5711142543398814e-08
2023-11-06,0.0,0.0,0.0,0.0,2.929823029902715e-08,3.843160050626112e-08,3.399705437245487e-08
2023-11-07,0.0,0.0,0.0,0.0,2.747891937960261e-08,4.952210109155719e-08,4.313279556432393e-08
2023-11-08,0.0,0.0,0.0,0.0,2.5620080409839998e-08,4.451399324183641e-08,4.2297366375293825e-08
2023-11-09,0.0,0.0,0.0,0.0,3.234695812333589e-08,3.705212244807555e-08,3.973188963636481e-08
2023-11-10,0.0,0.0,0.0,0.0,2.178136697142667e-08,3.948048615581416e-08,3.969968346722322e-08
2023-11-11,0.0,0.0,0.0,0.0,1.9800246013929977e-08,3.82100734345139e-08,4.620064373305744e-08
2023-11-12,0.0,0.0,0.0,0.0,1.7777103817491208e-08,3.448267465979057e-08,4.31430835505013e-08
2023-11-13,0.0,0.0,0.0,0.0,1.7955766681129594e-08,4.060941487033979e-08,4.66892986593322e-08
2023-11-14,0.0,0.0,0.0,0.0,3.4005422130748656e-08,6.025900556004491e-08,5.2098951750290756e-08
2023-11-15,0.0,0.0,0.0,0.0,1.6028685075634162e-08,6.291299548121319e-08,4.400334333851935e-08
2023-11-16,0.0,0.0,0.0,0.0,2.544107663237454e-08,8.522603535138596e-08,4.673659379088676e-08
2023-11-17,0.0,0.0,0.0,0.0,2.5696763703331027e-08,5.126581914973808e-08,4.8131918178556144e-08
2023-11-18,0.0,0.0,0.0,0.0,3.539320973464348e-08,5.482788662749995e-08,5.0018026575207104e-08
2023-11-19,0.0,0.0,0.0,0.0,2.6215872764489213e-08,5.6695769277433085e-08,4.249406027061445e-08
2023-11-20,0.0,0.0,0.0,0.0,1.925770666620336e-08,6.7193395566146e-08,4.673634446987829e-08
2023-11-21,0.0,0.0,0.0,0.0,2.6745468524302832e-08,6.566148572863998e-08,5.00962190227877e-08
2023-11-22,0.0,0.0,0.0,0.0,3.192594948839215e-08,5.5460252356247614e-08,5.2059300963316747e-08
2023-11-23,0.0,0.0,0.0,0.0,1.984419114773612e-08,5.215515756102485e-08,5.1108229777321865e-08
2023-11-24,0.0,0.0,0.0,0.0,3.0065442876631554e-08,6.97620587963819e-08,5.608915375897577e-08
2023-11-25,0.0,1.323416786404359e-07,0.0,0.0,2.530633800083434e-08,5.94922512091004e-08,4.462039347081252e-08
2023-11-26,0.0,2.6734346924594305e-07,0.0,0.0,2.3004603833428042e-08,6.847104020361737e-08,5.519666416832078e-08
2023-11-27,0.0,6.750757894518148e-07,0.0,0.0,4.130809590339393e-08,7.575477136290681e-08,5.268251546942399e-08
2023-11-28,0.0,0.0,0.0,0.0,3.3900139949935903e-08,9.54712556443429e-08,6.14779227448972e-08
2023-11-29,0.0,5.509705800146892e-07,0.0,0.0,2.8973020171284915e-08,8.162287667325387e-08,6.209578614047098e-08
2023-11-30,0.0,6.956349080028725e-07,0.0,0.0,2.660382169539936e-08,8.192654978293926e-08,5.9557513326082515e-08
2023-12-01,0.0,2.861484418798449e-07,0.0,0.0,4.0313930928367907e-08,8.582508613115987e-08,7.329487948561432e-08
2023-12-02,0.0,2.890242815316117e-07,0.0,0.0,2.7146061780011743e-08,6.10293879811814e-08,7.780862288671886e-08
2023-12-03,0.0,2.9192902385238603e-07,0.0,0.0,5.209588004949822e-08,5.946998873825772e-08,6.638236205453192e-08
2023-12-04,0.0,2.948629593188206e-07,0.0,0.0,1.6616669162650247e-08,7.961535805761714e-08,9.017003860345678e-08
2023-12-05,0.0,1.4891319066345346e-07,0.0,0.0,4.1959173660293064e-08,8.473324210047094e-08,9.808212890797719e-08
2023-12-06,0.0,9.024587586639466e-07,0.0,0.0,3.3904696293034106e-08,9.700615111088058e-08,8.80603295035318e-08
2023-12-07,0.0,4.5576430998754514e-07,0.0,0.0,3.424544415571707e-08,1.0024924648053241e-07,9.21219701902624e-08
2023-12-08,0.0,1.5344827248464014e-07,0.0,0.0,4.611948878847144e-08,5.887526844189934e-08,7.86093578923632e-08
2023-12-09,0.0,1.5499045326188775e-07,0.0,1.3780073847293185e-08,2.329149867831599e-08,5.969087953115093e-08,8.182998880030228e-08
2023-12-10,0.0,4.6964439964086194e-07,0.0,2.0877848837835984e-08,2.0584884365214532e-08,5.077461907841534e-08,8.674409652658948e-08
2023-12-11,0.0,6.324858724365286e-07,0.0,2.811689960935232e-08,3.8613279514630255e-08,6.217311972677888e-08,1.0249405905274165e-07
2023-12-12,0.0,4.791318458496687e-07,0.0,1.4199739574157544e-08,5.100176463324151e-08,3.9321632690505396e-08,1.2439594418735554e-07
2023-12-13,0.0,3.2263146730386905e-07,0.0,1.7928061661786874e-08,4.242357485008835e-08,3.804501586066899e-08,1.0034826282625992e-07
2023-12-14,0.0,0.0,0.0,2.535153834777635e-08,4.2849938865639445e-08,6.466909365816572e-08,9.53946161263716e-08
2023-12-15,0.0,3.291490552782057e-07,0.0,2.1948279037724735e-08,3.4006176215617183e-08,6.593612981285208e-08,1.0433006690849346e-07
2023-12-16,0.0,3.3245705827934773e-07,0.0,1.6251959147366847e-08,2.1857782525394966e-08,6.261971653172507e-08,8.954572918896955e-08
2023-12-17,0.0,5.036974608950493e-07,0.0,1.641529405224296e-08,5.361668102309973e-08,6.628750943833664e-08,9.928692420312748e-08
2023-12-18,0.0,3.391731363579438e-07,0.0,5.526756833401251e-08,3.7470484329248515e-08,9.272637038303846e-08,1.0895850366174458e-07
2023-12-19,0.0,8.564547076220063e-07,0.0,4.4658413304084005e-08,4.3280587910785504e-08,8.247913111473459e-08,9.518474172267156e-08
2023-12-20,0.0,1.2110871087470815e-06,0.0,2.8192023637189927e-08,3.97892289466652e-08,8.273746477729824e-08,9.316707789135633e-08
2023-12-21,0.0,1.2232587365434716e-06,0.0,2.27802865481476e-08,4.242357485008835e-08,5.6513410897217184e-08,1.1023400833155099e-07
2023-12-22,0.0,3.5301505463797195e-07,0.0,5.752308058545427e-08,4.500155702933074e-08,4.9613009486613746e-08,8.919592930270404e-08
2023-12-23,0.0,5.348443723804655e-07,0.0,2.324047886261366e-08,5.7813811155096305e-08,6.933886019420576e-08,8.72413843433922e-08
2023-12-24,0.0,3.601464317912774e-07,0.0,1.17370247791495e-08,5.345151046860046e-08,7.314906685374152e-08,9.186888761456493e-08
2023-12-25,0.0,0.0,0.0,1.7782475758876464e-08,2.8659137724723844e-08,5.729619472905537e-08,9.64727819782595e-08
2023-12-26,0.0,7.348437446386317e-07,0.0,4.46183675861709e-08,4.892495798929239e-08,6.46944350712483e-08,1.0268442199042798e-07
2023-12-27,0.0,1.8555726176325143e-07,0.0,2.253339481771737e-08,4.0604048441594797e-08,1.02817107568737e-07,1.1617706206525888e-07
2023-12-28,0.0,0.0,0.0,5.6899648001522396e-08,8.492685389466655e-08,7.786141369106545e-08,1.0691729772157283e-07
2023-12-29,0.0,7.572230684102584e-07,0.0,4.5977199176774435e-08,5.639579921209739e-08,8.18024972291721e-08,8.722220913711816e-08
2023-12-30,0.0,1.9120832169194198e-07,0.0,3.482945828292232e-08,2.808966772733414e-08,8.760565331547797e-08,9.824993412773418e-08
2023-12-31,0.0,3.862599945456587e-07,0.0,7.03590003162335e-08,4.3975241889543575e-08,7.696856144673696e-08,8.593406937266848e-08
2024-01-01,0.0,5.612945958348805e-07,0.0,3.5386636245812814e-08,7.925311022045437e-08,8.628870791522414e-08,9.357586903322449e-08
2024-01-02,0.0,7.559142670752822e-07,0.0,4.765637047017321e-08,5.9226995311074696e-08,8.112482099706119e-08,9.333699017468844e-08
2024-01-03,0.0,5.726334988205213e-07,0.0,4.813532495602347e-08,3.5412048423417426e-08,1.185117621753184e-07,9.549481547994965e-08
2024-01-04,0.0,3.8559237410777296e-07,0.0,4.861909301448222e-08,4.3133983315551966e-08,9.222902424896086e-08,9.44750264031127e-08
2024-01-05,0.0,0.0,0.0,2.455386151137924e-08,5.0807412556574105e-08,6.247837094886107e-08,8.713153154647867e-08
2024-01-06,0.0,5.900727851532722e-07,0.0,3.720094788319518e-08,3.8956446277063165e-08,1.0331409029628572e-07,1.0512068506637673e-07
2024-01-07,0.0,3.973354101572553e-07,0.0,1.2524941208370243e-08,4.6600995825239163e-08,1.0794504525328859e-07,1.295356837359137e-07
2024-01-08,0.0,0.0,0.0,3.795245688070124e-08,5.8073645320524186e-08,7.739984985028316e-08,1.327973826925134e-07
2024-01-09,0.0,6.080431768237686e-07,0.0,6.388980902267828e-08,4.246135906644598e-08,8.674661541523197e-08,1.465463048283601e-07
2024-01-10,0.0,6.141541123452359e-07,0.0,5.4157847779058456e-08,3.4641510874744467e-08,8.437646503669515e-08,1.3204480395849768e-07
2024-01-11,0.0,6.203264637897344e-07,0.0,7.29361909308759e-08,4.9898873506428e-08,7.967263018906728e-08,1.269646644253213e-07
2024-01-12,0.0,8.3541446453007e-07,0.0,1.8417302959053497e-08,2.2968461082278185e-08,8.903661983375402e-08,1.2713709463734796e-07
2024-01-13,0.0,8.438105194831279e-07,0.0,7.440959972412691e-08,6.87269091574379e-08,8.669320306192877e-08,1.3153123829006845e-07
2024-01-14,0.0,4.17707232265035e-07,0.0,5.6368071475515335e-08,2.285176927207654e-08,1.0779108466972431e-07,1.2962788551842785e-07
2024-01-15,0.0,2.0677548792991148e-07,0.0,7.59127733494088e-08,4.559370804195504e-08,9.374974747468209e-08,1.3089762143532095e-07
2024-01-16,0.0,8.188721497936479e-07,0.0,7.667570940539293e-08,2.6534921553324382e-08,8.205530552499298e-08,1.311265619753219e-07
2024-01-17,0.0,0.0,0.0,1.3553104791837494e-07,8.556860512814494e-08,8.208778760857126e-08,1.292497666472318e-07
2024-01-18,0.0,2.0066434870889608e-07,0.0,9.7780826853605e-08,5.7158774671917134e-08,8.212847853931711e-08,1.2525491173997922e-07
2024-01-19,0.0,1.9866770507862764e-07,0.0,3.950541620044473e-08,6.300528136852105e-08,6.339398069804724e-08,1.1912840106682263e-07
2024-01-20,0.0,3.933818567688481e-07,0.0,5.98536783509832e-08,8.036281422727685e-08,7.753538952353982e-08,1.1011870943775868e-07
2024-01-21,0.0,1.3631367466287797e-06,0.0,1.6121391418403367e-07,4.602578564535623e-08,1.0581409184504324e-07,1.328199938538304e-07
2024-01-22,0.0,5.783885611616595e-07,0.0,1.3756430613046637e-07,6.920184866663921e-08,6.589873955120764e-08,1.1020018166575571e-07
2024-01-23,0.0,1.908778329401738e-07,0.0,1.8526246718919358e-07,5.202895433083435e-08,8.716696490922756e-08,1.3480875356826906e-07
2024-01-24,0.0,3.779571335376411e-07,0.0,9.356219296943508e-08,6.37532195672533e-08,6.775768495871532e-08,9.261670714776254e-08
2024-01-25,0.0,5.612945958348805e-07,0.0,1.1812813580192385e-07,8.135510768949496e-08,7.18890305091864e-08,1.0570762707835407e-07
2024-01-26,0.0,1.8523654043020997e-07,0.0,1.9090454928651917e-07,5.82699212072441e-08,6.240492740383959e-08,1.1250599012216255e-07
2024-01-27,0.0,1.8339340605720045e-07,0.0,7.230868946399119e-08,5.843487824838521e-08,5.6769130068096134e-08,1.1720157899450305e-07
2024-01-28,0.0,1.8156861117762497e-07,0.0,7.269938705989146e-08,7.032681459125648e-08,6.878039680300695e-08,1.106034279986366e-07
2024-01-29,0.0,1.7976197331047492e-07,0.0,1.2182892442513459e-07,8.817351003064466e-08,7.102615307600275e-08,9.488139137376953e-08
2024-01-30,0.0,5.339199353713743e-07,0.0,9.80035093955336e-08,7.075785539735994e-08,6.735197683861631e-08,1.219747486311494e-07
2024-01-31,0.0,3.5240489549986376e-07,0.0,1.231920996044612e-07,4.7322652409805976e-08,1.0144564987222777e-07,9.62144903440766e-08
2024-02-01,0.0,1.7269467800553877e-07,0.0,2.2294539322075408e-07,5.338775014810962e-08,7.773250241392349e-08,1.0872865353969842e-07
2024-02-02,0.0,3.419526744974995e-07,0.0,9.965662414572277e-08,4.1663940003846465e-08,1.1009409543136697e-07,9.631539303150077e-08
2024-02-03,0.0,1.6927509426816638e-07,0.0,2.004727452109227e-07,5.972605823665923e-08,6.232490285518119e-08,5.5548352557753615e-08
2024-02-04,0.0,1.6759077893807287e-07,0.0,0.0,2.3975269935081904e-08,5.4111618471882425e-08,5.046694179533694e-08
2024-02-05,0.0,3.318464456510653e-07,0.0,1.2622259535367278e-07,7.820317089803755e-08,8.191749622325063e-08,5.816912627098073e-08
2024-02-06,0.0,4.928167775206343e-07,0.0,1.3956716676781503e-07,4.57020036931921e-08,9.362593679872756e-08,7.356368417681544e-08
2024-02-07,0.0,3.2527544576873646e-07,0.0,5.607663138104145e-08,5.875076641176903e-08,7.746546248944651e-08,7.87459802577195e-08
2024-02-08,0.0,0.0,0.0,1.408300094120642e-07,5.510256275692094e-08,7.52683192163034e-08,6.536182997301943e-08
2024-02-09,0.0,1.5941728020088944e-07,0.0,3.344134332254796e-08,1.712503160596734e-08,5.136026093269947e-08,7.120176789538396e-08
2024-02-10,0.0,3.156621035192703e-07,0.0,2.3538467609963943e-07,7.783713465718037e-08,5.910724803277013e-08,5.8438073192381786e-08
2024-02-11,0.0,0.0,0.0,1.3525913577440442e-07,4.763120158987093e-08,5.306271057168261e-08,5.9152329820681615e-08
2024-02-12,0.0,1.547057875414042e-07,0.0,2.3804596965679007e-07,5.637276094690971e-08,7.842104330244202e-08,8.369502460173957e-08
2024-02-13,0.0,4.5949931770620394e-07,0.0,1.7100875464550742e-07,3.040139800714963e-08,7.628254306277076e-08,8.059000471022627e-08
2024-02-14,0.0,0.0,0.0,6.846478419580517e-08,3.4801454391585165e-08,7.611219722353583e-08,7.812929662869051e-08
2024-02-15,0.0,4.504006216009804e-07,0.0,3.08398108809965e-07,6.536612642305673e-08,7.400204054777213e-08,6.014662146625382e-08
2024-02-16,0.0,1.486396868455242e-07,0.0,0.0,8.294901253674037e-08,6.802054639057193e-08,7.70934048731379e-08
2024-02-17,0.0,1.4716069724993964e-07,0.0,1.373794767171423e-07,5.249003783662335e-08,6.01294783375889e-08,6.165636767174072e-08
2024-02-18,0.0,2.9139284769342873e-07,0.0,1.0316767568676737e-07,4.383039558130647e-08,7.357069679000495e-08,6.892649540384529e-08
2024-02-19,0.0,4.3274016062186374e-07,0.0,1.7218510114870005e-07,6.149286645811454e-08,9.083572281408345e-08,7.167055965003011e-08
2024-02-20,0.0,1.4281144136008814e-07,0.0,1.7244129480639075e-07,4.4020948885921465e-08,7.331994390134636e-08,6.790329348432661e-08
2024-02-21,0.0,2.8278088755206864e-07,0.0,2.0725767928471638e-07,6.618423579285811e-08,7.513203403671767e-08,6.870646827510151e-08
2024-02-22,0.0,2.7996717070836777e-07,0.0,1.3840435382827173e-07,3.9806200041340194e-08,6.348029365629997e-08,7.148697262879758e-08
2024-02-23,0.0,0.0,0.0,1.0398807151308957e-07,6.207574996022029e-08,5.698360845376651e-08,6.508317807980662e-08
2024-02-24,0.0,1.3721172464889397e-07,0.0,3.472775884959455e-08,6.668244849354001e-08,4.975089408916157e-08,5.865399341944887e-08
2024-02-25,0.0,1.3584644517707413e-07,0.0,1.3918519999860305e-07,4.903201100399232e-08,5.3601970106127494e-08,5.946545993178662e-08
2024-02-26,0.0,2.6898950092595547e-07,0.0,1.743416040435198e-07,5.810818357068542e-08,5.450290866225883e-08,8.307742919276624e-08
2024-02-27,0.0,2.6631301067201383e-07,0.0,2.096629708733703e-07,4.0344407939439856e-08,5.964065836095917e-08,7.642199846733517e-08
2024-02-28,0.0,0.0,0.0,1.7511415280526997e-07,3.596809589447212e-08,5.061190619567877e-08,7.181438754461702e-08
2024-02-29,0.0,2.610396597450357e-07,0.0,3.144363487684841e-07,5.411713902350766e-08,6.263538664345033e-08,6.602126370296452e-08
2024-03-01,0.0,2.5207110718284535e-07,0.0,6.98006868637725e-08,2.7184428854799844e-08,5.37775231687409e-08,6.45943291132809e-08
2024-03-02,0.0,1.2478147887967238e-07,0.0,1.0446528934792038e-07,4.5454130680459114e-08,4.778166603956125e-08,7.016049846962074e-08
2024-03-03,0.0,1.2353988241979496e-07,0.0,2.4322665503773334e-07,5.472651046463813e-08,3.514177124248208e-08,5.1021047408720015e-08
2024-03-04,0.0,0.0,0.0,2.4272529113184594e-07,5.491353680937736e-08,6.02171044204685e-08,6.755403765087944e-08
2024-03-05,0.0,0.0,0.0,1.3842754283276762e-07,5.510605455355896e-08,4.50446614109244e-08,6.507424580627505e-08
2024-03-06,0.0,0.0,0.0,1.727109527176505e-07,5.991275652821094e-08,4.853144126539445e-08,6.621637808190663e-08
2024-03-07,0.0,0.0,0.0,1.0344284888012372e-07,2.7376899064712134e-08,4.804854535641128e-08,6.969177175813261e-08
2024-03-08,0.0,0.0,0.0,2.0653894100149561e-07,4.9691573007241e-08,3.5999262745300586e-08,5.730369534065056e-08
2024-03-09,0.0,0.0,0.0,1.5808111121579936e-07,3.57797335233117e-08,3.945974953494292e-08,5.4417860410725124e-08
2024-03-10,0.0,0.0,0.0,1.5808454965185883e-07,6.19915086461025e-08,4.9148955490558305e-08,3.506247549826534e-08
2024-03-11,0.0,0.0,0.0,3.5573354251789723e-07,9.644593015975329e-08,4.117377441046906e-08,4.00816802086999e-08
2024-03-12,0.0,0.0,0.0,2.761543669302714e-07,3.472228258925367e-08,4.446991473808433e-08,4.0037172084394675e-08
2024-03-13,0.0,0.0,0.0,3.150339489677468e-07,5.586228392043364e-08,5.2588321189195635e-08,4.1392724573284336e-08
2024-03-14,0.0,0.0,0.0,3.1449441081546653e-07,3.8289077244189786e-08,4.843261269814976e-08,3.5076837866972296e-08
2024-03-15,0.0,0.0,0.0,1.962414514789671e-07,5.475613658669434e-08,3.836056011987281e-08,3.782237549357098e-08
2024-03-16,0.0,0.0,0.0,7.837740820278023e-08,3.75309027168947e-08,4.272622444035568e-08,3.16589218268636e-08
2024-03-17,0.0,0.0,0.0,3.1306429448043453e-07,5.780049954827213e-08,4.935127330455441e-08,4.010672392120798e-08
2024-03-18,0.0,0.0,0.0,1.785748627730453e-07,4.496279461801733e-08,3.955351137229644e-08,3.8372944246200076e-08
2024-03-19,0.0,0.0,0.0,3.570062210755946e-08,6.070282818609005e-08,4.03117105159361e-08,4.492863723228384e-08
2024-03-20,0.0,0.0,0.0,1.784492087623562e-07,5.609223662349326e-08,4.2191208139844104e-08,2.812806415239956e-08
2024-03-21,0.0,0.0,0.0,2.1409578246779945e-07,3.9667221102648927e-08,4.17713986045292e-08,3.756266846024672e-08
2024-03-22,0.0,0.0,0.0,3.2111088626614784e-07,5.1054283355359785e-08,4.5826659891871865e-08,3.3021190581180734e-08
2024-03-23,0.0,0.0,0.0,1.0703673672893885e-07,6.221081199773153e-08,3.0984852590301643e-08,3.110560365067536e-08
2024-03-24,0.0,0.0,0.0,1.7841202522005366e-07,3.8494877547346787e-08,2.738977513908091e-08,3.236732719868288e-08
2024-03-25,0.0,0.0,0.0,1.7003155482540483e-07,3.430066240435074e-08,2.3730976144850444e-08,3.577869606675248e-08
2024-03-26,0.0,0.0,0.0,2.7226950949020174e-07,5.282567906142144e-08,2.3494848986914652e-08,3.326652822614115e-08
2024-03-27,0.0,0.0,0.0,1.6990190049840071e-07,6.724292756457499e-08,2.693387207031824e-08,3.537518894264401e-08
2024-03-28,0.0,0.0,0.0,1.6965234789706062e-07,3.328692462805741e-08,2.121149192705449e-08,2.8078944772676218e-08
2024-03-29,0.0,0.0,0.0,6.776790426875504e-08,3.295571419402932e-08,2.100043405595212e-08,2.7201714720082302e-08
2024-03-30,0.0,0.0,0.0,0.0,2.537717727913187e-08,2.376168713800659e-08,3.3441857191241815e-08
2024-03-31,0.0,0.0,0.0,6.692940512712354e-08,4.307086310781887e-08,1.8820203520466532e-08,3.2816104221899704e-08
2024-04-01,0.0,0.0,0.0,1.6630496907694138e-07,4.3598401222149514e-08,2.3284887353649868e-08,3.383629224398789e-08
2024-04-02,0.0,0.0,0.0,2.314180389639966e-07,2.87763932544791e-08,2.8240168595352715e-08,3.6362830511775703e-08
2024-04-03,0.0,0.0,0.0,1.6430875944072905e-07,1.6619203625207e-08,2.4535601869055705e-08,3.4016706427873424e-08
2024-04-04,0.0,0.0,0.0,5.523494036449654e-08,2.1154936867945406e-08,1.8077371945223722e-08,3.143301890736965e-08
2024-04-05,0.0,0.0,0.0,2.4728669562737466e-07,1.8617281536963108e-08,1.621960854939775e-08,3.1953833406247456e-08
2024-04-06,0.0,0.0,0.0,2.7337876498905612e-08,1.3824027367898833e-08,1.9934342997278683e-08,2.916003539008186e-08
2024-04-07,0.0,0.0,0.0,1.0880874917636006e-07,2.9654031327553082e-08,2.1380659051217543e-08,2.3150382039207396e-08
2024-04-08,0.0,0.0,0.0,1.3534609165336197e-07,2.7100586571541426e-08,1.5740246672668247e-08,2.99308651728861e-08
2024-04-09,0.0,0.0,0.0,1.3469478155822796e-07,3.353866403707441e-08,1.3434162587453527e-08,3.443840723785243e-08
2024-04-10,0.0,0.0,0.0,1.0724555284279667e-07,3.320494875407472e-08,1.7024627758422603e-08,3.1981274903961656e-08
2024-04-11,0.0,0.0,0.0,1.067460050836668e-07,1.7533095463264702e-08,1.0534518676167357e-08,3.0092987014063416e-08
2024-04-12,0.0,0.0,0.0,7.969284901050049e-08,2.603795737277027e-08,1.6166032619148842e-08,2.461206865284773e-08
2024-04-13,0.0,0.0,0.0,1.0577888474608379e-07,2.3630635754072538e-08,1.6521473968487167e-08,2.6675643639046322e-08
2024-04-14,0.0,0.0,0.0,1.579668231821863e-07,1.0634321363503027e-08,1.6868241385660424e-08,2.437866143075988e-08
2024-04-15,0.0,0.0,0.0,7.864055802960233e-08,1.895131457634852e-08,0.0,3.092436492370606e-08
2024-04-16,0.0,0.0,0.0,1.0440742478593129e-07,2.9186493537665386e-08,0.0,0.0
2024-04-17,0.0,0.0,0.0,7.797840977140842e-08,1.2384035603437192e-08,0.0,0.0
2024-04-18,0.0,0.0,0.0,5.177269923955181e-08,1.4304281122047901e-08,0.0,0.0
2024-04-19,0.0,0.0,0.0,6.219865408299647e-08,2.22544946592334e-08,0.0,0.0
2024-04-20,0.0,0.0,0.0,8.272736936961774e-08,2.4036064077322658e-08,0.0,0.0
2024-04-21,0.0,0.0,0.0,2.063286819194589e-08,2.1813826140092844e-08,0.0,0.0
2024-04-22,0.0,0.0,0.0,6.175787203650195e-08,2.159677494343218e-08,0.0,0.0
2024-04-23,0.0,0.0,0.0,6.162331533583494e-08,1.749426827094264e-08,0.0,0.0
2024-04-24,0.0,0.0,0.0,1.0249153503009075e-07,1.3471264639163416e-08,0.0,0.0
2024-04-25,0.0,0.0,0.0,1.6366046998299122e-07,2.667444663278957e-08,0.0,0.0
2024-04-26,0.0,0.0,0.0,1.6335085010121973e-07,0.0,0.0,0.0
2024-04-27,0.0,0.0,0.0,8.152878272029226e-08,0.0,0.0,0.0
2024-04-28,0.0,0.0,0.0,1.210763366669961e-07,0.0,0.0,0.0
2024-04-29,0.0,0.0,0.0,1.1987160698811778e-07,0.0,0.0,0.0
2024-04-30,0.0,0.0,0.0,3.95596215232772e-08,0.0,0.0,0.0
2024-05-01,0.0,0.0,0.0,3.4180124613239246e-08,0.0,0.0,0.0
2024-05-02,0.0,0.0,0.0,0.0,0.0,0.0,0.0
2024-05-03,0.0,0.0,0.0,0.0,0.0,0.0,0.0
2024-05-04,0.0,0.0,0.0,0.0,0.0,0.0,0.0
2024-05-05,0.0,0.0,0.0,0.0,0.0,0.0,0.0
2024-05-06,0.0,0.0,0.0,0.0,0.0,0.0,0.0
2024-05-07,0.0,0.0,0.0,0.0,0.0,0.0,0.0
2024-05-08,0.0,0.0,0.0,0.0,0.0,0.0,0.0
2024-05-09,0.0,0.0,0.0,0.0,0.0,0.0,0.0
2024-05-10,0.0,0.0,0.0,0.0,0.0,0.0,0.0
2024-05-11,0.0,0.0,0.0,0.0,0.0,0.0,0.0
2024-05-12,0.0,0.0,0.0,0.0,0.0,0.0,0.0
2024-05-13,0.0,0.0,0.0,0.0,0.0,0.0,0.0
2024-05-14,0.0,0.0,0.0,0.0,0.0,0.0,0.0
2024-05-15,0.0,0.0,0.0,0.0,0.0,0.0,0.0
2024-05-16,0.0,0.0,0.0,0.0,0.0,0.0,0.0
2024-05-17,0.0,0.0,0.0,0.0,0.0,0.0,0.0
2024-05-18,0.0,0.0,0.0,0.0,0.0,0.0,0.0
2024-05-19,0.0,0.0,0.0,0.0,0.0,0.0,0.0
2024-05-20,0.0,0.0,0.0,0.0,0.0,0.0,0.0
2024-05-21,0.0,0.0,0.0,0.0,0.0,0.0,0.0
2024-05-22,0.0,0.0,0.0,0.0,0.0,0.0,0.0
2024-05-23,0.0,0.0,0.0,0.0,0.0,0.0,0.0
2024-05-24,0.0,0.0,0.0,0.0,0.0,0.0,0.0
2024-05-25,0.0,0.0,0.0,0.0,0.0,0.0,0.0
2024-05-26,0.0,0.0,0.0,0.0,0.0,0.0,0.0
2024-05-27,0.0,0.0,0.0,0.0,0.0,0.0,0.0
2024-05-28,0.0,0.0,0.0,0.0,0.0,0.0,0.0
2024-05-29,0.0,0.0,0.0,0.0,0.0,0.0,0.0
2024-05-30,0.0,0.0,0.0,0.0,0.0,0.0,0.0
2024-05-31,0.0,0.0,0.0,0.0,0.0,0.0,0.0
2024-06-01,0.0,0.0,0.0,0.0,0.0,0.0,0.0
2024-06-02,0.0,0.0,0.0,0.0,0.0,0.0,0.0
2024-06-03,0.0,0.0,0.0,0.0,0.0,0.0,0.0
2024-06-04,0.0,0.0,0.0,0.0,0.0,0.0,0.0
2024-06-05,0.0,0.0,0.0,0.0,0.0,0.0,0.0
2024-06-06,0.0,0.0,0.0,0.0,0.0,0.0,0.0
2024-06-07,0.0,0.0,0.0,0.0,0.0,0.0,0.0
2024-06-08,0.0,0.0,0.0,0.0,0.0,0.0,0.0
2024-06-09,0.0,0.0,0.0,0.0,0.0,0.0,0.0
2024-06-10,0.0,0.0,0.0,0.0,0.0,0.0,0.0
2024-06-11,0.0,0.0,0.0,0.0,0.0,0.0,0.0
2024-06-12,0.0,0.0,0.0,0.0,0.0,0.0,0.0
2024-06-13,0.0,0.0,0.0,0.0,0.0,0.0,0.0
2024-06-14,0.0,0.0,0.0,0.0,0.0,0.0,0.0
2024-06-15,0.0,0.0,0.0,0.0,0.0,0.0,0.0
2024-06-16,0.0,0.0,0.0,0.0,0.0,0.0,0.0
2024-06-17,0.0,0.0,0.0,0.0,0.0,0.0,0.0
2024-06-18,0.0,0.0,0.0,0.0,0.0,0.0,0.0
2024-06-19,0.0,0.0,0.0,0.0,0.0,0.0,0.0
2024-06-20,0.0,0.0,0.0,0.0,0.0,0.0,0.0
2024-06-21,0.0,0.0,0.0,0.0,0.0,0.0,0.0
2024-06-22,0.0,0.0,0.0,0.0,0.0,0.0,0.0
2024-06-23,0.0,0.0,0.0,0.0,0.0,0.0,0.0
2024-06-24,0.0,0.0,0.0,0.0,0.0,0.0,0.0
2024-06-25,0.0,0.0,0.0,0.0,0.0,0.0,0.0
2024-06-26,0.0,0.0,0.0,0.0,0.0,0.0,0.0
2024-06-27,0.0,0.0,0.0,0.0,0.0,0.0,0.0
2024-06-28,0.0,0.0,0.0,0.0,0.0,0.0,0.0
2024-06-29,0.0,0.0,0.0,0.0,0.0,0.0,0.0
2024-06-30,0.0,0.0,0.0,0.0,0.0,0.0,0.0
2024-07-01,0.0,0.0,0.0,0.0,0.0,0.0,0.0
2024-07-02,0.0,0.0,0.0,0.0,0.0,0.0,0.0
2024-07-03,0.0,0.0,0.0,0.0,0.0,0.0,0.0
2024-07-04,0.0,0.0,0.0,0.0,0.0,0.0,0.0
2024-07-05,0.0,0.0,0.0,0.0,0.0,0.0,0.0
2024-07-06,0.0,0.0,0.0,0.0,0.0,0.0,0.0
2024-07-07,0.0,0.0,0.0,0.0,0.0,0.0,0.0
2024-07-08,0.0,0.0,0.0,0.0,0.0,0.0,0.0
2024-07-09,0.0,0.0,0.0,0.0,0.0,0.0,0.0
2024-07-10,0.0,0.0,0.0,0.0,0.0,0.0,0.0
2024-07-11,0.0,0.0,0.0,0.0,0.0,0.0,0.0
2024-07-12,0.0,0.0,0.0,0.0,0.0,0.0,0.0
2024-07-13,0.0,0.0,0.0,0.0,0.0,0.0,0.0
2024-07-14,0.0,0.0,0.0,0.0,0.0,0.0,0.0
2024-07-15,0.0,0.0,0.0,0.0,0.0,0.0,0.0
2024-07-16,0.0,0.0,0.0,0.0,0.0,0.0,0.0
2024-07-17,0.0,0.0,0.0,0.0,0.0,0.0,0.0
2024-07-18,0.0,0.0,0.0,0.0,0.0,0.0,0.0
2024-07-19,0.0,0.0,0.0,0.0,0.0,0.0,0.0
2024-07-20,0.0,0.0,0.0,0.0,0.0,0.0,0.0
2024-07-21,0.0,0.0,0.0,0.0,0.0,0.0,0.0
2024-07-22,0.0,0.0,0.0,0.0,0.0,0.0,0.0
2024-07-23,0.0,0.0,0.0,0.0,0.0,0.0,0.0
2024-07-24,0.0,0.0,0.0,0.0,0.0,0.0,0.0
2024-07-25,0.0,0.0,0.0,0.0,0.0,0.0,0.0
2024-07-26,0.0,0.0,0.0,0.0,0.0,0.0,0.0
2024-07-27,0.0,0.0,0.0,0.0,0.0,0.0,0.0
2024-07-28,0.0,0.0,0.0,0.0,0.0,0.0,0.0
2024-07-29,0.0,0.0,0.0,0.0,0.0,0.0,0.0
2024-07-30,0.0,0.0,0.0,0.0,0.0,0.0,0.0
2024-07-31,0.0,0.0,0.0,0.0,0.0,0.0,0.0
2024-08-01,0.0,0.0,0.0,0.0,0.0,0.0,0.0
2024-08-02,0.0,0.0,0.0,0.0,0.0,0.0,0.0
2024-08-03,0.0,0.0,0.0,0.0,0.0,0.0,0.0
2024-08-04,0.0,0.0,0.0,0.0,0.0,0.0,0.0
2024-08-05,0.0,0.0,0.0,0.0,0.0,0.0,0.0
2024-08-06,0.0,0.0,0.0,0.0,0.0,0.0,0.0
2024-08-07,0.0,0.0,0.0,0.0,0.0,0.0,0.0
2024-08-08,0.0,0.0,0.0,0.0,0.0,0.0,0.0
2024-08-09,0.0,0.0,0.0,0.0,0.0,0.0,0.0
2024-08-10,0.0,0.0,0.0,0.0,0.0,0.0,0.0
2024-08-11,0.0,0.0,0.0,0.0,0.0,0.0,0.0
2024-08-12,0.0,0.0,0.0,0.0,0.0,0.0,0.0
2024-08-13,0.0,0.0,0.0,0.0,0.0,0.0,0.0
2024-08-14,0.0,0.0,0.0,0.0,0.0,0.0,0.0
2024-08-15,0.0,0.0,0.0,0.0,0.0,0.0,0.0
2024-08-16,0.0,0.0,0.0,0.0,0.0,0.0,0.0
2024-08-17,0.0,0.0,0.0,0.0,0.0,0.0,0.0
2024-08-18,0.0,0.0,0.0,0.0,0.0,0.0,0.0
2024-08-19,0.0,0.0,0.0,0.0,0.0,0.0,0.0
2024-08-20,0.0,0.0,0.0,0.0,0.0,0.0,0.0
2024-08-21,0.0,0.0,0.0,0.0,0.0,0.0,0.0
2024-08-22,0.0,0.0,0.0,0.0,0.0,0.0,0.0
2024-08-23,0.0,0.0,0.0,0.0,0.0,0.0,0.0
2024-08-24,0.0,0.0,0.0,0.0,0.0,0.0,0.0
2024-08-25,0.0,0.0,0.0,0.0,0.0,0.0,0.0
2024-08-26,0.0,0.0,0.0,0.0,0.0,0.0,0.0
2024-08-27,0.0,0.0,0.0,0.0,0.0,0.0,0.0
2024-08-28,0.0,0.0,0.0,0.0,0.0,0.0,0.0
2024-08-29,0.0,0.0,0.0,0.0,0.0,0.0,0.0
2024-08-30,0.0,0.0,0.0,0.0,0.0,0.0,0.0
2024-08-31,0.0,0.0,0.0,0.0,0.0,0.0,0.0
2024-09-01,0.0,0.0,0.0,0.0,0.0,0.0,0.0
2024-09-02,0.0,0.0,0.0,0.0,0.0,0.0,0.0
2024-09-03,0.0,0.0,0.0,0.0,0.0,0.0,0.0
2024-09-04,0.0,0.0,0.0,0.0,0.0,0.0,0.0
2024-09-05,0.0,0.0,0.0,0.0,0.0,0.0,0.0
2024-09-06,0.0,0.0,0.0,0.0,0.0,0.0,0.0
2024-09-07,0.0,0.0,0.0,0.0,0.0,0.0,0.0
2024-09-08,0.0,0.0,0.0,0.0,0.0,0.0,0.0
2024-09-09,0.0,0.0,0.0,0.0,0.0,0.0,0.0
2024-09-10,0.0,0.0,0.0,0.0,0.0,0.0,0.0
2024-09-11,0.0,0.0,0.0,0.0,0.0,0.0,0.0
2024-09-12,0.0,0.0,0.0,0.0,0.0,0.0,0.0
2024-09-13,0.0,0.0,0.0,0.0,0.0,0.0,0.0
2024-09-14,0.0,0.0,0.0,0.0,0.0,0.0,0.0
2024-09-15,0.0,0.0,0.0,0.0,0.0,0.0,0.0
2024-09-16,0.0,0.0,0.0,0.0,0.0,0.0,0.0
2024-09-17,0.0,0.0,0.0,0.0,0.0,0.0,0.0
2024-09-18,0.0,0.0,0.0,0.0,0.0,0.0,0.0
2024-09-19,0.0,0.0,0.0,0.0,0.0,0.0,0.0
2024-09-20,0.0,0.0,0.0,0.0,0.0,0.0,0.0
2024-09-21,0.0,0.0,0.0,0.0,0.0,0.0,0.0
2024-09-22,0.0,0.0,0.0,0.0,0.0,0.0,0.0
2024-09-23,0.0,0.0,0.0,0.0,0.0,0.0,0.0
2024-09-24,0.0,0.0,0.0,0.0,0.0,0.0,0.0
2024-09-25,0.0,0.0,0.0,0.0,0.0,0.0,0.0
2024-09-26,0.0,0.0,0.0,0.0,0.0,0.0,0.0
2024-09-27,0.0,0.0,0.0,0.0,0.0,0.0,0.0
2024-09-28,0.0,0.0,0.0,0.0,0.0,0.0,0.0
2024-09-29,0.0,0.0,0.0,0.0,0.0,0.0,0.0
2024-09-30,0.0,0.0,0.0,0.0,0.0,0.0,0.0
2024-10-01,0.0,0.0,2.8808986890194946e-08,4.830676975478688e-08,7.22907102900139e-08,0.0,0.0
2024-10-02,0.0,0.0,2.909852202196701e-08,1.6264086954039645e-08,7.910201434098353e-08,0.0,0.0
2024-10-03,0.0,0.0,9.796989010063373e-09,4.106885936349795e-08,1.0448069597159074e-07,0.0,0.0
2024-10-04,0.0,0.0,5.9372702319217624e-08,3.3185286609645844e-08,8.690767187790914e-08,0.0,0.0
2024-10-05,0.0,0.0,2.998470394888216e-08,2.5139103213606596e-08,8.778110850117816e-08,0.0,0.0
2024-10-06,0.0,0.0,2.019070348902516e-08,2.5391755401249484e-08,7.599713426438443e-08,0.0,0.0
2024-10-07,0.0,0.0,6.118087029791028e-08,4.2744911309320615e-08,8.315766134179774e-08,0.0,0.0
2024-10-08,0.0,0.0,2.059858275558636e-08,4.317450480997723e-08,8.399340973261145e-08,0.0,0.0
2024-10-09,0.0,0.0,2.080560195397707e-08,2.6165049478256235e-08,5.8733693677656824e-08,0.0,0.0
2024-10-10,0.0,0.0,2.101470172990123e-08,1.7618675064852154e-08,7.909863615011685e-08,0.0,0.0
2024-10-11,0.0,0.0,1.0612951496755348e-08,8.897872846527792e-09,5.326239377303688e-08,0.0,0.0
2024-10-12,0.0,0.0,1.071961343255391e-08,3.594919182131631e-08,4.0348267297318994e-08,0.0,0.0
2024-10-13,0.0,0.0,1.0827347338628769e-08,1.8155243602830673e-08,4.075377412521372e-08,0.0,0.0
2024-10-14,0.0,0.0,4.3744655953841246e-08,1.8337706834492897e-08,6.860559394080428e-08,0.0,0.0
2024-10-15,0.0,0.0,4.41842970552168e-08,1.852200385212004e-08,9.008361910966334e-08,0.0,0.0
2024-10-16,0.0,0.0,6.694253493467736e-08,2.806222962835118e-08,4.1994911323044e-08,0.0,0.0
2024-10-17,0.0,0.0,3.3807659297904314e-08,2.83442597248704e-08,1.0604241799631354e-07,0.0,0.0
2024-10-18,0.0,0.0,3.414743192257288e-08,2.3259845161451003e-08,5.712435307476569e-08,0.0,0.0
2024-10-19,0.0,0.0,3.449061931888999e-08,3.5240415737513195e-08,1.1539692473548419e-07,0.0,0.0
2024-10-20,0.0,0.0,2.3224837203920845e-08,0.0,7.284792694379687e-08,1.444622757613023e-08,0.0
2024-10-21,0.0,0.0,3.518737604748428e-08,3.595231935851094e-08,7.358006078131729e-08,1.6342384326247007e-08,0.0
2024-10-22,0.0,0.0,2.36940100373433e-08,4.841819490016979e-08,6.68875974176095e-08,1.5327583160759517e-08,0.0
2024-10-23,0.0,0.0,3.5898208195668834e-08,6.113100731103789e-08,8.257312426918504e-08,2.441333635513026e-08,0.0
2024-10-24,0.0,0.0,3.6258991186057564e-08,3.70472304891224e-08,7.582090724068374e-08,2.8267283898422484e-08,0.0
2024-10-25,0.0,0.0,3.6623400105780815e-08,3.741956134554375e-08,4.59497520161555e-08,1.8224281802947177e-08,0.0
2024-10-26,0.0,0.0,7.39829427920685e-08,3.779563418928275e-08,6.961733205209092e-08,1.718027628805204e-08,0.0
2024-10-27,0.0,0.0,2.490882790950241e-08,6.362581104656188e-08,1.0938199668848424e-07,1.7352940935299135e-08,0.0
2024-10-28,0.0,0.0,1.2579582895931848e-08,2.570610443137822e-08,1.499389126137761e-07,3.067284655942604e-08,0.0
2024-10-29,0.0,0.0,3.811802941765533e-08,5.1928910151993285e-08,8.767916111145227e-08,2.1497099366082464e-08,0.0
2024-10-30,0.0,0.0,5.133482930962932e-08,2.5884751514135198e-08,5.635658721026858e-08,2.6822124996309858e-08,0.0
2024-10-31,0.0,0.0,1.2962688230357082e-08,5.161527289799172e-08,5.692298032802526e-08,1.5480966762328694e-08,0.0
2024-11-01,0.0,0.0,3.9341211308878676e-08,6.445356103126896e-08,1.3170765057088626e-07,1.629798399618364e-08,0.0
2024-11-02,0.0,0.0,1.3245532351942153e-08,3.856399250124957e-08,9.14590424449535e-08,1.9095666491837242e-08,0.0
2024-11-03,0.0,0.0,9.36505651563855e-08,5.12796064201662e-08,1.2597030150393173e-07,1.7957403121652466e-08,0.0
2024-11-04,0.0,0.0,2.702621970963826e-08,3.83592631315311e-08,8.482421605445953e-08,2.3512064104437005e-08,0.0
2024-11-05,0.0,0.0,5.459567546674713e-08,1.4614997151554165e-07,8.567671359859043e-08,2.442688897081399e-08,0.0
2024-11-06,0.0,0.0,9.650264947270668e-08,8.121490364750283e-08,1.0384533466257439e-07,2.8784447167369943e-08,2.7124224632184874e-08
2024-11-07,0.0,0.0,5.5698581270841296e-08,9.749220027996523e-08,7.485648150524297e-08,3.530382188600471e-08,4.275608884389075e-08
2024-11-08,0.0,0.0,5.625836131896436e-08,3.251208849473294e-08,1.188138311669628e-07,2.517079849035443e-08,4.4609502197581473e-08
2024-11-09,0.0,0.0,2.841188362505073e-08,6.506005626417423e-08,5.454905910095496e-08,1.9067826915618317e-08,4.6975189835366544e-08
2024-11-10,0.0,0.0,1.004409973093045e-07,4.882683119904442e-08,2.2038914503681486e-07,2.3539342153619447e-08,4.212158118118323e-08
2024-11-11,0.0,0.0,2.841188362505073e-08,1.3030267446337925e-07,6.678122783039154e-08,2.9539775014784956e-08,6.308383223192585e-08
2024-11-12,0.0,0.0,4.2193770989223276e-08,8.126465624032032e-08,1.7987304087512763e-07,2.8381208119101923e-08,5.433303784091702e-08
2024-11-13,0.0,0.0,2.7849290635420648e-08,4.289330675537971e-08,1.8168079498986006e-07,2.4991258874191826e-08,5.438019309532313e-08
2024-11-14,0.0,0.0,4.135827834544571e-08,1.932077684298384e-07,9.17533586677463e-08,2.7469698013420076e-08,5.8454127359193135e-08
2024-11-15,0.0,0.0,6.824459433343392e-08,1.5043387130980298e-07,8.109105834627942e-08,2.4746230033805868e-08,4.987997334809829e-08
2024-11-16,0.0,0.0,2.702621970963826e-08,1.598486255091058e-07,9.360689946479035e-08,2.499493378034888e-08,5.655041117942916e-08
2024-11-17,0.0,0.0,1.3378652165197926e-08,1.6051056714280146e-07,1.511532983287378e-07,3.060137823163527e-08,5.659949087627483e-08
2024-11-18,0.0,0.0,7.947319411165293e-08,3.868525439207296e-07,1.7331980824959884e-07,2.5499864936591954e-08,5.559488507288793e-08
2024-11-19,0.0,0.0,3.9341211308878676e-08,3.237653435629216e-07,1.2631615091823344e-07,2.965858872465091e-08,6.0921383396632e-08
2024-11-20,0.0,0.0,1.2983253238615402e-08,1.9511156639763816e-07,7.989147144392271e-08,2.995666249681427e-08,6.099857823112536e-08
2024-11-21,0.0,0.0,3.856220313124359e-08,6.532781265891887e-08,1.8150383307835744e-07,2.7868963647544612e-08,5.188347295515357e-08
2024-11-22,0.0,0.0,3.817850279908937e-08,1.968749080629928e-07,1.2403650813480254e-07,3.217034444418861e-08,6.714379161305159e-08
2024-11-23,0.0,0.0,2.5199080232687046e-08,2.6371475440546436e-07,7.846461304335303e-08,2.1933221702180367e-08,6.120214935816611e-08
2024-11-24,0.0,0.0,3.742251779250564e-08,9.935850115830322e-08,1.2257889168625114e-07,2.7076688521643905e-08,5.9032680771381484e-08
2024-11-25,0.0,0.0,6.175026253157582e-08,2.6622374759325907e-07,1.8834223744399484e-07,2.9006317629940428e-08,5.793844164986513e-08
2024-11-26,0.0,0.0,8.559017201469577e-08,1.671988216839517e-07,1.7987998829107374e-07,3.264616007931695e-08,7.158846909028512e-08
2024-11-27,0.0,0.0,1.0894954573763004e-07,1.0081471268617064e-07,7.163665423713084e-08,2.5364814955977375e-08,6.197823871366482e-08
2024-11-28,0.0,0.0,4.794021317537244e-08,1.68867023195419e-07,1.0699271532442996e-07,2.647372677048875e-08,6.434005065632848e-08
2024-11-29,0.0,0.0,5.932900010522145e-08,1.0183584725415769e-07,2.1308229730771396e-07,1.811405274533317e-08,7.318319697705901e-08
2024-11-30,0.0,0.0,5.873866669067887e-08,6.824110950710192e-08,1.532558967144602e-07,2.8751017431706742e-08,6.859655391035294e-08
2024-12-01,0.0,0.0,8.134286968544343e-08,6.859411452046281e-08,8.21483656584363e-08,3.7819584730138195e-08,5.660804525003153e-08
2024-12-02,0.0,0.0,4.601913977643057e-08,2.2466247395858732e-07,1.8702185425382705e-07,3.020439645987948e-08,7.583471222053592e-08
2024-12-03,0.0,0.0,3.4170931263701106e-08,4.522310328410409e-07,1.5136445830623235e-07,3.948088383538293e-08,6.990983596150948e-08
2024-12-04,0.0,0.0,1.1276974938893845e-08,9.103646824901037e-08,1.1599138200246021e-07,5.788380039097362e-08,7.061244149374942e-08
2024-12-05,0.0,0.0,1.1164767163445385e-08,1.832716673050029e-07,1.848962632682859e-07,5.996465872448158e-08,7.442306956067754e-08
2024-12-06,0.0,0.0,4.4214703496069104e-08,3.689774508628848e-07,1.036264528760867e-07,4.9968033690141384e-08,6.890678102428909e-08
2024-12-07,0.0,0.0,2.1887379922775984e-08,9.272560883413538e-08,1.0325912039540586e-07,5.964662455533912e-08,6.200665415734462e-08
2024-12-08,0.0,0.0,5.41739921343731e-08,1.864322551814091e-07,1.372028185504188e-07,6.024608309812692e-08,6.902063051358433e-08
2024-12-09,0.0,0.0,5.363495190616483e-08,2.811479041131395e-07,1.5953061868701327e-07,5.8574351298534944e-08,8.068784650752372e-08
2024-12-10,0.0,0.0,8.496204034854898e-08,9.422518015962246e-08,9.086127748191388e-08,4.922378807947401e-08,8.606270412599486e-08
2024-12-11,0.0,0.0,7.360207218181215e-08,3.789752595122759e-07,7.924987667787554e-08,5.680278048050458e-08,6.58542793046791e-08
2024-12-12,0.0,0.0,8.327967923108273e-08,3.0149577428778047e-07,1.8058070997208235e-07,7.048721272154204e-08,8.11496734941763e-08
2024-12-13,0.0,0.0,4.1225516288708744e-08,4.5489940542149486e-07,1.1252306431370674e-07,6.271377932444456e-08,8.263708751154974e-08
2024-12-14,0.0,0.0,4.0815315547859716e-08,4.0675612420528446e-07,1.9073054340160693e-07,4.2756867941425714e-08,8.278900564149235e-08
2024-12-15,0.0,0.0,6.061379455886752e-08,1.5344921149523447e-07,2.013786536645597e-07,5.992286418141702e-08,8.362104898092149e-08
2024-12-16,0.0,0.0,9.001601583886951e-08,5.146007382083721e-07,8.925664810275055e-08,7.999650006338207e-08,9.761528757201288e-08
2024-12-17,0.0,0.0,6.931582117913853e-08,7.410289106891492e-07,1.8916877094927552e-07,9.812721331189277e-08,9.370148388623276e-08
2024-12-18,0.0,0.0,1.0784104136864638e-07,6.311295439281154e-07,1.8844882098136727e-07,6.01644041934163e-08,9.746836958831863e-08
2024-12-19,0.0,0.0,7.764945823881128e-08,5.789428417801251e-07,1.255068535793934e-07,1.0645392587800683e-07,9.274081585835759e-08
2024-12-20,0.0,0.0,6.726722906754208e-08,3.7146792275847577e-07,2.1316930806729836e-07,7.041474988703884e-08,9.727567949761215e-08
2024-12-21,0.0,0.0,7.611189594867112e-08,5.612116519713558e-07,1.503517285821716e-07,7.053677893547689e-08,9.75255139866055e-08
2024-12-22,0.0,0.0,4.709660620644739e-08,4.527501269415953e-07,2.3275995523905525e-07,7.066586172058933e-08,9.262472667044531e-08
2024-12-23,0.0,0.0,1.305583640055612e-07,2.282881038480465e-07,1.7804771495987547e-07,9.10311571938372e-08,8.241804676275051e-08
2024-12-24,0.0,0.0,9.232806184162087e-08,6.561132628094175e-07,2.1922501894413246e-07,8.24942369063554e-08,8.324636190346693e-08
2024-12-25,0.0,0.0,1.0969125873201556e-07,3.6026183150617143e-07,1.919192724675295e-07,9.784601754572149e-08,1.252574280430623e-07
2024-12-26,0.0,0.0,2.7149953117842244e-08,4.231263492905203e-07,2.4690322985930114e-07,1.309448409381185e-07,1.4139839973650012e-07
2024-12-27,0.0,0.0,6.271954866477399e-08,4.868451902606202e-07,1.9127940378280332e-07,1.0869194324804612e-07,1.4562335172637526e-07
2024-12-28,0.0,0.0,1.0644939210579829e-07,1.2254152370705866e-07,2.8581313532889266e-07,1.2180105488957261e-07,1.3502799150645233e-07
2024-12-29,0.0,0.0,6.147761839160994e-08,3.7015201231035383e-07,1.2202960565798214e-07,1.2992648297886536e-07,1.3042978437385974e-07
2024-12-30,0.0,0.0,6.086590586790822e-08,4.969552920122985e-07,2.8448643371241777e-07,1.1510500402423241e-07,1.803454038731467e-07
2024-12-31,0.0,0.0,0.0,1.954990998912515e-07,2.091472172538734e-07,1.4383351640208067e-07,1.7755975924396437e-07
2025-01-01,0.0,0.0,0.0,2.054963796950373e-07,2.0565502394360558e-07,1.4558234809183643e-07,1.7452948977483598e-07
2025-01-02,0.0,0.0,0.0,5.181562670171436e-07,2.638655249441109e-07,1.4078014314547048e-07,1.9920597077513217e-07
2025-01-03,0.0,0.0,0.0,4.4667272675087756e-07,2.3408340839768696e-07,1.1496601281043344e-07,1.6041923055475178e-07
2025-01-04,0.0,0.0,0.0,2.2462808899455352e-07,1.898350122886991e-07,1.3333806462952904e-07,1.888154477734602e-07
2025-01-05,0.0,0.0,0.0,4.4986339937319e-07,2.0407287267629534e-07,1.3105778543957264e-07,1.5512226017954702e-07
2025-01-06,0.0,0.0,0.0,3.003437383147318e-07,1.245339785656168e-07,1.6169769847667508e-07,1.909404987441643e-07
2025-01-07,0.0,0.0,0.0,2.3334513863840675e-07,1.3392634746621818e-07,1.17410165232532e-07,1.8459500393676418e-07
2025-01-08,0.0,0.0,0.0,5.455195777836898e-07,1.6186654920367e-07,1.5437360059812052e-07,1.6094465524410032e-07
2025-01-09,0.0,0.0,0.0,3.1235526732770096e-07,2.0326374710950902e-07,1.4000800712180643e-07,1.9549383922131837e-07
2025-01-10,0.0,0.0,0.0,2.347622230673852e-07,1.327395122680435e-07,9.488094608551538e-08,1.6942700696585594e-07
2025-01-11,0.0,0.0,0.0,6.274172588184995e-07,1.7440805158498023e-07,1.1696419386610094e-07,2.61344773346728e-07
2025-01-12,0.0,0.0,0.0,2.3582424938976362e-07,1.4432443941234963e-07,1.0525183909679316e-07,2.1378607308282432e-07
2025-01-13,0.0,0.0,0.0,3.939843489067496e-07,1.5539266206439715e-07,1.3077074294866628e-07,2.2815649893871738e-07
2025-01-14,0.0,0.0,0.0,2.369806085562632e-07,1.1452285942730741e-07,1.221420435604572e-07,1.8661809849059004e-07
2025-01-15,0.0,0.0,0.0,4.7518861205363344e-07,1.0432467434821679e-07,1.7327302360904143e-07,2.2284721474642454e-07
2025-01-16,0.0,0.0,0.0,3.1764235083462506e-07,1.0454809086234462e-07,1.362801148216563e-07,2.7330612399030425e-07
2025-01-17,0.0,0.0,0.0,3.981550726666011e-07,1.9775080947189087e-07,1.211633159233415e-07,1.6435467352760086e-07
2025-01-18,0.0,0.0,0.0,6.388752362063752e-07,1.4002122567507835e-07,1.4756940231829353e-07,3.1317618954186174e-07
2025-01-19,0.0,0.0,0.0,5.606704636769311e-07,1.1705637241947366e-07,1.7753304042706813e-07,2.649897322295984e-07
2025-01-20,0.0,0.0,0.0,1.606803323391082e-07,2.1139217252010825e-07,1.3641764763801294e-07,2.7798495424368315e-07
2025-01-21,0.0,0.0,0.0,8.025572658967852e-08,2.474546830916728e-07,1.7818360001948492e-07,2.851243937316975e-07
2025-01-22,0.0,0.0,0.0,5.612551885453931e-07,1.891885033024061e-07,1.6972254160481614e-07,3.4240122273924767e-07
2025-01-23,0.0,0.0,0.0,4.005545835354324e-07,1.6612664618341824e-07,1.5824440688601816e-07,3.0768545116344325e-07
2025-01-24,0.0,0.0,0.0,4.957806013091967e-07,1.548206815816967e-07,1.22932983327543e-07,2.504659647898851e-07
2025-01-25,0.0,0.0,0.0,4.956218738798675e-07,9.562854657861682e-08,1.7094420396534087e-07,2.4347515143980814e-07
2025-01-26,0.0,0.0,0.0,6.445012797773504e-07,1.679866833799801e-07,1.1957131944970326e-07,2.6700882108947216e-07
2025-01-27,0.0,0.0,0.0,4.0286425780032324e-07,2.2886885514703247e-07,1.7983679702346083e-07,3.1330036147443455e-07
2025-01-28,0.0,0.0,0.0,4.0295550250130395e-07,1.934978273061437e-07,1.619866354781592e-07,3.5387263822534556e-07
2025-01-29,0.0,0.0,0.0,6.449392689413312e-07,1.821406284975271e-07,1.4200630140221115e-07,3.038914947072504e-07
2025-01-30,0.0,0.0,0.0,5.645624498018064e-07,2.438603441469047e-07,1.4968123073815215e-07,3.095304887390386e-07
2025-01-31,0.0,0.0,0.0,2.573074064297242e-07,1.4693454192084339e-07,1.6793747907140696e-07,2.985397159887628e-07
2025-02-01,0.0,0.0,1.0173105044619989e-07,5.136856422684455e-07,2.0851590416842216e-07,1.8574244586313028e-07,2.761547357371072e-07
2025-02-02,0.0,0.0,1.761487962871408e-07,9.420502326668614e-07,1.847922692439987e-07,1.4796392519437226e-07,2.8815438730479636e-07
2025-02-03,0.0,0.0,8.895956056075084e-08,3.42704603751473e-07,1.3612015746548086e-07,1.6926945170384372e-07,3.630686836497463e-07
2025-02-04,0.0,0.0,1.0482922217614061e-07,4.285996965989269e-07,1.491704686704106e-07,1.5533301822531893e-07,3.8095516812821446e-07
2025-02-05,0.0,0.0,7.563055241022442e-08,4.280210487907757e-07,1.6234956538333797e-07,1.0956943364594308e-07,3.7019227631393593e-07
2025-02-06,0.0,0.0,4.1214006427666087e-07,5.984792848218645e-07,1.7500353473228958e-07,1.0971065239508419e-07,3.24957986596398e-07
2025-02-07,0.0,0.0,4.16282140784721e-07,6.831873711586969e-07,1.501599226921205e-07,1.7365417008850463e-07,3.6157731928694454e-07
2025-02-08,0.0,0.0,3.603992964460823e-07,5.971583940989904e-07,1.3780417908685086e-07,1.490675090472309e-07,3.0769912169059266e-07
2025-02-09,0.0,0.0,6.673725109193669e-07,7.662847368085323e-07,1.2543231173212461e-07,1.7063256396017973e-07,3.258408854921485e-07
2025-02-10,0.0,0.0,4.28959819375492e-07,5.948996858015904e-07,2.3792711770038509e-07,1.495544083568502e-07,3.5235518707908553e-07
2025-02-11,0.0,0.0,3.7137508905652315e-07,9.709653532054103e-07,2.2505365517663047e-07,1.2128308284943494e-07,3.5466862555745713e-07
2025-02-12,0.0,0.0,4.3762538254451207e-07,5.440266505413198e-07,1.123625890424533e-07,1.1031673409020355e-07,3.158232006715646e-07
2025-02-13,0.0,0.0,3.1573113625668383e-07,7.845159106619126e-07,1.246773187212571e-07,1.349157707146782e-07,3.7770857071240697e-07
2025-02-14,0.0,0.0,1.275617147718951e-07,4.353640617794508e-07,1.8677967618000448e-07,1.0273484194095846e-07,2.766507211662447e-07
2025-02-15,0.0,0.0,3.2210932829723907e-07,4.349294877379327e-07,1.0556741508004263e-07,1.272636271940417e-07,3.0167070426713967e-07
2025-02-16,0.0,0.0,6.506931617319909e-07,1.7381536280305234e-07,1.478706680673365e-07,1.6228681629197217e-07,2.6488236537046937e-07
2025-02-17,0.0,0.0,4.6006291570954615e-07,4.3419078048014626e-07,1.268243504679823e-07,1.6197522665287083e-07,3.1126228728860083e-07
2025-02-18,0.0,0.0,4.646866248816567e-07,4.3388657339253644e-07,1.0529277850859693e-07,1.476207186130307e-07,3.5181267197630974e-07
2025-02-19,0.0,0.0,5.364077749754232e-07,1.7328221212062287e-07,9.441821489352336e-08,1.2982223043264968e-07,3.2944355982200816e-07
2025-02-20,0.0,0.0,2.708993813695866e-07,2.5903641484802973e-07,2.090719356210688e-07,1.3311360937692272e-07,3.016317806683817e-07
2025-02-21,0.0,0.0,4.10432948123023e-07,2.4253080160685605e-07,9.375593548094372e-08,1.4291176088613917e-07,2.869021877764921e-07
2025-02-22,0.0,0.0,5.527438237713427e-07,4.0223658061853317e-07,9.343887560408479e-08,1.4568389878601155e-07,3.2541991065564284e-07
2025-02-23,0.0,0.0,1.3957474788874669e-07,4.0029538255223306e-07,1.5521859948775377e-07,1.4498495249262624e-07,3.294576690905284e-07
2025-02-24,0.0,0.0,6.343987384159165e-07,2.7834112151586936e-07,1.0314750774977618e-07,1.3742905220505845e-07,3.2817107044311186e-07
2025-02-25,0.0,0.0,2.8478868965999193e-07,6.238210258406275e-07,1.0282626401111469e-07,1.7955130531549914e-07,3.079829670202069e-07
2025-02-26,0.0,0.0,5.033890112558232e-07,5.51716005202558e-07,1.4352142417836042e-07,1.671662728045013e-07,3.4733482285579624e-07
2025-02-27,0.0,0.0,4.3581270422338154e-07,2.7448980197019946e-07,1.0183875200601807e-07,1.1912003148651635e-07,3.4072162385650114e-07
2025-02-28,0.0,0.0,4.4019269471822963e-07,2.731490505480592e-07,6.07034309925357e-08,1.3073224395088505e-07,2.957326478330775e-07
2025-03-01,0.0,0.0,3.70070390031351e-07,4.081626985391103e-07,8.047562176996399e-08,1.106910504293767e-07,2.687708239715801e-07
2025-03-02,0.0,0.0,2.990317274272554e-07,3.3852615266518743e-07,1.399269553475122e-07,1.4596344378542593e-07,2.553309141304947e-07
2025-03-03,0.0,0.0,6.040740925027335e-07,6.739011522236444e-07,1.0924222996478657e-07,1.574823431330246e-07,2.8036765745129697e-07
2025-03-04,0.0,0.0,5.338769958056527e-07,3.3540869489686123e-07,1.2828964491975247e-07,1.4661336472795291e-07,2.9723611179021224e-07
2025-03-05,0.0,0.0,5.392425488158932e-07,5.342405677294371e-07,8.82606913727245e-08,1.6875325200360435e-07,2.645707331944979e-07
2025-03-06,0.0,0.0,3.112354437316489e-07,6.648508101573387e-08,8.804935719197263e-08,1.1986285398691908e-07,3.311975581699203e-07
2025-03-07,0.0,4.859919105943742e-07,3.143634119436672e-07,3.3098369814397054e-07,1.1380933659058565e-07,1.198340679355093e-07,3.4000769037549746e-07
2025-03-08,0.0,2.4543810524870085e-07,3.175228167588502e-07,3.295750898549068e-07,9.534200480590284e-08,1.64194030350294e-07,2.602744484540265e-07
2025-03-09,0.0,0.0,4.810709611804685e-07,1.3127977573979013e-07,7.723091127877893e-08,1.8193741598399663e-07,2.898774939915878e-07
2025-03-10,0.0,0.0,3.2393720314644897e-07,4.5759925268607107e-07,7.646245087185184e-08,2.130126316414795e-07,3.248392548287511e-07
2025-03-11,0.0,5.058256167169687e-07,4.0899103270356113e-07,4.5576505058947913e-07,9.252422272344882e-08,2.0416971878867366e-07,3.3767034203603247e-07
2025-03-12,0.0,5.109092486804265e-07,4.1310146091815837e-07,1.6425024384104777e-07,9.160359132512149e-08,1.9481685512059054e-07,3.3677082135430216e-07
2025-03-13,0.0,1.0401856508365952e-06,6.728431134829293e-07,4.4023986682767985e-07,1.0802253787176692e-07,1.9991509058214206e-07,3.055121319509489e-07
2025-03-14,0.0,2.647580773191119e-07,5.994047997293075e-07,3.3194553541074386e-07,6.633969535372876e-08,1.2060849074326733e-07,3.0718959803736586e-07
2025-03-15,0.0,0.0,5.231601302957369e-07,6.110190357110707e-07,2.483019118868798e-08,1.0162572552844994e-07,2.950333799689134e-07
2025-03-16,0.0,2.7455930962008786e-07,4.439960803437481e-07,3.904877797815128e-07,4.957353770818024e-08,1.3354456930644196e-07,2.855964507332809e-07
2025-03-17,0.0,2.7965860069432795e-07,2.7134535568546844e-07,3.9224525804770165e-07,7.42415940425062e-08,1.3422954238159338e-07,2.958263000696622e-07
2025-03-18,0.0,5.697944905341722e-07,2.7642827418457984e-07,3.378050656727416e-07,1.5650656498497525e-07,1.230437881459524e-07,3.2609914293934736e-07
2025-03-19,0.0,2.902807619481728e-07,3.7553567768661293e-07,1.6974561084221717e-07,4.935990598386814e-08,1.5965989789736217e-07,3.939551381498801e-07
2025-03-20,0.0,2.958149639550773e-07,8.610643450141078e-07,3.412717277313654e-07,7.395739031439054e-08,1.5256978983156049e-07,3.4784243537423214e-07
2025-03-21,0.0,9.045179371367312e-07,3.900577200071636e-07,3.431497946947883e-07,9.851678139314385e-08,1.6562710279255865e-07,3.503707974429148e-07
2025-03-22,0.0,3.073602710909385e-07,4.970392583176282e-07,4.36706708122132e-07,1.0664444367408584e-07,1.4636205116574076e-07,3.1508644000256386e-07
2025-03-23,0.0,6.267693268988649e-07,8.066839281828646e-07,1.0950111154987404e-07,1.0658162852032672e-07,1.309702525213382e-07,3.587150867877207e-07
2025-03-24,0.0,3.195863643179175e-07,2.0462076062668259e-07,4.394133328374176e-07,9.834331827705027e-08,1.7721831849898288e-07,4.195768369521724e-07
2025-03-25,0.0,3.2597299425958633e-07,8.306758426232959e-07,1.653514385588086e-07,7.374177930541646e-08,1.4555135482352277e-07,3.584224661252288e-07
2025-03-26,0.0,0.0,3.162295996698624e-07,1.6596749651809325e-07,1.7206132185406107e-07,1.2111452793238776e-07,2.940611412778497e-07
2025-03-27,0.0,3.3933376764133493e-07,1.070387376217479e-07,2.986041886764681e-07,1.229238177765391e-07,1.1849196838656022e-07,3.515489745972308e-07
2025-03-28,0.0,1.0389764905896556e-06,5.354050708124086e-07,5.000182263406584e-08,6.567324646768595e-08,1.1584857168011973e-07,3.078606952149402e-07
2025-03-29,0.0,7.070748018686333e-07,4.2858550245537014e-07,1.0050323581431365e-07,7.885599951225629e-08,1.1695454293759235e-07,2.909490183648075e-07
2025-03-30,0.0,7.21959336738691e-07,3.217067896554801e-07,2.020694118095301e-07,2.6307221004729534e-08,1.562086541188089e-07,2.890431996233556e-07
2025-03-31,0.0,3.6866312533200915e-07,3.220485113972053e-07,2.3892567679124685e-07,5.267032985311517e-08,1.3855818203252198e-07,2.962685776401305e-07
2025-04-01,0.0,1.1257969119416218e-06,4.2983329809514703e-07,3.368809329432201e-07,5.2350641328891424e-08,1.5180140450362028e-07,3.541742760381581e-07
2025-04-02,0.0,0.0,7.533698720572164e-07,2.898117732844157e-07,4.718833559941377e-08,1.5738921654455795e-07,3.7103346861413863e-07
2025-04-03,0.0,0.0,3.2345317759667297e-07,2.2944912215483317e-07,3.676801201292314e-08,1.058174996053487e-07,3.484279718685481e-07
2025-04-04,0.0,4.00626890295317e-07,9.723580254205752e-07,1.379530088470232e-07,5.263391020311706e-08,9.683812712637982e-08,3.205801123023105e-07
2025-04-05,0.0,0.0,7.580411277218541e-07,2.765490737791329e-07,4.7480925983167314e-08,1.1567919334549951e-07,2.570618324897157e-07
2025-04-06,0.0,0.0,5.428719748402005e-07,1.3863564315003137e-07,7.405210277684079e-08,1.3151050816428837e-07,2.8294617966563516e-07
2025-04-07,0.0,0.0,6.533371772876533e-07,1.3903802978250034e-07,9.01814023517197e-08,1.1897584694054559e-07,3.0062489491552003e-07
2025-04-08,0.0,4.3880886610494967e-07,2.1847685153361418e-07,3.2546156000946924e-07,7.982678408574529e-08,1.0243826672236621e-07,3.3259252402173956e-07
2025-04-09,0.0,4.4924788901728714e-07,8.769809940729389e-07,1.3997409815113894e-07,2.418831095378428e-08,1.3370385432465253e-07,2.658989431994341e-07
2025-04-10,0.0,4.600841328273061e-07,3.301313518131515e-07,4.341792176514749e-08,4.5093731688638114e-08,8.675397602364837e-08,2.8916387674078395e-07
2025-04-11,0.0,1.8853605433562285e-06,6.630221587480143e-07,1.0998914170401423e-07,2.4382719433198964e-08,1.417984716326914e-07,2.7548149606243634e-07
2025-04-12,0.0,0.0,3.330128459086279e-07,5.958270351627945e-08,1.3996099841237363e-08,8.82708298859595e-08,2.7922250303992644e-07
2025-04-13,0.0,1.4856312837771941e-06,5.577381816609378e-07,1.1974870924972257e-07,3.164537089724461e-08,1.0375889499142742e-07,2.580419161250485e-07
2025-04-14,0.0,5.078791812455771e-07,3.3640804000628876e-07,6.0190172104313e-08,3.5346988661023614e-08,1.586274485079518e-07,2.770323323969605e-07
2025-04-15,0.0,5.210770279968086e-07,4.5108743530695893e-07,1.210629375774348e-07,3.554741689726091e-08,1.509679939534813e-07,3.1406177832463055e-07
2025-04-16,0.0,5.348371177044277e-07,1.1345782702785177e-07,6.089966935921131e-08,3.5763644579209984e-08,1.0190575468982945e-07,2.726533892463921e-07
2025-04-17,0.0,1.0983908540665135e-06,0.0,1.8789721762744717e-07,2.8797264821952313e-08,1.1060904834287651e-07,2.564759256755722e-07
2025-04-18,0.0,0.0,6.899515572030756e-07,1.0811742771902359e-07,1.893862036977238e-08,1.345341973626907e-07,2.556790857560641e-07
2025-04-19,0.0,0.0,6.950797314349106e-07,2.178420552509981e-07,1.7171446198859872e-08,8.716855542584532e-08,2.34163146416828e-07
2025-04-20,0.0,5.962686086888259e-07,4.670585219851146e-07,2.744603885451661e-08,2.3076691548550583e-08,1.115276138281929e-07,2.386411663574573e-07
2025-04-21,0.0,1.8403433898888481e-06,7.065002746520858e-07,1.107106601626012e-07,1.7453582527321987e-08,1.2104845989871827e-07,2.524611301737536e-07
2025-04-22,0.0,0.0,3.564220702637831e-07,1.1170476250658585e-07,1.5653602829735672e-08,1.5472018899063292e-07,2.41665073169226e-07
2025-04-23,0.0,0.0,4.797659836589796e-07,1.973494250962319e-07,2.3704549000260153e-08,1.281617668073792e-07,2.2858639371016023e-07
2025-04-24,0.0,6.702331640120587e-07,4.846315788999896e-07,1.4239347446312913e-07,1.7958713310853386e-08,1.537355696373485e-07,2.3978557288222276e-07
2025-04-25,0.0,1.354900743731045e-06,6.123127386338688e-07,1.1514143722620691e-07,8.067598404668383e-09,1.3085560059674786e-07,2.1768204074644312e-07
2025-04-26,0.0,0.0,3.7158626029137964e-07,8.734298129849143e-08,2.2439442738533015e-08,1.2407911685684639e-07,2.042812363462927e-07
2025-04-27,0.0,6.935001768791467e-07,0.0,1.7680396320974595e-07,0.0,1.6325858741843116e-07,1.6770376655519328e-07
2025-04-28,0.0,0.0,1.0158085524994851e-06,1.4923141152716025e-07,0.0,1.6959807393165282e-07,2.2395512269059034e-07
2025-04-29,0.0,7.119985517692913e-07,1.1583703282736416e-06,2.1177335628866316e-07,0.0,1.6331555765159035e-07,1.491776734073881e-07
2025-04-30,0.0,7.222961367540092e-07,2.6113861263821345e-07,1.2276355397041904e-07,0.0,1.0899840728759621e-07,1.3982058333286072e-07
