"Year","Month","Geography_Type","Strata","Strata_Name","Count","Annotation_Code","Annotation_Desc","Data_Revision_Date"
1960,01,Occurrence,Total Population,Total Population,28830,,,09/12/2023
1960,01,Residence,Total Population,Total Population,28838,,,09/12/2023
1960,02,Occurrence,Total Population,Total Population,27873,,,09/12/2023
1960,02,Residence,Total Population,Total Population,27913,,,09/12/2023
1960,03,Occurrence,Total Population,Total Population,29984,,,09/12/2023
1960,03,Residence,Total Population,Total Population,30002,,,09/12/2023
1960,04,Occurrence,Total Population,Total Population,28827,,,09/12/2023
1960,04,Residence,Total Population,Total Population,28833,,,09/12/2023
1960,05,Occurrence,Total Population,Total Population,30554,,,09/12/2023
1960,05,Residence,Total Population,Total Population,30585,,,09/12/2023
1960,06,Occurrence,Total Population,Total Population,30279,,,09/12/2023
1960,06,Residence,Total Population,Total Population,30289,,,09/12/2023
1960,07,Occurrence,Total Population,Total Population,32940,,,09/12/2023
1960,07,Residence,Total Population,Total Population,32989,,,09/12/2023
1960,08,Occurrence,Total Population,Total Population,33251,,,09/12/2023
1960,08,Residence,Total Population,Total Population,33287,,,09/12/2023
1960,09,Occurrence,Total Population,Total Population,33679,,,09/12/2023
1960,09,Residence,Total Population,Total Population,33711,,,09/12/2023
1960,10,Occurrence,Total Population,Total Population,32107,,,09/12/2023
1960,10,Residence,Total Population,Total Population,32130,,,09/12/2023
1960,11,Occurrence,Total Population,Total Population,30715,,,09/12/2023
1960,11,Residence,Total Population,Total Population,30724,,,09/12/2023
1960,12,Occurrence,Total Population,Total Population,32486,,,09/12/2023
1960,12,Residence,Total Population,Total Population,32498,,,09/12/2023
1961,01,Occurrence,Total Population,Total Population,30739,,,09/12/2023
1961,01,Residence,Total Population,Total Population,30780,,,09/12/2023
1961,02,Occurrence,Total Population,Total Population,28044,,,09/12/2023
1961,02,Residence,Total Population,Total Population,28059,,,09/12/2023
1961,03,Occurrence,Total Population,Total Population,31671,,,09/12/2023
1961,03,Residence,Total Population,Total Population,31680,,,09/12/2023
1961,04,Occurrence,Total Population,Total Population,29990,,,09/12/2023
1961,04,Residence,Total Population,Total Population,29998,,,09/12/2023
1961,05,Occurrence,Total Population,Total Population,31388,,,09/12/2023
1961,05,Residence,Total Population,Total Population,31397,,,09/12/2023
1961,06,Occurrence,Total Population,Total Population,31177,,,09/12/2023
1961,06,Residence,Total Population,Total Population,31194,,,09/12/2023
1961,07,Occurrence,Total Population,Total Population,33254,,,09/12/2023
1961,07,Residence,Total Population,Total Population,33303,,,09/12/2023
1961,08,Occurrence,Total Population,Total Population,33770,,,09/12/2023
1961,08,Residence,Total Population,Total Population,33805,,,09/12/2023
1961,09,Occurrence,Total Population,Total Population,33758,,,09/12/2023
1961,09,Residence,Total Population,Total Population,33794,,,09/12/2023
1961,10,Occurrence,Total Population,Total Population,33255,,,09/12/2023
1961,10,Residence,Total Population,Total Population,33287,,,09/12/2023
1961,11,Occurrence,Total Population,Total Population,31474,,,09/12/2023
1961,11,Residence,Total Population,Total Population,31507,,,09/12/2023
1961,12,Occurrence,Total Population,Total Population,32375,,,09/12/2023
1961,12,Residence,Total Population,Total Population,32393,,,09/12/2023
1962,01,Occurrence,Total Population,Total Population,30165,,,09/12/2023
1962,01,Residence,Total Population,Total Population,30186,,,09/12/2023
1962,02,Occurrence,Total Population,Total Population,28215,,,09/12/2023
1962,02,Residence,Total Population,Total Population,28237,,,09/12/2023
1962,03,Occurrence,Total Population,Total Population,31242,,,09/12/2023
1962,03,Residence,Total Population,Total Population,31265,,,09/12/2023
1962,04,Occurrence,Total Population,Total Population,30062,,,09/12/2023
1962,04,Residence,Total Population,Total Population,30065,,,09/12/2023
1962,05,Occurrence,Total Population,Total Population,31137,,,09/12/2023
1962,05,Residence,Total Population,Total Population,31134,,,09/12/2023
1962,06,Occurrence,Total Population,Total Population,31438,,,09/12/2023
1962,06,Residence,Total Population,Total Population,31452,,,09/12/2023
1962,07,Occurrence,Total Population,Total Population,32635,,,09/12/2023
1962,07,Residence,Total Population,Total Population,32660,,,09/12/2023
1962,08,Occurrence,Total Population,Total Population,33933,,,09/12/2023
1962,08,Residence,Total Population,Total Population,34012,,,09/12/2023
1962,09,Occurrence,Total Population,Total Population,32565,,,09/12/2023
1962,09,Residence,Total Population,Total Population,32591,,,09/12/2023
1962,10,Occurrence,Total Population,Total Population,33294,,,09/12/2023
1962,10,Residence,Total Population,Total Population,33316,,,09/12/2023
1962,11,Occurrence,Total Population,Total Population,31170,,,09/12/2023
1962,11,Residence,Total Population,Total Population,31191,,,09/12/2023
1962,12,Occurrence,Total Population,Total Population,32199,,,09/12/2023
1962,12,Residence,Total Population,Total Population,32238,,,09/12/2023
1963,01,Occurrence,Total Population,Total Population,30227,,,09/12/2023
1963,01,Residence,Total Population,Total Population,30260,,,09/12/2023
1963,02,Occurrence,Total Population,Total Population,28381,,,09/12/2023
1963,02,Residence,Total Population,Total Population,28346,,,09/12/2023
1963,03,Occurrence,Total Population,Total Population,31463,,,09/12/2023
1963,03,Residence,Total Population,Total Population,31472,,,09/12/2023
1963,04,Occurrence,Total Population,Total Population,29983,,,09/12/2023
1963,04,Residence,Total Population,Total Population,29987,,,09/12/2023
1963,05,Occurrence,Total Population,Total Population,31425,,,09/12/2023
1963,05,Residence,Total Population,Total Population,31446,,,09/12/2023
1963,06,Occurrence,Total Population,Total Population,30758,,,09/12/2023
1963,06,Residence,Total Population,Total Population,30785,,,09/12/2023
1963,07,Occurrence,Total Population,Total Population,33247,,,09/12/2023
1963,07,Residence,Total Population,Total Population,33260,,,09/12/2023
1963,08,Occurrence,Total Population,Total Population,33836,,,09/12/2023
1963,08,Residence,Total Population,Total Population,33821,,,09/12/2023
1963,09,Occurrence,Total Population,Total Population,34092,,,09/12/2023
1963,09,Residence,Total Population,Total Population,34129,,,09/12/2023
1963,10,Occurrence,Total Population,Total Population,33590,,,09/12/2023
1963,10,Residence,Total Population,Total Population,33570,,,09/12/2023
1963,11,Occurrence,Total Population,Total Population,31036,,,09/12/2023
1963,11,Residence,Total Population,Total Population,31044,,,09/12/2023
1963,12,Occurrence,Total Population,Total Population,32388,,,09/12/2023
1963,12,Residence,Total Population,Total Population,32385,,,09/12/2023
1964,01,Occurrence,Total Population,Total Population,30021,,,09/12/2023
1964,01,Residence,Total Population,Total Population,30030,,,09/12/2023
1964,02,Occurrence,Total Population,Total Population,28887,,,09/12/2023
1964,02,Residence,Total Population,Total Population,28899,,,09/12/2023
1964,03,Occurrence,Total Population,Total Population,31504,,,09/12/2023
1964,03,Residence,Total Population,Total Population,31518,,,09/12/2023
1964,04,Occurrence,Total Population,Total Population,29995,,,09/12/2023
1964,04,Residence,Total Population,Total Population,30010,,,09/12/2023
1964,05,Occurrence,Total Population,Total Population,31569,,,09/12/2023
1964,05,Residence,Total Population,Total Population,31562,,,09/12/2023
1964,06,Occurrence,Total Population,Total Population,30302,,,09/12/2023
1964,06,Residence,Total Population,Total Population,30320,,,09/12/2023
1964,07,Occurrence,Total Population,Total Population,31718,,,09/12/2023
1964,07,Residence,Total Population,Total Population,31759,,,09/12/2023
1964,08,Occurrence,Total Population,Total Population,32583,,,09/12/2023
1964,08,Residence,Total Population,Total Population,32634,,,09/12/2023
1964,09,Occurrence,Total Population,Total Population,33664,,,09/12/2023
1964,09,Residence,Total Population,Total Population,33687,,,09/12/2023
1964,10,Occurrence,Total Population,Total Population,32611,,,09/12/2023
1964,10,Residence,Total Population,Total Population,32583,,,09/12/2023
1964,11,Occurrence,Total Population,Total Population,30266,,,09/12/2023
1964,11,Residence,Total Population,Total Population,30267,,,09/12/2023
1964,12,Occurrence,Total Population,Total Population,31320,,,09/12/2023
1964,12,Residence,Total Population,Total Population,31317,,,09/12/2023
1965,01,Occurrence,Total Population,Total Population,29003,,,09/12/2023
1965,01,Residence,Total Population,Total Population,29000,,,09/12/2023
1965,02,Occurrence,Total Population,Total Population,27181,,,09/12/2023
1965,02,Residence,Total Population,Total Population,27178,,,09/12/2023
1965,03,Occurrence,Total Population,Total Population,30382,,,09/12/2023
1965,03,Residence,Total Population,Total Population,30353,,,09/12/2023
1965,04,Occurrence,Total Population,Total Population,28763,,,09/12/2023
1965,04,Residence,Total Population,Total Population,28780,,,09/12/2023
1965,05,Occurrence,Total Population,Total Population,29757,,,09/12/2023
1965,05,Residence,Total Population,Total Population,29782,,,09/12/2023
1965,06,Occurrence,Total Population,Total Population,29169,,,09/12/2023
1965,06,Residence,Total Population,Total Population,29173,,,09/12/2023
1965,07,Occurrence,Total Population,Total Population,30565,,,09/12/2023
1965,07,Residence,Total Population,Total Population,30615,,,09/12/2023
1965,08,Occurrence,Total Population,Total Population,31282,,,09/12/2023
1965,08,Residence,Total Population,Total Population,31316,,,09/12/2023
1965,09,Occurrence,Total Population,Total Population,31232,,,09/12/2023
1965,09,Residence,Total Population,Total Population,31244,,,09/12/2023
1965,10,Occurrence,Total Population,Total Population,30146,,,09/12/2023
1965,10,Residence,Total Population,Total Population,30159,,,09/12/2023
1965,11,Occurrence,Total Population,Total Population,28280,,,09/12/2023
1965,11,Residence,Total Population,Total Population,28281,,,09/12/2023
1965,12,Occurrence,Total Population,Total Population,29191,,,09/12/2023
1965,12,Residence,Total Population,Total Population,29195,,,09/12/2023
1966,01,Occurrence,Total Population,Total Population,26558,,,09/12/2023
1966,01,Residence,Total Population,Total Population,26579,,,09/12/2023
1966,02,Occurrence,Total Population,Total Population,24970,,,09/12/2023
1966,02,Residence,Total Population,Total Population,24951,,,09/12/2023
1966,03,Occurrence,Total Population,Total Population,28271,,,09/12/2023
1966,03,Residence,Total Population,Total Population,28248,,,09/12/2023
1966,04,Occurrence,Total Population,Total Population,27009,,,09/12/2023
1966,04,Residence,Total Population,Total Population,26984,,,09/12/2023
1966,05,Occurrence,Total Population,Total Population,27733,,,09/12/2023
1966,05,Residence,Total Population,Total Population,27729,,,09/12/2023
1966,06,Occurrence,Total Population,Total Population,27960,,,09/12/2023
1966,06,Residence,Total Population,Total Population,27954,,,09/12/2023
1966,07,Occurrence,Total Population,Total Population,29074,,,09/12/2023
1966,07,Residence,Total Population,Total Population,29088,,,09/12/2023
1966,08,Occurrence,Total Population,Total Population,30145,,,09/12/2023
1966,08,Residence,Total Population,Total Population,30155,,,09/12/2023
1966,09,Occurrence,Total Population,Total Population,30345,,,09/12/2023
1966,09,Residence,Total Population,Total Population,30335,,,09/12/2023
1966,10,Occurrence,Total Population,Total Population,29816,,,09/12/2023
1966,10,Residence,Total Population,Total Population,29829,,,09/12/2023
1966,11,Occurrence,Total Population,Total Population,27399,,,09/12/2023
1966,11,Residence,Total Population,Total Population,27378,,,09/12/2023
1966,12,Occurrence,Total Population,Total Population,28423,,,09/12/2023
1966,12,Residence,Total Population,Total Population,28393,,,09/12/2023
1967,01,Occurrence,Total Population,Total Population,27760,,,09/12/2023
1967,01,Residence,Total Population,Total Population,27777,,,09/12/2023
1967,02,Occurrence,Total Population,Total Population,25650,,,09/12/2023
1967,02,Residence,Total Population,Total Population,25642,,,09/12/2023
1967,03,Occurrence,Total Population,Total Population,28374,,,09/12/2023
1967,03,Residence,Total Population,Total Population,28370,,,09/12/2023
1967,04,Occurrence,Total Population,Total Population,26540,,,09/12/2023
1967,04,Residence,Total Population,Total Population,26529,,,09/12/2023
1967,05,Occurrence,Total Population,Total Population,28179,,,09/12/2023
1967,05,Residence,Total Population,Total Population,28171,,,09/12/2023
1967,06,Occurrence,Total Population,Total Population,27392,,,09/12/2023
1967,06,Residence,Total Population,Total Population,27391,,,09/12/2023
1967,07,Occurrence,Total Population,Total Population,28980,,,09/12/2023
1967,07,Residence,Total Population,Total Population,28985,,,09/12/2023
1967,08,Occurrence,Total Population,Total Population,29635,,,09/12/2023
1967,08,Residence,Total Population,Total Population,29620,,,09/12/2023
1967,09,Occurrence,Total Population,Total Population,29415,,,09/12/2023
1967,09,Residence,Total Population,Total Population,29420,,,09/12/2023
1967,10,Occurrence,Total Population,Total Population,29016,,,09/12/2023
1967,10,Residence,Total Population,Total Population,28958,,,09/12/2023
1967,11,Occurrence,Total Population,Total Population,27289,,,09/12/2023
1967,11,Residence,Total Population,Total Population,27283,,,09/12/2023
1967,12,Occurrence,Total Population,Total Population,28472,,,09/12/2023
1967,12,Residence,Total Population,Total Population,28432,,,09/12/2023
1968,01,Occurrence,Total Population,Total Population,26061,,,09/12/2023
1968,01,Residence,Total Population,Total Population,26056,,,09/12/2023
1968,02,Occurrence,Total Population,Total Population,25278,,,09/12/2023
1968,02,Residence,Total Population,Total Population,25254,,,09/12/2023
1968,03,Occurrence,Total Population,Total Population,27386,,,09/12/2023
1968,03,Residence,Total Population,Total Population,27373,,,09/12/2023
1968,04,Occurrence,Total Population,Total Population,26540,,,09/12/2023
1968,04,Residence,Total Population,Total Population,26533,,,09/12/2023
1968,05,Occurrence,Total Population,Total Population,27492,,,09/12/2023
1968,05,Residence,Total Population,Total Population,27494,,,09/12/2023
1968,06,Occurrence,Total Population,Total Population,27277,,,09/12/2023
1968,06,Residence,Total Population,Total Population,27288,,,09/12/2023
1968,07,Occurrence,Total Population,Total Population,29876,,,09/12/2023
1968,07,Residence,Total Population,Total Population,29893,,,09/12/2023
1968,08,Occurrence,Total Population,Total Population,30246,,,09/12/2023
1968,08,Residence,Total Population,Total Population,30254,,,09/12/2023
1968,09,Occurrence,Total Population,Total Population,30706,,,09/12/2023
1968,09,Residence,Total Population,Total Population,30674,,,09/12/2023
1968,10,Occurrence,Total Population,Total Population,30395,,,09/12/2023
1968,10,Residence,Total Population,Total Population,30382,,,09/12/2023
1968,11,Occurrence,Total Population,Total Population,28319,,,09/12/2023
1968,11,Residence,Total Population,Total Population,28273,,,09/12/2023
1968,12,Occurrence,Total Population,Total Population,29747,,,09/12/2023
1968,12,Residence,Total Population,Total Population,29747,,,09/12/2023
1969,01,Occurrence,Total Population,Total Population,28303,,,09/12/2023
1969,01,Residence,Total Population,Total Population,28280,,,09/12/2023
1969,02,Occurrence,Total Population,Total Population,26205,,,09/12/2023
1969,02,Residence,Total Population,Total Population,26197,,,09/12/2023
1969,03,Occurrence,Total Population,Total Population,29397,,,09/12/2023
1969,03,Residence,Total Population,Total Population,29377,,,09/12/2023
1969,04,Occurrence,Total Population,Total Population,28629,,,09/12/2023
1969,04,Residence,Total Population,Total Population,28620,,,09/12/2023
1969,05,Occurrence,Total Population,Total Population,29864,,,09/12/2023
1969,05,Residence,Total Population,Total Population,29872,,,09/12/2023
1969,06,Occurrence,Total Population,Total Population,28920,,,09/12/2023
1969,06,Residence,Total Population,Total Population,28933,,,09/12/2023
1969,07,Occurrence,Total Population,Total Population,31265,,,09/12/2023
1969,07,Residence,Total Population,Total Population,31254,,,09/12/2023
1969,08,Occurrence,Total Population,Total Population,30878,,,09/12/2023
1969,08,Residence,Total Population,Total Population,30878,,,09/12/2023
1969,09,Occurrence,Total Population,Total Population,30179,,,09/12/2023
1969,09,Residence,Total Population,Total Population,30197,,,09/12/2023
1969,10,Occurrence,Total Population,Total Population,29664,,,09/12/2023
1969,10,Residence,Total Population,Total Population,29664,,,09/12/2023
1969,11,Occurrence,Total Population,Total Population,28887,,,09/12/2023
1969,11,Residence,Total Population,Total Population,28868,,,09/12/2023
1969,12,Occurrence,Total Population,Total Population,30807,,,09/12/2023
1969,12,Residence,Total Population,Total Population,30797,,,09/12/2023
1970,01,Occurrence,Total Population,Total Population,29076,,,09/12/2023
1970,01,Residence,Total Population,Total Population,29063,,,09/12/2023
1970,02,Occurrence,Total Population,Total Population,27222,,,09/12/2023
1970,02,Residence,Total Population,Total Population,27190,,,09/12/2023
1970,03,Occurrence,Total Population,Total Population,30591,,,09/12/2023
1970,03,Residence,Total Population,Total Population,30591,,,09/12/2023
1970,04,Occurrence,Total Population,Total Population,29181,,,09/12/2023
1970,04,Residence,Total Population,Total Population,29169,,,09/12/2023
1970,05,Occurrence,Total Population,Total Population,30171,,,09/12/2023
1970,05,Residence,Total Population,Total Population,30162,,,09/12/2023
1970,06,Occurrence,Total Population,Total Population,29955,,,09/12/2023
1970,06,Residence,Total Population,Total Population,29937,,,09/12/2023
1970,07,Occurrence,Total Population,Total Population,31608,,,09/12/2023
1970,07,Residence,Total Population,Total Population,31634,,,09/12/2023
1970,08,Occurrence,Total Population,Total Population,32018,,,09/12/2023
1970,08,Residence,Total Population,Total Population,32009,,,09/12/2023
1970,09,Occurrence,Total Population,Total Population,31674,,,09/12/2023
1970,09,Residence,Total Population,Total Population,31644,,,09/12/2023
1970,10,Occurrence,Total Population,Total Population,30747,,,09/12/2023
1970,10,Residence,Total Population,Total Population,30744,,,09/12/2023
1970,11,Occurrence,Total Population,Total Population,29575,,,09/12/2023
1970,11,Residence,Total Population,Total Population,29552,,,09/12/2023
1970,12,Occurrence,Total Population,Total Population,30979,,,09/12/2023
1970,12,Residence,Total Population,Total Population,30957,,,09/12/2023
1971,01,Occurrence,Total Population,Total Population,28867,,,09/12/2023
1971,01,Residence,Total Population,Total Population,28857,,,09/12/2023
1971,02,Occurrence,Total Population,Total Population,25860,,,09/12/2023
1971,02,Residence,Total Population,Total Population,25856,,,09/12/2023
1971,03,Occurrence,Total Population,Total Population,29224,,,09/12/2023
1971,03,Residence,Total Population,Total Population,29226,,,09/12/2023
1971,04,Occurrence,Total Population,Total Population,27051,,,09/12/2023
1971,04,Residence,Total Population,Total Population,27080,,,09/12/2023
1971,05,Occurrence,Total Population,Total Population,27641,,,09/12/2023
1971,05,Residence,Total Population,Total Population,27649,,,09/12/2023
1971,06,Occurrence,Total Population,Total Population,27235,,,09/12/2023
1971,06,Residence,Total Population,Total Population,27222,,,09/12/2023
1971,07,Occurrence,Total Population,Total Population,28651,,,09/12/2023
1971,07,Residence,Total Population,Total Population,28654,,,09/12/2023
1971,08,Occurrence,Total Population,Total Population,28524,,,09/12/2023
1971,08,Residence,Total Population,Total Population,28519,,,09/12/2023
1971,09,Occurrence,Total Population,Total Population,28093,,,09/12/2023
1971,09,Residence,Total Population,Total Population,28109,,,09/12/2023
1971,10,Occurrence,Total Population,Total Population,27241,,,09/12/2023
1971,10,Residence,Total Population,Total Population,27239,,,09/12/2023
1971,11,Occurrence,Total Population,Total Population,25305,,,09/12/2023
1971,11,Residence,Total Population,Total Population,25292,,,09/12/2023
1971,12,Occurrence,Total Population,Total Population,26127,,,09/12/2023
1971,12,Residence,Total Population,Total Population,26123,,,09/12/2023
1972,01,Occurrence,Total Population,Total Population,24915,,,09/12/2023
1972,01,Residence,Total Population,Total Population,24899,,,09/12/2023
1972,02,Occurrence,Total Population,Total Population,24093,,,09/12/2023
1972,02,Residence,Total Population,Total Population,24107,,,09/12/2023
1972,03,Occurrence,Total Population,Total Population,25751,,,09/12/2023
1972,03,Residence,Total Population,Total Population,25731,,,09/12/2023
1972,04,Occurrence,Total Population,Total Population,24420,,,09/12/2023
1972,04,Residence,Total Population,Total Population,24420,,,09/12/2023
1972,05,Occurrence,Total Population,Total Population,25268,,,09/12/2023
1972,05,Residence,Total Population,Total Population,25242,,,09/12/2023
1972,06,Occurrence,Total Population,Total Population,24729,,,09/12/2023
1972,06,Residence,Total Population,Total Population,24713,,,09/12/2023
1972,07,Occurrence,Total Population,Total Population,26734,,,09/12/2023
1972,07,Residence,Total Population,Total Population,26741,,,09/12/2023
1972,08,Occurrence,Total Population,Total Population,27455,,,09/12/2023
1972,08,Residence,Total Population,Total Population,27461,,,09/12/2023
1972,09,Occurrence,Total Population,Total Population,26505,,,09/12/2023
1972,09,Residence,Total Population,Total Population,26470,,,09/12/2023
1972,10,Occurrence,Total Population,Total Population,26148,,,09/12/2023
1972,10,Residence,Total Population,Total Population,26112,,,09/12/2023
1972,11,Occurrence,Total Population,Total Population,25161,,,09/12/2023
1972,11,Residence,Total Population,Total Population,25139,,,09/12/2023
1972,12,Occurrence,Total Population,Total Population,25382,,,09/12/2023
1972,12,Residence,Total Population,Total Population,25340,,,09/12/2023
1973,01,Occurrence,Total Population,Total Population,24608,,,09/12/2023
1973,01,Residence,Total Population,Total Population,24556,,,09/12/2023
1973,02,Occurrence,Total Population,Total Population,22136,,,09/12/2023
1973,02,Residence,Total Population,Total Population,22112,,,09/12/2023
1973,03,Occurrence,Total Population,Total Population,24787,,,09/12/2023
1973,03,Residence,Total Population,Total Population,24771,,,09/12/2023
1973,04,Occurrence,Total Population,Total Population,24076,,,09/12/2023
1973,04,Residence,Total Population,Total Population,24064,,,09/12/2023
1973,05,Occurrence,Total Population,Total Population,25212,,,09/12/2023
1973,05,Residence,Total Population,Total Population,25218,,,09/12/2023
1973,06,Occurrence,Total Population,Total Population,24555,,,09/12/2023
1973,06,Residence,Total Population,Total Population,24537,,,09/12/2023
1973,07,Occurrence,Total Population,Total Population,25952,,,09/12/2023
1973,07,Residence,Total Population,Total Population,25945,,,09/12/2023
1973,08,Occurrence,Total Population,Total Population,26798,,,09/12/2023
1973,08,Residence,Total Population,Total Population,26775,,,09/12/2023
1973,09,Occurrence,Total Population,Total Population,25521,,,09/12/2023
1973,09,Residence,Total Population,Total Population,25506,,,09/12/2023
1973,10,Occurrence,Total Population,Total Population,25031,,,09/12/2023
1973,10,Residence,Total Population,Total Population,25015,,,09/12/2023
1973,11,Occurrence,Total Population,Total Population,24018,,,09/12/2023
1973,11,Residence,Total Population,Total Population,23990,,,09/12/2023
1973,12,Occurrence,Total Population,Total Population,25385,,,09/12/2023
1973,12,Residence,Total Population,Total Population,25345,,,09/12/2023
1974,01,Occurrence,Total Population,Total Population,24597,,,09/12/2023
1974,01,Residence,Total Population,Total Population,24590,,,09/12/2023
1974,02,Occurrence,Total Population,Total Population,22657,,,09/12/2023
1974,02,Residence,Total Population,Total Population,22642,,,09/12/2023
1974,03,Occurrence,Total Population,Total Population,24873,,,09/12/2023
1974,03,Residence,Total Population,Total Population,24859,,,09/12/2023
1974,04,Occurrence,Total Population,Total Population,24620,,,09/12/2023
1974,04,Residence,Total Population,Total Population,24585,,,09/12/2023
1974,05,Occurrence,Total Population,Total Population,26146,,,09/12/2023
1974,05,Residence,Total Population,Total Population,26128,,,09/12/2023
1974,06,Occurrence,Total Population,Total Population,26010,,,09/12/2023
1974,06,Residence,Total Population,Total Population,25976,,,09/12/2023
1974,07,Occurrence,Total Population,Total Population,27369,,,09/12/2023
1974,07,Residence,Total Population,Total Population,27350,,,09/12/2023
1974,08,Occurrence,Total Population,Total Population,28204,,,09/12/2023
1974,08,Residence,Total Population,Total Population,28151,,,09/12/2023
1974,09,Occurrence,Total Population,Total Population,27825,,,09/12/2023
1974,09,Residence,Total Population,Total Population,27770,,,09/12/2023
1974,10,Occurrence,Total Population,Total Population,27774,,,09/12/2023
1974,10,Residence,Total Population,Total Population,27726,,,09/12/2023
1974,11,Occurrence,Total Population,Total Population,25644,,,09/12/2023
1974,11,Residence,Total Population,Total Population,25608,,,09/12/2023
1974,12,Occurrence,Total Population,Total Population,26303,,,09/12/2023
1974,12,Residence,Total Population,Total Population,26283,,,09/12/2023
1975,01,Occurrence,Total Population,Total Population,25795,,,09/12/2023
1975,01,Residence,Total Population,Total Population,25775,,,09/12/2023
1975,02,Occurrence,Total Population,Total Population,23459,,,09/12/2023
1975,02,Residence,Total Population,Total Population,23452,,,09/12/2023
1975,03,Occurrence,Total Population,Total Population,25812,,,09/12/2023
1975,03,Residence,Total Population,Total Population,25780,,,09/12/2023
1975,04,Occurrence,Total Population,Total Population,25274,,,09/12/2023
1975,04,Residence,Total Population,Total Population,25266,,,09/12/2023
1975,05,Occurrence,Total Population,Total Population,26583,,,09/12/2023
1975,05,Residence,Total Population,Total Population,26574,,,09/12/2023
1975,06,Occurrence,Total Population,Total Population,26196,,,09/12/2023
1975,06,Residence,Total Population,Total Population,26175,,,09/12/2023
1975,07,Occurrence,Total Population,Total Population,27720,,,09/12/2023
1975,07,Residence,Total Population,Total Population,27714,,,09/12/2023
1975,08,Occurrence,Total Population,Total Population,28125,,,09/12/2023
1975,08,Residence,Total Population,Total Population,28081,,,09/12/2023
1975,09,Occurrence,Total Population,Total Population,28222,,,09/12/2023
1975,09,Residence,Total Population,Total Population,28180,,,09/12/2023
1975,10,Occurrence,Total Population,Total Population,27253,,,09/12/2023
1975,10,Residence,Total Population,Total Population,27224,,,09/12/2023
1975,11,Occurrence,Total Population,Total Population,25674,,,09/12/2023
1975,11,Residence,Total Population,Total Population,25667,,,09/12/2023
1975,12,Occurrence,Total Population,Total Population,27486,,,09/12/2023
1975,12,Residence,Total Population,Total Population,27430,,,09/12/2023
1976,01,Occurrence,Total Population,Total Population,26249,,,09/12/2023
1976,01,Residence,Total Population,Total Population,26216,,,09/12/2023
1976,02,Occurrence,Total Population,Total Population,25097,,,09/12/2023
1976,02,Residence,Total Population,Total Population,25081,,,09/12/2023
1976,03,Occurrence,Total Population,Total Population,27151,,,09/12/2023
1976,03,Residence,Total Population,Total Population,27141,,,09/12/2023
1976,04,Occurrence,Total Population,Total Population,26107,,,09/12/2023
1976,04,Residence,Total Population,Total Population,26100,,,09/12/2023
1976,05,Occurrence,Total Population,Total Population,27393,,,09/12/2023
1976,05,Residence,Total Population,Total Population,27408,,,09/12/2023
1976,06,Occurrence,Total Population,Total Population,27014,,,09/12/2023
1976,06,Residence,Total Population,Total Population,27012,,,09/12/2023
1976,07,Occurrence,Total Population,Total Population,28418,,,09/12/2023
1976,07,Residence,Total Population,Total Population,28422,,,09/12/2023
1976,08,Occurrence,Total Population,Total Population,29894,,,09/12/2023
1976,08,Residence,Total Population,Total Population,29875,,,09/12/2023
1976,09,Occurrence,Total Population,Total Population,29565,,,09/12/2023
1976,09,Residence,Total Population,Total Population,29560,,,09/12/2023
1976,10,Occurrence,Total Population,Total Population,28818,,,09/12/2023
1976,10,Residence,Total Population,Total Population,28794,,,09/12/2023
1976,11,Occurrence,Total Population,Total Population,27587,,,09/12/2023
1976,11,Residence,Total Population,Total Population,27573,,,09/12/2023
1976,12,Occurrence,Total Population,Total Population,28939,,,09/12/2023
1976,12,Residence,Total Population,Total Population,28923,,,09/12/2023
1977,01,Occurrence,Total Population,Total Population,28487,,,09/12/2023
1977,01,Residence,Total Population,Total Population,28489,,,09/12/2023
1977,02,Occurrence,Total Population,Total Population,26010,,,09/12/2023
1977,02,Residence,Total Population,Total Population,25993,,,09/12/2023
1977,03,Occurrence,Total Population,Total Population,29443,,,09/12/2023
1977,03,Residence,Total Population,Total Population,29443,,,09/12/2023
1977,04,Occurrence,Total Population,Total Population,27377,,,09/12/2023
1977,04,Residence,Total Population,Total Population,27380,,,09/12/2023
1977,05,Occurrence,Total Population,Total Population,28844,,,09/12/2023
1977,05,Residence,Total Population,Total Population,28889,,,09/12/2023
1977,06,Occurrence,Total Population,Total Population,28212,,,09/12/2023
1977,06,Residence,Total Population,Total Population,28216,,,09/12/2023
1977,07,Occurrence,Total Population,Total Population,29808,,,09/12/2023
1977,07,Residence,Total Population,Total Population,29834,,,09/12/2023
1977,08,Occurrence,Total Population,Total Population,30655,,,09/12/2023
1977,08,Residence,Total Population,Total Population,30660,,,09/12/2023
1977,09,Occurrence,Total Population,Total Population,30970,,,09/12/2023
1977,09,Residence,Total Population,Total Population,31002,,,09/12/2023
1977,10,Occurrence,Total Population,Total Population,30176,,,09/12/2023
1977,10,Residence,Total Population,Total Population,30206,,,09/12/2023
1977,11,Occurrence,Total Population,Total Population,28540,,,09/12/2023
1977,11,Residence,Total Population,Total Population,28528,,,09/12/2023
1977,12,Occurrence,Total Population,Total Population,28909,,,09/12/2023
1977,12,Residence,Total Population,Total Population,28936,,,09/12/2023
1978,01,Occurrence,Total Population,Total Population,28592,,,09/12/2023
1978,01,Residence,Total Population,Total Population,28595,,,09/12/2023
1978,02,Occurrence,Total Population,Total Population,26363,,,09/12/2023
1978,02,Residence,Total Population,Total Population,26371,,,09/12/2023
1978,03,Occurrence,Total Population,Total Population,29540,,,09/12/2023
1978,03,Residence,Total Population,Total Population,29544,,,09/12/2023
1978,04,Occurrence,Total Population,Total Population,27944,,,09/12/2023
1978,04,Residence,Total Population,Total Population,27948,,,09/12/2023
1978,05,Occurrence,Total Population,Total Population,29686,,,09/12/2023
1978,05,Residence,Total Population,Total Population,29682,,,09/12/2023
1978,06,Occurrence,Total Population,Total Population,29141,,,09/12/2023
1978,06,Residence,Total Population,Total Population,29126,,,09/12/2023
1978,07,Occurrence,Total Population,Total Population,31235,,,09/12/2023
1978,07,Residence,Total Population,Total Population,31214,,,09/12/2023
1978,08,Occurrence,Total Population,Total Population,32020,,,09/12/2023
1978,08,Residence,Total Population,Total Population,32046,,,09/12/2023
1978,09,Occurrence,Total Population,Total Population,31557,,,09/12/2023
1978,09,Residence,Total Population,Total Population,31558,,,09/12/2023
1978,10,Occurrence,Total Population,Total Population,30444,,,09/12/2023
1978,10,Residence,Total Population,Total Population,30438,,,09/12/2023
1978,11,Occurrence,Total Population,Total Population,29217,,,09/12/2023
1978,11,Residence,Total Population,Total Population,29199,,,09/12/2023
1978,12,Occurrence,Total Population,Total Population,30464,,,09/12/2023
1978,12,Residence,Total Population,Total Population,30435,,,09/12/2023
1979,01,Occurrence,Total Population,Total Population,30054,,,09/12/2023
1979,01,Residence,Total Population,Total Population,30056,,,09/12/2023
1979,02,Occurrence,Total Population,Total Population,27614,,,09/12/2023
1979,02,Residence,Total Population,Total Population,27637,,,09/12/2023
1979,03,Occurrence,Total Population,Total Population,31572,,,09/12/2023
1979,03,Residence,Total Population,Total Population,31548,,,09/12/2023
1979,04,Occurrence,Total Population,Total Population,30531,,,09/12/2023
1979,04,Residence,Total Population,Total Population,30528,,,09/12/2023
1979,05,Occurrence,Total Population,Total Population,31841,,,09/12/2023
1979,05,Residence,Total Population,Total Population,31843,,,09/12/2023
1979,06,Occurrence,Total Population,Total Population,31050,,,09/12/2023
1979,06,Residence,Total Population,Total Population,31055,,,09/12/2023
1979,07,Occurrence,Total Population,Total Population,32654,,,09/12/2023
1979,07,Residence,Total Population,Total Population,32646,,,09/12/2023
1979,08,Occurrence,Total Population,Total Population,33832,,,09/12/2023
1979,08,Residence,Total Population,Total Population,33787,,,09/12/2023
1979,09,Occurrence,Total Population,Total Population,32849,,,09/12/2023
1979,09,Residence,Total Population,Total Population,32840,,,09/12/2023
1979,10,Occurrence,Total Population,Total Population,32933,,,09/12/2023
1979,10,Residence,Total Population,Total Population,32944,,,09/12/2023
1979,11,Occurrence,Total Population,Total Population,32174,,,09/12/2023
1979,11,Residence,Total Population,Total Population,32183,,,09/12/2023
1979,12,Occurrence,Total Population,Total Population,32128,,,09/12/2023
1979,12,Residence,Total Population,Total Population,32120,,,09/12/2023
1980,01,Occurrence,Total Population,Total Population,32137,,,09/12/2023
1980,01,Residence,Total Population,Total Population,32090,,,09/12/2023
1980,02,Occurrence,Total Population,Total Population,30437,,,09/12/2023
1980,02,Residence,Total Population,Total Population,30432,,,09/12/2023
1980,03,Occurrence,Total Population,Total Population,32767,,,09/12/2023
1980,03,Residence,Total Population,Total Population,32746,,,09/12/2023
1980,04,Occurrence,Total Population,Total Population,32008,,,09/12/2023
1980,04,Residence,Total Population,Total Population,31973,,,09/12/2023
1980,05,Occurrence,Total Population,Total Population,33317,,,09/12/2023
1980,05,Residence,Total Population,Total Population,33306,,,09/12/2023
1980,06,Occurrence,Total Population,Total Population,32691,,,09/12/2023
1980,06,Residence,Total Population,Total Population,32683,,,09/12/2023
1980,07,Occurrence,Total Population,Total Population,35222,,,09/12/2023
1980,07,Residence,Total Population,Total Population,35196,,,09/12/2023
1980,08,Occurrence,Total Population,Total Population,35945,,,09/12/2023
1980,08,Residence,Total Population,Total Population,35909,,,09/12/2023
1980,09,Occurrence,Total Population,Total Population,35894,,,09/12/2023
1980,09,Residence,Total Population,Total Population,35887,,,09/12/2023
1980,10,Occurrence,Total Population,Total Population,35211,,,09/12/2023
1980,10,Residence,Total Population,Total Population,35197,,,09/12/2023
1980,11,Occurrence,Total Population,Total Population,32931,,,09/12/2023
1980,11,Residence,Total Population,Total Population,32889,,,09/12/2023
1980,12,Occurrence,Total Population,Total Population,34447,,,09/12/2023
1980,12,Residence,Total Population,Total Population,34412,,,09/12/2023
1981,01,Occurrence,Total Population,Total Population,32761,,,09/12/2023
1981,01,Residence,Total Population,Total Population,32711,,,09/12/2023
1981,02,Occurrence,Total Population,Total Population,31105,,,09/12/2023
1981,02,Residence,Total Population,Total Population,31080,,,09/12/2023
1981,03,Occurrence,Total Population,Total Population,35555,,,09/12/2023
1981,03,Residence,Total Population,Total Population,35554,,,09/12/2023
1981,04,Occurrence,Total Population,Total Population,34104,,,09/12/2023
1981,04,Residence,Total Population,Total Population,34064,,,09/12/2023
1981,05,Occurrence,Total Population,Total Population,35279,,,09/12/2023
1981,05,Residence,Total Population,Total Population,35269,,,09/12/2023
1981,06,Occurrence,Total Population,Total Population,35295,,,09/12/2023
1981,06,Residence,Total Population,Total Population,35269,,,09/12/2023
1981,07,Occurrence,Total Population,Total Population,36687,,,09/12/2023
1981,07,Residence,Total Population,Total Population,36628,,,09/12/2023
1981,08,Occurrence,Total Population,Total Population,37575,,,09/12/2023
1981,08,Residence,Total Population,Total Population,37517,,,09/12/2023
1981,09,Occurrence,Total Population,Total Population,36748,,,09/12/2023
1981,09,Residence,Total Population,Total Population,36704,,,09/12/2023
1981,10,Occurrence,Total Population,Total Population,36176,,,09/12/2023
1981,10,Residence,Total Population,Total Population,36107,,,09/12/2023
1981,11,Occurrence,Total Population,Total Population,34140,,,09/12/2023
1981,11,Residence,Total Population,Total Population,34073,,,09/12/2023
1981,12,Occurrence,Total Population,Total Population,35482,,,09/12/2023
1981,12,Residence,Total Population,Total Population,35442,,,09/12/2023
1982,01,Occurrence,Total Population,Total Population,34444,,,09/12/2023
1982,01,Residence,Total Population,Total Population,34411,,,09/12/2023
1982,02,Occurrence,Total Population,Total Population,32147,,,09/12/2023
1982,02,Residence,Total Population,Total Population,32134,,,09/12/2023
1982,03,Occurrence,Total Population,Total Population,35514,,,09/12/2023
1982,03,Residence,Total Population,Total Population,35489,,,09/12/2023
1982,04,Occurrence,Total Population,Total Population,34533,,,09/12/2023
1982,04,Residence,Total Population,Total Population,34501,,,09/12/2023
1982,05,Occurrence,Total Population,Total Population,36013,,,09/12/2023
1982,05,Residence,Total Population,Total Population,35984,,,09/12/2023
1982,06,Occurrence,Total Population,Total Population,35713,,,09/12/2023
1982,06,Residence,Total Population,Total Population,35687,,,09/12/2023
1982,07,Occurrence,Total Population,Total Population,38044,,,09/12/2023
1982,07,Residence,Total Population,Total Population,38009,,,09/12/2023
1982,08,Occurrence,Total Population,Total Population,38306,,,09/12/2023
1982,08,Residence,Total Population,Total Population,38316,,,09/12/2023
1982,09,Occurrence,Total Population,Total Population,38241,,,09/12/2023
1982,09,Residence,Total Population,Total Population,38241,,,09/12/2023
1982,10,Occurrence,Total Population,Total Population,36602,,,09/12/2023
1982,10,Residence,Total Population,Total Population,36574,,,09/12/2023
1982,11,Occurrence,Total Population,Total Population,34939,,,09/12/2023
1982,11,Residence,Total Population,Total Population,34911,,,09/12/2023
1982,12,Occurrence,Total Population,Total Population,35406,,,09/12/2023
1982,12,Residence,Total Population,Total Population,35374,,,09/12/2023
1983,01,Occurrence,Total Population,Total Population,35382,,,09/12/2023
1983,01,Residence,Total Population,Total Population,35381,,,09/12/2023
1983,02,Occurrence,Total Population,Total Population,33007,,,09/12/2023
1983,02,Residence,Total Population,Total Population,32991,,,09/12/2023
1983,03,Occurrence,Total Population,Total Population,36947,,,09/12/2023
1983,03,Residence,Total Population,Total Population,36930,,,09/12/2023
1983,04,Occurrence,Total Population,Total Population,35441,,,09/12/2023
1983,04,Residence,Total Population,Total Population,35406,,,09/12/2023
1983,05,Occurrence,Total Population,Total Population,36561,,,09/12/2023
1983,05,Residence,Total Population,Total Population,36561,,,09/12/2023
1983,06,Occurrence,Total Population,Total Population,35988,,,09/12/2023
1983,06,Residence,Total Population,Total Population,35961,,,09/12/2023
1983,07,Occurrence,Total Population,Total Population,37693,,,09/12/2023
1983,07,Residence,Total Population,Total Population,37649,,,09/12/2023
1983,08,Occurrence,Total Population,Total Population,38981,,,09/12/2023
1983,08,Residence,Total Population,Total Population,38922,,,09/12/2023
1983,09,Occurrence,Total Population,Total Population,38136,,,09/12/2023
1983,09,Residence,Total Population,Total Population,38089,,,09/12/2023
1983,10,Occurrence,Total Population,Total Population,37252,,,09/12/2023
1983,10,Residence,Total Population,Total Population,37209,,,09/12/2023
1983,11,Occurrence,Total Population,Total Population,34718,,,09/12/2023
1983,11,Residence,Total Population,Total Population,34690,,,09/12/2023
1983,12,Occurrence,Total Population,Total Population,35977,,,09/12/2023
1983,12,Residence,Total Population,Total Population,35933,,,09/12/2023
1984,01,Occurrence,Total Population,Total Population,35271,,,09/12/2023
1984,01,Residence,Total Population,Total Population,35276,,,09/12/2023
1984,02,Occurrence,Total Population,Total Population,33317,,,09/12/2023
1984,02,Residence,Total Population,Total Population,33299,,,09/12/2023
1984,03,Occurrence,Total Population,Total Population,36982,,,09/12/2023
1984,03,Residence,Total Population,Total Population,36977,,,09/12/2023
1984,04,Occurrence,Total Population,Total Population,35345,,,09/12/2023
1984,04,Residence,Total Population,Total Population,35365,,,09/12/2023
1984,05,Occurrence,Total Population,Total Population,37160,,,09/12/2023
1984,05,Residence,Total Population,Total Population,37158,,,09/12/2023
1984,06,Occurrence,Total Population,Total Population,36082,,,09/12/2023
1984,06,Residence,Total Population,Total Population,36074,,,09/12/2023
1984,07,Occurrence,Total Population,Total Population,38966,,,09/12/2023
1984,07,Residence,Total Population,Total Population,38967,,,09/12/2023
1984,08,Occurrence,Total Population,Total Population,40540,,,09/12/2023
1984,08,Residence,Total Population,Total Population,40514,,,09/12/2023
1984,09,Occurrence,Total Population,Total Population,40369,,,09/12/2023
1984,09,Residence,Total Population,Total Population,40341,,,09/12/2023
1984,10,Occurrence,Total Population,Total Population,39129,,,09/12/2023
1984,10,Residence,Total Population,Total Population,39082,,,09/12/2023
1984,11,Occurrence,Total Population,Total Population,36740,,,09/12/2023
1984,11,Residence,Total Population,Total Population,36724,,,09/12/2023
1984,12,Occurrence,Total Population,Total Population,37676,,,09/12/2023
1984,12,Residence,Total Population,Total Population,37617,,,09/12/2023
1985,01,Occurrence,Total Population,Total Population,38095,,,09/12/2023
1985,01,Residence,Total Population,Total Population,38061,,,09/12/2023
1985,02,Occurrence,Total Population,Total Population,34183,,,09/12/2023
1985,02,Residence,Total Population,Total Population,34160,,,09/12/2023
1985,03,Occurrence,Total Population,Total Population,38132,,,09/12/2023
1985,03,Residence,Total Population,Total Population,38098,,,09/12/2023
1985,04,Occurrence,Total Population,Total Population,36827,,,09/12/2023
1985,04,Residence,Total Population,Total Population,36788,,,09/12/2023
1985,05,Occurrence,Total Population,Total Population,39123,,,09/12/2023
1985,05,Residence,Total Population,Total Population,39088,,,09/12/2023
1985,06,Occurrence,Total Population,Total Population,37565,,,09/12/2023
1985,06,Residence,Total Population,Total Population,37574,,,09/12/2023
1985,07,Occurrence,Total Population,Total Population,41615,,,09/12/2023
1985,07,Residence,Total Population,Total Population,41555,,,09/12/2023
1985,08,Occurrence,Total Population,Total Population,43310,,,09/12/2023
1985,08,Residence,Total Population,Total Population,43291,,,09/12/2023
1985,09,Occurrence,Total Population,Total Population,42274,,,09/12/2023
1985,09,Residence,Total Population,Total Population,42246,,,09/12/2023
1985,10,Occurrence,Total Population,Total Population,41752,,,09/12/2023
1985,10,Residence,Total Population,Total Population,41754,,,09/12/2023
1985,11,Occurrence,Total Population,Total Population,38571,,,09/12/2023
1985,11,Residence,Total Population,Total Population,38532,,,09/12/2023
1985,12,Occurrence,Total Population,Total Population,39709,,,09/12/2023
1985,12,Residence,Total Population,Total Population,39669,,,09/12/2023
1986,01,Occurrence,Total Population,Total Population,38861,,,09/12/2023
1986,01,Residence,Total Population,Total Population,38844,,,09/12/2023
1986,02,Occurrence,Total Population,Total Population,35843,,,09/12/2023
1986,02,Residence,Total Population,Total Population,35833,,,09/12/2023
1986,03,Occurrence,Total Population,Total Population,39449,,,09/12/2023
1986,03,Residence,Total Population,Total Population,39380,,,09/12/2023
1986,04,Occurrence,Total Population,Total Population,38793,,,09/12/2023
1986,04,Residence,Total Population,Total Population,38735,,,09/12/2023
1986,05,Occurrence,Total Population,Total Population,40844,,,09/12/2023
1986,05,Residence,Total Population,Total Population,40802,,,09/12/2023
1986,06,Occurrence,Total Population,Total Population,39876,,,09/12/2023
1986,06,Residence,Total Population,Total Population,39814,,,09/12/2023
1986,07,Occurrence,Total Population,Total Population,42611,,,09/12/2023
1986,07,Residence,Total Population,Total Population,42545,,,09/12/2023
1986,08,Occurrence,Total Population,Total Population,43466,,,09/12/2023
1986,08,Residence,Total Population,Total Population,43385,,,09/12/2023
1986,09,Occurrence,Total Population,Total Population,42630,,,09/12/2023
1986,09,Residence,Total Population,Total Population,42566,,,09/12/2023
1986,10,Occurrence,Total Population,Total Population,41583,,,09/12/2023
1986,10,Residence,Total Population,Total Population,41534,,,09/12/2023
1986,11,Occurrence,Total Population,Total Population,38345,,,09/12/2023
1986,11,Residence,Total Population,Total Population,38295,,,09/12/2023
1986,12,Occurrence,Total Population,Total Population,40229,,,09/12/2023
1986,12,Residence,Total Population,Total Population,40172,,,09/12/2023
1987,01,Occurrence,Total Population,Total Population,40143,,,09/12/2023
1987,01,Residence,Total Population,Total Population,40126,,,09/12/2023
1987,02,Occurrence,Total Population,Total Population,36963,,,09/12/2023
1987,02,Residence,Total Population,Total Population,36925,,,09/12/2023
1987,03,Occurrence,Total Population,Total Population,41770,,,09/12/2023
1987,03,Residence,Total Population,Total Population,41745,,,09/12/2023
1987,04,Occurrence,Total Population,Total Population,41012,,,09/12/2023
1987,04,Residence,Total Population,Total Population,40996,,,09/12/2023
1987,05,Occurrence,Total Population,Total Population,42140,,,09/12/2023
1987,05,Residence,Total Population,Total Population,42154,,,09/12/2023
1987,06,Occurrence,Total Population,Total Population,42592,,,09/12/2023
1987,06,Residence,Total Population,Total Population,42568,,,09/12/2023
1987,07,Occurrence,Total Population,Total Population,44573,,,09/12/2023
1987,07,Residence,Total Population,Total Population,44557,,,09/12/2023
1987,08,Occurrence,Total Population,Total Population,43702,,,09/12/2023
1987,08,Residence,Total Population,Total Population,43672,,,09/12/2023
1987,09,Occurrence,Total Population,Total Population,44233,,,09/12/2023
1987,09,Residence,Total Population,Total Population,44187,,,09/12/2023
1987,10,Occurrence,Total Population,Total Population,43015,,,09/12/2023
1987,10,Residence,Total Population,Total Population,42982,,,09/12/2023
1987,11,Occurrence,Total Population,Total Population,40672,,,09/12/2023
1987,11,Residence,Total Population,Total Population,40643,,,09/12/2023
1987,12,Occurrence,Total Population,Total Population,42840,,,09/12/2023
1987,12,Residence,Total Population,Total Population,42821,,,09/12/2023
1988,01,Occurrence,Total Population,Total Population,41581,,,09/12/2023
1988,01,Residence,Total Population,Total Population,41535,,,09/12/2023
1988,02,Occurrence,Total Population,Total Population,40118,,,09/12/2023
1988,02,Residence,Total Population,Total Population,40054,,,09/12/2023
1988,03,Occurrence,Total Population,Total Population,43654,,,09/12/2023
1988,03,Residence,Total Population,Total Population,43604,,,09/12/2023
1988,04,Occurrence,Total Population,Total Population,43157,,,09/12/2023
1988,04,Residence,Total Population,Total Population,43097,,,09/12/2023
1988,05,Occurrence,Total Population,Total Population,45190,,,09/12/2023
1988,05,Residence,Total Population,Total Population,45143,,,09/12/2023
1988,06,Occurrence,Total Population,Total Population,44312,,,09/12/2023
1988,06,Residence,Total Population,Total Population,44250,,,09/12/2023
1988,07,Occurrence,Total Population,Total Population,45551,,,09/12/2023
1988,07,Residence,Total Population,Total Population,45486,,,09/12/2023
1988,08,Occurrence,Total Population,Total Population,47770,,,09/12/2023
1988,08,Residence,Total Population,Total Population,47697,,,09/12/2023
1988,09,Occurrence,Total Population,Total Population,47815,,,09/12/2023
1988,09,Residence,Total Population,Total Population,47759,,,09/12/2023
1988,10,Occurrence,Total Population,Total Population,46039,,,09/12/2023
1988,10,Residence,Total Population,Total Population,45980,,,09/12/2023
1988,11,Occurrence,Total Population,Total Population,43889,,,09/12/2023
1988,11,Residence,Total Population,Total Population,43822,,,09/12/2023
1988,12,Occurrence,Total Population,Total Population,44352,,,09/12/2023
1988,12,Residence,Total Population,Total Population,44281,,,09/12/2023
1989,01,Occurrence,Total Population,Total Population,44799,,,09/12/2023
1989,01,Residence,Total Population,Total Population,44734,,,09/12/2023
1989,02,Occurrence,Total Population,Total Population,41504,,,09/12/2023
1989,02,Residence,Total Population,Total Population,41442,,,09/12/2023
1989,03,Occurrence,Total Population,Total Population,46491,,,09/12/2023
1989,03,Residence,Total Population,Total Population,46426,,,09/12/2023
1989,04,Occurrence,Total Population,Total Population,44241,,,09/12/2023
1989,04,Residence,Total Population,Total Population,44161,,,09/12/2023
1989,05,Occurrence,Total Population,Total Population,47703,,,09/12/2023
1989,05,Residence,Total Population,Total Population,47628,,,09/12/2023
1989,06,Occurrence,Total Population,Total Population,47314,,,09/12/2023
1989,06,Residence,Total Population,Total Population,47208,,,09/12/2023
1989,07,Occurrence,Total Population,Total Population,49224,,,09/12/2023
1989,07,Residence,Total Population,Total Population,49137,,,09/12/2023
1989,08,Occurrence,Total Population,Total Population,51764,,,09/12/2023
1989,08,Residence,Total Population,Total Population,51679,,,09/12/2023
1989,09,Occurrence,Total Population,Total Population,51059,,,09/12/2023
1989,09,Residence,Total Population,Total Population,50945,,,09/12/2023
1989,10,Occurrence,Total Population,Total Population,49699,,,09/12/2023
1989,10,Residence,Total Population,Total Population,49585,,,09/12/2023
1989,11,Occurrence,Total Population,Total Population,47599,,,09/12/2023
1989,11,Residence,Total Population,Total Population,47505,,,09/12/2023
1989,12,Occurrence,Total Population,Total Population,48969,,,09/12/2023
1989,12,Residence,Total Population,Total Population,48858,,,09/12/2023
1990,01,Occurrence,Total Population,Total Population,48110,,,09/12/2023
1990,01,Residence,Total Population,Total Population,48029,,,09/12/2023
1990,02,Occurrence,Total Population,Total Population,45304,,,09/12/2023
1990,02,Residence,Total Population,Total Population,45214,,,09/12/2023
1990,03,Occurrence,Total Population,Total Population,51302,,,09/12/2023
1990,03,Residence,Total Population,Total Population,51187,,,09/12/2023
1990,04,Occurrence,Total Population,Total Population,48682,,,09/12/2023
1990,04,Residence,Total Population,Total Population,48606,,,09/12/2023
1990,05,Occurrence,Total Population,Total Population,52075,,,09/12/2023
1990,05,Residence,Total Population,Total Population,51983,,,09/12/2023
1990,06,Occurrence,Total Population,Total Population,50933,,,09/12/2023
1990,06,Residence,Total Population,Total Population,50830,,,09/12/2023
1990,07,Occurrence,Total Population,Total Population,53409,,,09/12/2023
1990,07,Residence,Total Population,Total Population,53295,,,09/12/2023
1990,08,Occurrence,Total Population,Total Population,55100,,,09/12/2023
1990,08,Residence,Total Population,Total Population,54979,,,09/12/2023
1990,09,Occurrence,Total Population,Total Population,53703,,,09/12/2023
1990,09,Residence,Total Population,Total Population,53584,,,09/12/2023
1990,10,Occurrence,Total Population,Total Population,53202,,,09/12/2023
1990,10,Residence,Total Population,Total Population,53121,,,09/12/2023
1990,11,Occurrence,Total Population,Total Population,50496,,,09/12/2023
1990,11,Residence,Total Population,Total Population,50415,,,09/12/2023
1990,12,Occurrence,Total Population,Total Population,50518,,,09/12/2023
1990,12,Residence,Total Population,Total Population,50423,,,09/12/2023
1991,01,Occurrence,Total Population,Total Population,49411,,,09/12/2023
1991,01,Residence,Total Population,Total Population,49335,,,09/12/2023
1991,02,Occurrence,Total Population,Total Population,45863,,,09/12/2023
1991,02,Residence,Total Population,Total Population,45783,,,09/12/2023
1991,03,Occurrence,Total Population,Total Population,50074,,,09/12/2023
1991,03,Residence,Total Population,Total Population,49994,,,09/12/2023
1991,04,Occurrence,Total Population,Total Population,48430,,,09/12/2023
1991,04,Residence,Total Population,Total Population,48339,,,09/12/2023
1991,05,Occurrence,Total Population,Total Population,50812,,,09/12/2023
1991,05,Residence,Total Population,Total Population,50705,,,09/12/2023
1991,06,Occurrence,Total Population,Total Population,49598,,,09/12/2023
1991,06,Residence,Total Population,Total Population,49492,,,09/12/2023
1991,07,Occurrence,Total Population,Total Population,53423,,,09/12/2023
1991,07,Residence,Total Population,Total Population,53310,,,09/12/2023
1991,08,Occurrence,Total Population,Total Population,54893,,,09/12/2023
1991,08,Residence,Total Population,Total Population,54776,,,09/12/2023
1991,09,Occurrence,Total Population,Total Population,54481,,,09/12/2023
1991,09,Residence,Total Population,Total Population,54393,,,09/12/2023
1991,10,Occurrence,Total Population,Total Population,53090,,,09/12/2023
1991,10,Residence,Total Population,Total Population,52984,,,09/12/2023
1991,11,Occurrence,Total Population,Total Population,49041,,,09/12/2023
1991,11,Residence,Total Population,Total Population,48944,,,09/12/2023
1991,12,Occurrence,Total Population,Total Population,51277,,,09/12/2023
1991,12,Residence,Total Population,Total Population,51173,,,09/12/2023
1992,01,Occurrence,Total Population,Total Population,49846,,,09/12/2023
1992,01,Residence,Total Population,Total Population,49769,,,09/12/2023
1992,02,Occurrence,Total Population,Total Population,47632,,,09/12/2023
1992,02,Residence,Total Population,Total Population,47545,,,09/12/2023
1992,03,Occurrence,Total Population,Total Population,51164,,,09/12/2023
1992,03,Residence,Total Population,Total Population,51062,,,09/12/2023
1992,04,Occurrence,Total Population,Total Population,49585,,,09/12/2023
1992,04,Residence,Total Population,Total Population,49505,,,09/12/2023
1992,05,Occurrence,Total Population,Total Population,50431,,,09/12/2023
1992,05,Residence,Total Population,Total Population,50333,,,09/12/2023
1992,06,Occurrence,Total Population,Total Population,49246,,,09/12/2023
1992,06,Residence,Total Population,Total Population,49126,,,09/12/2023
1992,07,Occurrence,Total Population,Total Population,51477,,,09/12/2023
1992,07,Residence,Total Population,Total Population,51384,,,09/12/2023
1992,08,Occurrence,Total Population,Total Population,51661,,,09/12/2023
1992,08,Residence,Total Population,Total Population,51570,,,09/12/2023
1992,09,Occurrence,Total Population,Total Population,52041,,,09/12/2023
1992,09,Residence,Total Population,Total Population,51915,,,09/12/2023
1992,10,Occurrence,Total Population,Total Population,51246,,,09/12/2023
1992,10,Residence,Total Population,Total Population,51135,,,09/12/2023
1992,11,Occurrence,Total Population,Total Population,48134,,,09/12/2023
1992,11,Residence,Total Population,Total Population,48017,,,09/12/2023
1992,12,Occurrence,Total Population,Total Population,49574,,,09/12/2023
1992,12,Residence,Total Population,Total Population,49477,,,09/12/2023
1993,01,Occurrence,Total Population,Total Population,47332,,,09/12/2023
1993,01,Residence,Total Population,Total Population,47275,,,09/12/2023
1993,02,Occurrence,Total Population,Total Population,43594,,,09/12/2023
1993,02,Residence,Total Population,Total Population,43551,,,09/12/2023
1993,03,Occurrence,Total Population,Total Population,49757,,,09/12/2023
1993,03,Residence,Total Population,Total Population,49693,,,09/12/2023
1993,04,Occurrence,Total Population,Total Population,47314,,,09/12/2023
1993,04,Residence,Total Population,Total Population,47252,,,09/12/2023
1993,05,Occurrence,Total Population,Total Population,47979,,,09/12/2023
1993,05,Residence,Total Population,Total Population,47897,,,09/12/2023
1993,06,Occurrence,Total Population,Total Population,48578,,,09/12/2023
1993,06,Residence,Total Population,Total Population,48512,,,09/12/2023
1993,07,Occurrence,Total Population,Total Population,50909,,,09/12/2023
1993,07,Residence,Total Population,Total Population,50826,,,09/12/2023
1993,08,Occurrence,Total Population,Total Population,51774,,,09/12/2023
1993,08,Residence,Total Population,Total Population,51701,,,09/12/2023
1993,09,Occurrence,Total Population,Total Population,52107,,,09/12/2023
1993,09,Residence,Total Population,Total Population,52038,,,09/12/2023
1993,10,Occurrence,Total Population,Total Population,49961,,,09/12/2023
1993,10,Residence,Total Population,Total Population,49869,,,09/12/2023
1993,11,Occurrence,Total Population,Total Population,47269,,,09/12/2023
1993,11,Residence,Total Population,Total Population,47196,,,09/12/2023
1993,12,Occurrence,Total Population,Total Population,48770,,,09/12/2023
1993,12,Residence,Total Population,Total Population,48673,,,09/12/2023
1994,01,Occurrence,Total Population,Total Population,46906,,,09/12/2023
1994,01,Residence,Total Population,Total Population,46854,,,09/12/2023
1994,02,Occurrence,Total Population,Total Population,43483,,,09/12/2023
1994,02,Residence,Total Population,Total Population,43415,,,09/12/2023
1994,03,Occurrence,Total Population,Total Population,48650,,,09/12/2023
1994,03,Residence,Total Population,Total Population,48596,,,09/12/2023
1994,04,Occurrence,Total Population,Total Population,45763,,,09/12/2023
1994,04,Residence,Total Population,Total Population,45703,,,09/12/2023
1994,05,Occurrence,Total Population,Total Population,47505,,,09/12/2023
1994,05,Residence,Total Population,Total Population,47429,,,09/12/2023
1994,06,Occurrence,Total Population,Total Population,46872,,,09/12/2023
1994,06,Residence,Total Population,Total Population,46803,,,09/12/2023
1994,07,Occurrence,Total Population,Total Population,48283,,,09/12/2023
1994,07,Residence,Total Population,Total Population,48210,,,09/12/2023
1994,08,Occurrence,Total Population,Total Population,49839,,,09/12/2023
1994,08,Residence,Total Population,Total Population,49757,,,09/12/2023
1994,09,Occurrence,Total Population,Total Population,48900,,,09/12/2023
1994,09,Residence,Total Population,Total Population,48810,,,09/12/2023
1994,10,Occurrence,Total Population,Total Population,48261,,,09/12/2023
1994,10,Residence,Total Population,Total Population,48175,,,09/12/2023
1994,11,Occurrence,Total Population,Total Population,47100,,,09/12/2023
1994,11,Residence,Total Population,Total Population,47037,,,09/12/2023
1994,12,Occurrence,Total Population,Total Population,46330,,,09/12/2023
1994,12,Residence,Total Population,Total Population,46245,,,09/12/2023
1995,01,Occurrence,Total Population,Total Population,45242,,,09/12/2023
1995,01,Residence,Total Population,Total Population,45184,,,09/12/2023
1995,02,Occurrence,Total Population,Total Population,41846,,,09/12/2023
1995,02,Residence,Total Population,Total Population,41796,,,09/12/2023
1995,03,Occurrence,Total Population,Total Population,46696,,,09/12/2023
1995,03,Residence,Total Population,Total Population,46617,,,09/12/2023
1995,04,Occurrence,Total Population,Total Population,43776,,,09/12/2023
1995,04,Residence,Total Population,Total Population,43716,,,09/12/2023
1995,05,Occurrence,Total Population,Total Population,46372,,,09/12/2023
1995,05,Residence,Total Population,Total Population,46299,,,09/12/2023
1995,06,Occurrence,Total Population,Total Population,46347,,,09/12/2023
1995,06,Residence,Total Population,Total Population,46267,,,09/12/2023
1995,07,Occurrence,Total Population,Total Population,47856,,,09/12/2023
1995,07,Residence,Total Population,Total Population,47784,,,09/12/2023
1995,08,Occurrence,Total Population,Total Population,49619,,,09/12/2023
1995,08,Residence,Total Population,Total Population,49536,,,09/12/2023
1995,09,Occurrence,Total Population,Total Population,48411,,,09/12/2023
1995,09,Residence,Total Population,Total Population,48324,,,09/12/2023
1995,10,Occurrence,Total Population,Total Population,47357,,,09/12/2023
1995,10,Residence,Total Population,Total Population,47283,,,09/12/2023
1995,11,Occurrence,Total Population,Total Population,44318,,,09/12/2023
1995,11,Residence,Total Population,Total Population,44250,,,09/12/2023
1995,12,Occurrence,Total Population,Total Population,44243,,,09/12/2023
1995,12,Residence,Total Population,Total Population,44170,,,09/12/2023
1996,01,Occurrence,Total Population,Total Population,44059,,,09/12/2023
1996,01,Residence,Total Population,Total Population,43990,,,09/12/2023
1996,02,Occurrence,Total Population,Total Population,41525,,,09/12/2023
1996,02,Residence,Total Population,Total Population,41459,,,09/12/2023
1996,03,Occurrence,Total Population,Total Population,44828,,,09/12/2023
1996,03,Residence,Total Population,Total Population,44740,,,09/12/2023
1996,04,Occurrence,Total Population,Total Population,43326,,,09/12/2023
1996,04,Residence,Total Population,Total Population,43264,,,09/12/2023
1996,05,Occurrence,Total Population,Total Population,45702,,,09/12/2023
1996,05,Residence,Total Population,Total Population,45624,,,09/12/2023
1996,06,Occurrence,Total Population,Total Population,44107,,,09/12/2023
1996,06,Residence,Total Population,Total Population,44055,,,09/12/2023
1996,07,Occurrence,Total Population,Total Population,47694,,,09/12/2023
1996,07,Residence,Total Population,Total Population,47616,,,09/12/2023
1996,08,Occurrence,Total Population,Total Population,47587,,,09/12/2023
1996,08,Residence,Total Population,Total Population,47505,,,09/12/2023
1996,09,Occurrence,Total Population,Total Population,46161,,,09/12/2023
1996,09,Residence,Total Population,Total Population,46091,,,09/12/2023
1996,10,Occurrence,Total Population,Total Population,46710,,,09/12/2023
1996,10,Residence,Total Population,Total Population,46635,,,09/12/2023
1996,11,Occurrence,Total Population,Total Population,43511,,,09/12/2023
1996,11,Residence,Total Population,Total Population,43442,,,09/12/2023
1996,12,Occurrence,Total Population,Total Population,44277,,,09/12/2023
1996,12,Residence,Total Population,Total Population,44207,,,09/12/2023
1997,01,Occurrence,Total Population,Total Population,43447,,,09/12/2023
1997,01,Residence,Total Population,Total Population,43379,,,09/12/2023
1997,02,Occurrence,Total Population,Total Population,39433,,,09/12/2023
1997,02,Residence,Total Population,Total Population,39348,,,09/12/2023
1997,03,Occurrence,Total Population,Total Population,44005,,,09/12/2023
1997,03,Residence,Total Population,Total Population,43932,,,09/12/2023
1997,04,Occurrence,Total Population,Total Population,42147,,,09/12/2023
1997,04,Residence,Total Population,Total Population,42067,,,09/12/2023
1997,05,Occurrence,Total Population,Total Population,44033,,,09/12/2023
1997,05,Residence,Total Population,Total Population,43949,,,09/12/2023
1997,06,Occurrence,Total Population,Total Population,42878,,,09/12/2023
1997,06,Residence,Total Population,Total Population,42790,,,09/12/2023
1997,07,Occurrence,Total Population,Total Population,46477,,,09/12/2023
1997,07,Residence,Total Population,Total Population,46380,,,09/12/2023
1997,08,Occurrence,Total Population,Total Population,46571,,,09/12/2023
1997,08,Residence,Total Population,Total Population,46458,,,09/12/2023
1997,09,Occurrence,Total Population,Total Population,45434,,,09/12/2023
1997,09,Residence,Total Population,Total Population,45353,,,09/12/2023
1997,10,Occurrence,Total Population,Total Population,44146,,,09/12/2023
1997,10,Residence,Total Population,Total Population,44057,,,09/12/2023
1997,11,Occurrence,Total Population,Total Population,41851,,,09/12/2023
1997,11,Residence,Total Population,Total Population,41753,,,09/12/2023
1997,12,Occurrence,Total Population,Total Population,44824,,,09/12/2023
1997,12,Residence,Total Population,Total Population,44708,,,09/12/2023
1998,01,Occurrence,Total Population,Total Population,43367,,,09/12/2023
1998,01,Residence,Total Population,Total Population,43247,,,09/12/2023
1998,02,Occurrence,Total Population,Total Population,38881,,,09/12/2023
1998,02,Residence,Total Population,Total Population,38793,,,09/12/2023
1998,03,Occurrence,Total Population,Total Population,43563,,,09/12/2023
1998,03,Residence,Total Population,Total Population,43442,,,09/12/2023
1998,04,Occurrence,Total Population,Total Population,42622,,,09/12/2023
1998,04,Residence,Total Population,Total Population,42516,,,09/12/2023
1998,05,Occurrence,Total Population,Total Population,43110,,,09/12/2023
1998,05,Residence,Total Population,Total Population,43000,,,09/12/2023
1998,06,Occurrence,Total Population,Total Population,42177,,,09/12/2023
1998,06,Residence,Total Population,Total Population,42045,,,09/12/2023
1998,07,Occurrence,Total Population,Total Population,45694,,,09/12/2023
1998,07,Residence,Total Population,Total Population,45568,,,09/12/2023
1998,08,Occurrence,Total Population,Total Population,45637,,,09/12/2023
1998,08,Residence,Total Population,Total Population,45491,,,09/12/2023
1998,09,Occurrence,Total Population,Total Population,45404,,,09/12/2023
1998,09,Residence,Total Population,Total Population,45277,,,09/12/2023
1998,10,Occurrence,Total Population,Total Population,45103,,,09/12/2023
1998,10,Residence,Total Population,Total Population,45006,,,09/12/2023
1998,11,Occurrence,Total Population,Total Population,42431,,,09/12/2023
1998,11,Residence,Total Population,Total Population,42322,,,09/12/2023
1998,12,Occurrence,Total Population,Total Population,44664,,,09/12/2023
1998,12,Residence,Total Population,Total Population,44558,,,09/12/2023
1999,01,Occurrence,Total Population,Total Population,42285,,,09/12/2023
1999,01,Residence,Total Population,Total Population,42197,,,09/12/2023
1999,02,Occurrence,Total Population,Total Population,39220,,,09/12/2023
1999,02,Residence,Total Population,Total Population,39117,,,09/12/2023
1999,03,Occurrence,Total Population,Total Population,43830,,,09/12/2023
1999,03,Residence,Total Population,Total Population,43727,,,09/12/2023
1999,04,Occurrence,Total Population,Total Population,41264,,,09/12/2023
1999,04,Residence,Total Population,Total Population,41193,,,09/12/2023
1999,05,Occurrence,Total Population,Total Population,41952,,,09/12/2023
1999,05,Residence,Total Population,Total Population,41861,,,09/12/2023
1999,06,Occurrence,Total Population,Total Population,42524,,,09/12/2023
1999,06,Residence,Total Population,Total Population,42438,,,09/12/2023
1999,07,Occurrence,Total Population,Total Population,45600,,,09/12/2023
1999,07,Residence,Total Population,Total Population,45481,,,09/12/2023
1999,08,Occurrence,Total Population,Total Population,46609,,,09/12/2023
1999,08,Residence,Total Population,Total Population,46498,,,09/12/2023
1999,09,Occurrence,Total Population,Total Population,46380,,,09/12/2023
1999,09,Residence,Total Population,Total Population,46282,,,09/12/2023
1999,10,Occurrence,Total Population,Total Population,44035,,,09/12/2023
1999,10,Residence,Total Population,Total Population,43927,,,09/12/2023
1999,11,Occurrence,Total Population,Total Population,41725,,,09/12/2023
1999,11,Residence,Total Population,Total Population,41636,,,09/12/2023
1999,12,Occurrence,Total Population,Total Population,43824,,,09/12/2023
1999,12,Residence,Total Population,Total Population,43716,,,09/12/2023
2000,01,Occurrence,Total Population,Total Population,43109,,,09/12/2023
2000,01,Residence,Total Population,Total Population,43036,,,09/12/2023
2000,02,Occurrence,Total Population,Total Population,40668,,,09/12/2023
2000,02,Residence,Total Population,Total Population,40576,,,09/12/2023
2000,03,Occurrence,Total Population,Total Population,44607,,,09/12/2023
2000,03,Residence,Total Population,Total Population,44497,,,09/12/2023
2000,04,Occurrence,Total Population,Total Population,41149,,,09/12/2023
2000,04,Residence,Total Population,Total Population,41032,,,09/12/2023
2000,05,Occurrence,Total Population,Total Population,44933,,,09/12/2023
2000,05,Residence,Total Population,Total Population,44823,,,09/12/2023
2000,06,Occurrence,Total Population,Total Population,44021,,,09/12/2023
2000,06,Residence,Total Population,Total Population,43923,,,09/12/2023
2000,07,Occurrence,Total Population,Total Population,45078,,,09/12/2023
2000,07,Residence,Total Population,Total Population,44969,,,09/12/2023
2000,08,Occurrence,Total Population,Total Population,46853,,,09/12/2023
2000,08,Residence,Total Population,Total Population,46735,,,09/12/2023
2000,09,Occurrence,Total Population,Total Population,46106,,,09/12/2023
2000,09,Residence,Total Population,Total Population,45978,,,09/12/2023
2000,10,Occurrence,Total Population,Total Population,45987,,,09/12/2023
2000,10,Residence,Total Population,Total Population,45886,,,09/12/2023
2000,11,Occurrence,Total Population,Total Population,45075,,,09/12/2023
2000,11,Residence,Total Population,Total Population,44943,,,09/12/2023
2000,12,Occurrence,Total Population,Total Population,45025,,,09/12/2023
2000,12,Residence,Total Population,Total Population,44887,,,09/12/2023
2001,01,Occurrence,Total Population,Total Population,44477,,,09/12/2023
2001,01,Residence,Total Population,Total Population,44373,,,09/12/2023
2001,02,Occurrence,Total Population,Total Population,39426,,,09/12/2023
2001,02,Residence,Total Population,Total Population,39337,,,09/12/2023
2001,03,Occurrence,Total Population,Total Population,43770,,,09/12/2023
2001,03,Residence,Total Population,Total Population,43633,,,09/12/2023
2001,04,Occurrence,Total Population,Total Population,41786,,,09/12/2023
2001,04,Residence,Total Population,Total Population,41665,,,09/12/2023
2001,05,Occurrence,Total Population,Total Population,44238,,,09/12/2023
2001,05,Residence,Total Population,Total Population,44129,,,09/12/2023
2001,06,Occurrence,Total Population,Total Population,42981,,,09/12/2023
2001,06,Residence,Total Population,Total Population,42860,,,09/12/2023
2001,07,Occurrence,Total Population,Total Population,45439,,,09/12/2023
2001,07,Residence,Total Population,Total Population,45324,,,09/12/2023
2001,08,Occurrence,Total Population,Total Population,48123,,,09/12/2023
2001,08,Residence,Total Population,Total Population,48029,,,09/12/2023
2001,09,Occurrence,Total Population,Total Population,45622,,,09/12/2023
2001,09,Residence,Total Population,Total Population,45539,,,09/12/2023
2001,10,Occurrence,Total Population,Total Population,45895,,,09/12/2023
2001,10,Residence,Total Population,Total Population,45820,,,09/12/2023
2001,11,Occurrence,Total Population,Total Population,43399,,,09/12/2023
2001,11,Residence,Total Population,Total Population,43294,,,09/12/2023
2001,12,Occurrence,Total Population,Total Population,43453,,,09/12/2023
2001,12,Residence,Total Population,Total Population,43368,,,09/12/2023
2002,01,Occurrence,Total Population,Total Population,43330,,,09/12/2023
2002,01,Residence,Total Population,Total Population,43258,,,09/12/2023
2002,02,Occurrence,Total Population,Total Population,39390,,,09/12/2023
2002,02,Residence,Total Population,Total Population,39325,,,09/12/2023
2002,03,Occurrence,Total Population,Total Population,43263,,,09/12/2023
2002,03,Residence,Total Population,Total Population,43204,,,09/12/2023
2002,04,Occurrence,Total Population,Total Population,41989,,,09/12/2023
2002,04,Residence,Total Population,Total Population,41914,,,09/12/2023
2002,05,Occurrence,Total Population,Total Population,44632,,,09/12/2023
2002,05,Residence,Total Population,Total Population,44543,,,09/12/2023
2002,06,Occurrence,Total Population,Total Population,42731,,,09/12/2023
2002,06,Residence,Total Population,Total Population,42661,,,09/12/2023
2002,07,Occurrence,Total Population,Total Population,45858,,,09/12/2023
2002,07,Residence,Total Population,Total Population,45787,,,09/12/2023
2002,08,Occurrence,Total Population,Total Population,47048,,,09/12/2023
2002,08,Residence,Total Population,Total Population,46983,,,09/12/2023
2002,09,Occurrence,Total Population,Total Population,47439,,,09/12/2023
2002,09,Residence,Total Population,Total Population,47325,,,09/12/2023
2002,10,Occurrence,Total Population,Total Population,46743,,,09/12/2023
2002,10,Residence,Total Population,Total Population,46669,,,09/12/2023
2002,11,Occurrence,Total Population,Total Population,43504,,,09/12/2023
2002,11,Residence,Total Population,Total Population,43389,,,09/12/2023
2002,12,Occurrence,Total Population,Total Population,44277,,,09/12/2023
2002,12,Residence,Total Population,Total Population,44183,,,09/12/2023
2003,01,Occurrence,Total Population,Total Population,44245,,,09/12/2023
2003,01,Residence,Total Population,Total Population,44162,,,09/12/2023
2003,02,Occurrence,Total Population,Total Population,40918,,,09/12/2023
2003,02,Residence,Total Population,Total Population,40857,,,09/12/2023
2003,03,Occurrence,Total Population,Total Population,44732,,,09/12/2023
2003,03,Residence,Total Population,Total Population,44643,,,09/12/2023
2003,04,Occurrence,Total Population,Total Population,43332,,,09/12/2023
2003,04,Residence,Total Population,Total Population,43255,,,09/12/2023
2003,05,Occurrence,Total Population,Total Population,46077,,,09/12/2023
2003,05,Residence,Total Population,Total Population,45994,,,09/12/2023
2003,06,Occurrence,Total Population,Total Population,44232,,,09/12/2023
2003,06,Residence,Total Population,Total Population,44169,,,09/12/2023
2003,07,Occurrence,Total Population,Total Population,47975,,,09/12/2023
2003,07,Residence,Total Population,Total Population,47874,,,09/12/2023
2003,08,Occurrence,Total Population,Total Population,47865,,,09/12/2023
2003,08,Residence,Total Population,Total Population,47747,,,09/12/2023
2003,09,Occurrence,Total Population,Total Population,47755,,,09/12/2023
2003,09,Residence,Total Population,Total Population,47687,,,09/12/2023
2003,10,Occurrence,Total Population,Total Population,46876,,,09/12/2023
2003,10,Residence,Total Population,Total Population,46799,,,09/12/2023
2003,11,Occurrence,Total Population,Total Population,42417,,,09/12/2023
2003,11,Residence,Total Population,Total Population,42322,,,09/12/2023
2003,12,Occurrence,Total Population,Total Population,45411,,,09/12/2023
2003,12,Residence,Total Population,Total Population,45318,,,09/12/2023
2004,01,Occurrence,Total Population,Total Population,44251,,,09/12/2023
2004,01,Residence,Total Population,Total Population,44183,,,09/12/2023
2004,02,Occurrence,Total Population,Total Population,41187,,,09/12/2023
2004,02,Residence,Total Population,Total Population,41103,,,09/12/2023
2004,03,Occurrence,Total Population,Total Population,44995,,,09/12/2023
2004,03,Residence,Total Population,Total Population,44899,,,09/12/2023
2004,04,Occurrence,Total Population,Total Population,43485,,,09/12/2023
2004,04,Residence,Total Population,Total Population,43407,,,09/12/2023
2004,05,Occurrence,Total Population,Total Population,43969,,,09/12/2023
2004,05,Residence,Total Population,Total Population,43891,,,09/12/2023
2004,06,Occurrence,Total Population,Total Population,44728,,,09/12/2023
2004,06,Residence,Total Population,Total Population,44628,,,09/12/2023
2004,07,Occurrence,Total Population,Total Population,47322,,,09/12/2023
2004,07,Residence,Total Population,Total Population,47225,,,09/12/2023
2004,08,Occurrence,Total Population,Total Population,48035,,,09/12/2023
2004,08,Residence,Total Population,Total Population,47964,,,09/12/2023
2004,09,Occurrence,Total Population,Total Population,48570,,,09/12/2023
2004,09,Residence,Total Population,Total Population,48470,,,09/12/2023
2004,10,Occurrence,Total Population,Total Population,47853,,,09/12/2023
2004,10,Residence,Total Population,Total Population,47737,,,09/12/2023
2004,11,Occurrence,Total Population,Total Population,45532,,,09/12/2023
2004,11,Residence,Total Population,Total Population,45436,,,09/12/2023
2004,12,Occurrence,Total Population,Total Population,45831,,,09/12/2023
2004,12,Residence,Total Population,Total Population,45742,,,09/12/2023
2005,01,Occurrence,Total Population,Total Population,44310,,,09/12/2023
2005,01,Residence,Total Population,Total Population,44239,,,09/12/2023
2005,02,Occurrence,Total Population,Total Population,40833,,,09/12/2023
2005,02,Residence,Total Population,Total Population,40737,,,09/12/2023
2005,03,Occurrence,Total Population,Total Population,46084,,,09/12/2023
2005,03,Residence,Total Population,Total Population,45957,,,09/12/2023
2005,04,Occurrence,Total Population,Total Population,43647,,,09/12/2023
2005,04,Residence,Total Population,Total Population,43527,,,09/12/2023
2005,05,Occurrence,Total Population,Total Population,44865,,,09/12/2023
2005,05,Residence,Total Population,Total Population,44760,,,09/12/2023
2005,06,Occurrence,Total Population,Total Population,45471,,,09/12/2023
2005,06,Residence,Total Population,Total Population,45343,,,09/12/2023
2005,07,Occurrence,Total Population,Total Population,47995,,,09/12/2023
2005,07,Residence,Total Population,Total Population,47891,,,09/12/2023
2005,08,Occurrence,Total Population,Total Population,49751,,,09/12/2023
2005,08,Residence,Total Population,Total Population,49593,,,09/12/2023
2005,09,Occurrence,Total Population,Total Population,49515,,,09/12/2023
2005,09,Residence,Total Population,Total Population,49369,,,09/12/2023
2005,10,Occurrence,Total Population,Total Population,46600,,,09/12/2023
2005,10,Residence,Total Population,Total Population,46447,,,09/12/2023
2005,11,Occurrence,Total Population,Total Population,45045,,,09/12/2023
2005,11,Residence,Total Population,Total Population,44917,,,09/12/2023
2005,12,Occurrence,Total Population,Total Population,46026,,,09/12/2023
2005,12,Residence,Total Population,Total Population,45920,,,09/12/2023
2006,01,Occurrence,Total Population,Total Population,44743,,,09/12/2023
2006,01,Residence,Total Population,Total Population,44630,,,09/12/2023
2006,02,Occurrence,Total Population,Total Population,41262,,,09/12/2023
2006,02,Residence,Total Population,Total Population,41135,,,09/12/2023
2006,03,Occurrence,Total Population,Total Population,46840,,,09/12/2023
2006,03,Residence,Total Population,Total Population,46727,,,09/12/2023
2006,04,Occurrence,Total Population,Total Population,43007,,,09/12/2023
2006,04,Residence,Total Population,Total Population,42896,,,09/12/2023
2006,05,Occurrence,Total Population,Total Population,46546,,,09/12/2023
2006,05,Residence,Total Population,Total Population,46432,,,09/12/2023
2006,06,Occurrence,Total Population,Total Population,47175,,,09/12/2023
2006,06,Residence,Total Population,Total Population,47071,,,09/12/2023
2006,07,Occurrence,Total Population,Total Population,49081,,,09/12/2023
2006,07,Residence,Total Population,Total Population,49015,,,09/12/2023
2006,08,Occurrence,Total Population,Total Population,50865,,,09/12/2023
2006,08,Residence,Total Population,Total Population,50732,,,09/12/2023
2006,09,Occurrence,Total Population,Total Population,49726,,,09/12/2023
2006,09,Residence,Total Population,Total Population,49610,,,09/12/2023
2006,10,Occurrence,Total Population,Total Population,49270,,,09/12/2023
2006,10,Residence,Total Population,Total Population,49142,,,09/12/2023
2006,11,Occurrence,Total Population,Total Population,47461,,,09/12/2023
2006,11,Residence,Total Population,Total Population,47361,,,09/12/2023
2006,12,Occurrence,Total Population,Total Population,47546,,,09/12/2023
2006,12,Residence,Total Population,Total Population,47406,,,09/12/2023
2007,01,Occurrence,Total Population,Total Population,46399,,,09/12/2023
2007,01,Residence,Total Population,Total Population,46267,,,09/12/2023
2007,02,Occurrence,Total Population,Total Population,41906,,,09/12/2023
2007,02,Residence,Total Population,Total Population,41819,,,09/12/2023
2007,03,Occurrence,Total Population,Total Population,46786,,,09/12/2023
2007,03,Residence,Total Population,Total Population,46686,,,09/12/2023
2007,04,Occurrence,Total Population,Total Population,43376,,,09/12/2023
2007,04,Residence,Total Population,Total Population,43263,,,09/12/2023
2007,05,Occurrence,Total Population,Total Population,46682,,,09/12/2023
2007,05,Residence,Total Population,Total Population,46570,,,09/12/2023
2007,06,Occurrence,Total Population,Total Population,46795,,,09/12/2023
2007,06,Residence,Total Population,Total Population,46685,,,09/12/2023
2007,07,Occurrence,Total Population,Total Population,49791,,,09/12/2023
2007,07,Residence,Total Population,Total Population,49680,,,09/12/2023
2007,08,Occurrence,Total Population,Total Population,51835,,,09/12/2023
2007,08,Residence,Total Population,Total Population,51733,,,09/12/2023
2007,09,Occurrence,Total Population,Total Population,49862,,,09/12/2023
2007,09,Residence,Total Population,Total Population,49731,,,09/12/2023
2007,10,Occurrence,Total Population,Total Population,49963,,,09/12/2023
2007,10,Residence,Total Population,Total Population,49801,,,09/12/2023
2007,11,Occurrence,Total Population,Total Population,47247,,,09/12/2023
2007,11,Residence,Total Population,Total Population,47156,,,09/12/2023
2007,12,Occurrence,Total Population,Total Population,46885,,,09/12/2023
2007,12,Residence,Total Population,Total Population,46746,,,09/12/2023
2008,01,Occurrence,Total Population,Total Population,46710,,,09/12/2023
2008,01,Residence,Total Population,Total Population,46652,,,09/12/2023
2008,02,Occurrence,Total Population,Total Population,44192,,,09/12/2023
2008,02,Residence,Total Population,Total Population,44087,,,09/12/2023
2008,03,Occurrence,Total Population,Total Population,45407,,,09/12/2023
2008,03,Residence,Total Population,Total Population,45333,,,09/12/2023
2008,04,Occurrence,Total Population,Total Population,44321,,,09/12/2023
2008,04,Residence,Total Population,Total Population,44237,,,09/12/2023
2008,05,Occurrence,Total Population,Total Population,45949,,,09/12/2023
2008,05,Residence,Total Population,Total Population,45874,,,09/12/2023
2008,06,Occurrence,Total Population,Total Population,44790,,,09/12/2023
2008,06,Residence,Total Population,Total Population,44719,,,09/12/2023
2008,07,Occurrence,Total Population,Total Population,48962,,,09/12/2023
2008,07,Residence,Total Population,Total Population,48885,,,09/12/2023
2008,08,Occurrence,Total Population,Total Population,48830,,,09/12/2023
2008,08,Residence,Total Population,Total Population,48752,,,09/12/2023
2008,09,Occurrence,Total Population,Total Population,47857,,,09/12/2023
2008,09,Residence,Total Population,Total Population,47740,,,09/12/2023
2008,10,Occurrence,Total Population,Total Population,46755,,,09/12/2023
2008,10,Residence,Total Population,Total Population,46650,,,09/12/2023
2008,11,Occurrence,Total Population,Total Population,42922,,,09/12/2023
2008,11,Residence,Total Population,Total Population,42799,,,09/12/2023
2008,12,Occurrence,Total Population,Total Population,45923,,,09/12/2023
2008,12,Residence,Total Population,Total Population,45839,,,09/12/2023
2009,01,Occurrence,Total Population,Total Population,44261,,,09/12/2023
2009,01,Residence,Total Population,Total Population,44186,,,09/12/2023
2009,02,Occurrence,Total Population,Total Population,40405,,,09/12/2023
2009,02,Residence,Total Population,Total Population,40334,,,09/12/2023
2009,03,Occurrence,Total Population,Total Population,44296,,,09/12/2023
2009,03,Residence,Total Population,Total Population,44215,,,09/12/2023
2009,04,Occurrence,Total Population,Total Population,42452,,,09/12/2023
2009,04,Residence,Total Population,Total Population,42379,,,09/12/2023
2009,05,Occurrence,Total Population,Total Population,43219,,,09/12/2023
2009,05,Residence,Total Population,Total Population,43132,,,09/12/2023
2009,06,Occurrence,Total Population,Total Population,43196,,,09/12/2023
2009,06,Residence,Total Population,Total Population,43097,,,09/12/2023
2009,07,Occurrence,Total Population,Total Population,46310,,,09/12/2023
2009,07,Residence,Total Population,Total Population,46205,,,09/12/2023
2009,08,Occurrence,Total Population,Total Population,46409,,,09/12/2023
2009,08,Residence,Total Population,Total Population,46309,,,09/12/2023
2009,09,Occurrence,Total Population,Total Population,47072,,,09/12/2023
2009,09,Residence,Total Population,Total Population,46986,,,09/12/2023
2009,10,Occurrence,Total Population,Total Population,45228,,,09/12/2023
2009,10,Residence,Total Population,Total Population,45112,,,09/12/2023
2009,11,Occurrence,Total Population,Total Population,41442,,,09/12/2023
2009,11,Residence,Total Population,Total Population,41335,,,09/12/2023
2009,12,Occurrence,Total Population,Total Population,43607,,,09/12/2023
2009,12,Residence,Total Population,Total Population,43484,,,09/12/2023
2010,01,Occurrence,Total Population,Total Population,41963,,,09/12/2023
2010,01,Residence,Total Population,Total Population,41906,,,09/12/2023
2010,02,Occurrence,Total Population,Total Population,38417,,,09/12/2023
2010,02,Residence,Total Population,Total Population,38348,,,09/12/2023
2010,03,Occurrence,Total Population,Total Population,42889,,,09/12/2023
2010,03,Residence,Total Population,Total Population,42792,,,09/12/2023
2010,04,Occurrence,Total Population,Total Population,40561,,,09/12/2023
2010,04,Residence,Total Population,Total Population,40513,,,09/12/2023
2010,05,Occurrence,Total Population,Total Population,41333,,,09/12/2023
2010,05,Residence,Total Population,Total Population,41250,,,09/12/2023
2010,06,Occurrence,Total Population,Total Population,41552,,,09/12/2023
2010,06,Residence,Total Population,Total Population,41489,,,09/12/2023
2010,07,Occurrence,Total Population,Total Population,43783,,,09/12/2023
2010,07,Residence,Total Population,Total Population,43716,,,09/12/2023
2010,08,Occurrence,Total Population,Total Population,45098,,,09/12/2023
2010,08,Residence,Total Population,Total Population,45001,,,09/12/2023
2010,09,Occurrence,Total Population,Total Population,45477,,,09/12/2023
2010,09,Residence,Total Population,Total Population,45360,,,09/12/2023
2010,10,Occurrence,Total Population,Total Population,44183,,,09/12/2023
2010,10,Residence,Total Population,Total Population,44072,,,09/12/2023
2010,11,Occurrence,Total Population,Total Population,42087,,,09/12/2023
2010,11,Residence,Total Population,Total Population,41992,,,09/12/2023
2010,12,Occurrence,Total Population,Total Population,43638,,,09/12/2023
2010,12,Residence,Total Population,Total Population,43540,,,09/12/2023
2011,01,Occurrence,Total Population,Total Population,41399,,,09/12/2023
2011,01,Residence,Total Population,Total Population,41306,,,09/12/2023
2011,02,Occurrence,Total Population,Total Population,38258,,,09/12/2023
2011,02,Residence,Total Population,Total Population,38210,,,09/12/2023
2011,03,Occurrence,Total Population,Total Population,42447,,,09/12/2023
2011,03,Residence,Total Population,Total Population,42380,,,09/12/2023
2011,04,Occurrence,Total Population,Total Population,40424,,,09/12/2023
2011,04,Residence,Total Population,Total Population,40365,,,09/12/2023
2011,05,Occurrence,Total Population,Total Population,41574,,,09/12/2023
2011,05,Residence,Total Population,Total Population,41505,,,09/12/2023
2011,06,Occurrence,Total Population,Total Population,42181,,,09/12/2023
2011,06,Residence,Total Population,Total Population,42084,,,09/12/2023
2011,07,Occurrence,Total Population,Total Population,43191,,,09/12/2023
2011,07,Residence,Total Population,Total Population,43101,,,09/12/2023
2011,08,Occurrence,Total Population,Total Population,45110,,,09/12/2023
2011,08,Residence,Total Population,Total Population,45023,,,09/12/2023
2011,09,Occurrence,Total Population,Total Population,43639,,,09/12/2023
2011,09,Residence,Total Population,Total Population,43554,,,09/12/2023
2011,10,Occurrence,Total Population,Total Population,42191,,,09/12/2023
2011,10,Residence,Total Population,Total Population,42095,,,09/12/2023
2011,11,Occurrence,Total Population,Total Population,40974,,,09/12/2023
2011,11,Residence,Total Population,Total Population,40875,,,09/12/2023
2011,12,Occurrence,Total Population,Total Population,41628,,,09/12/2023
2011,12,Residence,Total Population,Total Population,41525,,,09/12/2023
2012,01,Occurrence,Total Population,Total Population,40291,,,09/12/2023
2012,01,Residence,Total Population,Total Population,40210,,,09/12/2023
2012,02,Occurrence,Total Population,Total Population,38677,,,09/12/2023
2012,02,Residence,Total Population,Total Population,38622,,,09/12/2023
2012,03,Occurrence,Total Population,Total Population,41499,,,09/12/2023
2012,03,Residence,Total Population,Total Population,41409,,,09/12/2023
2012,04,Occurrence,Total Population,Total Population,38855,,,09/12/2023
2012,04,Residence,Total Population,Total Population,38784,,,09/12/2023
2012,05,Occurrence,Total Population,Total Population,41392,,,09/12/2023
2012,05,Residence,Total Population,Total Population,41293,,,09/12/2023
2012,06,Occurrence,Total Population,Total Population,40860,,,09/12/2023
2012,06,Residence,Total Population,Total Population,40783,,,09/12/2023
2012,07,Occurrence,Total Population,Total Population,43479,,,09/12/2023
2012,07,Residence,Total Population,Total Population,43395,,,09/12/2023
2012,08,Occurrence,Total Population,Total Population,46136,,,09/12/2023
2012,08,Residence,Total Population,Total Population,46049,,,09/12/2023
2012,09,Occurrence,Total Population,Total Population,44785,,,09/12/2023
2012,09,Residence,Total Population,Total Population,44687,,,09/12/2023
2012,10,Occurrence,Total Population,Total Population,44825,,,09/12/2023
2012,10,Residence,Total Population,Total Population,44708,,,09/12/2023
2012,11,Occurrence,Total Population,Total Population,42206,,,09/12/2023
2012,11,Residence,Total Population,Total Population,42121,,,09/12/2023
2012,12,Occurrence,Total Population,Total Population,41809,,,09/12/2023
2012,12,Residence,Total Population,Total Population,41727,,,09/12/2023
2013,01,Occurrence,Total Population,Total Population,41319,,,09/12/2023
2013,01,Residence,Total Population,Total Population,41220,,,09/12/2023
2013,02,Occurrence,Total Population,Total Population,36748,,,09/12/2023
2013,02,Residence,Total Population,Total Population,36696,,,09/12/2023
2013,03,Occurrence,Total Population,Total Population,40782,,,09/12/2023
2013,03,Residence,Total Population,Total Population,40687,,,09/12/2023
2013,04,Occurrence,Total Population,Total Population,38831,,,09/12/2023
2013,04,Residence,Total Population,Total Population,38762,,,09/12/2023
2013,05,Occurrence,Total Population,Total Population,40612,,,09/12/2023
2013,05,Residence,Total Population,Total Population,40495,,,09/12/2023
2013,06,Occurrence,Total Population,Total Population,39085,,,09/12/2023
2013,06,Residence,Total Population,Total Population,38985,,,09/12/2023
2013,07,Occurrence,Total Population,Total Population,42751,,,09/12/2023
2013,07,Residence,Total Population,Total Population,42665,,,09/12/2023
2013,08,Occurrence,Total Population,Total Population,44988,,,09/12/2023
2013,08,Residence,Total Population,Total Population,44863,,,09/12/2023
2013,09,Occurrence,Total Population,Total Population,43881,,,09/12/2023
2013,09,Residence,Total Population,Total Population,43761,,,09/12/2023
2013,10,Occurrence,Total Population,Total Population,43731,,,09/12/2023
2013,10,Residence,Total Population,Total Population,43636,,,09/12/2023
2013,11,Occurrence,Total Population,Total Population,40760,,,09/12/2023
2013,11,Residence,Total Population,Total Population,40642,,,09/12/2023
2013,12,Occurrence,Total Population,Total Population,42083,,,09/12/2023
2013,12,Residence,Total Population,Total Population,41980,,,09/12/2023
2014,01,Occurrence,Total Population,Total Population,41136,,,09/12/2023
2014,01,Residence,Total Population,Total Population,41032,,,09/12/2023
2014,02,Occurrence,Total Population,Total Population,37415,,,09/12/2023
2014,02,Residence,Total Population,Total Population,37346,,,09/12/2023
2014,03,Occurrence,Total Population,Total Population,40747,,,09/12/2023
2014,03,Residence,Total Population,Total Population,40676,,,09/12/2023
2014,04,Occurrence,Total Population,Total Population,40003,,,09/12/2023
2014,04,Residence,Total Population,Total Population,39910,,,09/12/2023
2014,05,Occurrence,Total Population,Total Population,41747,,,09/12/2023
2014,05,Residence,Total Population,Total Population,41664,,,09/12/2023
2014,06,Occurrence,Total Population,Total Population,40550,,,09/12/2023
2014,06,Residence,Total Population,Total Population,40496,,,09/12/2023
2014,07,Occurrence,Total Population,Total Population,44749,,,09/12/2023
2014,07,Residence,Total Population,Total Population,44631,,,09/12/2023
2014,08,Occurrence,Total Population,Total Population,44943,,,09/12/2023
2014,08,Residence,Total Population,Total Population,44834,,,09/12/2023
2014,09,Occurrence,Total Population,Total Population,45150,,,09/12/2023
2014,09,Residence,Total Population,Total Population,45026,,,09/12/2023
2014,10,Occurrence,Total Population,Total Population,44024,,,09/12/2023
2014,10,Residence,Total Population,Total Population,43900,,,09/12/2023
2014,11,Occurrence,Total Population,Total Population,41167,,,09/12/2023
2014,11,Residence,Total Population,Total Population,41104,,,09/12/2023
2014,12,Occurrence,Total Population,Total Population,42449,,,09/12/2023
2014,12,Residence,Total Population,Total Population,42354,,,09/12/2023
2015,01,Occurrence,Total Population,Total Population,41031,,,09/12/2023
2015,01,Residence,Total Population,Total Population,40958,,,09/12/2023
2015,02,Occurrence,Total Population,Total Population,37377,,,09/12/2023
2015,02,Residence,Total Population,Total Population,37308,,,09/12/2023
2015,03,Occurrence,Total Population,Total Population,41014,,,09/12/2023
2015,03,Residence,Total Population,Total Population,40924,,,09/12/2023
2015,04,Occurrence,Total Population,Total Population,39248,,,09/12/2023
2015,04,Residence,Total Population,Total Population,39160,,,09/12/2023
2015,05,Occurrence,Total Population,Total Population,40442,,,09/12/2023
2015,05,Residence,Total Population,Total Population,40374,,,09/12/2023
2015,06,Occurrence,Total Population,Total Population,39956,,,09/12/2023
2015,06,Residence,Total Population,Total Population,39883,,,09/12/2023
2015,07,Occurrence,Total Population,Total Population,43201,,,09/12/2023
2015,07,Residence,Total Population,Total Population,43116,,,09/12/2023
2015,08,Occurrence,Total Population,Total Population,43822,,,09/12/2023
2015,08,Residence,Total Population,Total Population,43735,,,09/12/2023
2015,09,Occurrence,Total Population,Total Population,43691,,,09/12/2023
2015,09,Residence,Total Population,Total Population,43584,,,09/12/2023
2015,10,Occurrence,Total Population,Total Population,42134,,,09/12/2023
2015,10,Residence,Total Population,Total Population,42003,,,09/12/2023
2015,11,Occurrence,Total Population,Total Population,39821,,,09/12/2023
2015,11,Residence,Total Population,Total Population,39732,,,09/12/2023
2015,12,Occurrence,Total Population,Total Population,41112,,,09/12/2023
2015,12,Residence,Total Population,Total Population,41012,,,09/12/2023
2016,01,Occurrence,Total Population,Total Population,39424,,,09/12/2023
2016,01,Residence,Total Population,Total Population,39350,,,09/12/2023
2016,02,Occurrence,Total Population,Total Population,37886,,,09/12/2023
2016,02,Residence,Total Population,Total Population,37789,,,09/12/2023
2016,03,Occurrence,Total Population,Total Population,40958,,,09/12/2023
2016,03,Residence,Total Population,Total Population,40874,,,09/12/2023
2016,04,Occurrence,Total Population,Total Population,38735,,,09/12/2023
2016,04,Residence,Total Population,Total Population,38622,,,09/12/2023
2016,05,Occurrence,Total Population,Total Population,39649,,,09/12/2023
2016,05,Residence,Total Population,Total Population,39568,,,09/12/2023
2016,06,Occurrence,Total Population,Total Population,39849,,,09/12/2023
2016,06,Residence,Total Population,Total Population,39780,,,09/12/2023
2016,07,Occurrence,Total Population,Total Population,41170,,,09/12/2023
2016,07,Residence,Total Population,Total Population,41065,,,09/12/2023
2016,08,Occurrence,Total Population,Total Population,45142,,,09/12/2023
2016,08,Residence,Total Population,Total Population,45054,,,09/12/2023
2016,09,Occurrence,Total Population,Total Population,44377,,,09/12/2023
2016,09,Residence,Total Population,Total Population,44238,,,09/12/2023
2016,10,Occurrence,Total Population,Total Population,42366,,,09/12/2023
2016,10,Residence,Total Population,Total Population,42258,,,09/12/2023
2016,11,Occurrence,Total Population,Total Population,40040,,,09/12/2023
2016,11,Residence,Total Population,Total Population,39945,,,09/12/2023
2016,12,Occurrence,Total Population,Total Population,40489,,,09/12/2023
2016,12,Residence,Total Population,Total Population,40382,,,09/12/2023
2017,01,Occurrence,Total Population,Total Population,39467,,,09/12/2023
2017,01,Residence,Total Population,Total Population,39362,,,09/12/2023
2017,02,Occurrence,Total Population,Total Population,36091,,,09/12/2023
2017,02,Residence,Total Population,Total Population,36003,,,09/12/2023
2017,03,Occurrence,Total Population,Total Population,39237,,,09/12/2023
2017,03,Residence,Total Population,Total Population,39133,,,09/12/2023
2017,04,Occurrence,Total Population,Total Population,37072,,,09/12/2023
2017,04,Residence,Total Population,Total Population,36974,,,09/12/2023
2017,05,Occurrence,Total Population,Total Population,39492,,,09/12/2023
2017,05,Residence,Total Population,Total Population,39402,,,09/12/2023
2017,06,Occurrence,Total Population,Total Population,39045,,,09/12/2023
2017,06,Residence,Total Population,Total Population,38967,,,09/12/2023
2017,07,Occurrence,Total Population,Total Population,40553,,,09/12/2023
2017,07,Residence,Total Population,Total Population,40487,,,09/12/2023
2017,08,Occurrence,Total Population,Total Population,42362,,,09/12/2023
2017,08,Residence,Total Population,Total Population,42256,,,09/12/2023
2017,09,Occurrence,Total Population,Total Population,41599,,,09/12/2023
2017,09,Residence,Total Population,Total Population,41502,,,09/12/2023
2017,10,Occurrence,Total Population,Total Population,40540,,,09/12/2023
2017,10,Residence,Total Population,Total Population,40430,,,09/12/2023
2017,11,Occurrence,Total Population,Total Population,38940,,,09/12/2023
2017,11,Residence,Total Population,Total Population,38835,,,09/12/2023
2017,12,Occurrence,Total Population,Total Population,38556,,,09/12/2023
2017,12,Residence,Total Population,Total Population,38455,,,09/12/2023
2018,01,Occurrence,Total Population,Total Population,38260,,,09/12/2023
2018,01,Occurrence,Place Type,Hospital,37738,,,09/12/2023
2018,01,Occurrence,Place Type,Freestanding Birth Center,110,,,09/12/2023
2018,01,Occurrence,Place Type,Home,292,,,09/12/2023
2018,01,Occurrence,Place Type,Other/Unknown,120,,,09/12/2023
2018,01,Residence,Total Population,Total Population,38018,,,09/12/2023
2018,01,Residence,Place Type,Hospital,37582,,,09/12/2023
2018,01,Residence,Place Type,Freestanding Birth Center,111,,,09/12/2023
2018,01,Residence,Place Type,Home,293,,,09/12/2023
2018,01,Residence,Place Type,Other/Unknown,32,,,09/12/2023
2018,02,Occurrence,Total Population,Total Population,34551,,,09/12/2023
2018,02,Occurrence,Place Type,Hospital,34079,,,09/12/2023
2018,02,Occurrence,Place Type,Freestanding Birth Center,130,,,09/12/2023
2018,02,Occurrence,Place Type,Home,236,,,09/12/2023
2018,02,Occurrence,Place Type,Other/Unknown,106,,,09/12/2023
2018,02,Residence,Total Population,Total Population,34354,,,09/12/2023
2018,02,Residence,Place Type,Hospital,33948,,,09/12/2023
2018,02,Residence,Place Type,Freestanding Birth Center,126,,,09/12/2023
2018,02,Residence,Place Type,Home,236,,,09/12/2023
2018,02,Residence,Place Type,Other/Unknown,44,,,09/12/2023
2018,03,Occurrence,Total Population,Total Population,37883,,,09/12/2023
2018,03,Occurrence,Place Type,Hospital,37435,,,09/12/2023
2018,03,Occurrence,Place Type,Freestanding Birth Center,110,,,09/12/2023
2018,03,Occurrence,Place Type,Home,251,,,09/12/2023
2018,03,Occurrence,Place Type,Other/Unknown,87,,,09/12/2023
2018,03,Residence,Total Population,Total Population,37694,,,09/12/2023
2018,03,Residence,Place Type,Hospital,37310,,,09/12/2023
2018,03,Residence,Place Type,Freestanding Birth Center,109,,,09/12/2023
2018,03,Residence,Place Type,Home,255,,,09/12/2023
2018,03,Residence,Place Type,Other/Unknown,20,,,09/12/2023
2018,04,Occurrence,Total Population,Total Population,35665,,,09/12/2023
2018,04,Occurrence,Place Type,Hospital,35182,,,09/12/2023
2018,04,Occurrence,Place Type,Freestanding Birth Center,116,,,09/12/2023
2018,04,Occurrence,Place Type,Home,289,,,09/12/2023
2018,04,Occurrence,Place Type,Other/Unknown,78,,,09/12/2023
2018,04,Residence,Total Population,Total Population,35481,,,09/12/2023
2018,04,Residence,Place Type,Hospital,35050,,,09/12/2023
2018,04,Residence,Place Type,Freestanding Birth Center,116,,,09/12/2023
2018,04,Residence,Place Type,Home,290,,,09/12/2023
2018,04,Residence,Place Type,Other/Unknown,25,,,09/12/2023
2018,05,Occurrence,Total Population,Total Population,37485,,,09/12/2023
2018,05,Occurrence,Place Type,Hospital,36966,,,09/12/2023
2018,05,Occurrence,Place Type,Freestanding Birth Center,147,,,09/12/2023
2018,05,Occurrence,Place Type,Home,285,,,09/12/2023
2018,05,Occurrence,Place Type,Other/Unknown,87,,,09/12/2023
2018,05,Residence,Total Population,Total Population,37304,,,09/12/2023
2018,05,Residence,Place Type,Hospital,36836,,,09/12/2023
2018,05,Residence,Place Type,Freestanding Birth Center,147,,,09/12/2023
2018,05,Residence,Place Type,Home,286,,,09/12/2023
2018,05,Residence,Place Type,Other/Unknown,35,,,09/12/2023
2018,06,Occurrence,Total Population,Total Population,36794,,,09/12/2023
2018,06,Occurrence,Place Type,Hospital,36333,,,09/12/2023
2018,06,Occurrence,Place Type,Freestanding Birth Center,122,,,09/12/2023
2018,06,Occurrence,Place Type,Home,276,,,09/12/2023
2018,06,Occurrence,Place Type,Other/Unknown,63,,,09/12/2023
2018,06,Residence,Total Population,Total Population,36639,,,09/12/2023
2018,06,Residence,Place Type,Hospital,36210,,,09/12/2023
2018,06,Residence,Place Type,Freestanding Birth Center,121,,,09/12/2023
2018,06,Residence,Place Type,Home,274,,,09/12/2023
2018,06,Residence,Place Type,Other/Unknown,34,,,09/12/2023
2018,07,Occurrence,Total Population,Total Population,39695,,,09/12/2023
2018,07,Occurrence,Place Type,Hospital,39208,,,09/12/2023
2018,07,Occurrence,Place Type,Freestanding Birth Center,133,,,09/12/2023
2018,07,Occurrence,Place Type,Home,279,,,09/12/2023
2018,07,Occurrence,Place Type,Other/Unknown,75,,,09/12/2023
2018,07,Residence,Total Population,Total Population,39563,,,09/12/2023
2018,07,Residence,Place Type,Hospital,39097,,,09/12/2023
2018,07,Residence,Place Type,Freestanding Birth Center,133,,,09/12/2023
2018,07,Residence,Place Type,Home,277,,,09/12/2023
2018,07,Residence,Place Type,Other/Unknown,56,,,09/12/2023
2018,08,Occurrence,Total Population,Total Population,41243,,,09/12/2023
2018,08,Occurrence,Place Type,Hospital,40769,,,09/12/2023
2018,08,Occurrence,Place Type,Freestanding Birth Center,121,,,09/12/2023
2018,08,Occurrence,Place Type,Home,306,,,09/12/2023
2018,08,Occurrence,Place Type,Other/Unknown,47,,,09/12/2023
2018,08,Residence,Total Population,Total Population,41080,,,09/12/2023
2018,08,Residence,Place Type,Hospital,40621,,,09/12/2023
2018,08,Residence,Place Type,Freestanding Birth Center,119,,,09/12/2023
2018,08,Residence,Place Type,Home,302,,,09/12/2023
2018,08,Residence,Place Type,Other/Unknown,38,,,09/12/2023
2018,09,Occurrence,Total Population,Total Population,39234,,,09/12/2023
2018,09,Occurrence,Place Type,Hospital,38755,,,09/12/2023
2018,09,Occurrence,Place Type,Freestanding Birth Center,156,,,09/12/2023
2018,09,Occurrence,Place Type,Home,291,,,09/12/2023
2018,09,Occurrence,Place Type,Other/Unknown,32,,,09/12/2023
2018,09,Residence,Total Population,Total Population,39093,,,09/12/2023
2018,09,Residence,Place Type,Hospital,38620,,,09/12/2023
2018,09,Residence,Place Type,Freestanding Birth Center,152,,,09/12/2023
2018,09,Residence,Place Type,Home,291,,,09/12/2023
2018,09,Residence,Place Type,Other/Unknown,30,,,09/12/2023
2018,10,Occurrence,Total Population,Total Population,39434,,,09/12/2023
2018,10,Occurrence,Place Type,Hospital,38989,,,09/12/2023
2018,10,Occurrence,Place Type,Freestanding Birth Center,146,,,09/12/2023
2018,10,Occurrence,Place Type,Home,265,,,09/12/2023
2018,10,Occurrence,Place Type,Other/Unknown,34,,,09/12/2023
2018,10,Residence,Total Population,Total Population,39297,,,09/12/2023
2018,10,Residence,Place Type,Hospital,38853,,,09/12/2023
2018,10,Residence,Place Type,Freestanding Birth Center,147,,,09/12/2023
2018,10,Residence,Place Type,Home,265,,,09/12/2023
2018,10,Residence,Place Type,Other/Unknown,32,,,09/12/2023
2018,11,Occurrence,Total Population,Total Population,38247,,,09/12/2023
2018,11,Occurrence,Place Type,Hospital,37775,,,09/12/2023
2018,11,Occurrence,Place Type,Freestanding Birth Center,133,,,09/12/2023
2018,11,Occurrence,Place Type,Home,296,,,09/12/2023
2018,11,Occurrence,Place Type,Other/Unknown,43,,,09/12/2023
2018,11,Residence,Total Population,Total Population,38119,,,09/12/2023
2018,11,Residence,Place Type,Hospital,37648,,,09/12/2023
2018,11,Residence,Place Type,Freestanding Birth Center,135,,,09/12/2023
2018,11,Residence,Place Type,Home,296,,,09/12/2023
2018,11,Residence,Place Type,Other/Unknown,40,,,09/12/2023
2018,12,Occurrence,Total Population,Total Population,37716,,,09/12/2023
2018,12,Occurrence,Place Type,Hospital,37294,,,09/12/2023
2018,12,Occurrence,Place Type,Freestanding Birth Center,109,,,09/12/2023
2018,12,Occurrence,Place Type,Home,269,,,09/12/2023
2018,12,Occurrence,Place Type,Other/Unknown,44,,,09/12/2023
2018,12,Residence,Total Population,Total Population,37615,,,09/12/2023
2018,12,Residence,Place Type,Hospital,37201,,,09/12/2023
2018,12,Residence,Place Type,Freestanding Birth Center,108,,,09/12/2023
2018,12,Residence,Place Type,Home,266,,,09/12/2023
2018,12,Residence,Place Type,Other/Unknown,40,,,09/12/2023
2019,01,Occurrence,Total Population,Total Population,37472,,,09/12/2023
2019,01,Occurrence,Place Type,Hospital,37035,,,09/12/2023
2019,01,Occurrence,Place Type,Freestanding Birth Center,114,,,09/12/2023
2019,01,Occurrence,Place Type,Home,278,,,09/12/2023
2019,01,Occurrence,Place Type,Other/Unknown,45,,,09/12/2023
2019,01,Residence,Total Population,Total Population,37373,,,09/12/2023
2019,01,Residence,Place Type,Hospital,36946,,,09/12/2023
2019,01,Residence,Place Type,Freestanding Birth Center,113,,,09/12/2023
2019,01,Residence,Place Type,Home,275,,,09/12/2023
2019,01,Residence,Place Type,Other/Unknown,39,,,09/12/2023
2019,02,Occurrence,Total Population,Total Population,34019,,,09/12/2023
2019,02,Occurrence,Place Type,Hospital,33595,,,09/12/2023
2019,02,Occurrence,Place Type,Freestanding Birth Center,107,,,09/12/2023
2019,02,Occurrence,Place Type,Home,266,,,09/12/2023
2019,02,Occurrence,Place Type,Other/Unknown,51,,,09/12/2023
2019,02,Residence,Total Population,Total Population,33924,,,09/12/2023
2019,02,Residence,Place Type,Hospital,33512,,,09/12/2023
2019,02,Residence,Place Type,Freestanding Birth Center,107,,,09/12/2023
2019,02,Residence,Place Type,Home,260,,,09/12/2023
2019,02,Residence,Place Type,Other/Unknown,45,,,09/12/2023
2019,03,Occurrence,Total Population,Total Population,37226,,,09/12/2023
2019,03,Occurrence,Place Type,Hospital,36759,,,09/12/2023
2019,03,Occurrence,Place Type,Freestanding Birth Center,141,,,09/12/2023
2019,03,Occurrence,Place Type,Home,275,,,09/12/2023
2019,03,Occurrence,Place Type,Other/Unknown,51,,,09/12/2023
2019,03,Residence,Total Population,Total Population,37126,,,09/12/2023
2019,03,Residence,Place Type,Hospital,36672,,,09/12/2023
2019,03,Residence,Place Type,Freestanding Birth Center,142,,,09/12/2023
2019,03,Residence,Place Type,Home,273,,,09/12/2023
2019,03,Residence,Place Type,Other/Unknown,39,,,09/12/2023
2019,04,Occurrence,Total Population,Total Population,35152,,,09/12/2023
2019,04,Occurrence,Place Type,Hospital,34721,,,09/12/2023
2019,04,Occurrence,Place Type,Freestanding Birth Center,114,,,09/12/2023
2019,04,Occurrence,Place Type,Home,267,,,09/12/2023
2019,04,Occurrence,Place Type,Other/Unknown,50,,,09/12/2023
2019,04,Residence,Total Population,Total Population,35045,,,09/12/2023
2019,04,Residence,Place Type,Hospital,34625,,,09/12/2023
2019,04,Residence,Place Type,Freestanding Birth Center,113,,,09/12/2023
2019,04,Residence,Place Type,Home,268,,,09/12/2023
2019,04,Residence,Place Type,Other/Unknown,39,,,09/12/2023
2019,05,Occurrence,Total Population,Total Population,37439,,,09/12/2023
2019,05,Occurrence,Place Type,Hospital,37001,,,09/12/2023
2019,05,Occurrence,Place Type,Freestanding Birth Center,134,,,09/12/2023
2019,05,Occurrence,Place Type,Home,260,,,09/12/2023
2019,05,Occurrence,Place Type,Other/Unknown,44,,,09/12/2023
2019,05,Residence,Total Population,Total Population,37360,,,09/12/2023
2019,05,Residence,Place Type,Hospital,36924,,,09/12/2023
2019,05,Residence,Place Type,Freestanding Birth Center,133,,,09/12/2023
2019,05,Residence,Place Type,Home,262,,,09/12/2023
2019,05,Residence,Place Type,Other/Unknown,41,,,09/12/2023
2019,06,Occurrence,Total Population,Total Population,35719,,,09/12/2023
2019,06,Occurrence,Place Type,Hospital,35280,,,09/12/2023
2019,06,Occurrence,Place Type,Freestanding Birth Center,137,,,09/12/2023
2019,06,Occurrence,Place Type,Home,253,,,09/12/2023
2019,06,Occurrence,Place Type,Other/Unknown,49,,,09/12/2023
2019,06,Residence,Total Population,Total Population,35639,,,09/12/2023
2019,06,Residence,Place Type,Hospital,35209,,,09/12/2023
2019,06,Residence,Place Type,Freestanding Birth Center,137,,,09/12/2023
2019,06,Residence,Place Type,Home,250,,,09/12/2023
2019,06,Residence,Place Type,Other/Unknown,43,,,09/12/2023
2019,07,Occurrence,Total Population,Total Population,39329,,,09/12/2023
2019,07,Occurrence,Place Type,Hospital,38872,,,09/12/2023
2019,07,Occurrence,Place Type,Freestanding Birth Center,155,,,09/12/2023
2019,07,Occurrence,Place Type,Home,261,,,09/12/2023
2019,07,Occurrence,Place Type,Other/Unknown,41,,,09/12/2023
2019,07,Residence,Total Population,Total Population,39260,,,09/12/2023
2019,07,Residence,Place Type,Hospital,38808,,,09/12/2023
2019,07,Residence,Place Type,Freestanding Birth Center,155,,,09/12/2023
2019,07,Residence,Place Type,Home,261,,,09/12/2023
2019,07,Residence,Place Type,Other/Unknown,36,,,09/12/2023
2019,08,Occurrence,Total Population,Total Population,40401,,,09/12/2023
2019,08,Occurrence,Place Type,Hospital,39921,,,09/12/2023
2019,08,Occurrence,Place Type,Freestanding Birth Center,155,,,09/12/2023
2019,08,Occurrence,Place Type,Home,275,,,09/12/2023
2019,08,Occurrence,Place Type,Other/Unknown,50,,,09/12/2023
2019,08,Residence,Total Population,Total Population,40256,,,09/12/2023
2019,08,Residence,Place Type,Hospital,39787,,,09/12/2023
2019,08,Residence,Place Type,Freestanding Birth Center,153,,,09/12/2023
2019,08,Residence,Place Type,Home,273,,,09/12/2023
2019,08,Residence,Place Type,Other/Unknown,43,,,09/12/2023
2019,09,Occurrence,Total Population,Total Population,38824,,,09/12/2023
2019,09,Occurrence,Place Type,Hospital,38317,,,09/12/2023
2019,09,Occurrence,Place Type,Freestanding Birth Center,157,,,09/12/2023
2019,09,Occurrence,Place Type,Home,293,,,09/12/2023
2019,09,Occurrence,Place Type,Other/Unknown,57,,,09/12/2023
2019,09,Residence,Total Population,Total Population,38708,,,09/12/2023
2019,09,Residence,Place Type,Hospital,38211,,,09/12/2023
2019,09,Residence,Place Type,Freestanding Birth Center,152,,,09/12/2023
2019,09,Residence,Place Type,Home,293,,,09/12/2023
2019,09,Residence,Place Type,Other/Unknown,52,,,09/12/2023
2019,10,Occurrence,Total Population,Total Population,39422,,,09/12/2023
2019,10,Occurrence,Place Type,Hospital,38971,,,09/12/2023
2019,10,Occurrence,Place Type,Freestanding Birth Center,126,,,09/12/2023
2019,10,Occurrence,Place Type,Home,279,,,09/12/2023
2019,10,Occurrence,Place Type,Other/Unknown,46,,,09/12/2023
2019,10,Residence,Total Population,Total Population,39328,,,09/12/2023
2019,10,Residence,Place Type,Hospital,38889,,,09/12/2023
2019,10,Residence,Place Type,Freestanding Birth Center,123,,,09/12/2023
2019,10,Residence,Place Type,Home,277,,,09/12/2023
2019,10,Residence,Place Type,Other/Unknown,39,,,09/12/2023
2019,11,Occurrence,Total Population,Total Population,36180,,,09/12/2023
2019,11,Occurrence,Place Type,Hospital,35727,,,09/12/2023
2019,11,Occurrence,Place Type,Freestanding Birth Center,109,,,09/12/2023
2019,11,Occurrence,Place Type,Home,280,,,09/12/2023
2019,11,Occurrence,Place Type,Other/Unknown,64,,,09/12/2023
2019,11,Residence,Total Population,Total Population,36061,,,09/12/2023
2019,11,Residence,Place Type,Hospital,35614,,,09/12/2023
2019,11,Residence,Place Type,Freestanding Birth Center,109,,,09/12/2023
2019,11,Residence,Place Type,Home,280,,,09/12/2023
2019,11,Residence,Place Type,Other/Unknown,58,,,09/12/2023
2019,12,Occurrence,Total Population,Total Population,36651,,,09/12/2023
2019,12,Occurrence,Place Type,Hospital,36253,,,09/12/2023
2019,12,Occurrence,Place Type,Freestanding Birth Center,129,,,09/12/2023
2019,12,Occurrence,Place Type,Home,215,,,09/12/2023
2019,12,Occurrence,Place Type,Other/Unknown,54,,,09/12/2023
2019,12,Residence,Total Population,Total Population,36550,,,09/12/2023
2019,12,Residence,Place Type,Hospital,36160,,,09/12/2023
2019,12,Residence,Place Type,Freestanding Birth Center,130,,,09/12/2023
2019,12,Residence,Place Type,Home,214,,,09/12/2023
2019,12,Residence,Place Type,Other/Unknown,46,,,09/12/2023
2020,01,Occurrence,Total Population,Total Population,36036,,,09/12/2023
2020,01,Occurrence,Place Type,Hospital,35589,,,09/12/2023
2020,01,Occurrence,Place Type,Freestanding Birth Center,135,,,09/12/2023
2020,01,Occurrence,Place Type,Home,270,,,09/12/2023
2020,01,Occurrence,Place Type,Other/Unknown,42,,,09/12/2023
2020,01,Residence,Total Population,Total Population,35951,,,09/12/2023
2020,01,Residence,Place Type,Hospital,35517,,,09/12/2023
2020,01,Residence,Place Type,Freestanding Birth Center,134,,,09/12/2023
2020,01,Residence,Place Type,Home,268,,,09/12/2023
2020,01,Residence,Place Type,Other/Unknown,32,,,09/12/2023
2020,02,Occurrence,Total Population,Total Population,33315,,,09/12/2023
2020,02,Occurrence,Place Type,Hospital,32916,,,09/12/2023
2020,02,Occurrence,Place Type,Freestanding Birth Center,149,,,09/12/2023
2020,02,Occurrence,Place Type,Home,212,,,09/12/2023
2020,02,Occurrence,Place Type,Other/Unknown,38,,,09/12/2023
2020,02,Residence,Total Population,Total Population,33196,,,09/12/2023
2020,02,Residence,Place Type,Hospital,32810,,,09/12/2023
2020,02,Residence,Place Type,Freestanding Birth Center,146,,,09/12/2023
2020,02,Residence,Place Type,Home,211,,,09/12/2023
2020,02,Residence,Place Type,Other/Unknown,29,,,09/12/2023
2020,03,Occurrence,Total Population,Total Population,35013,,,09/12/2023
2020,03,Occurrence,Place Type,Hospital,34598,,,09/12/2023
2020,03,Occurrence,Place Type,Freestanding Birth Center,138,,,09/12/2023
2020,03,Occurrence,Place Type,Home,239,,,09/12/2023
2020,03,Occurrence,Place Type,Other/Unknown,38,,,09/12/2023
2020,03,Residence,Total Population,Total Population,34916,,,09/12/2023
2020,03,Residence,Place Type,Hospital,34508,,,09/12/2023
2020,03,Residence,Place Type,Freestanding Birth Center,138,,,09/12/2023
2020,03,Residence,Place Type,Home,240,,,09/12/2023
2020,03,Residence,Place Type,Other/Unknown,30,,,09/12/2023
2020,04,Occurrence,Total Population,Total Population,33817,,,09/12/2023
2020,04,Occurrence,Place Type,Hospital,33263,,,09/12/2023
2020,04,Occurrence,Place Type,Freestanding Birth Center,182,,,09/12/2023
2020,04,Occurrence,Place Type,Home,334,,,09/12/2023
2020,04,Occurrence,Place Type,Other/Unknown,38,,,09/12/2023
2020,04,Residence,Total Population,Total Population,33747,,,09/12/2023
2020,04,Residence,Place Type,Hospital,33208,,,09/12/2023
2020,04,Residence,Place Type,Freestanding Birth Center,180,,,09/12/2023
2020,04,Residence,Place Type,Home,334,,,09/12/2023
2020,04,Residence,Place Type,Other/Unknown,25,,,09/12/2023
2020,05,Occurrence,Total Population,Total Population,34983,,,09/12/2023
2020,05,Occurrence,Place Type,Hospital,34373,,,09/12/2023
2020,05,Occurrence,Place Type,Freestanding Birth Center,182,,,09/12/2023
2020,05,Occurrence,Place Type,Home,374,,,09/12/2023
2020,05,Occurrence,Place Type,Other/Unknown,54,,,09/12/2023
2020,05,Residence,Total Population,Total Population,34917,,,09/12/2023
2020,05,Residence,Place Type,Hospital,34320,,,09/12/2023
2020,05,Residence,Place Type,Freestanding Birth Center,182,,,09/12/2023
2020,05,Residence,Place Type,Home,373,,,09/12/2023
2020,05,Residence,Place Type,Other/Unknown,42,,,09/12/2023
2020,06,Occurrence,Total Population,Total Population,34465,,,09/12/2023
2020,06,Occurrence,Place Type,Hospital,33901,,,09/12/2023
2020,06,Occurrence,Place Type,Freestanding Birth Center,184,,,09/12/2023
2020,06,Occurrence,Place Type,Home,340,,,09/12/2023
2020,06,Occurrence,Place Type,Other/Unknown,40,,,09/12/2023
2020,06,Residence,Total Population,Total Population,34451,,,09/12/2023
2020,06,Residence,Place Type,Hospital,33900,,,09/12/2023
2020,06,Residence,Place Type,Freestanding Birth Center,183,,,09/12/2023
2020,06,Residence,Place Type,Home,337,,,09/12/2023
2020,06,Residence,Place Type,Other/Unknown,31,,,09/12/2023
2020,07,Occurrence,Total Population,Total Population,37271,,,09/12/2023
2020,07,Occurrence,Place Type,Hospital,36726,,,09/12/2023
2020,07,Occurrence,Place Type,Freestanding Birth Center,161,,,09/12/2023
2020,07,Occurrence,Place Type,Home,329,,,09/12/2023
2020,07,Occurrence,Place Type,Other/Unknown,55,,,09/12/2023
2020,07,Residence,Total Population,Total Population,37220,,,09/12/2023
2020,07,Residence,Place Type,Hospital,36682,,,09/12/2023
2020,07,Residence,Place Type,Freestanding Birth Center,161,,,09/12/2023
2020,07,Residence,Place Type,Home,331,,,09/12/2023
2020,07,Residence,Place Type,Other/Unknown,46,,,09/12/2023
2020,08,Occurrence,Total Population,Total Population,37204,,,09/12/2023
2020,08,Occurrence,Place Type,Hospital,36627,,,09/12/2023
2020,08,Occurrence,Place Type,Freestanding Birth Center,166,,,09/12/2023
2020,08,Occurrence,Place Type,Home,342,,,09/12/2023
2020,08,Occurrence,Place Type,Other/Unknown,69,,,09/12/2023
2020,08,Residence,Total Population,Total Population,37209,,,09/12/2023
2020,08,Residence,Place Type,Hospital,36645,,,09/12/2023
2020,08,Residence,Place Type,Freestanding Birth Center,163,,,09/12/2023
2020,08,Residence,Place Type,Home,341,,,09/12/2023
2020,08,Residence,Place Type,Other/Unknown,60,,,09/12/2023
2020,09,Occurrence,Total Population,Total Population,36457,,,09/12/2023
2020,09,Occurrence,Place Type,Hospital,35880,,,09/12/2023
2020,09,Occurrence,Place Type,Freestanding Birth Center,159,,,09/12/2023
2020,09,Occurrence,Place Type,Home,371,,,09/12/2023
2020,09,Occurrence,Place Type,Other/Unknown,47,,,09/12/2023
2020,09,Residence,Total Population,Total Population,36409,,,09/12/2023
2020,09,Residence,Place Type,Hospital,35840,,,09/12/2023
2020,09,Residence,Place Type,Freestanding Birth Center,160,,,09/12/2023
2020,09,Residence,Place Type,Home,371,,,09/12/2023
2020,09,Residence,Place Type,Other/Unknown,38,,,09/12/2023
2020,10,Occurrence,Total Population,Total Population,35989,,,09/12/2023
2020,10,Occurrence,Place Type,Hospital,35426,,,09/12/2023
2020,10,Occurrence,Place Type,Freestanding Birth Center,182,,,09/12/2023
2020,10,Occurrence,Place Type,Home,317,,,09/12/2023
2020,10,Occurrence,Place Type,Other/Unknown,64,,,09/12/2023
2020,10,Residence,Total Population,Total Population,35953,,,09/12/2023
2020,10,Residence,Place Type,Hospital,35398,,,09/12/2023
2020,10,Residence,Place Type,Freestanding Birth Center,182,,,09/12/2023
2020,10,Residence,Place Type,Home,317,,,09/12/2023
2020,10,Residence,Place Type,Other/Unknown,56,,,09/12/2023
2020,11,Occurrence,Total Population,Total Population,33399,,,09/12/2023
2020,11,Occurrence,Place Type,Hospital,32922,,,09/12/2023
2020,11,Occurrence,Place Type,Freestanding Birth Center,156,,,09/12/2023
2020,11,Occurrence,Place Type,Home,283,,,09/12/2023
2020,11,Occurrence,Place Type,Other/Unknown,38,,,09/12/2023
2020,11,Residence,Total Population,Total Population,33370,,,09/12/2023
2020,11,Residence,Place Type,Hospital,32902,,,09/12/2023
2020,11,Residence,Place Type,Freestanding Birth Center,156,,,09/12/2023
2020,11,Residence,Place Type,Home,282,,,09/12/2023
2020,11,Residence,Place Type,Other/Unknown,30,,,09/12/2023
2020,12,Occurrence,Total Population,Total Population,33160,,,09/12/2023
2020,12,Occurrence,Place Type,Hospital,32636,,,09/12/2023
2020,12,Occurrence,Place Type,Freestanding Birth Center,164,,,09/12/2023
2020,12,Occurrence,Place Type,Home,311,,,09/12/2023
2020,12,Occurrence,Place Type,Other/Unknown,49,,,09/12/2023
2020,12,Residence,Total Population,Total Population,33097,,,09/12/2023
2020,12,Residence,Place Type,Hospital,32583,,,09/12/2023
2020,12,Residence,Place Type,Freestanding Birth Center,166,,,09/12/2023
2020,12,Residence,Place Type,Home,310,,,09/12/2023
2020,12,Residence,Place Type,Other/Unknown,38,,,09/12/2023
2021,01,Occurrence,Total Population,Total Population,31986,,,09/12/2023
2021,01,Occurrence,Place Type,Hospital,31416,,,09/12/2023
2021,01,Occurrence,Place Type,Freestanding Birth Center,169,,,09/12/2023
2021,01,Occurrence,Place Type,Home,339,,,09/12/2023
2021,01,Occurrence,Place Type,Other/Unknown,62,,,09/12/2023
2021,01,Residence,Total Population,Total Population,31920,,,09/12/2023
2021,01,Residence,Place Type,Hospital,31364,,,09/12/2023
2021,01,Residence,Place Type,Freestanding Birth Center,170,,,09/12/2023
2021,01,Residence,Place Type,Home,338,,,09/12/2023
2021,01,Residence,Place Type,Other/Unknown,48,,,09/12/2023
2021,02,Occurrence,Total Population,Total Population,30096,,,09/12/2023
2021,02,Occurrence,Place Type,Hospital,29587,,,09/12/2023
2021,02,Occurrence,Place Type,Freestanding Birth Center,143,,,09/12/2023
2021,02,Occurrence,Place Type,Home,317,,,09/12/2023
2021,02,Occurrence,Place Type,Other/Unknown,49,,,09/12/2023
2021,02,Residence,Total Population,Total Population,30057,,,09/12/2023
2021,02,Residence,Place Type,Hospital,29558,,,09/12/2023
2021,02,Residence,Place Type,Freestanding Birth Center,143,,,09/12/2023
2021,02,Residence,Place Type,Home,317,,,09/12/2023
2021,02,Residence,Place Type,Other/Unknown,39,,,09/12/2023
2021,03,Occurrence,Total Population,Total Population,34649,,,09/12/2023
2021,03,Occurrence,Place Type,Hospital,34062,,,09/12/2023
2021,03,Occurrence,Place Type,Freestanding Birth Center,176,,,09/12/2023
2021,03,Occurrence,Place Type,Home,355,,,09/12/2023
2021,03,Occurrence,Place Type,Other/Unknown,56,,,09/12/2023
2021,03,Residence,Total Population,Total Population,34597,,,09/12/2023
2021,03,Residence,Place Type,Hospital,34027,,,09/12/2023
2021,03,Residence,Place Type,Freestanding Birth Center,177,,,09/12/2023
2021,03,Residence,Place Type,Home,353,,,09/12/2023
2021,03,Residence,Place Type,Other/Unknown,40,,,09/12/2023
2021,04,Occurrence,Total Population,Total Population,33486,,,09/12/2023
2021,04,Occurrence,Place Type,Hospital,32964,,,09/12/2023
2021,04,Occurrence,Place Type,Freestanding Birth Center,157,,,09/12/2023
2021,04,Occurrence,Place Type,Home,315,,,09/12/2023
2021,04,Occurrence,Place Type,Other/Unknown,50,,,09/12/2023
2021,04,Residence,Total Population,Total Population,33448,,,09/12/2023
2021,04,Residence,Place Type,Hospital,32929,,,09/12/2023
2021,04,Residence,Place Type,Freestanding Birth Center,158,,,09/12/2023
2021,04,Residence,Place Type,Home,315,,,09/12/2023
2021,04,Residence,Place Type,Other/Unknown,46,,,09/12/2023
2021,05,Occurrence,Total Population,Total Population,34373,,,09/12/2023
2021,05,Occurrence,Place Type,Hospital,33809,,,09/12/2023
2021,05,Occurrence,Place Type,Freestanding Birth Center,173,,,09/12/2023
2021,05,Occurrence,Place Type,Home,349,,,09/12/2023
2021,05,Occurrence,Place Type,Other/Unknown,42,,,09/12/2023
2021,05,Residence,Total Population,Total Population,34337,,,09/12/2023
2021,05,Residence,Place Type,Hospital,33778,,,09/12/2023
2021,05,Residence,Place Type,Freestanding Birth Center,173,,,09/12/2023
2021,05,Residence,Place Type,Home,349,,,09/12/2023
2021,05,Residence,Place Type,Other/Unknown,37,,,09/12/2023
2021,06,Occurrence,Total Population,Total Population,34950,,,09/12/2023
2021,06,Occurrence,Place Type,Hospital,34385,,,09/12/2023
2021,06,Occurrence,Place Type,Freestanding Birth Center,188,,,09/12/2023
2021,06,Occurrence,Place Type,Home,334,,,09/12/2023
2021,06,Occurrence,Place Type,Other/Unknown,43,,,09/12/2023
2021,06,Residence,Total Population,Total Population,34926,,,09/12/2023
2021,06,Residence,Place Type,Hospital,34372,,,09/12/2023
2021,06,Residence,Place Type,Freestanding Birth Center,184,,,09/12/2023
2021,06,Residence,Place Type,Home,333,,,09/12/2023
2021,06,Residence,Place Type,Other/Unknown,37,,,09/12/2023
2021,07,Occurrence,Total Population,Total Population,36481,,,09/12/2023
2021,07,Occurrence,Place Type,Hospital,35928,,,09/12/2023
2021,07,Occurrence,Place Type,Freestanding Birth Center,158,,,09/12/2023
2021,07,Occurrence,Place Type,Home,350,,,09/12/2023
2021,07,Occurrence,Place Type,Other/Unknown,45,,,09/12/2023
2021,07,Residence,Total Population,Total Population,36453,,,09/12/2023
2021,07,Residence,Place Type,Hospital,35904,,,09/12/2023
2021,07,Residence,Place Type,Freestanding Birth Center,159,,,09/12/2023
2021,07,Residence,Place Type,Home,350,,,09/12/2023
2021,07,Residence,Place Type,Other/Unknown,40,,,09/12/2023
2021,08,Occurrence,Total Population,Total Population,38373,,,09/12/2023
2021,08,Occurrence,Place Type,Hospital,37756,,,09/12/2023
2021,08,Occurrence,Place Type,Freestanding Birth Center,170,,,09/12/2023
2021,08,Occurrence,Place Type,Home,390,,,09/12/2023
2021,08,Occurrence,Place Type,Other/Unknown,57,,,09/12/2023
2021,08,Residence,Total Population,Total Population,38368,,,09/12/2023
2021,08,Residence,Place Type,Hospital,37753,,,09/12/2023
2021,08,Residence,Place Type,Freestanding Birth Center,171,,,09/12/2023
2021,08,Residence,Place Type,Home,391,,,09/12/2023
2021,08,Residence,Place Type,Other/Unknown,53,,,09/12/2023
2021,09,Occurrence,Total Population,Total Population,37481,,,09/12/2023
2021,09,Occurrence,Place Type,Hospital,36898,,,09/12/2023
2021,09,Occurrence,Place Type,Freestanding Birth Center,165,,,09/12/2023
2021,09,Occurrence,Place Type,Home,369,,,09/12/2023
2021,09,Occurrence,Place Type,Other/Unknown,49,,,09/12/2023
2021,09,Residence,Total Population,Total Population,37464,,,09/12/2023
2021,09,Residence,Place Type,Hospital,36885,,,09/12/2023
2021,09,Residence,Place Type,Freestanding Birth Center,169,,,09/12/2023
2021,09,Residence,Place Type,Home,367,,,09/12/2023
2021,09,Residence,Place Type,Other/Unknown,43,,,09/12/2023
2021,10,Occurrence,Total Population,Total Population,37126,,,09/12/2023
2021,10,Occurrence,Place Type,Hospital,36534,,,09/12/2023
2021,10,Occurrence,Place Type,Freestanding Birth Center,170,,,09/12/2023
2021,10,Occurrence,Place Type,Home,363,,,09/12/2023
2021,10,Occurrence,Place Type,Other/Unknown,59,,,09/12/2023
2021,10,Residence,Total Population,Total Population,37090,,,09/12/2023
2021,10,Residence,Place Type,Hospital,36510,,,09/12/2023
2021,10,Residence,Place Type,Freestanding Birth Center,168,,,09/12/2023
2021,10,Residence,Place Type,Home,361,,,09/12/2023
2021,10,Residence,Place Type,Other/Unknown,51,,,09/12/2023
2021,11,Occurrence,Total Population,Total Population,35499,,,09/12/2023
2021,11,Occurrence,Place Type,Hospital,34910,,,09/12/2023
2021,11,Occurrence,Place Type,Freestanding Birth Center,171,,,09/12/2023
2021,11,Occurrence,Place Type,Home,360,,,09/12/2023
2021,11,Occurrence,Place Type,Other/Unknown,58,,,09/12/2023
2021,11,Residence,Total Population,Total Population,35468,,,09/12/2023
2021,11,Residence,Place Type,Hospital,34881,,,09/12/2023
2021,11,Residence,Place Type,Freestanding Birth Center,172,,,09/12/2023
2021,11,Residence,Place Type,Home,361,,,09/12/2023
2021,11,Residence,Place Type,Other/Unknown,54,,,09/12/2023
2021,12,Occurrence,Total Population,Total Population,36775,,,09/12/2023
2021,12,Occurrence,Place Type,Hospital,36193,,,09/12/2023
2021,12,Occurrence,Place Type,Freestanding Birth Center,164,,,09/12/2023
2021,12,Occurrence,Place Type,Home,363,,,09/12/2023
2021,12,Occurrence,Place Type,Other/Unknown,55,,,09/12/2023
2021,12,Residence,Total Population,Total Population,36678,,,09/12/2023
2021,12,Residence,Place Type,Hospital,36101,,,09/12/2023
2021,12,Residence,Place Type,Freestanding Birth Center,164,,,09/12/2023
2021,12,Residence,Place Type,Home,361,,,09/12/2023
2021,12,Residence,Place Type,Other/Unknown,52,,,09/12/2023
2022,01,Occurrence,Total Population,Total Population,34563,,,09/12/2023
2022,01,Occurrence,Place Type,Hospital,33974,,,09/12/2023
2022,01,Occurrence,Place Type,Freestanding Birth Center,166,,,09/12/2023
2022,01,Occurrence,Place Type,Home,359,,,09/12/2023
2022,01,Occurrence,Place Type,Other/Unknown,64,,,09/12/2023
2022,01,Residence,Total Population,Total Population,34506,,,09/12/2023
2022,01,Residence,Place Type,Hospital,33926,,,09/12/2023
2022,01,Residence,Place Type,Freestanding Birth Center,170,,,09/12/2023
2022,01,Residence,Place Type,Home,357,,,09/12/2023
2022,01,Residence,Place Type,Other/Unknown,53,,,09/12/2023
2022,02,Occurrence,Total Population,Total Population,32013,,,09/12/2023
2022,02,Occurrence,Place Type,Hospital,31500,,,09/12/2023
2022,02,Occurrence,Place Type,Freestanding Birth Center,145,,,09/12/2023
2022,02,Occurrence,Place Type,Home,321,,,09/12/2023
2022,02,Occurrence,Place Type,Other/Unknown,47,,,09/12/2023
2022,02,Residence,Total Population,Total Population,31952,,,09/12/2023
2022,02,Residence,Place Type,Hospital,31443,,,09/12/2023
2022,02,Residence,Place Type,Freestanding Birth Center,145,,,09/12/2023
2022,02,Residence,Place Type,Home,320,,,09/12/2023
2022,02,Residence,Place Type,Other/Unknown,44,,,09/12/2023
2022,03,Occurrence,Total Population,Total Population,35509,,,09/12/2023
2022,03,Occurrence,Place Type,Hospital,34884,,,09/12/2023
2022,03,Occurrence,Place Type,Freestanding Birth Center,185,,,09/12/2023
2022,03,Occurrence,Place Type,Home,379,,,09/12/2023
2022,03,Occurrence,Place Type,Other/Unknown,61,,,09/12/2023
2022,03,Residence,Total Population,Total Population,35394,,,09/12/2023
2022,03,Residence,Place Type,Hospital,34787,,,09/12/2023
2022,03,Residence,Place Type,Freestanding Birth Center,184,,,09/12/2023
2022,03,Residence,Place Type,Home,376,,,09/12/2023
2022,03,Residence,Place Type,Other/Unknown,47,,,09/12/2023
2022,04,Occurrence,Total Population,Total Population,32644,,,09/12/2023
2022,04,Occurrence,Place Type,Hospital,32105,,,09/12/2023
2022,04,Occurrence,Place Type,Freestanding Birth Center,153,,,09/12/2023
2022,04,Occurrence,Place Type,Home,347,,,09/12/2023
2022,04,Occurrence,Place Type,Other/Unknown,39,,,09/12/2023
2022,04,Residence,Total Population,Total Population,32571,,,09/12/2023
2022,04,Residence,Place Type,Hospital,32043,,,09/12/2023
2022,04,Residence,Place Type,Freestanding Birth Center,151,,,09/12/2023
2022,04,Residence,Place Type,Home,347,,,09/12/2023
2022,04,Residence,Place Type,Other/Unknown,30,,,09/12/2023
2022,05,Occurrence,Total Population,Total Population,34118,,,09/12/2023
2022,05,Occurrence,Place Type,Hospital,33592,,,09/12/2023
2022,05,Occurrence,Place Type,Freestanding Birth Center,161,,,09/12/2023
2022,05,Occurrence,Place Type,Home,324,,,09/12/2023
2022,05,Occurrence,Place Type,Other/Unknown,41,,,09/12/2023
2022,05,Residence,Total Population,Total Population,34031,,,09/12/2023
2022,05,Residence,Place Type,Hospital,33509,,,09/12/2023
2022,05,Residence,Place Type,Freestanding Birth Center,159,,,09/12/2023
2022,05,Residence,Place Type,Home,326,,,09/12/2023
2022,05,Residence,Place Type,Other/Unknown,37,,,09/12/2023
2022,06,Occurrence,Total Population,Total Population,34293,,,09/12/2023
2022,06,Occurrence,Place Type,Hospital,33751,,,09/12/2023
2022,06,Occurrence,Place Type,Freestanding Birth Center,150,,,09/12/2023
2022,06,Occurrence,Place Type,Home,353,,,09/12/2023
2022,06,Occurrence,Place Type,Other/Unknown,39,,,09/12/2023
2022,06,Residence,Total Population,Total Population,34201,,,09/12/2023
2022,06,Residence,Place Type,Hospital,33665,,,09/12/2023
2022,06,Residence,Place Type,Freestanding Birth Center,151,,,09/12/2023
2022,06,Residence,Place Type,Home,349,,,09/12/2023
2022,06,Residence,Place Type,Other/Unknown,36,,,09/12/2023
2022,07,Occurrence,Total Population,Total Population,36749,,,09/12/2023
2022,07,Occurrence,Place Type,Hospital,36121,,,09/12/2023
2022,07,Occurrence,Place Type,Freestanding Birth Center,190,,,09/12/2023
2022,07,Occurrence,Place Type,Home,375,,,09/12/2023
2022,07,Occurrence,Place Type,Other/Unknown,63,,,09/12/2023
2022,07,Residence,Total Population,Total Population,36652,,,09/12/2023
2022,07,Residence,Place Type,Hospital,36038,,,09/12/2023
2022,07,Residence,Place Type,Freestanding Birth Center,189,,,09/12/2023
2022,07,Residence,Place Type,Home,375,,,09/12/2023
2022,07,Residence,Place Type,Other/Unknown,50,,,09/12/2023
2022,08,Occurrence,Total Population,Total Population,37993,,,09/12/2023
2022,08,Occurrence,Place Type,Hospital,37401,,,09/12/2023
2022,08,Occurrence,Place Type,Freestanding Birth Center,145,,,09/12/2023
2022,08,Occurrence,Place Type,Home,394,,,09/12/2023
2022,08,Occurrence,Place Type,Other/Unknown,53,,,09/12/2023
2022,08,Residence,Total Population,Total Population,37883,,,09/12/2023
2022,08,Residence,Place Type,Hospital,37300,,,09/12/2023
2022,08,Residence,Place Type,Freestanding Birth Center,145,,,09/12/2023
2022,08,Residence,Place Type,Home,393,,,09/12/2023
2022,08,Residence,Place Type,Other/Unknown,45,,,09/12/2023
2022,09,Occurrence,Total Population,Total Population,36052,,,09/12/2023
2022,09,Occurrence,Place Type,Hospital,35487,,,09/12/2023
2022,09,Occurrence,Place Type,Freestanding Birth Center,167,,,09/12/2023
2022,09,Occurrence,Place Type,Home,348,,,09/12/2023
2022,09,Occurrence,Place Type,Other/Unknown,50,,,09/12/2023
2022,09,Residence,Total Population,Total Population,35934,,,09/12/2023
2022,09,Residence,Place Type,Hospital,35378,,,09/12/2023
2022,09,Residence,Place Type,Freestanding Birth Center,168,,,09/12/2023
2022,09,Residence,Place Type,Home,347,,,09/12/2023
2022,09,Residence,Place Type,Other/Unknown,41,,,09/12/2023
2022,10,Occurrence,Total Population,Total Population,35549,,,09/12/2023
2022,10,Occurrence,Place Type,Hospital,35004,,,09/12/2023
2022,10,Occurrence,Place Type,Freestanding Birth Center,165,,,09/12/2023
2022,10,Occurrence,Place Type,Home,326,,,09/12/2023
2022,10,Occurrence,Place Type,Other/Unknown,54,,,09/12/2023
2022,10,Residence,Total Population,Total Population,35414,,,09/12/2023
2022,10,Residence,Place Type,Hospital,34878,,,09/12/2023
2022,10,Residence,Place Type,Freestanding Birth Center,163,,,09/12/2023
2022,10,Residence,Place Type,Home,326,,,09/12/2023
2022,10,Residence,Place Type,Other/Unknown,47,,,09/12/2023
2022,11,Occurrence,Total Population,Total Population,35238,,,09/12/2023
2022,11,Occurrence,Place Type,Hospital,34727,,,09/12/2023
2022,11,Occurrence,Place Type,Freestanding Birth Center,157,,,09/12/2023
2022,11,Occurrence,Place Type,Home,304,,,09/12/2023
2022,11,Occurrence,Place Type,Other/Unknown,50,,,09/12/2023
2022,11,Residence,Total Population,Total Population,35147,,,09/12/2023
2022,11,Residence,Place Type,Hospital,34643,,,09/12/2023
2022,11,Residence,Place Type,Freestanding Birth Center,157,,,09/12/2023
2022,11,Residence,Place Type,Home,304,,,09/12/2023
2022,11,Residence,Place Type,Other/Unknown,43,,,09/12/2023
2022,12,Occurrence,Total Population,Total Population,35672,,,09/12/2023
2022,12,Occurrence,Place Type,Hospital,35165,,,09/12/2023
2022,12,Occurrence,Place Type,Freestanding Birth Center,153,,,09/12/2023
2022,12,Occurrence,Place Type,Home,310,,,09/12/2023
2022,12,Occurrence,Place Type,Other/Unknown,44,,,09/12/2023
2022,12,Residence,Total Population,Total Population,35572,,,09/12/2023
2022,12,Residence,Place Type,Hospital,35064,,,09/12/2023
2022,12,Residence,Place Type,Freestanding Birth Center,154,,,09/12/2023
2022,12,Residence,Place Type,Home,310,,,09/12/2023
2022,12,Residence,Place Type,Other/Unknown,44,,,09/12/2023
